0.01	0.5149494949494949	1.0198989898989899	1.5248484848484847	2.0297979797979795	2.5347474747474745	3.039696969696969	3.544646464646464	4.049595959595959	4.554545454545454	5.059494949494949	5.564444444444444	6.0693939393939385	6.574343434343434	7.0792929292929285	7.584242424242424	8.089191919191919	8.594141414141413	9.099090909090908	9.604040404040404	10.108989898989899	10.613939393939393	11.118888888888888	11.623838383838383	12.128787878787877	12.633737373737373	13.138686868686868	13.643636363636363	14.148585858585857	14.653535353535352	15.158484848484848	15.663434343434343	16.16838383838384	16.673333333333336	17.17828282828283	17.683232323232325	18.188181818181818	18.693131313131314	19.19808080808081	19.703030303030303	20.2079797979798	20.712929292929292	21.21787878787879	21.722828282828285	22.227777777777778	22.732727272727274	23.237676767676767	23.742626262626263	24.247575757575756	24.752525252525253	25.25747474747475	25.762424242424242	26.267373737373738	26.77232323232323	27.277272727272727	27.782222222222224	28.287171717171717	28.792121212121213	29.297070707070706	29.802020202020202	30.3069696969697	30.81191919191919	31.316868686868688	31.82181818181818	32.32676767676767	32.831717171717166	33.336666666666666	33.84161616161616	34.34656565656565	34.851515151515144	35.356464646464644	35.86141414141414	36.36636363636363	36.87131313131313	37.37626262626262	37.881212121212116	38.386161616161615	38.89111111111111	39.3960606060606	39.901010101010094	40.405959595959594	40.91090909090909	41.41585858585858	41.92080808080808	42.42575757575757	42.930707070707065	43.435656565656565	43.94060606060606	44.44555555555555	44.95050505050504	45.45545454545454	45.960404040404036	46.46535353535353	46.97030303030303	47.47525252525252	47.980202020202015	48.48515151515151	48.99010101010101	49.4950505050505	50.0	
0.3953333333333333	0.38266666666666665	0.37533333333333335	0.36933333333333335	0.358	0.3626666666666667	0.3426666666666667	0.35333333333333333	0.334	0.31866666666666665	0.322	0.304	0.308	0.316	0.30133333333333334	0.26266666666666666	0.26066666666666666	0.2633333333333333	0.26466666666666666	0.248	0.25066666666666665	0.258	0.27466666666666667	0.25666666666666665	0.25266666666666665	0.244	0.258	0.22666666666666666	0.24133333333333334	0.22066666666666668	0.22666666666666666	0.21	0.212	0.202	0.19	0.2	0.19333333333333333	0.192	0.18266666666666667	0.16466666666666666	0.16933333333333334	0.18266666666666667	0.162	0.172	0.15333333333333332	0.154	0.16266666666666665	0.13333333333333333	0.14	0.14	0.14333333333333334	0.14666666666666667	0.13933333333333334	0.13733333333333334	0.14333333333333334	0.12066666666666667	0.12466666666666666	0.114	0.11666666666666667	0.11733333333333333	0.10933333333333334	0.11133333333333334	0.106	0.10533333333333333	0.09733333333333333	0.10266666666666667	0.09133333333333334	0.08933333333333333	0.09733333333333333	0.08333333333333333	0.08266666666666667	0.07266666666666667	0.086	0.08466666666666667	0.07266666666666667	0.08	0.076	0.06933333333333333	0.07266666666666667	0.07533333333333334	0.07066666666666667	0.059333333333333335	0.059333333333333335	0.06666666666666667	0.056666666666666664	0.05266666666666667	0.04733333333333333	0.058	0.05	0.044	0.03933333333333333	0.03866666666666667	0.034	0.04533333333333334	0.04666666666666667	0.042	0.03133333333333333	0.037333333333333336	0.028666666666666667	
0.38	0.37266666666666665	0.37133333333333335	0.3526666666666667	0.3566666666666667	0.33266666666666667	0.3373333333333333	0.34933333333333333	0.3253333333333333	0.322	0.322	0.32133333333333336	0.31466666666666665	0.308	0.306	0.2966666666666667	0.27466666666666667	0.2733333333333333	0.294	0.2806666666666667	0.264	0.24866666666666667	0.27266666666666667	0.27066666666666667	0.264	0.22933333333333333	0.24	0.216	0.25333333333333335	0.206	0.20066666666666666	0.21533333333333332	0.20066666666666666	0.194	0.18733333333333332	0.19266666666666668	0.20733333333333334	0.20466666666666666	0.182	0.18533333333333332	0.16466666666666666	0.172	0.166	0.16266666666666665	0.16666666666666666	0.154	0.15066666666666667	0.152	0.15333333333333332	0.14266666666666666	0.15933333333333333	0.15533333333333332	0.12733333333333333	0.15133333333333332	0.13866666666666666	0.14266666666666666	0.118	0.12266666666666666	0.118	0.11666666666666667	0.10666666666666667	0.10333333333333333	0.098	0.12466666666666666	0.11066666666666666	0.102	0.084	0.082	0.07933333333333334	0.078	0.08266666666666667	0.096	0.08133333333333333	0.07733333333333334	0.082	0.084	0.072	0.07666666666666666	0.07266666666666667	0.06466666666666666	0.06933333333333333	0.05333333333333334	0.06266666666666666	0.064	0.06466666666666666	0.059333333333333335	0.046	0.056666666666666664	0.056666666666666664	0.05	0.048666666666666664	0.04066666666666666	0.034	0.035333333333333335	0.04	0.042666666666666665	0.048666666666666664	0.04133333333333333	0.034	
0.4146666666666667	0.388	0.39266666666666666	0.37333333333333335	0.34	0.3473333333333333	0.35	0.3293333333333333	0.326	0.29333333333333333	0.344	0.2906666666666667	0.32066666666666666	0.3293333333333333	0.2926666666666667	0.30533333333333335	0.3006666666666667	0.30933333333333335	0.24733333333333332	0.278	0.2733333333333333	0.26066666666666666	0.274	0.25466666666666665	0.238	0.22866666666666666	0.22066666666666668	0.25266666666666665	0.22733333333333333	0.22666666666666666	0.21266666666666667	0.21466666666666667	0.22133333333333333	0.21666666666666667	0.19733333333333333	0.182	0.20066666666666666	0.17666666666666667	0.18533333333333332	0.17466666666666666	0.16266666666666665	0.172	0.174	0.154	0.14666666666666667	0.148	0.16733333333333333	0.134	0.16333333333333333	0.14666666666666667	0.15533333333333332	0.13933333333333334	0.122	0.138	0.13066666666666665	0.11066666666666666	0.12866666666666668	0.122	0.12333333333333334	0.12266666666666666	0.124	0.09666666666666666	0.094	0.09266666666666666	0.09333333333333334	0.08733333333333333	0.09466666666666666	0.09666666666666666	0.09	0.08933333333333333	0.078	0.078	0.06933333333333333	0.08466666666666667	0.088	0.07466666666666667	0.07133333333333333	0.058	0.06533333333333333	0.06733333333333333	0.06733333333333333	0.07133333333333333	0.058666666666666666	0.056666666666666664	0.06133333333333333	0.058	0.064	0.05266666666666667	0.06	0.048666666666666664	0.042666666666666665	0.042666666666666665	0.03333333333333333	0.048666666666666664	0.04066666666666666	0.04	0.046	0.04133333333333333	0.032	
0.38266666666666665	0.37333333333333335	0.364	0.36533333333333334	0.364	0.37933333333333336	0.37733333333333335	0.31866666666666665	0.342	0.31266666666666665	0.3253333333333333	0.33066666666666666	0.298	0.2846666666666667	0.2813333333333333	0.29933333333333334	0.322	0.2833333333333333	0.2846666666666667	0.27466666666666667	0.248	0.2613333333333333	0.25533333333333336	0.24266666666666667	0.23533333333333334	0.236	0.22666666666666666	0.24333333333333335	0.212	0.23933333333333334	0.22733333333333333	0.22533333333333333	0.20866666666666667	0.21533333333333332	0.188	0.2	0.16866666666666666	0.18933333333333333	0.192	0.17733333333333334	0.18	0.18466666666666667	0.18733333333333332	0.17866666666666667	0.15533333333333332	0.152	0.142	0.158	0.13266666666666665	0.14933333333333335	0.12666666666666668	0.13466666666666666	0.144	0.132	0.13933333333333334	0.11933333333333333	0.11266666666666666	0.14066666666666666	0.11933333333333333	0.10533333333333333	0.09666666666666666	0.11133333333333334	0.09866666666666667	0.09	0.1	0.11933333333333333	0.086	0.094	0.07866666666666666	0.08733333333333333	0.07733333333333334	0.084	0.08266666666666667	0.07666666666666666	0.06466666666666666	0.07466666666666667	0.06933333333333333	0.07	0.059333333333333335	0.06666666666666667	0.06266666666666666	0.068	0.056	0.06	0.048666666666666664	0.05733333333333333	0.06133333333333333	0.056	0.04	0.05333333333333334	0.048666666666666664	0.048	0.04466666666666667	0.048	0.036	0.036	0.03666666666666667	0.034666666666666665	0.04066666666666666	
0.388	0.39466666666666667	0.38533333333333336	0.364	0.33266666666666667	0.3526666666666667	0.32266666666666666	0.32466666666666666	0.3313333333333333	0.324	0.31333333333333335	0.31533333333333335	0.30733333333333335	0.30533333333333335	0.30333333333333334	0.2753333333333333	0.29533333333333334	0.26266666666666666	0.27	0.27666666666666667	0.256	0.2733333333333333	0.25066666666666665	0.252	0.222	0.23133333333333334	0.234	0.22466666666666665	0.21533333333333332	0.218	0.22333333333333333	0.204	0.21466666666666667	0.204	0.202	0.18533333333333332	0.2	0.18333333333333332	0.178	0.18266666666666667	0.16266666666666665	0.17066666666666666	0.15466666666666667	0.156	0.154	0.15133333333333332	0.146	0.132	0.148	0.14733333333333334	0.14	0.12866666666666668	0.13	0.10933333333333334	0.12866666666666668	0.13	0.11733333333333333	0.11266666666666666	0.10666666666666667	0.11266666666666666	0.11066666666666666	0.09333333333333334	0.09266666666666666	0.10666666666666667	0.102	0.09933333333333333	0.09266666666666666	0.09333333333333334	0.092	0.10066666666666667	0.08466666666666667	0.08	0.08466666666666667	0.08333333333333333	0.07533333333333334	0.08333333333333333	0.07666666666666666	0.07133333333333333	0.07333333333333333	0.06	0.06466666666666666	0.06466666666666666	0.06133333333333333	0.062	0.056666666666666664	0.06333333333333334	0.056	0.058	0.052	0.05266666666666667	0.04666666666666667	0.03933333333333333	0.03866666666666667	0.04466666666666667	0.03333333333333333	0.04733333333333333	0.03666666666666667	0.028	0.036	
0.402	0.37466666666666665	0.32266666666666666	0.386	0.35933333333333334	0.3273333333333333	0.324	0.3453333333333333	0.31733333333333336	0.3426666666666667	0.30266666666666664	0.2833333333333333	0.302	0.292	0.2826666666666667	0.28933333333333333	0.2733333333333333	0.2853333333333333	0.2693333333333333	0.274	0.27466666666666667	0.24733333333333332	0.24933333333333332	0.24466666666666667	0.2613333333333333	0.23266666666666666	0.23666666666666666	0.234	0.20866666666666667	0.202	0.222	0.21	0.216	0.21266666666666667	0.17133333333333334	0.21533333333333332	0.18533333333333332	0.20666666666666667	0.17933333333333334	0.17866666666666667	0.168	0.174	0.174	0.15066666666666667	0.164	0.15266666666666667	0.15466666666666667	0.14933333333333335	0.13933333333333334	0.146	0.14866666666666667	0.148	0.128	0.13466666666666666	0.118	0.12266666666666666	0.106	0.11533333333333333	0.1	0.096	0.114	0.11733333333333333	0.10133333333333333	0.10333333333333333	0.11266666666666666	0.11133333333333334	0.09133333333333334	0.08933333333333333	0.096	0.08133333333333333	0.08866666666666667	0.08466666666666667	0.09133333333333334	0.08266666666666667	0.07333333333333333	0.082	0.07466666666666667	0.06733333333333333	0.066	0.06866666666666667	0.05333333333333334	0.06	0.058	0.06133333333333333	0.05266666666666667	0.05266666666666667	0.054	0.058	0.04666666666666667	0.042666666666666665	0.037333333333333336	0.04733333333333333	0.04533333333333334	0.04666666666666667	0.042	0.04	0.035333333333333335	0.03933333333333333	0.02266666666666667	
0.41533333333333333	0.37333333333333335	0.36533333333333334	0.37133333333333335	0.33066666666666666	0.34	0.3606666666666667	0.33466666666666667	0.342	0.3253333333333333	0.30266666666666664	0.31333333333333335	0.304	0.2653333333333333	0.29333333333333333	0.27	0.2693333333333333	0.27666666666666667	0.2853333333333333	0.24933333333333332	0.2793333333333333	0.25066666666666665	0.27666666666666667	0.25333333333333335	0.23866666666666667	0.24	0.22866666666666666	0.23933333333333334	0.22533333333333333	0.21	0.22533333333333333	0.208	0.19866666666666666	0.19866666666666666	0.20333333333333334	0.188	0.17133333333333334	0.178	0.16533333333333333	0.18933333333333333	0.16266666666666665	0.19333333333333333	0.15533333333333332	0.16066666666666668	0.16333333333333333	0.15666666666666668	0.144	0.158	0.14733333333333334	0.13733333333333334	0.146	0.13933333333333334	0.124	0.11466666666666667	0.132	0.12666666666666668	0.11	0.12	0.11066666666666666	0.10533333333333333	0.112	0.10533333333333333	0.104	0.102	0.10133333333333333	0.09066666666666667	0.102	0.07933333333333334	0.07733333333333334	0.094	0.09066666666666667	0.078	0.07466666666666667	0.07666666666666666	0.07666666666666666	0.07066666666666667	0.07333333333333333	0.064	0.07133333333333333	0.07666666666666666	0.058666666666666666	0.066	0.056666666666666664	0.058666666666666666	0.06266666666666666	0.05733333333333333	0.05533333333333333	0.043333333333333335	0.06	0.056666666666666664	0.04066666666666666	0.06333333333333334	0.05333333333333334	0.04133333333333333	0.035333333333333335	0.04533333333333334	0.038	0.043333333333333335	0.028	
0.39	0.384	0.386	0.3893333333333333	0.37	0.3486666666666667	0.344	0.322	0.31666666666666665	0.308	0.30266666666666664	0.35533333333333333	0.3233333333333333	0.27266666666666667	0.32	0.30333333333333334	0.26266666666666666	0.27	0.25666666666666665	0.25266666666666665	0.25133333333333335	0.24866666666666667	0.266	0.24266666666666667	0.234	0.25733333333333336	0.22333333333333333	0.20333333333333334	0.23333333333333334	0.226	0.21533333333333332	0.212	0.188	0.20933333333333334	0.20266666666666666	0.196	0.178	0.18866666666666668	0.18333333333333332	0.19133333333333333	0.16933333333333334	0.16133333333333333	0.15	0.16133333333333333	0.148	0.15	0.15666666666666668	0.14933333333333335	0.13533333333333333	0.12066666666666667	0.13666666666666666	0.134	0.144	0.12066666666666667	0.12266666666666666	0.11933333333333333	0.10533333333333333	0.118	0.11133333333333334	0.102	0.1	0.11933333333333333	0.11666666666666667	0.108	0.09866666666666667	0.082	0.11266666666666666	0.09733333333333333	0.10133333333333333	0.096	0.09	0.06533333333333333	0.082	0.08	0.072	0.07133333333333333	0.078	0.072	0.06866666666666667	0.07333333333333333	0.06866666666666667	0.06133333333333333	0.066	0.058666666666666666	0.04533333333333334	0.051333333333333335	0.058	0.058666666666666666	0.05533333333333333	0.046	0.05266666666666667	0.04066666666666666	0.04933333333333333	0.04533333333333334	0.037333333333333336	0.043333333333333335	0.034666666666666665	0.04066666666666666	0.03933333333333333	
0.38866666666666666	0.3446666666666667	0.35133333333333333	0.36	0.336	0.374	0.35733333333333334	0.334	0.33666666666666667	0.2986666666666667	0.3006666666666667	0.29333333333333333	0.306	0.292	0.2986666666666667	0.2613333333333333	0.282	0.268	0.2753333333333333	0.258	0.26666666666666666	0.26866666666666666	0.24666666666666667	0.25866666666666666	0.24733333333333332	0.26066666666666666	0.24	0.218	0.238	0.232	0.21066666666666667	0.206	0.194	0.20933333333333334	0.20933333333333334	0.19466666666666665	0.17866666666666667	0.17333333333333334	0.18533333333333332	0.18533333333333332	0.17133333333333334	0.17866666666666667	0.178	0.15066666666666667	0.17333333333333334	0.17333333333333334	0.178	0.152	0.13533333333333333	0.13666666666666666	0.13266666666666665	0.14733333333333334	0.12933333333333333	0.136	0.12933333333333333	0.13066666666666665	0.13	0.104	0.12866666666666668	0.106	0.11333333333333333	0.10733333333333334	0.10733333333333334	0.102	0.102	0.108	0.08533333333333333	0.09	0.084	0.094	0.08333333333333333	0.088	0.08333333333333333	0.07933333333333334	0.08066666666666666	0.08266666666666667	0.06933333333333333	0.08333333333333333	0.066	0.06866666666666667	0.06133333333333333	0.06	0.06866666666666667	0.06333333333333334	0.06333333333333334	0.05266666666666667	0.06066666666666667	0.04533333333333334	0.050666666666666665	0.05	0.05466666666666667	0.05266666666666667	0.042	0.04	0.03333333333333333	0.042666666666666665	0.03666666666666667	0.029333333333333333	0.034666666666666665	
0.39266666666666666	0.36866666666666664	0.38333333333333336	0.3453333333333333	0.364	0.336	0.3506666666666667	0.348	0.3406666666666667	0.3393333333333333	0.31133333333333335	0.30933333333333335	0.29733333333333334	0.31866666666666665	0.31333333333333335	0.294	0.2966666666666667	0.28	0.24866666666666667	0.2833333333333333	0.26666666666666666	0.2733333333333333	0.25066666666666665	0.238	0.24333333333333335	0.23533333333333334	0.266	0.22466666666666665	0.222	0.20333333333333334	0.208	0.19133333333333333	0.18866666666666668	0.19333333333333333	0.19933333333333333	0.184	0.19266666666666668	0.20133333333333334	0.17	0.188	0.162	0.16666666666666666	0.16466666666666666	0.156	0.15533333333333332	0.17	0.142	0.152	0.16133333333333333	0.15133333333333332	0.148	0.148	0.134	0.12733333333333333	0.15266666666666667	0.11266666666666666	0.12	0.118	0.108	0.11533333333333333	0.13533333333333333	0.12333333333333334	0.106	0.106	0.1	0.102	0.10066666666666667	0.08666666666666667	0.08533333333333333	0.084	0.08666666666666667	0.09266666666666666	0.088	0.08533333333333333	0.074	0.07	0.074	0.078	0.07266666666666667	0.066	0.068	0.064	0.06733333333333333	0.06066666666666667	0.05333333333333334	0.05733333333333333	0.05	0.04066666666666666	0.044	0.051333333333333335	0.04066666666666666	0.044	0.046	0.04666666666666667	0.04733333333333333	0.037333333333333336	0.032	0.027333333333333334	0.032	
0.3973333333333333	0.398	0.36866666666666664	0.36933333333333335	0.3486666666666667	0.3373333333333333	0.346	0.3433333333333333	0.31333333333333335	0.32866666666666666	0.31333333333333335	0.28	0.32133333333333336	0.2926666666666667	0.3006666666666667	0.2806666666666667	0.30466666666666664	0.276	0.2813333333333333	0.25933333333333336	0.26066666666666666	0.24466666666666667	0.23266666666666666	0.26	0.24333333333333335	0.22866666666666666	0.21	0.23466666666666666	0.22666666666666666	0.21	0.21266666666666667	0.20466666666666666	0.22266666666666668	0.20733333333333334	0.17066666666666666	0.20066666666666666	0.19	0.18666666666666668	0.17666666666666667	0.19066666666666668	0.18266666666666667	0.15466666666666667	0.182	0.146	0.16733333333333333	0.16133333333333333	0.15133333333333332	0.158	0.14	0.15133333333333332	0.13466666666666666	0.134	0.13533333333333333	0.13266666666666665	0.12333333333333334	0.112	0.12333333333333334	0.124	0.11133333333333334	0.11533333333333333	0.122	0.11133333333333334	0.092	0.09933333333333333	0.11133333333333334	0.09333333333333334	0.09333333333333334	0.10266666666666667	0.10266666666666667	0.07733333333333334	0.09	0.088	0.084	0.07666666666666666	0.09066666666666667	0.074	0.06933333333333333	0.059333333333333335	0.08266666666666667	0.07066666666666667	0.06733333333333333	0.06333333333333334	0.06866666666666667	0.06333333333333334	0.05266666666666667	0.04933333333333333	0.051333333333333335	0.056	0.04533333333333334	0.05333333333333334	0.03933333333333333	0.042666666666666665	0.04666666666666667	0.037333333333333336	0.04533333333333334	0.04	0.03333333333333333	0.048666666666666664	0.03666666666666667	
0.3426666666666667	0.3453333333333333	0.354	0.37133333333333335	0.34	0.3606666666666667	0.3353333333333333	0.32866666666666666	0.33466666666666667	0.3393333333333333	0.3333333333333333	0.324	0.31066666666666665	0.286	0.30333333333333334	0.3253333333333333	0.2813333333333333	0.2853333333333333	0.282	0.288	0.27266666666666667	0.274	0.23866666666666667	0.226	0.21933333333333332	0.242	0.23533333333333334	0.23866666666666667	0.232	0.23066666666666666	0.21733333333333332	0.19733333333333333	0.20666666666666667	0.206	0.19266666666666668	0.17466666666666666	0.206	0.188	0.20333333333333334	0.176	0.16	0.15466666666666667	0.14933333333333335	0.16333333333333333	0.17266666666666666	0.166	0.162	0.16533333333333333	0.15133333333333332	0.13266666666666665	0.13733333333333334	0.13666666666666666	0.132	0.14266666666666666	0.12666666666666668	0.12933333333333333	0.13266666666666665	0.11933333333333333	0.11333333333333333	0.108	0.09866666666666667	0.12266666666666666	0.11666666666666667	0.09133333333333334	0.10333333333333333	0.09666666666666666	0.10266666666666667	0.08933333333333333	0.08933333333333333	0.082	0.07666666666666666	0.08466666666666667	0.08733333333333333	0.096	0.06066666666666667	0.07133333333333333	0.082	0.06533333333333333	0.06666666666666667	0.07333333333333333	0.056	0.056666666666666664	0.058	0.056666666666666664	0.05533333333333333	0.042	0.056	0.05	0.04133333333333333	0.05333333333333334	0.05266666666666667	0.054	0.04133333333333333	0.042666666666666665	0.05266666666666667	0.037333333333333336	0.03933333333333333	0.028	0.03	
0.37066666666666664	0.35933333333333334	0.378	0.35933333333333334	0.346	0.36466666666666664	0.354	0.3293333333333333	0.32466666666666666	0.316	0.3253333333333333	0.31466666666666665	0.2693333333333333	0.31533333333333335	0.29533333333333334	0.27666666666666667	0.30266666666666664	0.25733333333333336	0.27266666666666667	0.24333333333333335	0.3	0.25866666666666666	0.26466666666666666	0.23266666666666666	0.22933333333333333	0.234	0.214	0.23	0.20133333333333334	0.24666666666666667	0.214	0.198	0.20333333333333334	0.20266666666666666	0.184	0.19466666666666665	0.19733333333333333	0.19733333333333333	0.166	0.18533333333333332	0.16133333333333333	0.168	0.18866666666666668	0.164	0.15066666666666667	0.164	0.154	0.15466666666666667	0.14133333333333334	0.138	0.13933333333333334	0.13066666666666665	0.15466666666666667	0.12933333333333333	0.118	0.11266666666666666	0.11133333333333334	0.11466666666666667	0.112	0.12466666666666666	0.1	0.098	0.09666666666666666	0.10866666666666666	0.116	0.08933333333333333	0.09533333333333334	0.084	0.09133333333333334	0.07733333333333334	0.09	0.09733333333333333	0.06866666666666667	0.07533333333333334	0.074	0.072	0.06733333333333333	0.06266666666666666	0.06733333333333333	0.06133333333333333	0.059333333333333335	0.046	0.06333333333333334	0.06733333333333333	0.058666666666666666	0.051333333333333335	0.04733333333333333	0.06333333333333334	0.042666666666666665	0.052	0.050666666666666665	0.04466666666666667	0.04	0.03866666666666667	0.04	0.032	0.032	0.03	0.032	
0.37066666666666664	0.378	0.392	0.3453333333333333	0.3466666666666667	0.36533333333333334	0.348	0.336	0.33266666666666667	0.31333333333333335	0.33	0.298	0.29733333333333334	0.32	0.298	0.296	0.2853333333333333	0.276	0.2806666666666667	0.258	0.23866666666666667	0.24	0.248	0.23933333333333334	0.25533333333333336	0.232	0.232	0.246	0.22466666666666665	0.22733333333333333	0.21666666666666667	0.21533333333333332	0.21266666666666667	0.20466666666666666	0.20666666666666667	0.20866666666666667	0.19866666666666666	0.18	0.162	0.172	0.18066666666666667	0.17933333333333334	0.16933333333333334	0.158	0.148	0.15666666666666668	0.154	0.15666666666666668	0.13933333333333334	0.16466666666666666	0.15466666666666667	0.136	0.14266666666666666	0.14733333333333334	0.122	0.124	0.13466666666666666	0.13333333333333333	0.12133333333333333	0.10933333333333334	0.098	0.11933333333333333	0.10266666666666667	0.10333333333333333	0.09533333333333334	0.09933333333333333	0.10133333333333333	0.08933333333333333	0.08666666666666667	0.086	0.08933333333333333	0.07866666666666666	0.086	0.08866666666666667	0.082	0.092	0.068	0.07	0.06466666666666666	0.07133333333333333	0.062	0.06933333333333333	0.06333333333333334	0.048666666666666664	0.066	0.064	0.058	0.058	0.058666666666666666	0.05	0.04466666666666667	0.04	0.046	0.03866666666666667	0.043333333333333335	0.04066666666666666	0.04066666666666666	0.037333333333333336	0.048666666666666664	
0.382	0.38	0.38266666666666665	0.3406666666666667	0.35933333333333334	0.364	0.36866666666666664	0.336	0.3313333333333333	0.3373333333333333	0.31866666666666665	0.296	0.31666666666666665	0.336	0.2806666666666667	0.28	0.2826666666666667	0.29	0.274	0.2653333333333333	0.25733333333333336	0.256	0.24666666666666667	0.25	0.23733333333333334	0.234	0.21733333333333332	0.23	0.22733333333333333	0.21266666666666667	0.23533333333333334	0.20733333333333334	0.20866666666666667	0.19733333333333333	0.19666666666666666	0.21533333333333332	0.19133333333333333	0.18533333333333332	0.182	0.182	0.18333333333333332	0.14866666666666667	0.15933333333333333	0.17133333333333334	0.15866666666666668	0.154	0.15666666666666668	0.14733333333333334	0.142	0.13333333333333333	0.158	0.13733333333333334	0.14466666666666667	0.13266666666666665	0.12733333333333333	0.12466666666666666	0.132	0.118	0.118	0.11933333333333333	0.11133333333333334	0.102	0.10333333333333333	0.10333333333333333	0.10266666666666667	0.098	0.09333333333333334	0.09466666666666666	0.08333333333333333	0.08933333333333333	0.078	0.092	0.07933333333333334	0.09266666666666666	0.06533333333333333	0.06933333333333333	0.07866666666666666	0.054	0.07266666666666667	0.068	0.06666666666666667	0.068	0.05733333333333333	0.06066666666666667	0.054	0.062	0.05333333333333334	0.050666666666666665	0.04466666666666667	0.04933333333333333	0.051333333333333335	0.04533333333333334	0.043333333333333335	0.048	0.038	0.029333333333333333	0.04133333333333333	0.034666666666666665	0.029333333333333333	
0.3973333333333333	0.38466666666666666	0.37266666666666665	0.33066666666666666	0.35533333333333333	0.348	0.31066666666666665	0.3473333333333333	0.33866666666666667	0.3233333333333333	0.296	0.314	0.298	0.29	0.29933333333333334	0.2833333333333333	0.27266666666666667	0.276	0.2793333333333333	0.25333333333333335	0.26066666666666666	0.256	0.25666666666666665	0.25333333333333335	0.25533333333333336	0.23866666666666667	0.23533333333333334	0.20066666666666666	0.232	0.23066666666666666	0.204	0.20866666666666667	0.21266666666666667	0.20933333333333334	0.18266666666666667	0.202	0.18066666666666667	0.178	0.158	0.16133333333333333	0.16266666666666665	0.18266666666666667	0.16	0.168	0.15933333333333333	0.166	0.15733333333333333	0.122	0.14	0.12133333333333333	0.15333333333333332	0.12533333333333332	0.14066666666666666	0.146	0.11933333333333333	0.12333333333333334	0.106	0.12733333333333333	0.114	0.116	0.132	0.104	0.112	0.096	0.112	0.1	0.09266666666666666	0.09133333333333334	0.08333333333333333	0.09	0.092	0.08533333333333333	0.072	0.07266666666666667	0.06666666666666667	0.08466666666666667	0.08133333333333333	0.06733333333333333	0.06066666666666667	0.06266666666666666	0.062	0.058666666666666666	0.05	0.06066666666666667	0.05533333333333333	0.05	0.048666666666666664	0.05266666666666667	0.04933333333333333	0.058666666666666666	0.03866666666666667	0.044	0.037333333333333336	0.035333333333333335	0.03666666666666667	0.042666666666666665	0.042	0.029333333333333333	0.03933333333333333	
0.388	0.37466666666666665	0.36466666666666664	0.382	0.33666666666666667	0.3373333333333333	0.338	0.3353333333333333	0.316	0.302	0.31466666666666665	0.30666666666666664	0.31133333333333335	0.30333333333333334	0.298	0.274	0.27266666666666667	0.26	0.262	0.25133333333333335	0.26466666666666666	0.2653333333333333	0.252	0.24066666666666667	0.27666666666666667	0.23466666666666666	0.21533333333333332	0.23333333333333334	0.21333333333333335	0.228	0.22066666666666668	0.21866666666666668	0.21	0.198	0.18133333333333335	0.184	0.18066666666666667	0.18533333333333332	0.16333333333333333	0.16266666666666665	0.19	0.17933333333333334	0.15	0.16266666666666665	0.158	0.16	0.146	0.15466666666666667	0.15	0.142	0.13333333333333333	0.126	0.14933333333333335	0.152	0.11666666666666667	0.124	0.10533333333333333	0.11666666666666667	0.10466666666666667	0.10466666666666667	0.12466666666666666	0.09133333333333334	0.09733333333333333	0.106	0.10866666666666666	0.09533333333333334	0.08666666666666667	0.08466666666666667	0.07933333333333334	0.08666666666666667	0.07533333333333334	0.072	0.08533333333333333	0.074	0.076	0.07733333333333334	0.07	0.074	0.07	0.06533333333333333	0.059333333333333335	0.05533333333333333	0.058	0.05533333333333333	0.06933333333333333	0.062	0.04533333333333334	0.04933333333333333	0.04533333333333334	0.05533333333333333	0.04933333333333333	0.05533333333333333	0.03866666666666667	0.05333333333333334	0.035333333333333335	0.03133333333333333	0.035333333333333335	0.037333333333333336	0.044	
0.36733333333333335	0.38866666666666666	0.368	0.3586666666666667	0.33	0.31866666666666665	0.32066666666666666	0.30933333333333335	0.312	0.3333333333333333	0.296	0.314	0.276	0.276	0.294	0.2786666666666667	0.28	0.26066666666666666	0.26266666666666666	0.25666666666666665	0.24933333333333332	0.25533333333333336	0.24333333333333335	0.25666666666666665	0.24266666666666667	0.24466666666666667	0.22333333333333333	0.21533333333333332	0.21666666666666667	0.21	0.20733333333333334	0.216	0.20866666666666667	0.19333333333333333	0.186	0.18	0.17466666666666666	0.172	0.17066666666666666	0.17266666666666666	0.16	0.17733333333333334	0.17466666666666666	0.172	0.15866666666666668	0.158	0.15733333333333333	0.15466666666666667	0.14666666666666667	0.11733333333333333	0.15533333333333332	0.138	0.12733333333333333	0.12333333333333334	0.12933333333333333	0.12933333333333333	0.12133333333333333	0.11066666666666666	0.10666666666666667	0.108	0.11866666666666667	0.12266666666666666	0.114	0.09333333333333334	0.10066666666666667	0.098	0.09	0.08933333333333333	0.09466666666666666	0.08666666666666667	0.086	0.086	0.07266666666666667	0.08333333333333333	0.06866666666666667	0.07266666666666667	0.06733333333333333	0.062	0.058666666666666666	0.050666666666666665	0.06333333333333334	0.06133333333333333	0.06333333333333334	0.056666666666666664	0.06266666666666666	0.051333333333333335	0.05466666666666667	0.05466666666666667	0.05466666666666667	0.048	0.04133333333333333	0.044	0.05	0.048666666666666664	0.044	0.034	0.030666666666666665	0.04	0.037333333333333336	
0.39666666666666667	0.37333333333333335	0.376	0.3606666666666667	0.342	0.36	0.33066666666666666	0.3273333333333333	0.32	0.31933333333333336	0.31	0.3006666666666667	0.3333333333333333	0.31666666666666665	0.30266666666666664	0.27266666666666667	0.262	0.2806666666666667	0.25466666666666665	0.278	0.26866666666666666	0.268	0.258	0.23266666666666666	0.24333333333333335	0.224	0.22466666666666665	0.20466666666666666	0.226	0.214	0.21266666666666667	0.21333333333333335	0.19066666666666668	0.18333333333333332	0.208	0.208	0.18466666666666667	0.18466666666666667	0.176	0.18866666666666668	0.14933333333333335	0.164	0.15666666666666668	0.15733333333333333	0.15666666666666668	0.14733333333333334	0.14066666666666666	0.15333333333333332	0.14266666666666666	0.13866666666666666	0.13733333333333334	0.14733333333333334	0.12733333333333333	0.12933333333333333	0.138	0.126	0.116	0.126	0.118	0.10133333333333333	0.098	0.11733333333333333	0.09466666666666666	0.104	0.09666666666666666	0.10933333333333334	0.09933333333333333	0.07333333333333333	0.07733333333333334	0.082	0.09133333333333334	0.07866666666666666	0.08	0.07666666666666666	0.07933333333333334	0.058	0.06666666666666667	0.068	0.07	0.062	0.07066666666666667	0.06333333333333334	0.05466666666666667	0.048666666666666664	0.058666666666666666	0.056666666666666664	0.06066666666666667	0.054	0.042	0.04733333333333333	0.05266666666666667	0.04	0.043333333333333335	0.04533333333333334	0.044	0.044	0.038	0.038	0.03	
0.374	0.38066666666666665	0.36733333333333335	0.358	0.3413333333333333	0.358	0.32	0.33866666666666667	0.35	0.31333333333333335	0.32666666666666666	0.324	0.30266666666666664	0.27466666666666667	0.304	0.31066666666666665	0.2946666666666667	0.274	0.27666666666666667	0.278	0.278	0.23333333333333334	0.244	0.23133333333333334	0.26	0.23266666666666666	0.23533333333333334	0.21133333333333335	0.20866666666666667	0.214	0.204	0.20933333333333334	0.206	0.19533333333333333	0.17466666666666666	0.18866666666666668	0.19	0.19533333333333333	0.17933333333333334	0.188	0.18066666666666667	0.18866666666666668	0.17	0.17066666666666666	0.14866666666666667	0.16	0.14666666666666667	0.142	0.15533333333333332	0.15066666666666667	0.11866666666666667	0.122	0.13133333333333333	0.13333333333333333	0.12066666666666667	0.12666666666666668	0.124	0.106	0.11333333333333333	0.102	0.10133333333333333	0.1	0.10466666666666667	0.11066666666666666	0.09066666666666667	0.102	0.1	0.08533333333333333	0.09133333333333334	0.09	0.07066666666666667	0.07933333333333334	0.08666666666666667	0.07	0.07066666666666667	0.07666666666666666	0.072	0.06533333333333333	0.06	0.07333333333333333	0.05533333333333333	0.05266666666666667	0.06866666666666667	0.066	0.058666666666666666	0.044	0.058666666666666666	0.05333333333333334	0.05733333333333333	0.04666666666666667	0.04	0.04733333333333333	0.04066666666666666	0.03866666666666667	0.04533333333333334	0.036	0.03266666666666666	0.028	0.03666666666666667	
0.362	0.3873333333333333	0.33466666666666667	0.38333333333333336	0.3473333333333333	0.364	0.3313333333333333	0.322	0.314	0.33466666666666667	0.30733333333333335	0.29733333333333334	0.31266666666666665	0.31933333333333336	0.2906666666666667	0.2713333333333333	0.2946666666666667	0.28733333333333333	0.25533333333333336	0.268	0.2826666666666667	0.244	0.254	0.224	0.24666666666666667	0.25933333333333336	0.23733333333333334	0.22066666666666668	0.21866666666666668	0.22133333333333333	0.204	0.216	0.21333333333333335	0.19533333333333333	0.178	0.204	0.178	0.18133333333333335	0.19	0.19	0.158	0.15533333333333332	0.168	0.15	0.15	0.15933333333333333	0.152	0.152	0.14	0.16066666666666668	0.128	0.124	0.122	0.126	0.12	0.12133333333333333	0.13866666666666666	0.09933333333333333	0.11533333333333333	0.12066666666666667	0.11666666666666667	0.10933333333333334	0.09666666666666666	0.10266666666666667	0.08866666666666667	0.094	0.102	0.098	0.08733333333333333	0.10466666666666667	0.08133333333333333	0.088	0.07733333333333334	0.08133333333333333	0.07266666666666667	0.07	0.064	0.06266666666666666	0.064	0.056666666666666664	0.06133333333333333	0.06066666666666667	0.054	0.052	0.06066666666666667	0.064	0.05533333333333333	0.042666666666666665	0.05266666666666667	0.05	0.05	0.05333333333333334	0.048666666666666664	0.042666666666666665	0.04066666666666666	0.03866666666666667	0.044	0.04933333333333333	0.027333333333333334	
0.4013333333333333	0.37933333333333336	0.3873333333333333	0.34	0.346	0.3393333333333333	0.3273333333333333	0.32066666666666666	0.3253333333333333	0.31733333333333336	0.30533333333333335	0.30933333333333335	0.302	0.2966666666666667	0.298	0.30333333333333334	0.24933333333333332	0.278	0.242	0.25933333333333336	0.25533333333333336	0.25933333333333336	0.25266666666666665	0.24266666666666667	0.218	0.246	0.23466666666666666	0.24	0.22533333333333333	0.23866666666666667	0.212	0.21266666666666667	0.22133333333333333	0.2	0.186	0.186	0.18266666666666667	0.17266666666666666	0.17733333333333334	0.17333333333333334	0.19533333333333333	0.18333333333333332	0.16	0.152	0.15	0.16066666666666668	0.138	0.14133333333333334	0.16066666666666668	0.16933333333333334	0.134	0.138	0.126	0.122	0.12733333333333333	0.126	0.11333333333333333	0.11533333333333333	0.11666666666666667	0.12133333333333333	0.10133333333333333	0.12866666666666668	0.10466666666666667	0.11266666666666666	0.09733333333333333	0.09333333333333334	0.086	0.1	0.09066666666666667	0.09866666666666667	0.086	0.07133333333333333	0.09333333333333334	0.09666666666666666	0.09266666666666666	0.06933333333333333	0.07133333333333333	0.06533333333333333	0.06	0.07133333333333333	0.06066666666666667	0.056666666666666664	0.062	0.058	0.064	0.06	0.058	0.054	0.06	0.04733333333333333	0.04533333333333334	0.036	0.042	0.042666666666666665	0.036	0.04066666666666666	0.029333333333333333	0.034666666666666665	0.03266666666666666	
0.4053333333333333	0.37866666666666665	0.354	0.3453333333333333	0.3466666666666667	0.3586666666666667	0.3393333333333333	0.33	0.3353333333333333	0.32266666666666666	0.31733333333333336	0.296	0.31133333333333335	0.294	0.3006666666666667	0.2853333333333333	0.276	0.25733333333333336	0.26066666666666666	0.232	0.25533333333333336	0.238	0.25333333333333335	0.26066666666666666	0.242	0.224	0.22133333333333333	0.222	0.22	0.21733333333333332	0.202	0.19266666666666668	0.20266666666666666	0.194	0.226	0.164	0.216	0.18333333333333332	0.16066666666666668	0.18666666666666668	0.15933333333333333	0.182	0.17066666666666666	0.15733333333333333	0.166	0.15	0.15133333333333332	0.14333333333333334	0.16133333333333333	0.14666666666666667	0.13266666666666665	0.148	0.12466666666666666	0.136	0.12533333333333332	0.138	0.10866666666666666	0.11533333333333333	0.11466666666666667	0.12066666666666667	0.09866666666666667	0.108	0.088	0.10066666666666667	0.076	0.10666666666666667	0.084	0.08266666666666667	0.086	0.09466666666666666	0.07933333333333334	0.09133333333333334	0.06866666666666667	0.082	0.066	0.076	0.056666666666666664	0.06	0.06933333333333333	0.07	0.064	0.05533333333333333	0.06	0.056	0.056666666666666664	0.04533333333333334	0.054	0.04933333333333333	0.04733333333333333	0.042	0.04733333333333333	0.036	0.036	0.04066666666666666	0.042666666666666665	0.037333333333333336	0.03666666666666667	0.04	0.03666666666666667	
0.37333333333333335	0.4226666666666667	0.37066666666666664	0.3606666666666667	0.3466666666666667	0.34	0.32133333333333336	0.3466666666666667	0.31066666666666665	0.31066666666666665	0.32666666666666666	0.31733333333333336	0.30266666666666664	0.296	0.324	0.29	0.2926666666666667	0.2693333333333333	0.24066666666666667	0.288	0.258	0.2753333333333333	0.232	0.26066666666666666	0.24266666666666667	0.25266666666666665	0.242	0.25466666666666665	0.23266666666666666	0.228	0.20533333333333334	0.19	0.20066666666666666	0.19333333333333333	0.18066666666666667	0.21066666666666667	0.19866666666666666	0.18466666666666667	0.17133333333333334	0.18666666666666668	0.166	0.16533333333333333	0.182	0.15733333333333333	0.158	0.156	0.146	0.16	0.14733333333333334	0.152	0.13666666666666666	0.132	0.132	0.13733333333333334	0.13466666666666666	0.13266666666666665	0.11533333333333333	0.112	0.11	0.128	0.108	0.11466666666666667	0.10866666666666666	0.12	0.08666666666666667	0.09133333333333334	0.09133333333333334	0.08533333333333333	0.07866666666666666	0.08333333333333333	0.088	0.08133333333333333	0.07933333333333334	0.078	0.07533333333333334	0.068	0.07533333333333334	0.08	0.068	0.06466666666666666	0.06466666666666666	0.068	0.05333333333333334	0.052	0.056666666666666664	0.058	0.052	0.056666666666666664	0.05266666666666667	0.04733333333333333	0.04933333333333333	0.04066666666666666	0.042666666666666665	0.03933333333333333	0.04066666666666666	0.046	0.048666666666666664	0.034666666666666665	0.03866666666666667	
0.36	0.37333333333333335	0.34933333333333333	0.362	0.36466666666666664	0.3526666666666667	0.3413333333333333	0.31266666666666665	0.328	0.3253333333333333	0.31266666666666665	0.30533333333333335	0.30866666666666664	0.29733333333333334	0.2833333333333333	0.284	0.2713333333333333	0.2806666666666667	0.25666666666666665	0.236	0.274	0.24466666666666667	0.24933333333333332	0.24666666666666667	0.24933333333333332	0.234	0.22533333333333333	0.23133333333333334	0.21666666666666667	0.23466666666666666	0.228	0.20866666666666667	0.202	0.208	0.186	0.18733333333333332	0.164	0.18266666666666667	0.16666666666666666	0.172	0.168	0.158	0.16733333333333333	0.16333333333333333	0.158	0.14466666666666667	0.16733333333333333	0.13933333333333334	0.144	0.15066666666666667	0.14266666666666666	0.13333333333333333	0.13466666666666666	0.12333333333333334	0.12	0.10733333333333334	0.10933333333333334	0.11333333333333333	0.108	0.114	0.09666666666666666	0.10666666666666667	0.10066666666666667	0.10933333333333334	0.084	0.10133333333333333	0.096	0.102	0.09	0.09133333333333334	0.08	0.07866666666666666	0.074	0.07466666666666667	0.072	0.072	0.07666666666666666	0.07466666666666667	0.06666666666666667	0.062	0.059333333333333335	0.06066666666666667	0.064	0.06	0.04933333333333333	0.05733333333333333	0.059333333333333335	0.05533333333333333	0.052	0.05	0.04	0.04933333333333333	0.051333333333333335	0.046	0.03	0.048666666666666664	0.03666666666666667	0.030666666666666665	0.028	
0.372	0.3586666666666667	0.37466666666666665	0.364	0.32133333333333336	0.3486666666666667	0.302	0.33	0.35333333333333333	0.276	0.31933333333333336	0.316	0.31933333333333336	0.31266666666666665	0.312	0.282	0.2673333333333333	0.272	0.25	0.2613333333333333	0.258	0.256	0.26	0.244	0.248	0.23333333333333334	0.234	0.24	0.228	0.21933333333333332	0.21066666666666667	0.21133333333333335	0.20333333333333334	0.194	0.19733333333333333	0.212	0.18	0.186	0.16933333333333334	0.17	0.17333333333333334	0.16133333333333333	0.15733333333333333	0.164	0.14866666666666667	0.164	0.14933333333333335	0.146	0.14533333333333334	0.13933333333333334	0.13733333333333334	0.12866666666666668	0.13866666666666666	0.11533333333333333	0.118	0.13333333333333333	0.11466666666666667	0.11666666666666667	0.098	0.124	0.116	0.09733333333333333	0.10066666666666667	0.09133333333333334	0.114	0.09533333333333334	0.08533333333333333	0.08666666666666667	0.08	0.09133333333333334	0.09066666666666667	0.086	0.06933333333333333	0.07666666666666666	0.06	0.06933333333333333	0.082	0.06333333333333334	0.06666666666666667	0.07533333333333334	0.06	0.07	0.064	0.06	0.054	0.05	0.04666666666666667	0.056666666666666664	0.04533333333333334	0.04733333333333333	0.056	0.04666666666666667	0.04066666666666666	0.04933333333333333	0.04066666666666666	0.037333333333333336	0.04	0.037333333333333336	0.034666666666666665	
0.36866666666666664	0.37266666666666665	0.38	0.3373333333333333	0.34	0.3546666666666667	0.35733333333333334	0.33666666666666667	0.3406666666666667	0.296	0.29133333333333333	0.32266666666666666	0.30266666666666664	0.318	0.2633333333333333	0.2866666666666667	0.27466666666666667	0.27	0.24333333333333335	0.25	0.27	0.25333333333333335	0.24	0.232	0.22466666666666665	0.22133333333333333	0.22333333333333333	0.22333333333333333	0.21533333333333332	0.20266666666666666	0.21266666666666667	0.188	0.21066666666666667	0.19266666666666668	0.19666666666666666	0.178	0.19133333333333333	0.18466666666666667	0.18	0.19533333333333333	0.18	0.16933333333333334	0.16933333333333334	0.152	0.15133333333333332	0.16066666666666668	0.14133333333333334	0.132	0.13	0.13933333333333334	0.14133333333333334	0.14666666666666667	0.12866666666666668	0.12066666666666667	0.13	0.12666666666666668	0.11533333333333333	0.11866666666666667	0.11133333333333334	0.12866666666666668	0.11266666666666666	0.09866666666666667	0.098	0.10466666666666667	0.108	0.08866666666666667	0.086	0.09066666666666667	0.096	0.096	0.08533333333333333	0.08933333333333333	0.08133333333333333	0.072	0.08	0.07	0.07466666666666667	0.078	0.08	0.06133333333333333	0.07066666666666667	0.059333333333333335	0.054	0.05733333333333333	0.059333333333333335	0.04533333333333334	0.050666666666666665	0.051333333333333335	0.042	0.05533333333333333	0.04933333333333333	0.04133333333333333	0.042	0.035333333333333335	0.052	0.036	0.046	0.034	0.032	
0.39	0.38133333333333336	0.33466666666666667	0.368	0.35133333333333333	0.33066666666666666	0.35533333333333333	0.3313333333333333	0.32866666666666666	0.31333333333333335	0.30333333333333334	0.316	0.2833333333333333	0.2833333333333333	0.282	0.2673333333333333	0.288	0.24733333333333332	0.28	0.24866666666666667	0.246	0.266	0.256	0.22466666666666665	0.26	0.23733333333333334	0.24266666666666667	0.232	0.22066666666666668	0.22066666666666668	0.23333333333333334	0.22133333333333333	0.20333333333333334	0.18666666666666668	0.206	0.18733333333333332	0.18733333333333332	0.176	0.17666666666666667	0.164	0.15	0.166	0.16733333333333333	0.16133333333333333	0.15333333333333332	0.164	0.16066666666666668	0.128	0.132	0.12	0.136	0.13933333333333334	0.132	0.12933333333333333	0.11666666666666667	0.112	0.10933333333333334	0.12933333333333333	0.13	0.12	0.104	0.09866666666666667	0.10466666666666667	0.11333333333333333	0.10933333333333334	0.08533333333333333	0.10666666666666667	0.08666666666666667	0.08666666666666667	0.08066666666666666	0.08866666666666667	0.08066666666666666	0.08666666666666667	0.07466666666666667	0.08133333333333333	0.08266666666666667	0.06266666666666666	0.076	0.06533333333333333	0.062	0.052	0.05333333333333334	0.06066666666666667	0.046	0.048666666666666664	0.059333333333333335	0.05	0.058	0.05	0.046	0.056	0.04933333333333333	0.044	0.05333333333333334	0.036	0.03133333333333333	0.042	0.029333333333333333	0.042666666666666665	
0.37933333333333336	0.38533333333333336	0.3433333333333333	0.35533333333333333	0.36333333333333334	0.35533333333333333	0.30733333333333335	0.334	0.31866666666666665	0.322	0.3233333333333333	0.31066666666666665	0.29733333333333334	0.2753333333333333	0.274	0.258	0.30933333333333335	0.24933333333333332	0.2693333333333333	0.25866666666666666	0.24133333333333334	0.25266666666666665	0.22533333333333333	0.238	0.23	0.22066666666666668	0.238	0.22066666666666668	0.21133333333333335	0.20666666666666667	0.21533333333333332	0.19133333333333333	0.20466666666666666	0.20066666666666666	0.17866666666666667	0.196	0.18466666666666667	0.18733333333333332	0.186	0.17533333333333334	0.18733333333333332	0.16666666666666666	0.16666666666666666	0.17866666666666667	0.15666666666666668	0.15933333333333333	0.14	0.14533333333333334	0.15266666666666667	0.13066666666666665	0.13266666666666665	0.12933333333333333	0.12933333333333333	0.13266666666666665	0.10933333333333334	0.114	0.12066666666666667	0.098	0.10866666666666666	0.12666666666666668	0.10933333333333334	0.10866666666666666	0.09933333333333333	0.10866666666666666	0.09933333333333333	0.09266666666666666	0.09466666666666666	0.09	0.09133333333333334	0.08266666666666667	0.084	0.088	0.07533333333333334	0.06733333333333333	0.06866666666666667	0.06933333333333333	0.07866666666666666	0.07466666666666667	0.07466666666666667	0.076	0.07066666666666667	0.06533333333333333	0.062	0.07466666666666667	0.05733333333333333	0.05	0.04533333333333334	0.042	0.058666666666666666	0.05533333333333333	0.04466666666666667	0.03933333333333333	0.035333333333333335	0.04933333333333333	0.03333333333333333	0.032	0.030666666666666665	0.04666666666666667	0.03933333333333333	
0.35533333333333333	0.39	0.36333333333333334	0.36866666666666664	0.3526666666666667	0.37133333333333335	0.3353333333333333	0.35533333333333333	0.328	0.3406666666666667	0.28733333333333333	0.29333333333333333	0.296	0.27266666666666667	0.2946666666666667	0.302	0.282	0.26666666666666666	0.25466666666666665	0.27466666666666667	0.25133333333333335	0.264	0.23933333333333334	0.238	0.248	0.214	0.232	0.21666666666666667	0.23133333333333334	0.21266666666666667	0.19466666666666665	0.194	0.18733333333333332	0.21133333333333335	0.21	0.204	0.18666666666666668	0.18533333333333332	0.16266666666666665	0.17	0.152	0.17533333333333334	0.142	0.15266666666666667	0.16133333333333333	0.14133333333333334	0.15733333333333333	0.14733333333333334	0.13	0.13	0.126	0.128	0.12266666666666666	0.12533333333333332	0.11733333333333333	0.14133333333333334	0.11933333333333333	0.10466666666666667	0.12066666666666667	0.09866666666666667	0.102	0.098	0.122	0.096	0.09466666666666666	0.102	0.08533333333333333	0.08066666666666666	0.08666666666666667	0.086	0.09066666666666667	0.08333333333333333	0.06933333333333333	0.08866666666666667	0.07533333333333334	0.08266666666666667	0.07533333333333334	0.074	0.06066666666666667	0.07533333333333334	0.06933333333333333	0.062	0.06333333333333334	0.051333333333333335	0.06133333333333333	0.051333333333333335	0.043333333333333335	0.05266666666666667	0.04133333333333333	0.05733333333333333	0.037333333333333336	0.04466666666666667	0.038	0.04466666666666667	0.04	0.028666666666666667	0.030666666666666665	0.03133333333333333	0.04133333333333333	
0.36133333333333334	0.4146666666666667	0.35533333333333333	0.3486666666666667	0.3426666666666667	0.3313333333333333	0.31666666666666665	0.3373333333333333	0.31466666666666665	0.298	0.326	0.306	0.29133333333333333	0.29	0.27466666666666667	0.30533333333333335	0.2966666666666667	0.27466666666666667	0.26466666666666666	0.22666666666666666	0.25533333333333336	0.27066666666666667	0.25333333333333335	0.23733333333333334	0.25733333333333336	0.224	0.21533333333333332	0.212	0.21266666666666667	0.21533333333333332	0.20466666666666666	0.20133333333333334	0.198	0.19066666666666668	0.20666666666666667	0.18066666666666667	0.17333333333333334	0.182	0.18933333333333333	0.17466666666666666	0.16733333333333333	0.166	0.172	0.17933333333333334	0.172	0.158	0.156	0.13466666666666666	0.146	0.124	0.13466666666666666	0.136	0.11866666666666667	0.13266666666666665	0.12	0.12533333333333332	0.12133333333333333	0.12133333333333333	0.116	0.09666666666666666	0.08933333333333333	0.092	0.096	0.098	0.09666666666666666	0.08933333333333333	0.08533333333333333	0.08666666666666667	0.08533333333333333	0.08666666666666667	0.072	0.07866666666666666	0.09066666666666667	0.06733333333333333	0.07133333333333333	0.06333333333333334	0.07666666666666666	0.06733333333333333	0.08666666666666667	0.07	0.06733333333333333	0.06666666666666667	0.07	0.04733333333333333	0.054	0.05733333333333333	0.04733333333333333	0.06133333333333333	0.056666666666666664	0.048666666666666664	0.03933333333333333	0.046	0.038	0.036	0.04466666666666667	0.037333333333333336	0.034666666666666665	0.038	0.036	
0.392	0.35733333333333334	0.362	0.35933333333333334	0.3546666666666667	0.3486666666666667	0.3353333333333333	0.30266666666666664	0.326	0.316	0.32866666666666666	0.31533333333333335	0.29333333333333333	0.2753333333333333	0.2946666666666667	0.2713333333333333	0.2673333333333333	0.268	0.254	0.24866666666666667	0.272	0.236	0.24266666666666667	0.224	0.242	0.254	0.21	0.22933333333333333	0.228	0.214	0.21533333333333332	0.20933333333333334	0.18066666666666667	0.18066666666666667	0.19933333333333333	0.21133333333333335	0.21	0.16466666666666666	0.192	0.17066666666666666	0.16733333333333333	0.15733333333333333	0.166	0.154	0.14866666666666667	0.134	0.136	0.14133333333333334	0.13533333333333333	0.138	0.15866666666666668	0.13533333333333333	0.126	0.11866666666666667	0.128	0.132	0.12066666666666667	0.12	0.11466666666666667	0.11533333333333333	0.09733333333333333	0.09866666666666667	0.104	0.10466666666666667	0.088	0.09333333333333334	0.098	0.094	0.07533333333333334	0.092	0.09066666666666667	0.08	0.07533333333333334	0.07333333333333333	0.066	0.07733333333333334	0.07	0.07933333333333334	0.06	0.066	0.056666666666666664	0.06066666666666667	0.06533333333333333	0.05533333333333333	0.04666666666666667	0.054	0.05266666666666667	0.06066666666666667	0.052	0.05	0.044	0.04466666666666667	0.04733333333333333	0.03333333333333333	0.037333333333333336	0.037333333333333336	0.03866666666666667	0.029333333333333333	0.03266666666666666	
0.38533333333333336	0.4086666666666667	0.3453333333333333	0.3473333333333333	0.33666666666666667	0.36733333333333335	0.32066666666666666	0.3293333333333333	0.346	0.34	0.296	0.31066666666666665	0.298	0.302	0.29	0.2813333333333333	0.27466666666666667	0.276	0.2753333333333333	0.26466666666666666	0.2653333333333333	0.23066666666666666	0.246	0.25	0.21733333333333332	0.23933333333333334	0.20666666666666667	0.232	0.20533333333333334	0.20333333333333334	0.20733333333333334	0.20733333333333334	0.19	0.20133333333333334	0.18933333333333333	0.20133333333333334	0.19733333333333333	0.17533333333333334	0.15266666666666667	0.17666666666666667	0.168	0.18466666666666667	0.184	0.15466666666666667	0.142	0.12933333333333333	0.13466666666666666	0.154	0.14266666666666666	0.11133333333333334	0.13533333333333333	0.13933333333333334	0.13133333333333333	0.138	0.10533333333333333	0.11866666666666667	0.11533333333333333	0.12266666666666666	0.114	0.12133333333333333	0.098	0.104	0.11866666666666667	0.09133333333333334	0.09333333333333334	0.09533333333333334	0.09266666666666666	0.08533333333333333	0.09066666666666667	0.10266666666666667	0.07866666666666666	0.08	0.07	0.07933333333333334	0.08266666666666667	0.07066666666666667	0.07466666666666667	0.056666666666666664	0.06466666666666666	0.06733333333333333	0.06733333333333333	0.06466666666666666	0.05466666666666667	0.04466666666666667	0.05333333333333334	0.048	0.043333333333333335	0.04133333333333333	0.052	0.04733333333333333	0.051333333333333335	0.042	0.04133333333333333	0.04933333333333333	0.04466666666666667	0.043333333333333335	0.038	0.03133333333333333	0.03133333333333333	
0.37266666666666665	0.37266666666666665	0.3406666666666667	0.37466666666666665	0.3606666666666667	0.3273333333333333	0.33466666666666667	0.33266666666666667	0.33466666666666667	0.33266666666666667	0.30333333333333334	0.332	0.2753333333333333	0.2946666666666667	0.302	0.276	0.2966666666666667	0.272	0.26066666666666666	0.272	0.25533333333333336	0.22733333333333333	0.24533333333333332	0.236	0.238	0.23466666666666666	0.23466666666666666	0.208	0.23133333333333334	0.206	0.21866666666666668	0.186	0.20866666666666667	0.192	0.206	0.17733333333333334	0.186	0.18066666666666667	0.18466666666666667	0.17	0.17533333333333334	0.16333333333333333	0.18666666666666668	0.14066666666666666	0.148	0.14466666666666667	0.142	0.15	0.14733333333333334	0.13133333333333333	0.13466666666666666	0.12866666666666668	0.13266666666666665	0.14266666666666666	0.10533333333333333	0.124	0.118	0.11	0.108	0.11666666666666667	0.1	0.11	0.10866666666666666	0.09133333333333334	0.09533333333333334	0.116	0.102	0.088	0.08733333333333333	0.092	0.078	0.076	0.07666666666666666	0.07666666666666666	0.06866666666666667	0.06066666666666667	0.06866666666666667	0.066	0.06866666666666667	0.06533333333333333	0.06266666666666666	0.054	0.06733333333333333	0.056666666666666664	0.04733333333333333	0.051333333333333335	0.056666666666666664	0.048666666666666664	0.048	0.048	0.04466666666666667	0.03266666666666666	0.05266666666666667	0.04733333333333333	0.042	0.04	0.038	0.03866666666666667	0.03	
0.38666666666666666	0.39	0.348	0.3586666666666667	0.342	0.326	0.336	0.32866666666666666	0.32	0.31466666666666665	0.30866666666666664	0.276	0.30866666666666664	0.28	0.284	0.26466666666666666	0.2833333333333333	0.24933333333333332	0.27666666666666667	0.266	0.2633333333333333	0.25133333333333335	0.256	0.24266666666666667	0.24933333333333332	0.22066666666666668	0.26066666666666666	0.25066666666666665	0.20733333333333334	0.19866666666666666	0.18133333333333335	0.21733333333333332	0.20866666666666667	0.17866666666666667	0.18333333333333332	0.19333333333333333	0.188	0.18266666666666667	0.174	0.15266666666666667	0.17866666666666667	0.18066666666666667	0.14733333333333334	0.15466666666666667	0.14933333333333335	0.154	0.13666666666666666	0.14533333333333334	0.13066666666666665	0.112	0.12666666666666668	0.12733333333333333	0.12666666666666668	0.124	0.10533333333333333	0.124	0.112	0.11066666666666666	0.10133333333333333	0.10733333333333334	0.106	0.11266666666666666	0.10066666666666667	0.112	0.09133333333333334	0.098	0.09533333333333334	0.086	0.094	0.09	0.09266666666666666	0.07866666666666666	0.08	0.07066666666666667	0.07866666666666666	0.07	0.06133333333333333	0.064	0.056	0.074	0.076	0.05733333333333333	0.064	0.056666666666666664	0.04933333333333333	0.06	0.05266666666666667	0.04666666666666667	0.06	0.05333333333333334	0.050666666666666665	0.04733333333333333	0.035333333333333335	0.03933333333333333	0.034	0.03333333333333333	0.04	0.029333333333333333	0.04066666666666666	
0.364	0.368	0.358	0.366	0.32266666666666666	0.33066666666666666	0.33266666666666667	0.334	0.33066666666666666	0.32133333333333336	0.29333333333333333	0.296	0.2946666666666667	0.30866666666666664	0.302	0.266	0.2813333333333333	0.2653333333333333	0.2846666666666667	0.2613333333333333	0.24466666666666667	0.236	0.24933333333333332	0.234	0.23133333333333334	0.22266666666666668	0.20933333333333334	0.22066666666666668	0.22533333333333333	0.21	0.20133333333333334	0.20066666666666666	0.176	0.19066666666666668	0.176	0.19333333333333333	0.17733333333333334	0.18	0.18266666666666667	0.146	0.16333333333333333	0.17466666666666666	0.164	0.16133333333333333	0.16866666666666666	0.154	0.162	0.14266666666666666	0.134	0.15533333333333332	0.13466666666666666	0.13666666666666666	0.128	0.11733333333333333	0.12533333333333332	0.11333333333333333	0.12733333333333333	0.11266666666666666	0.114	0.11266666666666666	0.11466666666666667	0.11133333333333334	0.09666666666666666	0.10266666666666667	0.098	0.096	0.07866666666666666	0.08933333333333333	0.09266666666666666	0.09133333333333334	0.08	0.07733333333333334	0.07066666666666667	0.07066666666666667	0.08733333333333333	0.07	0.06533333333333333	0.06133333333333333	0.054	0.074	0.082	0.06066666666666667	0.06666666666666667	0.048666666666666664	0.06	0.05466666666666667	0.054	0.054	0.046	0.042	0.05	0.048666666666666664	0.03866666666666667	0.04466666666666667	0.04466666666666667	0.03933333333333333	0.038	0.043333333333333335	0.028	
0.3873333333333333	0.356	0.364	0.3466666666666667	0.32666666666666666	0.31333333333333335	0.3293333333333333	0.30933333333333335	0.31733333333333336	0.31533333333333335	0.2986666666666667	0.2866666666666667	0.292	0.278	0.25466666666666665	0.30266666666666664	0.276	0.242	0.2846666666666667	0.27	0.25133333333333335	0.27266666666666667	0.256	0.24533333333333332	0.23733333333333334	0.23533333333333334	0.21933333333333332	0.21866666666666668	0.2	0.19266666666666668	0.18733333333333332	0.19266666666666668	0.19866666666666666	0.182	0.20733333333333334	0.20266666666666666	0.20466666666666666	0.17266666666666666	0.18	0.16533333333333333	0.16866666666666666	0.15733333333333333	0.17933333333333334	0.14333333333333334	0.16666666666666666	0.15133333333333332	0.13866666666666666	0.144	0.13666666666666666	0.14533333333333334	0.12533333333333332	0.13333333333333333	0.14533333333333334	0.12	0.12	0.10466666666666667	0.124	0.12266666666666666	0.108	0.10666666666666667	0.10733333333333334	0.11266666666666666	0.102	0.09466666666666666	0.08533333333333333	0.10333333333333333	0.086	0.08866666666666667	0.09066666666666667	0.074	0.088	0.08066666666666666	0.08333333333333333	0.07066666666666667	0.07533333333333334	0.078	0.064	0.05733333333333333	0.06133333333333333	0.06733333333333333	0.062	0.056666666666666664	0.052	0.056666666666666664	0.04933333333333333	0.04533333333333334	0.04466666666666667	0.048666666666666664	0.04933333333333333	0.043333333333333335	0.04133333333333333	0.034666666666666665	0.04	0.04666666666666667	0.037333333333333336	0.04133333333333333	0.03133333333333333	0.029333333333333333	0.037333333333333336	
0.37933333333333336	0.33866666666666667	0.3566666666666667	0.3253333333333333	0.346	0.33466666666666667	0.3373333333333333	0.3353333333333333	0.3273333333333333	0.30466666666666664	0.3313333333333333	0.2806666666666667	0.316	0.27	0.2733333333333333	0.286	0.262	0.26	0.23866666666666667	0.2733333333333333	0.2806666666666667	0.24266666666666667	0.244	0.2	0.24333333333333335	0.20866666666666667	0.222	0.22333333333333333	0.24133333333333334	0.228	0.20066666666666666	0.19333333333333333	0.194	0.19266666666666668	0.20666666666666667	0.17333333333333334	0.17333333333333334	0.19266666666666668	0.17333333333333334	0.16866666666666666	0.17066666666666666	0.154	0.15066666666666667	0.17666666666666667	0.13733333333333334	0.14333333333333334	0.14933333333333335	0.12933333333333333	0.16066666666666668	0.11666666666666667	0.14	0.12666666666666668	0.14533333333333334	0.12333333333333334	0.13466666666666666	0.12733333333333333	0.114	0.12	0.112	0.112	0.11	0.10466666666666667	0.1	0.08533333333333333	0.106	0.086	0.108	0.08866666666666667	0.07866666666666666	0.08866666666666667	0.072	0.092	0.076	0.08533333333333333	0.059333333333333335	0.08266666666666667	0.06866666666666667	0.048666666666666664	0.06466666666666666	0.06133333333333333	0.066	0.05533333333333333	0.05533333333333333	0.05266666666666667	0.050666666666666665	0.05333333333333334	0.05533333333333333	0.043333333333333335	0.044	0.04733333333333333	0.04733333333333333	0.04	0.04933333333333333	0.042	0.035333333333333335	0.030666666666666665	0.035333333333333335	0.03666666666666667	0.03	
0.37333333333333335	0.37533333333333335	0.3606666666666667	0.36333333333333334	0.302	0.35933333333333334	0.33666666666666667	0.31333333333333335	0.33066666666666666	0.33066666666666666	0.3	0.284	0.30933333333333335	0.30733333333333335	0.2733333333333333	0.2753333333333333	0.274	0.2786666666666667	0.24466666666666667	0.25866666666666666	0.256	0.24333333333333335	0.24666666666666667	0.23066666666666666	0.228	0.218	0.21866666666666668	0.21933333333333332	0.21466666666666667	0.212	0.21666666666666667	0.21133333333333335	0.198	0.20533333333333334	0.18866666666666668	0.19	0.186	0.18733333333333332	0.17266666666666666	0.16666666666666666	0.192	0.16533333333333333	0.15666666666666668	0.146	0.15533333333333332	0.16933333333333334	0.14733333333333334	0.13733333333333334	0.13733333333333334	0.13733333333333334	0.13666666666666666	0.142	0.11666666666666667	0.11266666666666666	0.12066666666666667	0.1	0.12466666666666666	0.10333333333333333	0.11533333333333333	0.11266666666666666	0.10866666666666666	0.11	0.08733333333333333	0.088	0.10066666666666667	0.09866666666666667	0.098	0.09666666666666666	0.098	0.09666666666666666	0.09333333333333334	0.08066666666666666	0.07533333333333334	0.076	0.06933333333333333	0.06066666666666667	0.08	0.06733333333333333	0.07	0.06933333333333333	0.06333333333333334	0.066	0.058	0.06333333333333334	0.050666666666666665	0.04	0.048666666666666664	0.05333333333333334	0.04733333333333333	0.04466666666666667	0.04933333333333333	0.04466666666666667	0.048666666666666664	0.035333333333333335	0.034666666666666665	0.03866666666666667	0.042	0.03133333333333333	0.02666666666666667	
0.364	0.36133333333333334	0.3466666666666667	0.3446666666666667	0.35133333333333333	0.3333333333333333	0.3373333333333333	0.338	0.29933333333333334	0.31133333333333335	0.31333333333333335	0.31866666666666665	0.2693333333333333	0.2733333333333333	0.30266666666666664	0.278	0.29933333333333334	0.278	0.26466666666666666	0.2653333333333333	0.25866666666666666	0.24466666666666667	0.24933333333333332	0.23933333333333334	0.22	0.204	0.25133333333333335	0.22	0.25	0.212	0.21533333333333332	0.21066666666666667	0.20933333333333334	0.198	0.19466666666666665	0.18466666666666667	0.19466666666666665	0.164	0.182	0.17	0.18333333333333332	0.162	0.15266666666666667	0.15866666666666668	0.138	0.15666666666666668	0.13466666666666666	0.144	0.148	0.14866666666666667	0.136	0.11	0.11733333333333333	0.118	0.11666666666666667	0.12066666666666667	0.118	0.09666666666666666	0.09733333333333333	0.11266666666666666	0.1	0.09533333333333334	0.09866666666666667	0.10133333333333333	0.08933333333333333	0.09133333333333334	0.084	0.088	0.09666666666666666	0.09333333333333334	0.096	0.078	0.08133333333333333	0.08066666666666666	0.07466666666666667	0.074	0.058666666666666666	0.07133333333333333	0.06866666666666667	0.06133333333333333	0.050666666666666665	0.05466666666666667	0.06333333333333334	0.056	0.04733333333333333	0.058666666666666666	0.052	0.052	0.051333333333333335	0.051333333333333335	0.043333333333333335	0.04466666666666667	0.05266666666666667	0.042	0.04133333333333333	0.03933333333333333	0.036	0.032	0.036	
0.344	0.3406666666666667	0.34	0.3393333333333333	0.32866666666666666	0.348	0.3293333333333333	0.30866666666666664	0.314	0.31466666666666665	0.32466666666666666	0.26	0.31333333333333335	0.302	0.28733333333333333	0.2653333333333333	0.2773333333333333	0.2713333333333333	0.282	0.24733333333333332	0.24266666666666667	0.22666666666666666	0.236	0.24933333333333332	0.232	0.234	0.24133333333333334	0.22266666666666668	0.21933333333333332	0.19866666666666666	0.21266666666666667	0.20333333333333334	0.21666666666666667	0.21333333333333335	0.188	0.17866666666666667	0.16	0.16066666666666668	0.16933333333333334	0.172	0.168	0.16266666666666665	0.16333333333333333	0.17733333333333334	0.16866666666666666	0.15866666666666668	0.14733333333333334	0.14266666666666666	0.128	0.13733333333333334	0.12933333333333333	0.116	0.12333333333333334	0.12133333333333333	0.11466666666666667	0.11666666666666667	0.11066666666666666	0.11133333333333334	0.11266666666666666	0.10933333333333334	0.10533333333333333	0.104	0.10933333333333334	0.11066666666666666	0.11466666666666667	0.10666666666666667	0.096	0.09666666666666666	0.09666666666666666	0.10266666666666667	0.09133333333333334	0.09333333333333334	0.07866666666666666	0.07	0.06666666666666667	0.06933333333333333	0.074	0.076	0.06866666666666667	0.05533333333333333	0.06533333333333333	0.059333333333333335	0.06466666666666666	0.04733333333333333	0.051333333333333335	0.043333333333333335	0.05266666666666667	0.044	0.048666666666666664	0.050666666666666665	0.032	0.03933333333333333	0.04533333333333334	0.042	0.042	0.04	0.038	0.037333333333333336	0.03	
0.368	0.366	0.32066666666666666	0.36	0.30133333333333334	0.3253333333333333	0.316	0.308	0.31666666666666665	0.3	0.30466666666666664	0.30266666666666664	0.278	0.2846666666666667	0.29	0.27266666666666667	0.26266666666666666	0.278	0.25466666666666665	0.268	0.254	0.23933333333333334	0.27266666666666667	0.258	0.24666666666666667	0.22333333333333333	0.21	0.20066666666666666	0.23533333333333334	0.206	0.214	0.19533333333333333	0.236	0.184	0.18866666666666668	0.17066666666666666	0.18733333333333332	0.19533333333333333	0.16866666666666666	0.17533333333333334	0.152	0.17666666666666667	0.18333333333333332	0.16266666666666665	0.152	0.14866666666666667	0.14666666666666667	0.132	0.15066666666666667	0.136	0.154	0.13266666666666665	0.12933333333333333	0.12133333333333333	0.112	0.11733333333333333	0.11933333333333333	0.11933333333333333	0.10666666666666667	0.118	0.09133333333333334	0.11733333333333333	0.10333333333333333	0.11533333333333333	0.08933333333333333	0.10933333333333334	0.09933333333333333	0.1	0.096	0.09266666666666666	0.088	0.09133333333333334	0.07933333333333334	0.08733333333333333	0.08533333333333333	0.07266666666666667	0.06466666666666666	0.076	0.06933333333333333	0.07	0.058	0.050666666666666665	0.054	0.056666666666666664	0.058	0.04666666666666667	0.04933333333333333	0.04666666666666667	0.04066666666666666	0.03866666666666667	0.03866666666666667	0.050666666666666665	0.03266666666666666	0.048	0.043333333333333335	0.04466666666666667	0.04666666666666667	0.034666666666666665	0.03666666666666667	
0.37266666666666665	0.33466666666666667	0.31933333333333336	0.36666666666666664	0.35	0.31266666666666665	0.348	0.334	0.3273333333333333	0.32866666666666666	0.302	0.2853333333333333	0.2826666666666667	0.2833333333333333	0.276	0.2673333333333333	0.2806666666666667	0.25066666666666665	0.258	0.24066666666666667	0.23066666666666666	0.24533333333333332	0.25133333333333335	0.23066666666666666	0.246	0.214	0.23866666666666667	0.22333333333333333	0.21066666666666667	0.23	0.214	0.2	0.18466666666666667	0.21066666666666667	0.19333333333333333	0.202	0.18133333333333335	0.17333333333333334	0.17466666666666666	0.16933333333333334	0.17066666666666666	0.166	0.158	0.14466666666666667	0.14066666666666666	0.14666666666666667	0.15266666666666667	0.148	0.152	0.152	0.118	0.13266666666666665	0.134	0.118	0.13333333333333333	0.11466666666666667	0.108	0.108	0.11466666666666667	0.09266666666666666	0.10066666666666667	0.09	0.09666666666666666	0.11133333333333334	0.10066666666666667	0.102	0.098	0.09066666666666667	0.07466666666666667	0.078	0.084	0.072	0.06866666666666667	0.06533333333333333	0.072	0.06133333333333333	0.062	0.06	0.06866666666666667	0.064	0.068	0.062	0.062	0.050666666666666665	0.05733333333333333	0.04933333333333333	0.050666666666666665	0.052	0.04533333333333334	0.05266666666666667	0.03133333333333333	0.042	0.04	0.035333333333333335	0.036	0.042	0.03266666666666666	0.028	0.03333333333333333	
0.37133333333333335	0.35333333333333333	0.344	0.3466666666666667	0.31333333333333335	0.352	0.328	0.346	0.30933333333333335	0.27	0.29133333333333333	0.296	0.312	0.2866666666666667	0.2693333333333333	0.28	0.24133333333333334	0.24933333333333332	0.272	0.23866666666666667	0.25	0.26066666666666666	0.24	0.24666666666666667	0.23266666666666666	0.244	0.22133333333333333	0.19	0.21333333333333335	0.21	0.208	0.19466666666666665	0.192	0.18066666666666667	0.18066666666666667	0.17133333333333334	0.166	0.16533333333333333	0.178	0.146	0.18466666666666667	0.168	0.17266666666666666	0.138	0.17466666666666666	0.15	0.13866666666666666	0.16066666666666668	0.142	0.16066666666666668	0.12866666666666668	0.15	0.12133333333333333	0.11266666666666666	0.11066666666666666	0.122	0.11133333333333334	0.11866666666666667	0.11333333333333333	0.10733333333333334	0.10866666666666666	0.112	0.10066666666666667	0.102	0.10866666666666666	0.086	0.08933333333333333	0.09133333333333334	0.076	0.07733333333333334	0.092	0.08333333333333333	0.07933333333333334	0.08066666666666666	0.07866666666666666	0.066	0.06533333333333333	0.076	0.07533333333333334	0.06866666666666667	0.072	0.06133333333333333	0.052	0.05466666666666667	0.05266666666666667	0.058666666666666666	0.058666666666666666	0.05	0.04933333333333333	0.048	0.04733333333333333	0.03933333333333333	0.042	0.044	0.04133333333333333	0.04	0.03333333333333333	0.03933333333333333	0.03266666666666666	
0.3466666666666667	0.36866666666666664	0.33266666666666667	0.338	0.35333333333333333	0.322	0.322	0.34	0.326	0.326	0.2886666666666667	0.30466666666666664	0.31733333333333336	0.268	0.276	0.274	0.278	0.2633333333333333	0.25466666666666665	0.24933333333333332	0.25933333333333336	0.23266666666666666	0.236	0.22	0.212	0.24733333333333332	0.20866666666666667	0.196	0.22666666666666666	0.20933333333333334	0.19466666666666665	0.22066666666666668	0.21733333333333332	0.184	0.21466666666666667	0.176	0.174	0.18533333333333332	0.15933333333333333	0.17466666666666666	0.14133333333333334	0.18466666666666667	0.15	0.16066666666666668	0.146	0.16066666666666668	0.14	0.15266666666666667	0.13733333333333334	0.132	0.12666666666666668	0.132	0.12933333333333333	0.11666666666666667	0.11866666666666667	0.10733333333333334	0.11933333333333333	0.11466666666666667	0.12666666666666668	0.098	0.102	0.10133333333333333	0.10533333333333333	0.10733333333333334	0.10933333333333334	0.08266666666666667	0.096	0.09466666666666666	0.09133333333333334	0.066	0.07266666666666667	0.09666666666666666	0.09	0.07266666666666667	0.06666666666666667	0.06533333333333333	0.06933333333333333	0.06733333333333333	0.078	0.05533333333333333	0.059333333333333335	0.06066666666666667	0.06333333333333334	0.058	0.05	0.04666666666666667	0.05533333333333333	0.042	0.036	0.05466666666666667	0.058	0.037333333333333336	0.04533333333333334	0.052	0.04	0.03666666666666667	0.034	0.034666666666666665	0.03933333333333333	
0.36666666666666664	0.3546666666666667	0.35333333333333333	0.3526666666666667	0.352	0.356	0.3	0.3313333333333333	0.30333333333333334	0.318	0.30266666666666664	0.3	0.2633333333333333	0.3253333333333333	0.28733333333333333	0.2673333333333333	0.26	0.252	0.258	0.25466666666666665	0.23866666666666667	0.246	0.256	0.228	0.24133333333333334	0.21733333333333332	0.218	0.22466666666666665	0.20666666666666667	0.20533333333333334	0.22	0.208	0.19266666666666668	0.18533333333333332	0.19666666666666666	0.18466666666666667	0.17866666666666667	0.19133333333333333	0.18066666666666667	0.17	0.178	0.15	0.16733333333333333	0.14533333333333334	0.13333333333333333	0.13866666666666666	0.16666666666666666	0.14133333333333334	0.13	0.14133333333333334	0.12333333333333334	0.11066666666666666	0.13133333333333333	0.11933333333333333	0.118	0.11133333333333334	0.09933333333333333	0.13133333333333333	0.10933333333333334	0.11	0.09933333333333333	0.1	0.098	0.088	0.10266666666666667	0.106	0.096	0.08066666666666666	0.08266666666666667	0.05466666666666667	0.06466666666666666	0.09466666666666666	0.06866666666666667	0.08	0.076	0.072	0.062	0.078	0.046	0.06066666666666667	0.06733333333333333	0.052	0.05333333333333334	0.062	0.056	0.06333333333333334	0.04933333333333333	0.04066666666666666	0.046	0.04933333333333333	0.04466666666666667	0.048	0.042	0.04	0.035333333333333335	0.037333333333333336	0.042	0.03866666666666667	0.034	
0.38533333333333336	0.35933333333333334	0.34933333333333333	0.32133333333333336	0.32866666666666666	0.342	0.31933333333333336	0.318	0.3273333333333333	0.2866666666666667	0.30466666666666664	0.284	0.274	0.2773333333333333	0.2866666666666667	0.282	0.24533333333333332	0.27266666666666667	0.25066666666666665	0.238	0.23866666666666667	0.25666666666666665	0.24733333333333332	0.244	0.224	0.214	0.23466666666666666	0.22333333333333333	0.198	0.198	0.19666666666666666	0.216	0.19266666666666668	0.222	0.17533333333333334	0.19266666666666668	0.18866666666666668	0.19333333333333333	0.178	0.17266666666666666	0.16466666666666666	0.16266666666666665	0.148	0.17333333333333334	0.15733333333333333	0.15133333333333332	0.15266666666666667	0.14866666666666667	0.13866666666666666	0.12266666666666666	0.12733333333333333	0.13066666666666665	0.13333333333333333	0.132	0.11333333333333333	0.12466666666666666	0.12333333333333334	0.118	0.10866666666666666	0.10266666666666667	0.09733333333333333	0.10733333333333334	0.092	0.092	0.08866666666666667	0.09933333333333333	0.08733333333333333	0.088	0.09733333333333333	0.07266666666666667	0.08533333333333333	0.068	0.08466666666666667	0.066	0.07333333333333333	0.05533333333333333	0.06133333333333333	0.06866666666666667	0.066	0.062	0.06066666666666667	0.058666666666666666	0.059333333333333335	0.06333333333333334	0.058666666666666666	0.044	0.048666666666666664	0.06066666666666667	0.04066666666666666	0.038	0.048	0.050666666666666665	0.042666666666666665	0.04	0.04	0.03266666666666666	0.03333333333333333	0.03666666666666667	0.037333333333333336	
0.36	0.35933333333333334	0.3433333333333333	0.4026666666666667	0.326	0.3413333333333333	0.31866666666666665	0.32066666666666666	0.324	0.30733333333333335	0.2986666666666667	0.2986666666666667	0.324	0.29133333333333333	0.302	0.26	0.262	0.262	0.24666666666666667	0.2613333333333333	0.25266666666666665	0.234	0.24933333333333332	0.24466666666666667	0.238	0.208	0.228	0.20933333333333334	0.21133333333333335	0.20333333333333334	0.20466666666666666	0.19466666666666665	0.17933333333333334	0.20733333333333334	0.19466666666666665	0.204	0.17733333333333334	0.19533333333333333	0.16666666666666666	0.18466666666666667	0.176	0.16266666666666665	0.17866666666666667	0.13866666666666666	0.15933333333333333	0.13333333333333333	0.164	0.14533333333333334	0.12733333333333333	0.15	0.13066666666666665	0.12333333333333334	0.12066666666666667	0.13066666666666665	0.12266666666666666	0.12066666666666667	0.12666666666666668	0.11266666666666666	0.11933333333333333	0.10866666666666666	0.11466666666666667	0.112	0.09866666666666667	0.096	0.09333333333333334	0.09866666666666667	0.09066666666666667	0.08466666666666667	0.10466666666666667	0.07733333333333334	0.08266666666666667	0.07733333333333334	0.07666666666666666	0.07733333333333334	0.068	0.07466666666666667	0.06466666666666666	0.068	0.062	0.06266666666666666	0.06	0.06	0.059333333333333335	0.05466666666666667	0.05266666666666667	0.050666666666666665	0.04733333333333333	0.046	0.048666666666666664	0.043333333333333335	0.04133333333333333	0.048	0.042	0.036	0.034666666666666665	0.03866666666666667	0.034666666666666665	0.03266666666666666	0.03266666666666666	
0.37266666666666665	0.354	0.346	0.37066666666666664	0.33866666666666667	0.3433333333333333	0.328	0.31733333333333336	0.316	0.326	0.30266666666666664	0.292	0.288	0.306	0.29	0.2846666666666667	0.308	0.2833333333333333	0.254	0.23666666666666666	0.2673333333333333	0.24666666666666667	0.222	0.24266666666666667	0.25	0.216	0.22733333333333333	0.22466666666666665	0.22266666666666668	0.216	0.2	0.196	0.21	0.21	0.20666666666666667	0.192	0.17266666666666666	0.17333333333333334	0.186	0.154	0.17733333333333334	0.178	0.176	0.148	0.18066666666666667	0.14933333333333335	0.154	0.13	0.12933333333333333	0.14066666666666666	0.12933333333333333	0.11333333333333333	0.134	0.118	0.12066666666666667	0.11533333333333333	0.10933333333333334	0.12	0.11933333333333333	0.098	0.108	0.10333333333333333	0.08866666666666667	0.11333333333333333	0.09666666666666666	0.10733333333333334	0.09	0.09066666666666667	0.09	0.08866666666666667	0.07933333333333334	0.07533333333333334	0.08466666666666667	0.072	0.082	0.07333333333333333	0.07133333333333333	0.07866666666666666	0.06266666666666666	0.06066666666666667	0.06533333333333333	0.07066666666666667	0.05533333333333333	0.058666666666666666	0.062	0.059333333333333335	0.05466666666666667	0.068	0.04733333333333333	0.04733333333333333	0.04066666666666666	0.042	0.03666666666666667	0.035333333333333335	0.044	0.04533333333333334	0.034666666666666665	0.038	0.030666666666666665	
0.36133333333333334	0.362	0.3273333333333333	0.326	0.328	0.35133333333333333	0.3233333333333333	0.32266666666666666	0.32133333333333336	0.30133333333333334	0.344	0.302	0.3006666666666667	0.2786666666666667	0.30333333333333334	0.272	0.276	0.2853333333333333	0.26866666666666666	0.26	0.252	0.23933333333333334	0.22133333333333333	0.23066666666666666	0.218	0.21866666666666668	0.23066666666666666	0.21266666666666667	0.206	0.216	0.21066666666666667	0.18933333333333333	0.2	0.194	0.19466666666666665	0.18066666666666667	0.16866666666666666	0.196	0.18133333333333335	0.14333333333333334	0.16866666666666666	0.16066666666666668	0.16466666666666666	0.15466666666666667	0.154	0.158	0.136	0.13133333333333333	0.15	0.12866666666666668	0.132	0.11533333333333333	0.11466666666666667	0.11533333333333333	0.122	0.12066666666666667	0.122	0.124	0.11066666666666666	0.11	0.09266666666666666	0.116	0.10066666666666667	0.10333333333333333	0.09333333333333334	0.08666666666666667	0.08933333333333333	0.07866666666666666	0.092	0.06733333333333333	0.09066666666666667	0.07533333333333334	0.088	0.09	0.08	0.07	0.064	0.06466666666666666	0.058	0.059333333333333335	0.06866666666666667	0.048666666666666664	0.058666666666666666	0.06666666666666667	0.05466666666666667	0.04733333333333333	0.058666666666666666	0.048666666666666664	0.03666666666666667	0.046	0.044	0.03666666666666667	0.034666666666666665	0.034	0.042	0.04	0.03266666666666666	0.035333333333333335	0.025333333333333333	
0.384	0.36866666666666664	0.31066666666666665	0.35733333333333334	0.37466666666666665	0.328	0.30466666666666664	0.314	0.32066666666666666	0.31866666666666665	0.30666666666666664	0.31733333333333336	0.2753333333333333	0.27666666666666667	0.2886666666666667	0.26666666666666666	0.25933333333333336	0.254	0.25266666666666665	0.23866666666666667	0.25466666666666665	0.236	0.23266666666666666	0.242	0.23533333333333334	0.22666666666666666	0.202	0.218	0.21533333333333332	0.22733333333333333	0.196	0.20333333333333334	0.20066666666666666	0.18666666666666668	0.17933333333333334	0.17066666666666666	0.17933333333333334	0.16666666666666666	0.182	0.168	0.166	0.176	0.16	0.14466666666666667	0.16266666666666665	0.15133333333333332	0.136	0.13933333333333334	0.132	0.148	0.13933333333333334	0.134	0.12866666666666668	0.10333333333333333	0.11533333333333333	0.126	0.12133333333333333	0.10933333333333334	0.122	0.11066666666666666	0.10466666666666667	0.09866666666666667	0.102	0.096	0.11266666666666666	0.09466666666666666	0.08333333333333333	0.09933333333333333	0.092	0.086	0.08066666666666666	0.084	0.082	0.08133333333333333	0.06333333333333334	0.068	0.07733333333333334	0.06933333333333333	0.06533333333333333	0.07	0.06866666666666667	0.06466666666666666	0.056666666666666664	0.050666666666666665	0.054	0.050666666666666665	0.05466666666666667	0.056	0.048	0.04533333333333334	0.044	0.035333333333333335	0.04533333333333334	0.036	0.042666666666666665	0.032	0.038	0.042	0.036	
0.406	0.36133333333333334	0.3606666666666667	0.368	0.36933333333333335	0.312	0.31466666666666665	0.33266666666666667	0.32066666666666666	0.29	0.25866666666666666	0.31	0.288	0.29	0.278	0.25066666666666665	0.27266666666666667	0.22066666666666668	0.23733333333333334	0.26066666666666666	0.24533333333333332	0.22933333333333333	0.24666666666666667	0.24333333333333335	0.22666666666666666	0.21733333333333332	0.23133333333333334	0.226	0.214	0.214	0.20066666666666666	0.20466666666666666	0.19533333333333333	0.19733333333333333	0.178	0.17466666666666666	0.178	0.18133333333333335	0.182	0.15333333333333332	0.17533333333333334	0.17333333333333334	0.15866666666666668	0.14733333333333334	0.13133333333333333	0.14866666666666667	0.14	0.136	0.13	0.13733333333333334	0.142	0.12866666666666668	0.12666666666666668	0.114	0.118	0.11266666666666666	0.13333333333333333	0.09333333333333334	0.114	0.09733333333333333	0.10933333333333334	0.112	0.07933333333333334	0.09533333333333334	0.082	0.08933333333333333	0.09466666666666666	0.08466666666666667	0.086	0.08	0.07533333333333334	0.07133333333333333	0.082	0.07866666666666666	0.07933333333333334	0.074	0.08133333333333333	0.068	0.07266666666666667	0.06266666666666666	0.059333333333333335	0.06266666666666666	0.06333333333333334	0.06266666666666666	0.05466666666666667	0.042666666666666665	0.052	0.042	0.044	0.03933333333333333	0.036	0.04666666666666667	0.056666666666666664	0.05	0.038	0.028666666666666667	0.03666666666666667	0.04066666666666666	0.035333333333333335	
0.37	0.37733333333333335	0.3506666666666667	0.332	0.32266666666666666	0.326	0.31866666666666665	0.298	0.29733333333333334	0.31866666666666665	0.28	0.2693333333333333	0.324	0.29133333333333333	0.2653333333333333	0.29733333333333334	0.28	0.292	0.25	0.2713333333333333	0.25133333333333335	0.226	0.23666666666666666	0.20666666666666667	0.23	0.236	0.22266666666666668	0.21133333333333335	0.22066666666666668	0.19933333333333333	0.19666666666666666	0.19466666666666665	0.188	0.194	0.19733333333333333	0.18866666666666668	0.2	0.172	0.178	0.19333333333333333	0.16266666666666665	0.174	0.158	0.16133333333333333	0.16266666666666665	0.15866666666666668	0.16	0.14933333333333335	0.13466666666666666	0.13666666666666666	0.14066666666666666	0.12866666666666668	0.13533333333333333	0.13533333333333333	0.12466666666666666	0.13	0.12066666666666667	0.11733333333333333	0.10533333333333333	0.108	0.09133333333333334	0.09733333333333333	0.09333333333333334	0.10266666666666667	0.08666666666666667	0.09066666666666667	0.092	0.07666666666666666	0.09066666666666667	0.08933333333333333	0.09	0.068	0.092	0.08	0.07933333333333334	0.076	0.07866666666666666	0.06266666666666666	0.06666666666666667	0.07066666666666667	0.066	0.05333333333333334	0.07733333333333334	0.058	0.04533333333333334	0.056666666666666664	0.05466666666666667	0.04933333333333333	0.046	0.034	0.05	0.037333333333333336	0.03933333333333333	0.043333333333333335	0.048666666666666664	0.04466666666666667	0.04066666666666666	0.02666666666666667	0.03666666666666667	
0.388	0.3446666666666667	0.374	0.33466666666666667	0.334	0.346	0.318	0.31066666666666665	0.324	0.2806666666666667	0.296	0.3313333333333333	0.284	0.284	0.2733333333333333	0.2633333333333333	0.30533333333333335	0.27466666666666667	0.25	0.27266666666666667	0.23333333333333334	0.24733333333333332	0.248	0.224	0.238	0.236	0.20666666666666667	0.184	0.19733333333333333	0.19	0.18333333333333332	0.19866666666666666	0.19733333333333333	0.19066666666666668	0.182	0.172	0.19133333333333333	0.17933333333333334	0.19333333333333333	0.18066666666666667	0.17466666666666666	0.17	0.14733333333333334	0.15066666666666667	0.14933333333333335	0.158	0.12866666666666668	0.148	0.14133333333333334	0.148	0.116	0.14666666666666667	0.12133333333333333	0.11266666666666666	0.11466666666666667	0.11733333333333333	0.10733333333333334	0.11	0.118	0.11333333333333333	0.094	0.09733333333333333	0.084	0.10533333333333333	0.108	0.088	0.09133333333333334	0.094	0.07466666666666667	0.07933333333333334	0.08266666666666667	0.07933333333333334	0.09	0.06533333333333333	0.07066666666666667	0.076	0.06533333333333333	0.06066666666666667	0.066	0.058	0.052	0.054	0.05533333333333333	0.06133333333333333	0.05266666666666667	0.048	0.05266666666666667	0.04466666666666667	0.059333333333333335	0.048666666666666664	0.03933333333333333	0.03866666666666667	0.04933333333333333	0.04	0.03866666666666667	0.034	0.043333333333333335	0.03333333333333333	0.03666666666666667	
0.36	0.356	0.3546666666666667	0.31266666666666665	0.33266666666666667	0.31533333333333335	0.30666666666666664	0.3273333333333333	0.32466666666666666	0.31533333333333335	0.29533333333333334	0.29	0.296	0.2966666666666667	0.2693333333333333	0.274	0.25133333333333335	0.294	0.256	0.24	0.25266666666666665	0.25733333333333336	0.23666666666666666	0.23266666666666666	0.25933333333333336	0.25466666666666665	0.226	0.21733333333333332	0.21533333333333332	0.218	0.21333333333333335	0.176	0.17666666666666667	0.194	0.19933333333333333	0.16866666666666666	0.18333333333333332	0.19	0.17266666666666666	0.16666666666666666	0.15733333333333333	0.158	0.14933333333333335	0.17666666666666667	0.15066666666666667	0.14466666666666667	0.132	0.14866666666666667	0.14333333333333334	0.14133333333333334	0.138	0.12533333333333332	0.13333333333333333	0.13066666666666665	0.14133333333333334	0.12333333333333334	0.09733333333333333	0.10466666666666667	0.12533333333333332	0.104	0.102	0.09266666666666666	0.08933333333333333	0.09733333333333333	0.09133333333333334	0.10066666666666667	0.09733333333333333	0.08466666666666667	0.08333333333333333	0.08333333333333333	0.09133333333333334	0.084	0.07866666666666666	0.06866666666666667	0.066	0.08066666666666666	0.062	0.06333333333333334	0.06333333333333334	0.07066666666666667	0.06333333333333334	0.05	0.06333333333333334	0.06133333333333333	0.056666666666666664	0.05	0.04533333333333334	0.04466666666666667	0.043333333333333335	0.03933333333333333	0.04733333333333333	0.048666666666666664	0.034666666666666665	0.034666666666666665	0.028	0.04466666666666667	0.03	0.04133333333333333	0.03266666666666666	
0.3526666666666667	0.36	0.3486666666666667	0.34	0.3253333333333333	0.3406666666666667	0.35133333333333333	0.3546666666666667	0.33466666666666667	0.30533333333333335	0.302	0.28733333333333333	0.2986666666666667	0.2786666666666667	0.272	0.25933333333333336	0.292	0.2673333333333333	0.26066666666666666	0.24666666666666667	0.246	0.242	0.22933333333333333	0.244	0.246	0.23066666666666666	0.23133333333333334	0.20733333333333334	0.20866666666666667	0.20466666666666666	0.19666666666666666	0.20466666666666666	0.18266666666666667	0.198	0.194	0.18933333333333333	0.17733333333333334	0.18533333333333332	0.174	0.17066666666666666	0.186	0.138	0.142	0.164	0.14066666666666666	0.15266666666666667	0.148	0.14133333333333334	0.148	0.142	0.12466666666666666	0.14133333333333334	0.12933333333333333	0.13266666666666665	0.12	0.10866666666666666	0.126	0.09866666666666667	0.10933333333333334	0.10333333333333333	0.1	0.10733333333333334	0.10933333333333334	0.094	0.1	0.088	0.09333333333333334	0.09066666666666667	0.076	0.082	0.07866666666666666	0.076	0.08666666666666667	0.076	0.07266666666666667	0.06266666666666666	0.06266666666666666	0.06666666666666667	0.05333333333333334	0.058	0.058	0.068	0.050666666666666665	0.06066666666666667	0.04933333333333333	0.05	0.052	0.062	0.04	0.038	0.042	0.042	0.042666666666666665	0.03333333333333333	0.04	0.034666666666666665	0.029333333333333333	0.030666666666666665	0.03266666666666666	
0.36933333333333335	0.334	0.37	0.36	0.358	0.3313333333333333	0.33666666666666667	0.304	0.30533333333333335	0.326	0.29933333333333334	0.29733333333333334	0.2793333333333333	0.274	0.28	0.268	0.288	0.26066666666666666	0.242	0.24666666666666667	0.25866666666666666	0.22733333333333333	0.228	0.24933333333333332	0.21133333333333335	0.224	0.208	0.226	0.20133333333333334	0.20933333333333334	0.21133333333333335	0.17333333333333334	0.192	0.174	0.202	0.17666666666666667	0.18533333333333332	0.17333333333333334	0.17333333333333334	0.16066666666666668	0.18733333333333332	0.17266666666666666	0.17466666666666666	0.152	0.14533333333333334	0.14066666666666666	0.152	0.148	0.15333333333333332	0.116	0.11533333333333333	0.13466666666666666	0.11333333333333333	0.126	0.134	0.118	0.11666666666666667	0.12266666666666666	0.09733333333333333	0.094	0.10866666666666666	0.10533333333333333	0.10533333333333333	0.094	0.10133333333333333	0.10133333333333333	0.07733333333333334	0.10133333333333333	0.082	0.07066666666666667	0.08333333333333333	0.082	0.06466666666666666	0.07333333333333333	0.068	0.072	0.074	0.06533333333333333	0.05333333333333334	0.07066666666666667	0.05466666666666667	0.056666666666666664	0.05733333333333333	0.04533333333333334	0.05333333333333334	0.050666666666666665	0.03666666666666667	0.043333333333333335	0.054	0.048666666666666664	0.048	0.04066666666666666	0.03866666666666667	0.04133333333333333	0.038	0.034666666666666665	0.03866666666666667	0.036	0.034666666666666665	
0.348	0.36733333333333335	0.3253333333333333	0.38333333333333336	0.3626666666666667	0.3253333333333333	0.314	0.31466666666666665	0.3373333333333333	0.304	0.288	0.2866666666666667	0.30333333333333334	0.3006666666666667	0.282	0.26066666666666666	0.25733333333333336	0.27466666666666667	0.25	0.2713333333333333	0.24666666666666667	0.25933333333333336	0.23066666666666666	0.234	0.20333333333333334	0.234	0.20733333333333334	0.21133333333333335	0.21333333333333335	0.21733333333333332	0.21933333333333332	0.19066666666666668	0.19133333333333333	0.188	0.20133333333333334	0.17933333333333334	0.17333333333333334	0.16733333333333333	0.16466666666666666	0.16133333333333333	0.16333333333333333	0.16866666666666666	0.154	0.144	0.14	0.14333333333333334	0.11666666666666667	0.11466666666666667	0.12933333333333333	0.12866666666666668	0.12066666666666667	0.138	0.14066666666666666	0.11333333333333333	0.12333333333333334	0.112	0.10266666666666667	0.10866666666666666	0.118	0.122	0.10266666666666667	0.11333333333333333	0.10866666666666666	0.10666666666666667	0.09666666666666666	0.08533333333333333	0.10066666666666667	0.08866666666666667	0.08733333333333333	0.09666666666666666	0.082	0.07933333333333334	0.07133333333333333	0.06933333333333333	0.06266666666666666	0.06866666666666667	0.066	0.06266666666666666	0.06133333333333333	0.059333333333333335	0.06066666666666667	0.06133333333333333	0.06133333333333333	0.05333333333333334	0.048	0.04666666666666667	0.048666666666666664	0.048	0.050666666666666665	0.05466666666666667	0.04666666666666667	0.048	0.035333333333333335	0.04	0.03866666666666667	0.04	0.03866666666666667	0.03133333333333333	0.034666666666666665	
0.3973333333333333	0.39066666666666666	0.356	0.3446666666666667	0.3566666666666667	0.3406666666666667	0.31066666666666665	0.316	0.30333333333333334	0.31733333333333336	0.284	0.29733333333333334	0.3006666666666667	0.30333333333333334	0.302	0.26866666666666666	0.252	0.242	0.2653333333333333	0.24066666666666667	0.24733333333333332	0.256	0.226	0.23533333333333334	0.23333333333333334	0.23333333333333334	0.20333333333333334	0.22733333333333333	0.216	0.22	0.18866666666666668	0.202	0.20733333333333334	0.18	0.19	0.18066666666666667	0.17733333333333334	0.16866666666666666	0.192	0.15466666666666667	0.162	0.18066666666666667	0.152	0.15133333333333332	0.14466666666666667	0.15466666666666667	0.136	0.124	0.13466666666666666	0.13866666666666666	0.12266666666666666	0.11733333333333333	0.12466666666666666	0.12466666666666666	0.106	0.11533333333333333	0.13066666666666665	0.10266666666666667	0.10466666666666667	0.10933333333333334	0.11533333333333333	0.10533333333333333	0.09933333333333333	0.104	0.084	0.076	0.096	0.07866666666666666	0.08333333333333333	0.06933333333333333	0.08133333333333333	0.09733333333333333	0.07	0.08066666666666666	0.062	0.068	0.072	0.062	0.07133333333333333	0.059333333333333335	0.058666666666666666	0.054	0.050666666666666665	0.050666666666666665	0.056	0.052	0.046	0.04533333333333334	0.03866666666666667	0.044	0.048666666666666664	0.050666666666666665	0.038	0.03866666666666667	0.030666666666666665	0.035333333333333335	0.03	0.03666666666666667	0.029333333333333333	
0.3526666666666667	0.3453333333333333	0.352	0.3486666666666667	0.316	0.322	0.3373333333333333	0.31666666666666665	0.32266666666666666	0.29133333333333333	0.3273333333333333	0.2786666666666667	0.29533333333333334	0.2826666666666667	0.2833333333333333	0.2826666666666667	0.26266666666666666	0.2713333333333333	0.25333333333333335	0.25466666666666665	0.24933333333333332	0.24866666666666667	0.25266666666666665	0.23533333333333334	0.21066666666666667	0.22533333333333333	0.21533333333333332	0.22533333333333333	0.22466666666666665	0.22266666666666668	0.19333333333333333	0.218	0.194	0.18066666666666667	0.19	0.17666666666666667	0.18333333333333332	0.168	0.162	0.166	0.16666666666666666	0.16133333333333333	0.16533333333333333	0.15066666666666667	0.14866666666666667	0.14266666666666666	0.158	0.128	0.14	0.146	0.14533333333333334	0.12933333333333333	0.12066666666666667	0.12066666666666667	0.122	0.106	0.11466666666666667	0.09933333333333333	0.094	0.11466666666666667	0.11066666666666666	0.108	0.09066666666666667	0.10066666666666667	0.086	0.09266666666666666	0.1	0.08066666666666666	0.096	0.064	0.082	0.074	0.07533333333333334	0.07133333333333333	0.08133333333333333	0.07333333333333333	0.066	0.06	0.066	0.050666666666666665	0.062	0.072	0.05466666666666667	0.056	0.06133333333333333	0.058666666666666666	0.04933333333333333	0.035333333333333335	0.046	0.04733333333333333	0.03933333333333333	0.04466666666666667	0.04066666666666666	0.04	0.03333333333333333	0.029333333333333333	0.03133333333333333	0.03133333333333333	0.032	
0.35533333333333333	0.3413333333333333	0.352	0.3413333333333333	0.31133333333333335	0.322	0.33066666666666666	0.316	0.326	0.326	0.30933333333333335	0.29533333333333334	0.2986666666666667	0.29333333333333333	0.27666666666666667	0.284	0.272	0.25333333333333335	0.2633333333333333	0.24866666666666667	0.238	0.22133333333333333	0.246	0.25	0.228	0.21933333333333332	0.21266666666666667	0.222	0.22333333333333333	0.21466666666666667	0.22333333333333333	0.18866666666666668	0.194	0.19733333333333333	0.184	0.18333333333333332	0.16266666666666665	0.16666666666666666	0.16666666666666666	0.16066666666666668	0.142	0.15	0.15266666666666667	0.15933333333333333	0.17666666666666667	0.15466666666666667	0.14666666666666667	0.136	0.12733333333333333	0.14666666666666667	0.13666666666666666	0.11866666666666667	0.11466666666666667	0.12066666666666667	0.12733333333333333	0.11333333333333333	0.12733333333333333	0.122	0.11533333333333333	0.12733333333333333	0.10933333333333334	0.11066666666666666	0.08866666666666667	0.09	0.10866666666666666	0.10333333333333333	0.10066666666666667	0.09066666666666667	0.086	0.08266666666666667	0.09066666666666667	0.08733333333333333	0.07533333333333334	0.06733333333333333	0.07066666666666667	0.076	0.06	0.06666666666666667	0.068	0.07	0.068	0.064	0.05533333333333333	0.058666666666666666	0.05	0.043333333333333335	0.05733333333333333	0.04466666666666667	0.05266666666666667	0.046	0.03866666666666667	0.048	0.04133333333333333	0.04	0.038	0.03866666666666667	0.03266666666666666	0.026	0.034666666666666665	
0.35	0.338	0.348	0.354	0.30533333333333335	0.33	0.324	0.31933333333333336	0.31666666666666665	0.316	0.31866666666666665	0.28	0.2986666666666667	0.31	0.264	0.26466666666666666	0.2673333333333333	0.25666666666666665	0.254	0.23866666666666667	0.238	0.25	0.20666666666666667	0.22933333333333333	0.22	0.22466666666666665	0.198	0.21133333333333335	0.214	0.194	0.19133333333333333	0.196	0.19866666666666666	0.19	0.18266666666666667	0.18266666666666667	0.18066666666666667	0.15666666666666668	0.16	0.16733333333333333	0.156	0.15933333333333333	0.14733333333333334	0.14466666666666667	0.15	0.146	0.14	0.15066666666666667	0.12266666666666666	0.12866666666666668	0.136	0.12866666666666668	0.12333333333333334	0.12266666666666666	0.11066666666666666	0.13	0.11466666666666667	0.11933333333333333	0.10266666666666667	0.11133333333333334	0.10466666666666667	0.09266666666666666	0.08866666666666667	0.10333333333333333	0.098	0.108	0.092	0.07133333333333333	0.078	0.08733333333333333	0.08266666666666667	0.078	0.06533333333333333	0.084	0.07466666666666667	0.07	0.06533333333333333	0.072	0.06666666666666667	0.06266666666666666	0.06	0.06266666666666666	0.05466666666666667	0.059333333333333335	0.05533333333333333	0.048666666666666664	0.046	0.04133333333333333	0.03866666666666667	0.04133333333333333	0.04466666666666667	0.037333333333333336	0.043333333333333335	0.037333333333333336	0.042666666666666665	0.037333333333333336	0.036	0.042	0.034666666666666665	
0.3466666666666667	0.36466666666666664	0.342	0.3446666666666667	0.33466666666666667	0.334	0.33	0.30666666666666664	0.29733333333333334	0.29133333333333333	0.296	0.29333333333333333	0.30866666666666664	0.27266666666666667	0.278	0.2793333333333333	0.2786666666666667	0.266	0.25933333333333336	0.24933333333333332	0.24466666666666667	0.20066666666666666	0.226	0.23266666666666666	0.234	0.24	0.22266666666666668	0.216	0.20933333333333334	0.18133333333333335	0.21133333333333335	0.20133333333333334	0.17466666666666666	0.21133333333333335	0.20133333333333334	0.176	0.186	0.174	0.18333333333333332	0.156	0.154	0.156	0.15866666666666668	0.142	0.158	0.136	0.14133333333333334	0.136	0.136	0.13733333333333334	0.13933333333333334	0.144	0.124	0.11733333333333333	0.134	0.136	0.122	0.11533333333333333	0.118	0.106	0.098	0.09933333333333333	0.10466666666666667	0.1	0.09466666666666666	0.09	0.088	0.09333333333333334	0.08133333333333333	0.084	0.074	0.08066666666666666	0.092	0.06733333333333333	0.07266666666666667	0.058	0.07466666666666667	0.06	0.06666666666666667	0.06466666666666666	0.062	0.064	0.06466666666666666	0.056	0.05333333333333334	0.05333333333333334	0.048666666666666664	0.046	0.046	0.043333333333333335	0.051333333333333335	0.04	0.046	0.04	0.04666666666666667	0.03266666666666666	0.032	0.03866666666666667	0.028666666666666667	
0.3606666666666667	0.33666666666666667	0.3313333333333333	0.322	0.3413333333333333	0.32	0.326	0.3006666666666667	0.29533333333333334	0.326	0.2833333333333333	0.26266666666666666	0.2846666666666667	0.28933333333333333	0.2833333333333333	0.294	0.24933333333333332	0.26266666666666666	0.258	0.27266666666666667	0.23666666666666666	0.24333333333333335	0.23866666666666667	0.26	0.256	0.24066666666666667	0.214	0.21733333333333332	0.22733333333333333	0.194	0.18	0.182	0.208	0.21133333333333335	0.204	0.18466666666666667	0.18733333333333332	0.15933333333333333	0.15266666666666667	0.174	0.164	0.15133333333333332	0.15933333333333333	0.164	0.15933333333333333	0.15266666666666667	0.14666666666666667	0.14333333333333334	0.13733333333333334	0.13	0.14733333333333334	0.13666666666666666	0.12666666666666668	0.11133333333333334	0.12666666666666668	0.11266666666666666	0.10733333333333334	0.09733333333333333	0.108	0.13133333333333333	0.10533333333333333	0.09466666666666666	0.108	0.09666666666666666	0.09866666666666667	0.1	0.10133333333333333	0.09066666666666667	0.10066666666666667	0.07666666666666666	0.07733333333333334	0.084	0.07533333333333334	0.07133333333333333	0.082	0.072	0.06866666666666667	0.06666666666666667	0.06066666666666667	0.06866666666666667	0.064	0.06333333333333334	0.066	0.059333333333333335	0.06	0.048666666666666664	0.044	0.048	0.04466666666666667	0.037333333333333336	0.04133333333333333	0.04133333333333333	0.042666666666666665	0.050666666666666665	0.03133333333333333	0.04133333333333333	0.03866666666666667	0.03333333333333333	0.03	
0.3526666666666667	0.38133333333333336	0.334	0.3526666666666667	0.31733333333333336	0.3446666666666667	0.32066666666666666	0.314	0.308	0.298	0.29733333333333334	0.30133333333333334	0.29533333333333334	0.2753333333333333	0.2853333333333333	0.24466666666666667	0.2853333333333333	0.252	0.23933333333333334	0.23066666666666666	0.238	0.244	0.244	0.21733333333333332	0.21866666666666668	0.202	0.22266666666666668	0.21533333333333332	0.20266666666666666	0.19533333333333333	0.21533333333333332	0.20466666666666666	0.20466666666666666	0.19533333333333333	0.18266666666666667	0.19266666666666668	0.18733333333333332	0.17466666666666666	0.162	0.16866666666666666	0.14866666666666667	0.168	0.148	0.15133333333333332	0.138	0.13466666666666666	0.13133333333333333	0.13733333333333334	0.14066666666666666	0.14333333333333334	0.15	0.12666666666666668	0.12266666666666666	0.14	0.13133333333333333	0.114	0.12533333333333332	0.11666666666666667	0.122	0.11066666666666666	0.10666666666666667	0.1	0.10266666666666667	0.09666666666666666	0.09933333333333333	0.09266666666666666	0.08066666666666666	0.08666666666666667	0.088	0.084	0.08466666666666667	0.096	0.07333333333333333	0.08333333333333333	0.07533333333333334	0.056666666666666664	0.072	0.06	0.082	0.064	0.058666666666666666	0.056666666666666664	0.05466666666666667	0.046	0.052	0.05533333333333333	0.05	0.048	0.04933333333333333	0.048666666666666664	0.05466666666666667	0.04	0.03866666666666667	0.03666666666666667	0.04133333333333333	0.029333333333333333	0.029333333333333333	0.038	0.03866666666666667	
0.33	0.36866666666666664	0.368	0.3353333333333333	0.33	0.3566666666666667	0.31733333333333336	0.3253333333333333	0.31066666666666665	0.3	0.29933333333333334	0.2813333333333333	0.30866666666666664	0.282	0.26666666666666666	0.258	0.25133333333333335	0.2733333333333333	0.2733333333333333	0.24933333333333332	0.22333333333333333	0.22333333333333333	0.25133333333333335	0.24	0.21533333333333332	0.22	0.24333333333333335	0.21	0.19866666666666666	0.226	0.21266666666666667	0.21266666666666667	0.20333333333333334	0.164	0.18533333333333332	0.15933333333333333	0.18	0.17533333333333334	0.18066666666666667	0.17066666666666666	0.16266666666666665	0.146	0.156	0.14266666666666666	0.168	0.13266666666666665	0.148	0.142	0.14266666666666666	0.14	0.14266666666666666	0.12866666666666668	0.12866666666666668	0.134	0.114	0.128	0.096	0.112	0.09333333333333334	0.12333333333333334	0.108	0.09466666666666666	0.1	0.08333333333333333	0.098	0.09666666666666666	0.09533333333333334	0.086	0.08066666666666666	0.08333333333333333	0.08333333333333333	0.07133333333333333	0.076	0.07133333333333333	0.074	0.08133333333333333	0.059333333333333335	0.072	0.07333333333333333	0.04933333333333333	0.06266666666666666	0.04066666666666666	0.05	0.06133333333333333	0.052	0.058666666666666666	0.048	0.05266666666666667	0.050666666666666665	0.03666666666666667	0.04	0.05266666666666667	0.04933333333333333	0.044	0.044	0.03333333333333333	0.028666666666666667	0.03133333333333333	0.028666666666666667	
0.36666666666666664	0.37733333333333335	0.3393333333333333	0.31333333333333335	0.3486666666666667	0.3473333333333333	0.294	0.276	0.286	0.30666666666666664	0.30333333333333334	0.26266666666666666	0.28933333333333333	0.2693333333333333	0.26666666666666666	0.282	0.25866666666666666	0.254	0.266	0.25866666666666666	0.24133333333333334	0.246	0.222	0.198	0.232	0.212	0.22133333333333333	0.21933333333333332	0.19733333333333333	0.19666666666666666	0.21066666666666667	0.17933333333333334	0.18933333333333333	0.188	0.182	0.17	0.176	0.176	0.16533333333333333	0.16933333333333334	0.16866666666666666	0.16266666666666665	0.18733333333333332	0.15466666666666667	0.13466666666666666	0.164	0.152	0.13333333333333333	0.13466666666666666	0.12466666666666666	0.13733333333333334	0.15066666666666667	0.12333333333333334	0.126	0.13066666666666665	0.10533333333333333	0.11466666666666667	0.09733333333333333	0.12733333333333333	0.11	0.10533333333333333	0.10733333333333334	0.108	0.08733333333333333	0.09666666666666666	0.09466666666666666	0.09666666666666666	0.09133333333333334	0.07733333333333334	0.08533333333333333	0.08866666666666667	0.07866666666666666	0.07866666666666666	0.08133333333333333	0.07266666666666667	0.066	0.07466666666666667	0.05333333333333334	0.06133333333333333	0.058	0.052	0.074	0.05466666666666667	0.056	0.054	0.04466666666666667	0.04733333333333333	0.042666666666666665	0.042666666666666665	0.035333333333333335	0.04	0.03666666666666667	0.04666666666666667	0.038	0.04466666666666667	0.036	0.032	0.028666666666666667	0.029333333333333333	
0.3413333333333333	0.37	0.36133333333333334	0.35333333333333333	0.33266666666666667	0.3446666666666667	0.28933333333333333	0.3293333333333333	0.2986666666666667	0.30133333333333334	0.2733333333333333	0.298	0.2866666666666667	0.2793333333333333	0.262	0.2793333333333333	0.242	0.25933333333333336	0.24866666666666667	0.268	0.25066666666666665	0.23866666666666667	0.244	0.232	0.20733333333333334	0.22266666666666668	0.204	0.20866666666666667	0.204	0.21	0.214	0.19333333333333333	0.186	0.176	0.186	0.19	0.16533333333333333	0.166	0.16333333333333333	0.15733333333333333	0.166	0.15466666666666667	0.156	0.15466666666666667	0.14666666666666667	0.14733333333333334	0.13933333333333334	0.14333333333333334	0.13933333333333334	0.12333333333333334	0.13666666666666666	0.134	0.13333333333333333	0.11	0.11133333333333334	0.12866666666666668	0.122	0.10733333333333334	0.12066666666666667	0.102	0.1	0.10133333333333333	0.096	0.1	0.09133333333333334	0.1	0.08	0.092	0.084	0.09066666666666667	0.08	0.08466666666666667	0.064	0.084	0.059333333333333335	0.07066666666666667	0.078	0.050666666666666665	0.066	0.064	0.05266666666666667	0.056666666666666664	0.066	0.056	0.064	0.05266666666666667	0.042666666666666665	0.044	0.044	0.04533333333333334	0.04666666666666667	0.04	0.04466666666666667	0.03866666666666667	0.029333333333333333	0.03266666666666666	0.032	0.034	0.034666666666666665	
0.35733333333333334	0.35333333333333333	0.3606666666666667	0.35	0.3406666666666667	0.33066666666666666	0.3473333333333333	0.3473333333333333	0.29333333333333333	0.31	0.294	0.27666666666666667	0.2833333333333333	0.2806666666666667	0.268	0.2773333333333333	0.282	0.254	0.262	0.234	0.24133333333333334	0.23466666666666666	0.252	0.21866666666666668	0.22666666666666666	0.22733333333333333	0.20533333333333334	0.208	0.202	0.21	0.202	0.19466666666666665	0.194	0.18466666666666667	0.20666666666666667	0.182	0.20133333333333334	0.17	0.16733333333333333	0.16733333333333333	0.16866666666666666	0.152	0.15933333333333333	0.15866666666666668	0.15	0.166	0.13466666666666666	0.15133333333333332	0.128	0.14066666666666666	0.122	0.13666666666666666	0.11866666666666667	0.122	0.12866666666666668	0.13266666666666665	0.092	0.10266666666666667	0.114	0.09866666666666667	0.10733333333333334	0.10533333333333333	0.10333333333333333	0.10133333333333333	0.09333333333333334	0.08533333333333333	0.078	0.096	0.08133333333333333	0.08466666666666667	0.082	0.09266666666666666	0.07733333333333334	0.06866666666666667	0.06733333333333333	0.06333333333333334	0.062	0.06866666666666667	0.072	0.054	0.05466666666666667	0.05733333333333333	0.05533333333333333	0.059333333333333335	0.058666666666666666	0.05466666666666667	0.044	0.044	0.046	0.04666666666666667	0.04733333333333333	0.046	0.05266666666666667	0.04133333333333333	0.030666666666666665	0.029333333333333333	0.02666666666666667	0.028	0.043333333333333335	
0.36866666666666664	0.3413333333333333	0.34933333333333333	0.35733333333333334	0.332	0.37266666666666665	0.31066666666666665	0.288	0.33466666666666667	0.304	0.2946666666666667	0.27266666666666667	0.286	0.29	0.2793333333333333	0.26866666666666666	0.26666666666666666	0.2806666666666667	0.2733333333333333	0.2633333333333333	0.26	0.224	0.22333333333333333	0.232	0.234	0.22666666666666666	0.212	0.21733333333333332	0.20866666666666667	0.21533333333333332	0.21733333333333332	0.20866666666666667	0.19933333333333333	0.19333333333333333	0.18333333333333332	0.178	0.18866666666666668	0.15733333333333333	0.18533333333333332	0.174	0.16466666666666666	0.164	0.144	0.146	0.15066666666666667	0.14933333333333335	0.15533333333333332	0.13	0.134	0.13533333333333333	0.12866666666666668	0.12866666666666668	0.11333333333333333	0.14533333333333334	0.11666666666666667	0.12	0.11266666666666666	0.09666666666666666	0.12133333333333333	0.10733333333333334	0.11866666666666667	0.09466666666666666	0.09666666666666666	0.098	0.088	0.1	0.086	0.078	0.09533333333333334	0.08533333333333333	0.088	0.08466666666666667	0.08333333333333333	0.08333333333333333	0.06733333333333333	0.078	0.07733333333333334	0.06333333333333334	0.058666666666666666	0.056	0.058666666666666666	0.05266666666666667	0.04533333333333334	0.04466666666666667	0.06133333333333333	0.062	0.064	0.05533333333333333	0.048	0.048	0.037333333333333336	0.04133333333333333	0.03666666666666667	0.044	0.03933333333333333	0.03933333333333333	0.03333333333333333	0.032	0.03866666666666667	
0.3353333333333333	0.3526666666666667	0.364	0.342	0.3233333333333333	0.33	0.308	0.2813333333333333	0.30466666666666664	0.2966666666666667	0.2946666666666667	0.2886666666666667	0.2906666666666667	0.2813333333333333	0.2886666666666667	0.26866666666666666	0.25266666666666665	0.25933333333333336	0.24933333333333332	0.236	0.24	0.236	0.25533333333333336	0.21866666666666668	0.23066666666666666	0.21866666666666668	0.20066666666666666	0.19866666666666666	0.19533333333333333	0.21	0.188	0.21066666666666667	0.188	0.174	0.17733333333333334	0.18466666666666667	0.164	0.182	0.17533333333333334	0.16266666666666665	0.17533333333333334	0.15933333333333333	0.158	0.15066666666666667	0.16333333333333333	0.134	0.144	0.144	0.13333333333333333	0.126	0.128	0.12933333333333333	0.13133333333333333	0.11866666666666667	0.11933333333333333	0.12866666666666668	0.112	0.11	0.09466666666666666	0.10933333333333334	0.106	0.11933333333333333	0.09533333333333334	0.11	0.08533333333333333	0.104	0.09066666666666667	0.10066666666666667	0.068	0.08333333333333333	0.084	0.06866666666666667	0.074	0.07533333333333334	0.07333333333333333	0.068	0.07333333333333333	0.06533333333333333	0.074	0.06266666666666666	0.06266666666666666	0.05466666666666667	0.06733333333333333	0.06133333333333333	0.048666666666666664	0.042	0.035333333333333335	0.04933333333333333	0.04066666666666666	0.050666666666666665	0.056	0.04666666666666667	0.037333333333333336	0.03666666666666667	0.037333333333333336	0.04	0.03266666666666666	0.025333333333333333	0.024	
0.37733333333333335	0.36333333333333334	0.3473333333333333	0.35533333333333333	0.3413333333333333	0.344	0.3426666666666667	0.3	0.30466666666666664	0.31333333333333335	0.308	0.2966666666666667	0.2673333333333333	0.27066666666666667	0.272	0.282	0.2826666666666667	0.264	0.2806666666666667	0.25733333333333336	0.25533333333333336	0.22266666666666668	0.25066666666666665	0.216	0.22133333333333333	0.21866666666666668	0.21333333333333335	0.22533333333333333	0.236	0.21866666666666668	0.19866666666666666	0.19333333333333333	0.188	0.212	0.17466666666666666	0.16466666666666666	0.16666666666666666	0.166	0.162	0.184	0.17466666666666666	0.148	0.164	0.152	0.162	0.14	0.14466666666666667	0.14066666666666666	0.16333333333333333	0.124	0.13	0.11733333333333333	0.11933333333333333	0.11466666666666667	0.11266666666666666	0.11	0.122	0.11733333333333333	0.11	0.09733333333333333	0.11266666666666666	0.114	0.098	0.092	0.09666666666666666	0.08933333333333333	0.08866666666666667	0.084	0.10133333333333333	0.086	0.08533333333333333	0.06933333333333333	0.088	0.082	0.07133333333333333	0.07333333333333333	0.06266666666666666	0.06	0.06133333333333333	0.064	0.06466666666666666	0.068	0.05266666666666667	0.05266666666666667	0.046	0.06266666666666666	0.048	0.04733333333333333	0.04933333333333333	0.04666666666666667	0.048666666666666664	0.043333333333333335	0.05333333333333334	0.037333333333333336	0.048	0.044	0.03133333333333333	0.028666666666666667	0.025333333333333333	
0.362	0.3433333333333333	0.3393333333333333	0.32866666666666666	0.32666666666666666	0.30666666666666664	0.306	0.31133333333333335	0.2966666666666667	0.2833333333333333	0.2946666666666667	0.27666666666666667	0.274	0.2633333333333333	0.266	0.2673333333333333	0.2733333333333333	0.258	0.242	0.25333333333333335	0.23266666666666666	0.24533333333333332	0.248	0.248	0.23933333333333334	0.22666666666666666	0.21666666666666667	0.22	0.21466666666666667	0.206	0.2	0.21133333333333335	0.17066666666666666	0.19866666666666666	0.176	0.17533333333333334	0.17133333333333334	0.166	0.164	0.17133333333333334	0.146	0.146	0.14933333333333335	0.17466666666666666	0.14933333333333335	0.16266666666666665	0.15266666666666667	0.13133333333333333	0.14533333333333334	0.144	0.12666666666666668	0.13666666666666666	0.132	0.124	0.11133333333333334	0.11266666666666666	0.11066666666666666	0.12933333333333333	0.11933333333333333	0.092	0.108	0.118	0.102	0.098	0.10933333333333334	0.10333333333333333	0.098	0.10133333333333333	0.09066666666666667	0.084	0.08533333333333333	0.076	0.068	0.07533333333333334	0.08066666666666666	0.07466666666666667	0.07	0.06466666666666666	0.058	0.05733333333333333	0.058666666666666666	0.050666666666666665	0.05733333333333333	0.048	0.058666666666666666	0.059333333333333335	0.050666666666666665	0.058666666666666666	0.046	0.04733333333333333	0.042666666666666665	0.050666666666666665	0.042666666666666665	0.04066666666666666	0.03666666666666667	0.03666666666666667	0.034666666666666665	0.03933333333333333	0.024	
0.33866666666666667	0.384	0.33866666666666667	0.30266666666666664	0.31533333333333335	0.3353333333333333	0.334	0.33	0.302	0.308	0.30733333333333335	0.2673333333333333	0.30133333333333334	0.27666666666666667	0.264	0.2733333333333333	0.294	0.2673333333333333	0.268	0.24733333333333332	0.234	0.2673333333333333	0.21666666666666667	0.22	0.224	0.236	0.198	0.21133333333333335	0.20333333333333334	0.2	0.20133333333333334	0.194	0.18133333333333335	0.19	0.186	0.18066666666666667	0.16266666666666665	0.16133333333333333	0.16866666666666666	0.16533333333333333	0.154	0.17533333333333334	0.16533333333333333	0.15866666666666668	0.166	0.16066666666666668	0.13266666666666665	0.14333333333333334	0.14	0.136	0.138	0.12266666666666666	0.128	0.12066666666666667	0.10266666666666667	0.13	0.122	0.11466666666666667	0.112	0.10133333333333333	0.09866666666666667	0.096	0.104	0.09333333333333334	0.09133333333333334	0.096	0.09266666666666666	0.08266666666666667	0.06866666666666667	0.09066666666666667	0.074	0.07866666666666666	0.07933333333333334	0.068	0.08733333333333333	0.07	0.06466666666666666	0.07066666666666667	0.07266666666666667	0.06066666666666667	0.074	0.05266666666666667	0.06066666666666667	0.058	0.05266666666666667	0.034666666666666665	0.04733333333333333	0.04533333333333334	0.046	0.05	0.03866666666666667	0.03933333333333333	0.042	0.042	0.03266666666666666	0.03133333333333333	0.034666666666666665	0.034666666666666665	0.029333333333333333	
0.37266666666666665	0.36333333333333334	0.3313333333333333	0.3333333333333333	0.326	0.318	0.31466666666666665	0.314	0.2926666666666667	0.2806666666666667	0.292	0.276	0.286	0.296	0.2653333333333333	0.25533333333333336	0.268	0.256	0.25266666666666665	0.24533333333333332	0.242	0.23066666666666666	0.24	0.234	0.20333333333333334	0.20466666666666666	0.208	0.21133333333333335	0.21066666666666667	0.20933333333333334	0.18333333333333332	0.18066666666666667	0.18666666666666668	0.17533333333333334	0.20933333333333334	0.18733333333333332	0.18666666666666668	0.18066666666666667	0.16933333333333334	0.17	0.172	0.16666666666666666	0.172	0.17	0.15066666666666667	0.148	0.14066666666666666	0.14733333333333334	0.13666666666666666	0.12933333333333333	0.12466666666666666	0.11333333333333333	0.12	0.10933333333333334	0.11333333333333333	0.106	0.126	0.114	0.11133333333333334	0.096	0.08666666666666667	0.09933333333333333	0.1	0.10133333333333333	0.08533333333333333	0.11066666666666666	0.08933333333333333	0.09	0.07733333333333334	0.082	0.06933333333333333	0.086	0.06	0.06066666666666667	0.076	0.07066666666666667	0.08466666666666667	0.066	0.06133333333333333	0.059333333333333335	0.058	0.06866666666666667	0.06	0.05333333333333334	0.052	0.05	0.056666666666666664	0.050666666666666665	0.04533333333333334	0.04466666666666667	0.048	0.037333333333333336	0.04066666666666666	0.037333333333333336	0.03266666666666666	0.044	0.03666666666666667	0.037333333333333336	0.028	
0.35733333333333334	0.34	0.334	0.352	0.33066666666666666	0.3313333333333333	0.346	0.318	0.30733333333333335	0.32266666666666666	0.286	0.2846666666666667	0.2693333333333333	0.306	0.27466666666666667	0.264	0.25933333333333336	0.25933333333333336	0.24466666666666667	0.268	0.24466666666666667	0.23333333333333334	0.24733333333333332	0.23133333333333334	0.21266666666666667	0.23266666666666666	0.216	0.21933333333333332	0.21733333333333332	0.21866666666666668	0.20666666666666667	0.19666666666666666	0.20333333333333334	0.182	0.19466666666666665	0.192	0.16933333333333334	0.16266666666666665	0.17733333333333334	0.158	0.17933333333333334	0.158	0.16333333333333333	0.166	0.14266666666666666	0.15066666666666667	0.13533333333333333	0.15	0.124	0.13933333333333334	0.13866666666666666	0.126	0.14133333333333334	0.12066666666666667	0.118	0.12133333333333333	0.11666666666666667	0.108	0.10733333333333334	0.084	0.09333333333333334	0.10733333333333334	0.09733333333333333	0.09133333333333334	0.084	0.07533333333333334	0.096	0.07466666666666667	0.08266666666666667	0.08066666666666666	0.074	0.08266666666666667	0.07533333333333334	0.07	0.08066666666666666	0.086	0.06733333333333333	0.07533333333333334	0.06666666666666667	0.052	0.06133333333333333	0.072	0.05	0.05533333333333333	0.04933333333333333	0.05	0.04133333333333333	0.05266666666666667	0.035333333333333335	0.042666666666666665	0.043333333333333335	0.036	0.03333333333333333	0.038	0.03666666666666667	0.034666666666666665	0.04	0.03266666666666666	0.037333333333333336	
0.36	0.3486666666666667	0.3466666666666667	0.308	0.33066666666666666	0.3253333333333333	0.31466666666666665	0.33066666666666666	0.30866666666666664	0.2966666666666667	0.29333333333333333	0.31733333333333336	0.2846666666666667	0.2793333333333333	0.2826666666666667	0.2806666666666667	0.268	0.238	0.25733333333333336	0.24466666666666667	0.216	0.22866666666666666	0.24266666666666667	0.24533333333333332	0.23066666666666666	0.21133333333333335	0.23066666666666666	0.19266666666666668	0.19666666666666666	0.198	0.20466666666666666	0.19866666666666666	0.19933333333333333	0.192	0.204	0.19066666666666668	0.20866666666666667	0.18066666666666667	0.16466666666666666	0.15666666666666668	0.16266666666666665	0.16	0.166	0.17533333333333334	0.142	0.15733333333333333	0.14466666666666667	0.136	0.14733333333333334	0.12533333333333332	0.13466666666666666	0.13533333333333333	0.13666666666666666	0.12066666666666667	0.12933333333333333	0.11933333333333333	0.12666666666666668	0.11	0.114	0.10066666666666667	0.10133333333333333	0.09666666666666666	0.1	0.09733333333333333	0.08866666666666667	0.094	0.09266666666666666	0.09333333333333334	0.074	0.056666666666666664	0.082	0.078	0.082	0.06866666666666667	0.06866666666666667	0.072	0.07066666666666667	0.06533333333333333	0.05533333333333333	0.06	0.072	0.062	0.04466666666666667	0.05466666666666667	0.059333333333333335	0.05466666666666667	0.050666666666666665	0.056	0.043333333333333335	0.04666666666666667	0.04133333333333333	0.042666666666666665	0.03666666666666667	0.04133333333333333	0.029333333333333333	0.03866666666666667	0.038	0.03866666666666667	0.038	
0.3453333333333333	0.366	0.3413333333333333	0.3373333333333333	0.326	0.30533333333333335	0.316	0.338	0.2986666666666667	0.3006666666666667	0.296	0.278	0.292	0.2826666666666667	0.294	0.2813333333333333	0.27666666666666667	0.24133333333333334	0.262	0.272	0.2633333333333333	0.24266666666666667	0.246	0.22133333333333333	0.206	0.24133333333333334	0.21533333333333332	0.21066666666666667	0.206	0.214	0.19066666666666668	0.18866666666666668	0.22133333333333333	0.21133333333333335	0.18266666666666667	0.17066666666666666	0.162	0.14933333333333335	0.162	0.172	0.164	0.16266666666666665	0.138	0.15533333333333332	0.13666666666666666	0.16066666666666668	0.134	0.142	0.138	0.12866666666666668	0.13733333333333334	0.13666666666666666	0.13333333333333333	0.12266666666666666	0.10466666666666667	0.122	0.112	0.116	0.10133333333333333	0.10533333333333333	0.09066666666666667	0.104	0.08866666666666667	0.09333333333333334	0.10666666666666667	0.098	0.092	0.07933333333333334	0.07733333333333334	0.096	0.082	0.08666666666666667	0.06466666666666666	0.08066666666666666	0.06666666666666667	0.058	0.05333333333333334	0.07	0.05333333333333334	0.062	0.05733333333333333	0.06933333333333333	0.059333333333333335	0.058	0.048	0.042	0.04733333333333333	0.04066666666666666	0.05266666666666667	0.04733333333333333	0.048	0.04066666666666666	0.050666666666666665	0.028	0.042	0.03133333333333333	0.03133333333333333	0.04	0.03266666666666666	
0.354	0.3393333333333333	0.33666666666666667	0.3413333333333333	0.358	0.32133333333333336	0.33066666666666666	0.32466666666666666	0.31333333333333335	0.29133333333333333	0.284	0.29133333333333333	0.29133333333333333	0.29733333333333334	0.266	0.26	0.2813333333333333	0.23733333333333334	0.26866666666666666	0.234	0.258	0.24266666666666667	0.25266666666666665	0.24266666666666667	0.22933333333333333	0.216	0.23	0.234	0.23733333333333334	0.18733333333333332	0.20666666666666667	0.198	0.20333333333333334	0.188	0.174	0.19733333333333333	0.16933333333333334	0.17	0.17133333333333334	0.15466666666666667	0.16266666666666665	0.15533333333333332	0.14266666666666666	0.15333333333333332	0.142	0.15666666666666668	0.11866666666666667	0.13533333333333333	0.13133333333333333	0.128	0.12733333333333333	0.12466666666666666	0.11533333333333333	0.116	0.11066666666666666	0.11533333333333333	0.11733333333333333	0.10533333333333333	0.10866666666666666	0.11066666666666666	0.10066666666666667	0.096	0.09866666666666667	0.09666666666666666	0.09333333333333334	0.074	0.08933333333333333	0.084	0.08333333333333333	0.076	0.07666666666666666	0.092	0.07733333333333334	0.072	0.06866666666666667	0.068	0.054	0.06066666666666667	0.05733333333333333	0.07333333333333333	0.05466666666666667	0.04666666666666667	0.05466666666666667	0.06333333333333334	0.052	0.046	0.04666666666666667	0.05333333333333334	0.054	0.042666666666666665	0.04466666666666667	0.04466666666666667	0.03866666666666667	0.035333333333333335	0.03933333333333333	0.03	0.036	0.03866666666666667	0.03133333333333333	
0.36866666666666664	0.35933333333333334	0.358	0.344	0.2966666666666667	0.30666666666666664	0.308	0.2986666666666667	0.30533333333333335	0.316	0.30666666666666664	0.27066666666666667	0.27466666666666667	0.278	0.2906666666666667	0.2866666666666667	0.25466666666666665	0.26066666666666666	0.2613333333333333	0.25066666666666665	0.2653333333333333	0.21	0.25266666666666665	0.21466666666666667	0.238	0.23333333333333334	0.216	0.204	0.19866666666666666	0.20933333333333334	0.21466666666666667	0.20666666666666667	0.18733333333333332	0.20066666666666666	0.192	0.194	0.17	0.17133333333333334	0.17	0.18333333333333332	0.16266666666666665	0.16333333333333333	0.16533333333333333	0.13933333333333334	0.132	0.15533333333333332	0.15266666666666667	0.15066666666666667	0.14733333333333334	0.14933333333333335	0.122	0.11266666666666666	0.12466666666666666	0.124	0.11266666666666666	0.12266666666666666	0.10066666666666667	0.10466666666666667	0.10866666666666666	0.11733333333333333	0.10133333333333333	0.09933333333333333	0.102	0.07933333333333334	0.09866666666666667	0.08133333333333333	0.09066666666666667	0.088	0.08	0.08066666666666666	0.07133333333333333	0.07666666666666666	0.07866666666666666	0.072	0.07533333333333334	0.07666666666666666	0.07533333333333334	0.072	0.058	0.06466666666666666	0.06466666666666666	0.058666666666666666	0.04666666666666667	0.058	0.051333333333333335	0.05	0.06133333333333333	0.04933333333333333	0.046	0.04133333333333333	0.04133333333333333	0.048666666666666664	0.04133333333333333	0.03266666666666666	0.036	0.044	0.04	0.03133333333333333	0.028666666666666667	
0.3406666666666667	0.35133333333333333	0.3606666666666667	0.344	0.342	0.32866666666666666	0.31733333333333336	0.312	0.2853333333333333	0.316	0.2946666666666667	0.28933333333333333	0.2866666666666667	0.272	0.26066666666666666	0.2613333333333333	0.262	0.246	0.25266666666666665	0.23933333333333334	0.228	0.22733333333333333	0.248	0.24733333333333332	0.22466666666666665	0.206	0.218	0.222	0.20933333333333334	0.188	0.19266666666666668	0.202	0.18733333333333332	0.17533333333333334	0.212	0.196	0.17866666666666667	0.18866666666666668	0.178	0.15733333333333333	0.16933333333333334	0.164	0.154	0.14133333333333334	0.16266666666666665	0.14333333333333334	0.15133333333333332	0.12533333333333332	0.13666666666666666	0.128	0.12066666666666667	0.124	0.134	0.12133333333333333	0.12666666666666668	0.114	0.12133333333333333	0.11466666666666667	0.108	0.104	0.10266666666666667	0.10733333333333334	0.106	0.092	0.08866666666666667	0.09666666666666666	0.096	0.074	0.10066666666666667	0.07066666666666667	0.078	0.06733333333333333	0.068	0.06133333333333333	0.06466666666666666	0.074	0.064	0.06333333333333334	0.06533333333333333	0.059333333333333335	0.06266666666666666	0.056666666666666664	0.04133333333333333	0.054	0.050666666666666665	0.05266666666666667	0.048666666666666664	0.05	0.04933333333333333	0.048	0.03866666666666667	0.03866666666666667	0.034666666666666665	0.03933333333333333	0.04133333333333333	0.034666666666666665	0.032	0.029333333333333333	0.034	
0.36666666666666664	0.342	0.33866666666666667	0.33866666666666667	0.302	0.3273333333333333	0.298	0.31666666666666665	0.29	0.2926666666666667	0.29	0.29133333333333333	0.2886666666666667	0.2833333333333333	0.26066666666666666	0.2886666666666667	0.2713333333333333	0.24933333333333332	0.25133333333333335	0.232	0.26466666666666666	0.224	0.26266666666666666	0.224	0.238	0.21466666666666667	0.222	0.21	0.194	0.206	0.21066666666666667	0.20266666666666666	0.18466666666666667	0.16733333333333333	0.16733333333333333	0.186	0.20933333333333334	0.172	0.15666666666666668	0.174	0.16333333333333333	0.15666666666666668	0.17733333333333334	0.16733333333333333	0.13933333333333334	0.16933333333333334	0.138	0.13866666666666666	0.13266666666666665	0.134	0.12866666666666668	0.11733333333333333	0.11266666666666666	0.11866666666666667	0.12666666666666668	0.114	0.12666666666666668	0.12466666666666666	0.12133333333333333	0.10866666666666666	0.10733333333333334	0.08933333333333333	0.09333333333333334	0.082	0.09	0.09066666666666667	0.084	0.09133333333333334	0.08066666666666666	0.07866666666666666	0.07666666666666666	0.08866666666666667	0.07866666666666666	0.07733333333333334	0.08066666666666666	0.059333333333333335	0.076	0.074	0.06933333333333333	0.059333333333333335	0.056	0.07133333333333333	0.05533333333333333	0.054	0.051333333333333335	0.05333333333333334	0.058666666666666666	0.052	0.05533333333333333	0.03933333333333333	0.032	0.04	0.03666666666666667	0.03333333333333333	0.04066666666666666	0.032	0.04	0.034	0.034	
0.326	0.378	0.322	0.32266666666666666	0.3393333333333333	0.32666666666666666	0.294	0.29133333333333333	0.29333333333333333	0.312	0.2813333333333333	0.26066666666666666	0.286	0.282	0.25866666666666666	0.29133333333333333	0.282	0.24933333333333332	0.25066666666666665	0.232	0.24133333333333334	0.24466666666666667	0.2653333333333333	0.22533333333333333	0.22066666666666668	0.23066666666666666	0.228	0.23666666666666666	0.19333333333333333	0.19	0.19666666666666666	0.20533333333333334	0.19066666666666668	0.18066666666666667	0.18866666666666668	0.19466666666666665	0.174	0.17533333333333334	0.18133333333333335	0.16933333333333334	0.16666666666666666	0.15733333333333333	0.14133333333333334	0.144	0.14333333333333334	0.12133333333333333	0.13933333333333334	0.146	0.15933333333333333	0.13266666666666665	0.12666666666666668	0.126	0.12466666666666666	0.12733333333333333	0.124	0.11533333333333333	0.124	0.114	0.102	0.094	0.10133333333333333	0.10533333333333333	0.10133333333333333	0.09	0.09266666666666666	0.098	0.07533333333333334	0.07533333333333334	0.08466666666666667	0.06733333333333333	0.09533333333333334	0.07733333333333334	0.06866666666666667	0.074	0.06933333333333333	0.08066666666666666	0.07133333333333333	0.058666666666666666	0.06066666666666667	0.05	0.068	0.066	0.04466666666666667	0.048666666666666664	0.05466666666666667	0.052	0.04066666666666666	0.05	0.044	0.04066666666666666	0.04533333333333334	0.044	0.038	0.042666666666666665	0.03333333333333333	0.03933333333333333	0.029333333333333333	0.03333333333333333	0.027333333333333334	
0.3453333333333333	0.376	0.338	0.33266666666666667	0.3333333333333333	0.3393333333333333	0.31133333333333335	0.314	0.31533333333333335	0.2853333333333333	0.284	0.27666666666666667	0.29333333333333333	0.2733333333333333	0.2886666666666667	0.27	0.2786666666666667	0.26266666666666666	0.25866666666666666	0.25933333333333336	0.26466666666666666	0.23733333333333334	0.22866666666666666	0.23333333333333334	0.226	0.20466666666666666	0.2	0.222	0.214	0.222	0.21533333333333332	0.18466666666666667	0.174	0.196	0.14933333333333335	0.198	0.18333333333333332	0.17533333333333334	0.18066666666666667	0.188	0.15666666666666668	0.15333333333333332	0.15066666666666667	0.14933333333333335	0.14333333333333334	0.154	0.142	0.14866666666666667	0.102	0.14466666666666667	0.11666666666666667	0.128	0.13133333333333333	0.114	0.106	0.11	0.12	0.11733333333333333	0.09666666666666666	0.094	0.09533333333333334	0.106	0.09733333333333333	0.104	0.08933333333333333	0.084	0.09733333333333333	0.094	0.082	0.088	0.08933333333333333	0.07466666666666667	0.088	0.07133333333333333	0.05733333333333333	0.078	0.059333333333333335	0.06066666666666667	0.06333333333333334	0.068	0.05733333333333333	0.056	0.059333333333333335	0.062	0.056666666666666664	0.059333333333333335	0.050666666666666665	0.048	0.043333333333333335	0.04666666666666667	0.04466666666666667	0.042	0.03933333333333333	0.03666666666666667	0.044	0.03666666666666667	0.032	0.03	0.029333333333333333	
0.36533333333333334	0.3413333333333333	0.3393333333333333	0.352	0.316	0.3006666666666667	0.3333333333333333	0.31666666666666665	0.304	0.2853333333333333	0.3233333333333333	0.2753333333333333	0.284	0.268	0.24333333333333335	0.2813333333333333	0.25933333333333336	0.25933333333333336	0.256	0.25466666666666665	0.256	0.252	0.25933333333333336	0.22466666666666665	0.21933333333333332	0.22866666666666666	0.22733333333333333	0.21933333333333332	0.21466666666666667	0.204	0.18533333333333332	0.18933333333333333	0.19266666666666668	0.19	0.194	0.15933333333333333	0.16533333333333333	0.182	0.16733333333333333	0.17466666666666666	0.16133333333333333	0.15866666666666668	0.15466666666666667	0.14266666666666666	0.144	0.13733333333333334	0.126	0.13666666666666666	0.14466666666666667	0.13	0.11666666666666667	0.14	0.11533333333333333	0.118	0.116	0.12466666666666666	0.10133333333333333	0.09533333333333334	0.11466666666666667	0.098	0.11	0.09333333333333334	0.10533333333333333	0.09466666666666666	0.08533333333333333	0.08333333333333333	0.09933333333333333	0.072	0.09533333333333334	0.07266666666666667	0.074	0.084	0.086	0.08333333333333333	0.062	0.064	0.074	0.06466666666666666	0.06933333333333333	0.056666666666666664	0.066	0.058666666666666666	0.056	0.056	0.050666666666666665	0.04733333333333333	0.056666666666666664	0.058666666666666666	0.04733333333333333	0.04	0.042666666666666665	0.037333333333333336	0.04466666666666667	0.04066666666666666	0.04533333333333334	0.03333333333333333	0.03266666666666666	0.03333333333333333	0.02666666666666667	
0.36666666666666664	0.404	0.372	0.33066666666666666	0.3233333333333333	0.30733333333333335	0.32266666666666666	0.304	0.2906666666666667	0.312	0.294	0.286	0.3006666666666667	0.2906666666666667	0.264	0.2693333333333333	0.248	0.228	0.25133333333333335	0.22866666666666666	0.25466666666666665	0.244	0.23933333333333334	0.22	0.214	0.23733333333333334	0.21866666666666668	0.198	0.18933333333333333	0.21866666666666668	0.208	0.21	0.18933333333333333	0.19533333333333333	0.17866666666666667	0.18533333333333332	0.18	0.162	0.17133333333333334	0.142	0.17066666666666666	0.15533333333333332	0.13666666666666666	0.15133333333333332	0.14533333333333334	0.148	0.15133333333333332	0.13866666666666666	0.12733333333333333	0.144	0.132	0.138	0.11666666666666667	0.12933333333333333	0.136	0.10933333333333334	0.09866666666666667	0.12466666666666666	0.11666666666666667	0.11533333333333333	0.10266666666666667	0.08866666666666667	0.092	0.10333333333333333	0.08933333333333333	0.104	0.09666666666666666	0.078	0.07466666666666667	0.09133333333333334	0.07733333333333334	0.07866666666666666	0.07533333333333334	0.064	0.064	0.07533333333333334	0.06533333333333333	0.06066666666666667	0.056	0.054	0.06266666666666666	0.05533333333333333	0.059333333333333335	0.06	0.05266666666666667	0.06266666666666666	0.04533333333333334	0.046	0.03666666666666667	0.048666666666666664	0.044	0.048666666666666664	0.044	0.04	0.04133333333333333	0.042	0.042	0.03333333333333333	0.03133333333333333	
0.358	0.36133333333333334	0.358	0.32466666666666666	0.31333333333333335	0.3313333333333333	0.3413333333333333	0.28933333333333333	0.31066666666666665	0.3233333333333333	0.302	0.30266666666666664	0.31333333333333335	0.2806666666666667	0.25866666666666666	0.2773333333333333	0.25133333333333335	0.266	0.262	0.226	0.21866666666666668	0.22933333333333333	0.23933333333333334	0.238	0.20533333333333334	0.198	0.21133333333333335	0.23133333333333334	0.21866666666666668	0.18333333333333332	0.21266666666666667	0.204	0.2	0.17	0.194	0.18333333333333332	0.18466666666666667	0.166	0.168	0.164	0.16333333333333333	0.156	0.16333333333333333	0.15266666666666667	0.14133333333333334	0.132	0.13733333333333334	0.12733333333333333	0.14933333333333335	0.14066666666666666	0.12533333333333332	0.12133333333333333	0.12666666666666668	0.11	0.11266666666666666	0.10733333333333334	0.122	0.104	0.09533333333333334	0.10333333333333333	0.09666666666666666	0.09866666666666667	0.102	0.09333333333333334	0.088	0.07733333333333334	0.08266666666666667	0.08933333333333333	0.08333333333333333	0.08866666666666667	0.08	0.082	0.07133333333333333	0.07466666666666667	0.07733333333333334	0.06733333333333333	0.06733333333333333	0.06	0.06333333333333334	0.06133333333333333	0.04733333333333333	0.051333333333333335	0.06666666666666667	0.052	0.051333333333333335	0.05466666666666667	0.04666666666666667	0.05466666666666667	0.046	0.043333333333333335	0.04733333333333333	0.048	0.034	0.04066666666666666	0.04133333333333333	0.03933333333333333	0.034666666666666665	0.034666666666666665	0.03666666666666667	
0.37133333333333335	0.3413333333333333	0.33866666666666667	0.3426666666666667	0.316	0.31666666666666665	0.3253333333333333	0.2773333333333333	0.31266666666666665	0.2926666666666667	0.268	0.2846666666666667	0.29133333333333333	0.294	0.25733333333333336	0.25533333333333336	0.266	0.24933333333333332	0.25066666666666665	0.2653333333333333	0.222	0.24666666666666667	0.22933333333333333	0.23266666666666666	0.218	0.20733333333333334	0.21733333333333332	0.21866666666666668	0.22266666666666668	0.19933333333333333	0.21533333333333332	0.184	0.18866666666666668	0.17666666666666667	0.18	0.17666666666666667	0.17133333333333334	0.16666666666666666	0.17	0.16	0.17	0.16933333333333334	0.14466666666666667	0.152	0.12866666666666668	0.15	0.13133333333333333	0.13666666666666666	0.12866666666666668	0.14	0.13133333333333333	0.13066666666666665	0.13533333333333333	0.11333333333333333	0.13533333333333333	0.12	0.11466666666666667	0.10866666666666666	0.11266666666666666	0.10666666666666667	0.10666666666666667	0.094	0.094	0.11133333333333334	0.094	0.09133333333333334	0.08733333333333333	0.07666666666666666	0.08666666666666667	0.07733333333333334	0.082	0.08933333333333333	0.07	0.066	0.06933333333333333	0.07533333333333334	0.07133333333333333	0.056	0.06333333333333334	0.056	0.05466666666666667	0.056	0.058	0.06066666666666667	0.04533333333333334	0.05733333333333333	0.04466666666666667	0.046	0.04666666666666667	0.04466666666666667	0.04133333333333333	0.03933333333333333	0.04	0.046	0.03866666666666667	0.037333333333333336	0.029333333333333333	0.027333333333333334	0.028666666666666667	
0.36133333333333334	0.3406666666666667	0.336	0.3253333333333333	0.31533333333333335	0.32866666666666666	0.30266666666666664	0.324	0.2853333333333333	0.29333333333333333	0.298	0.292	0.288	0.27	0.24533333333333332	0.282	0.25866666666666666	0.25466666666666665	0.25533333333333336	0.21333333333333335	0.22933333333333333	0.24466666666666667	0.23533333333333334	0.24466666666666667	0.22933333333333333	0.23066666666666666	0.21133333333333335	0.18666666666666668	0.21533333333333332	0.22266666666666668	0.17733333333333334	0.182	0.18	0.18333333333333332	0.176	0.172	0.172	0.16133333333333333	0.146	0.16866666666666666	0.174	0.15666666666666668	0.148	0.164	0.14333333333333334	0.136	0.13133333333333333	0.15	0.128	0.13533333333333333	0.11933333333333333	0.12466666666666666	0.11666666666666667	0.12733333333333333	0.11066666666666666	0.11933333333333333	0.11	0.096	0.11066666666666666	0.092	0.124	0.104	0.10733333333333334	0.10666666666666667	0.08733333333333333	0.09066666666666667	0.09866666666666667	0.09	0.09	0.082	0.082	0.08133333333333333	0.076	0.06733333333333333	0.07133333333333333	0.078	0.076	0.06	0.06866666666666667	0.06133333333333333	0.06	0.06333333333333334	0.04933333333333333	0.052	0.05266666666666667	0.04466666666666667	0.04733333333333333	0.038	0.05533333333333333	0.04933333333333333	0.051333333333333335	0.035333333333333335	0.035333333333333335	0.04133333333333333	0.048	0.03333333333333333	0.035333333333333335	0.04533333333333334	0.028	
0.3586666666666667	0.3453333333333333	0.31333333333333335	0.3293333333333333	0.3273333333333333	0.31866666666666665	0.316	0.2853333333333333	0.2753333333333333	0.3	0.30466666666666664	0.278	0.30133333333333334	0.26466666666666666	0.2846666666666667	0.25333333333333335	0.24533333333333332	0.248	0.242	0.24466666666666667	0.234	0.24866666666666667	0.228	0.24266666666666667	0.21666666666666667	0.236	0.236	0.20333333333333334	0.22266666666666668	0.19933333333333333	0.19533333333333333	0.212	0.18	0.192	0.18333333333333332	0.18733333333333332	0.15733333333333333	0.16866666666666666	0.15133333333333332	0.16	0.168	0.15533333333333332	0.14866666666666667	0.132	0.15333333333333332	0.154	0.14	0.12733333333333333	0.12866666666666668	0.12133333333333333	0.13	0.12733333333333333	0.13066666666666665	0.124	0.138	0.106	0.11266666666666666	0.112	0.122	0.09333333333333334	0.10533333333333333	0.114	0.09533333333333334	0.092	0.08133333333333333	0.09266666666666666	0.098	0.104	0.09	0.08733333333333333	0.078	0.08533333333333333	0.06266666666666666	0.07266666666666667	0.06733333333333333	0.07133333333333333	0.06133333333333333	0.06466666666666666	0.059333333333333335	0.06933333333333333	0.05	0.06066666666666667	0.056666666666666664	0.04733333333333333	0.06	0.05533333333333333	0.05	0.042	0.05	0.05333333333333334	0.037333333333333336	0.034	0.03933333333333333	0.04066666666666666	0.03	0.038	0.03133333333333333	0.030666666666666665	0.028	
0.3606666666666667	0.35533333333333333	0.326	0.35333333333333333	0.32866666666666666	0.326	0.334	0.31066666666666665	0.29933333333333334	0.30933333333333335	0.31066666666666665	0.2673333333333333	0.28933333333333333	0.2713333333333333	0.2946666666666667	0.288	0.2653333333333333	0.246	0.24333333333333335	0.25933333333333336	0.24133333333333334	0.24066666666666667	0.236	0.228	0.23866666666666667	0.22266666666666668	0.20666666666666667	0.23066666666666666	0.188	0.2	0.19133333333333333	0.22266666666666668	0.18	0.18466666666666667	0.17933333333333334	0.156	0.16066666666666668	0.19066666666666668	0.17	0.15	0.15866666666666668	0.15533333333333332	0.14933333333333335	0.156	0.168	0.13666666666666666	0.128	0.14	0.13466666666666666	0.14266666666666666	0.12733333333333333	0.132	0.12333333333333334	0.13533333333333333	0.122	0.122	0.10133333333333333	0.112	0.09866666666666667	0.11733333333333333	0.102	0.11066666666666666	0.098	0.07733333333333334	0.11066666666666666	0.08	0.08466666666666667	0.09	0.078	0.096	0.07133333333333333	0.068	0.084	0.07333333333333333	0.07333333333333333	0.07533333333333334	0.054	0.06266666666666666	0.058	0.06	0.06333333333333334	0.058	0.05533333333333333	0.05466666666666667	0.04066666666666666	0.054	0.054	0.048666666666666664	0.050666666666666665	0.03866666666666667	0.05	0.04066666666666666	0.036	0.028666666666666667	0.03266666666666666	0.03	0.035333333333333335	0.028	0.032	
0.348	0.33866666666666667	0.32066666666666666	0.314	0.314	0.296	0.31666666666666665	0.31866666666666665	0.2886666666666667	0.27466666666666667	0.2946666666666667	0.2713333333333333	0.2793333333333333	0.288	0.2773333333333333	0.24066666666666667	0.26266666666666666	0.25733333333333336	0.254	0.22533333333333333	0.222	0.23133333333333334	0.238	0.226	0.23666666666666666	0.248	0.19733333333333333	0.17933333333333334	0.22733333333333333	0.19266666666666668	0.186	0.202	0.182	0.16933333333333334	0.16466666666666666	0.158	0.182	0.18466666666666667	0.154	0.16666666666666666	0.16333333333333333	0.16266666666666665	0.14666666666666667	0.15	0.148	0.134	0.14266666666666666	0.134	0.15266666666666667	0.138	0.13066666666666665	0.12866666666666668	0.12666666666666668	0.122	0.11333333333333333	0.12133333333333333	0.11	0.10733333333333334	0.10533333333333333	0.11066666666666666	0.102	0.082	0.084	0.09466666666666666	0.08466666666666667	0.078	0.09666666666666666	0.08733333333333333	0.08666666666666667	0.078	0.08333333333333333	0.088	0.07133333333333333	0.06466666666666666	0.068	0.07266666666666667	0.05333333333333334	0.06266666666666666	0.058	0.058666666666666666	0.064	0.06333333333333334	0.050666666666666665	0.05733333333333333	0.05	0.05	0.05266666666666667	0.05466666666666667	0.03933333333333333	0.042666666666666665	0.048666666666666664	0.043333333333333335	0.054	0.03866666666666667	0.03666666666666667	0.034	0.030666666666666665	0.034666666666666665	0.034	
0.38466666666666666	0.35533333333333333	0.3273333333333333	0.3466666666666667	0.31733333333333336	0.334	0.294	0.31466666666666665	0.312	0.32866666666666666	0.296	0.274	0.276	0.2633333333333333	0.2753333333333333	0.268	0.246	0.2773333333333333	0.25666666666666665	0.262	0.24933333333333332	0.222	0.214	0.22733333333333333	0.24333333333333335	0.22533333333333333	0.20266666666666666	0.232	0.206	0.196	0.184	0.194	0.19933333333333333	0.2	0.19333333333333333	0.17066666666666666	0.172	0.17733333333333334	0.15866666666666668	0.14333333333333334	0.15666666666666668	0.16	0.14533333333333334	0.14866666666666667	0.142	0.15666666666666668	0.148	0.14	0.15066666666666667	0.12133333333333333	0.14333333333333334	0.12866666666666668	0.11533333333333333	0.126	0.11933333333333333	0.112	0.116	0.098	0.108	0.10666666666666667	0.11333333333333333	0.09666666666666666	0.104	0.10466666666666667	0.08866666666666667	0.09666666666666666	0.09133333333333334	0.09266666666666666	0.08266666666666667	0.07866666666666666	0.08866666666666667	0.07333333333333333	0.06866666666666667	0.08066666666666666	0.07533333333333334	0.07933333333333334	0.06133333333333333	0.076	0.072	0.06333333333333334	0.066	0.059333333333333335	0.05733333333333333	0.05266666666666667	0.04666666666666667	0.04733333333333333	0.05466666666666667	0.046	0.038	0.042	0.042666666666666665	0.036	0.035333333333333335	0.044	0.028	0.03666666666666667	0.034666666666666665	0.028666666666666667	0.025333333333333333	
0.36933333333333335	0.3413333333333333	0.3353333333333333	0.31466666666666665	0.31533333333333335	0.308	0.31666666666666665	0.308	0.30533333333333335	0.30666666666666664	0.2866666666666667	0.2966666666666667	0.2806666666666667	0.248	0.2673333333333333	0.26266666666666666	0.264	0.2653333333333333	0.246	0.24866666666666667	0.23	0.21133333333333335	0.224	0.224	0.222	0.216	0.188	0.18733333333333332	0.212	0.22533333333333333	0.20533333333333334	0.192	0.194	0.19066666666666668	0.174	0.17066666666666666	0.17733333333333334	0.172	0.16	0.176	0.156	0.17733333333333334	0.14133333333333334	0.16	0.14333333333333334	0.14266666666666666	0.13933333333333334	0.14466666666666667	0.13933333333333334	0.14133333333333334	0.13533333333333333	0.12333333333333334	0.11933333333333333	0.13933333333333334	0.10333333333333333	0.12133333333333333	0.11866666666666667	0.1	0.10866666666666666	0.10266666666666667	0.10066666666666667	0.09466666666666666	0.1	0.08466666666666667	0.09	0.09466666666666666	0.08866666666666667	0.088	0.08466666666666667	0.086	0.068	0.07866666666666666	0.06533333333333333	0.068	0.064	0.074	0.064	0.07133333333333333	0.062	0.05466666666666667	0.06066666666666667	0.051333333333333335	0.06133333333333333	0.054	0.052	0.058666666666666666	0.042666666666666665	0.052	0.043333333333333335	0.048666666666666664	0.03866666666666667	0.04733333333333333	0.038	0.04	0.03666666666666667	0.035333333333333335	0.03333333333333333	0.023333333333333334	0.038	
0.3426666666666667	0.3406666666666667	0.32133333333333336	0.31333333333333335	0.3273333333333333	0.31533333333333335	0.3273333333333333	0.32133333333333336	0.29333333333333333	0.2693333333333333	0.2866666666666667	0.27066666666666667	0.262	0.23866666666666667	0.266	0.27266666666666667	0.27266666666666667	0.256	0.242	0.24066666666666667	0.22533333333333333	0.242	0.222	0.23066666666666666	0.24066666666666667	0.19266666666666668	0.21066666666666667	0.19933333333333333	0.20066666666666666	0.19066666666666668	0.194	0.188	0.18066666666666667	0.19066666666666668	0.18466666666666667	0.17666666666666667	0.16733333333333333	0.184	0.162	0.164	0.15933333333333333	0.172	0.15466666666666667	0.15266666666666667	0.154	0.15066666666666667	0.14066666666666666	0.156	0.12066666666666667	0.13333333333333333	0.11866666666666667	0.14533333333333334	0.128	0.10933333333333334	0.11533333333333333	0.10933333333333334	0.11866666666666667	0.114	0.11266666666666666	0.092	0.102	0.104	0.09733333333333333	0.084	0.09133333333333334	0.09466666666666666	0.088	0.08466666666666667	0.07933333333333334	0.074	0.06866666666666667	0.07533333333333334	0.06933333333333333	0.078	0.07266666666666667	0.07733333333333334	0.064	0.06066666666666667	0.07466666666666667	0.06666666666666667	0.056666666666666664	0.04666666666666667	0.04733333333333333	0.05466666666666667	0.048666666666666664	0.03866666666666667	0.046	0.05333333333333334	0.03933333333333333	0.03933333333333333	0.03666666666666667	0.04	0.04666666666666667	0.03133333333333333	0.038	0.03866666666666667	0.030666666666666665	0.02266666666666667	0.03666666666666667	
0.3433333333333333	0.372	0.33666666666666667	0.31533333333333335	0.31466666666666665	0.3426666666666667	0.30266666666666664	0.318	0.30466666666666664	0.28933333333333333	0.31866666666666665	0.3006666666666667	0.296	0.2753333333333333	0.27266666666666667	0.25133333333333335	0.276	0.258	0.23066666666666666	0.254	0.24	0.224	0.228	0.21533333333333332	0.218	0.214	0.21666666666666667	0.21866666666666668	0.206	0.184	0.20866666666666667	0.18066666666666667	0.18	0.186	0.192	0.17	0.14466666666666667	0.16866666666666666	0.18	0.15666666666666668	0.14333333333333334	0.16	0.15133333333333332	0.16533333333333333	0.15133333333333332	0.15666666666666668	0.16066666666666668	0.15133333333333332	0.13733333333333334	0.12933333333333333	0.14133333333333334	0.13	0.124	0.12266666666666666	0.108	0.112	0.11266666666666666	0.09333333333333334	0.11333333333333333	0.09533333333333334	0.1	0.08866666666666667	0.09933333333333333	0.09666666666666666	0.098	0.07866666666666666	0.09	0.08733333333333333	0.084	0.066	0.07933333333333334	0.07733333333333334	0.08066666666666666	0.076	0.07133333333333333	0.074	0.058666666666666666	0.06533333333333333	0.06733333333333333	0.068	0.06533333333333333	0.052	0.04933333333333333	0.048	0.048	0.043333333333333335	0.04933333333333333	0.052	0.04933333333333333	0.037333333333333336	0.04733333333333333	0.04533333333333334	0.03933333333333333	0.03933333333333333	0.036	0.042	0.050666666666666665	0.030666666666666665	0.03266666666666666	
0.37066666666666664	0.36866666666666664	0.3446666666666667	0.32	0.32266666666666666	0.33466666666666667	0.33266666666666667	0.2986666666666667	0.3006666666666667	0.2966666666666667	0.276	0.27466666666666667	0.3006666666666667	0.292	0.268	0.25466666666666665	0.25866666666666666	0.272	0.26066666666666666	0.248	0.23333333333333334	0.25066666666666665	0.23466666666666666	0.21533333333333332	0.21733333333333332	0.19733333333333333	0.21266666666666667	0.194	0.192	0.21533333333333332	0.20066666666666666	0.19266666666666668	0.192	0.176	0.18866666666666668	0.17	0.154	0.15333333333333332	0.15933333333333333	0.17333333333333334	0.166	0.148	0.14733333333333334	0.15066666666666667	0.15133333333333332	0.13933333333333334	0.14666666666666667	0.14733333333333334	0.14866666666666667	0.13333333333333333	0.12133333333333333	0.134	0.11933333333333333	0.12266666666666666	0.10066666666666667	0.11533333333333333	0.11333333333333333	0.11533333333333333	0.11933333333333333	0.09	0.1	0.10866666666666666	0.09666666666666666	0.096	0.106	0.08266666666666667	0.08866666666666667	0.086	0.07466666666666667	0.06866666666666667	0.074	0.08066666666666666	0.08	0.06666666666666667	0.076	0.062	0.06	0.05266666666666667	0.05466666666666667	0.058666666666666666	0.054	0.052	0.068	0.052	0.054	0.06533333333333333	0.051333333333333335	0.051333333333333335	0.050666666666666665	0.043333333333333335	0.04	0.04733333333333333	0.036	0.03933333333333333	0.028	0.034	0.030666666666666665	0.021333333333333333	0.038	
0.35533333333333333	0.3393333333333333	0.3566666666666667	0.314	0.33	0.3253333333333333	0.2946666666666667	0.2806666666666667	0.29933333333333334	0.2813333333333333	0.2846666666666667	0.31	0.292	0.2633333333333333	0.26	0.25933333333333336	0.26	0.2693333333333333	0.2673333333333333	0.242	0.24466666666666667	0.24066666666666667	0.228	0.21266666666666667	0.23133333333333334	0.216	0.21533333333333332	0.20333333333333334	0.21666666666666667	0.21133333333333335	0.18466666666666667	0.20133333333333334	0.19533333333333333	0.18933333333333333	0.172	0.16933333333333334	0.16333333333333333	0.192	0.164	0.16066666666666668	0.156	0.16133333333333333	0.15266666666666667	0.154	0.14333333333333334	0.13933333333333334	0.128	0.14333333333333334	0.13466666666666666	0.12666666666666668	0.13333333333333333	0.12066666666666667	0.12533333333333332	0.118	0.108	0.11066666666666666	0.11333333333333333	0.11266666666666666	0.09866666666666667	0.098	0.09466666666666666	0.10066666666666667	0.10066666666666667	0.08333333333333333	0.09733333333333333	0.07866666666666666	0.09066666666666667	0.082	0.08	0.08533333333333333	0.07133333333333333	0.07533333333333334	0.06866666666666667	0.07133333333333333	0.072	0.06466666666666666	0.074	0.07	0.056	0.06466666666666666	0.058	0.05333333333333334	0.05	0.06	0.051333333333333335	0.05533333333333333	0.050666666666666665	0.05533333333333333	0.05	0.050666666666666665	0.042	0.038	0.03	0.038	0.03933333333333333	0.035333333333333335	0.03133333333333333	0.03933333333333333	0.034666666666666665	
0.33066666666666666	0.342	0.33666666666666667	0.3373333333333333	0.3233333333333333	0.31	0.30333333333333334	0.31333333333333335	0.30266666666666664	0.2886666666666667	0.27666666666666667	0.2806666666666667	0.2633333333333333	0.26	0.27466666666666667	0.25	0.252	0.244	0.234	0.21733333333333332	0.22666666666666666	0.218	0.218	0.22	0.222	0.20533333333333334	0.21333333333333335	0.21933333333333332	0.202	0.19533333333333333	0.18266666666666667	0.22133333333333333	0.188	0.19333333333333333	0.16333333333333333	0.19666666666666666	0.17466666666666666	0.16266666666666665	0.15266666666666667	0.17133333333333334	0.14533333333333334	0.16133333333333333	0.13733333333333334	0.13933333333333334	0.14133333333333334	0.14533333333333334	0.14066666666666666	0.13933333333333334	0.13333333333333333	0.11933333333333333	0.14	0.124	0.128	0.10733333333333334	0.124	0.11466666666666667	0.11266666666666666	0.10933333333333334	0.11733333333333333	0.10666666666666667	0.09533333333333334	0.09866666666666667	0.098	0.08133333333333333	0.10933333333333334	0.08666666666666667	0.08	0.10133333333333333	0.08133333333333333	0.08266666666666667	0.08333333333333333	0.07866666666666666	0.06933333333333333	0.072	0.08	0.07133333333333333	0.068	0.06466666666666666	0.06866666666666667	0.056666666666666664	0.05333333333333334	0.051333333333333335	0.050666666666666665	0.058	0.05533333333333333	0.058666666666666666	0.052	0.038	0.050666666666666665	0.051333333333333335	0.044	0.034666666666666665	0.04	0.03266666666666666	0.03266666666666666	0.029333333333333333	0.035333333333333335	0.028666666666666667	0.04133333333333333	
0.37666666666666665	0.352	0.3406666666666667	0.32	0.322	0.322	0.2906666666666667	0.3373333333333333	0.2926666666666667	0.31466666666666665	0.268	0.29733333333333334	0.2826666666666667	0.25866666666666666	0.2833333333333333	0.25733333333333336	0.264	0.25866666666666666	0.25933333333333336	0.24266666666666667	0.25933333333333336	0.234	0.24266666666666667	0.24933333333333332	0.212	0.22266666666666668	0.21666666666666667	0.20333333333333334	0.19333333333333333	0.20333333333333334	0.19	0.19866666666666666	0.17533333333333334	0.17066666666666666	0.182	0.16466666666666666	0.18933333333333333	0.184	0.15733333333333333	0.16933333333333334	0.15266666666666667	0.14866666666666667	0.15466666666666667	0.13666666666666666	0.14	0.15066666666666667	0.12533333333333332	0.14066666666666666	0.11666666666666667	0.136	0.12533333333333332	0.12133333333333333	0.11466666666666667	0.11133333333333334	0.10266666666666667	0.10733333333333334	0.10133333333333333	0.114	0.10133333333333333	0.11733333333333333	0.106	0.08866666666666667	0.09466666666666666	0.094	0.096	0.08266666666666667	0.08933333333333333	0.07733333333333334	0.08133333333333333	0.08533333333333333	0.07533333333333334	0.06666666666666667	0.08466666666666667	0.07333333333333333	0.07466666666666667	0.06133333333333333	0.06866666666666667	0.056	0.05733333333333333	0.068	0.05	0.07333333333333333	0.058	0.056	0.04933333333333333	0.046	0.052	0.059333333333333335	0.052	0.04466666666666667	0.04533333333333334	0.03333333333333333	0.043333333333333335	0.037333333333333336	0.03266666666666666	0.04533333333333334	0.03333333333333333	0.028666666666666667	0.03266666666666666	
0.358	0.3546666666666667	0.352	0.356	0.3273333333333333	0.3	0.308	0.30666666666666664	0.2826666666666667	0.2773333333333333	0.298	0.2653333333333333	0.25666666666666665	0.28	0.25933333333333336	0.27666666666666667	0.2733333333333333	0.25333333333333335	0.24466666666666667	0.22333333333333333	0.23666666666666666	0.248	0.22333333333333333	0.228	0.226	0.20733333333333334	0.232	0.19	0.21333333333333335	0.20066666666666666	0.196	0.20066666666666666	0.20333333333333334	0.16	0.17533333333333334	0.192	0.16866666666666666	0.17933333333333334	0.15666666666666668	0.15266666666666667	0.14733333333333334	0.158	0.156	0.148	0.142	0.15266666666666667	0.15933333333333333	0.13533333333333333	0.12333333333333334	0.12933333333333333	0.13066666666666665	0.13933333333333334	0.12733333333333333	0.12133333333333333	0.10333333333333333	0.10133333333333333	0.12	0.10666666666666667	0.09733333333333333	0.11	0.09866666666666667	0.09533333333333334	0.1	0.1	0.08066666666666666	0.07733333333333334	0.08	0.09266666666666666	0.08533333333333333	0.07533333333333334	0.074	0.08066666666666666	0.068	0.07133333333333333	0.078	0.064	0.06333333333333334	0.051333333333333335	0.06666666666666667	0.064	0.064	0.044	0.046	0.05	0.056	0.042666666666666665	0.052	0.04066666666666666	0.04133333333333333	0.044	0.037333333333333336	0.046	0.035333333333333335	0.048666666666666664	0.03333333333333333	0.03	0.038	0.03933333333333333	0.036	
0.33	0.35	0.358	0.3353333333333333	0.326	0.3253333333333333	0.318	0.31066666666666665	0.322	0.292	0.29	0.286	0.2673333333333333	0.2753333333333333	0.262	0.24933333333333332	0.258	0.24133333333333334	0.272	0.228	0.236	0.25066666666666665	0.22533333333333333	0.21666666666666667	0.22733333333333333	0.20733333333333334	0.222	0.214	0.19866666666666666	0.19866666666666666	0.19933333333333333	0.186	0.17733333333333334	0.188	0.178	0.16933333333333334	0.15333333333333332	0.17	0.186	0.18	0.18	0.17266666666666666	0.15266666666666667	0.14066666666666666	0.13466666666666666	0.13933333333333334	0.13066666666666665	0.13333333333333333	0.12	0.13266666666666665	0.13466666666666666	0.12733333333333333	0.12666666666666668	0.12466666666666666	0.10133333333333333	0.10933333333333334	0.12266666666666666	0.11066666666666666	0.09933333333333333	0.11	0.09466666666666666	0.098	0.09066666666666667	0.09733333333333333	0.09533333333333334	0.11333333333333333	0.08333333333333333	0.07466666666666667	0.09933333333333333	0.07533333333333334	0.08	0.084	0.074	0.08	0.07933333333333334	0.06	0.056666666666666664	0.06533333333333333	0.062	0.05333333333333334	0.066	0.05	0.052	0.05733333333333333	0.054	0.04733333333333333	0.05533333333333333	0.050666666666666665	0.04066666666666666	0.038	0.043333333333333335	0.032	0.03333333333333333	0.03933333333333333	0.034666666666666665	0.03666666666666667	0.026	0.024666666666666667	0.04066666666666666	
0.354	0.334	0.31133333333333335	0.322	0.3373333333333333	0.32	0.29733333333333334	0.31666666666666665	0.29333333333333333	0.2826666666666667	0.2966666666666667	0.27266666666666667	0.282	0.2866666666666667	0.262	0.2773333333333333	0.2653333333333333	0.24133333333333334	0.26066666666666666	0.23	0.24	0.21933333333333332	0.25066666666666665	0.24133333333333334	0.232	0.19866666666666666	0.19733333333333333	0.20733333333333334	0.20133333333333334	0.20666666666666667	0.18533333333333332	0.19133333333333333	0.196	0.174	0.184	0.17333333333333334	0.188	0.168	0.17466666666666666	0.16	0.164	0.15533333333333332	0.166	0.14066666666666666	0.14733333333333334	0.13066666666666665	0.156	0.142	0.136	0.136	0.12066666666666667	0.13266666666666665	0.122	0.118	0.12066666666666667	0.116	0.09333333333333334	0.10266666666666667	0.108	0.118	0.09866666666666667	0.10066666666666667	0.09466666666666666	0.10266666666666667	0.096	0.08533333333333333	0.08866666666666667	0.08666666666666667	0.08	0.09066666666666667	0.07733333333333334	0.07533333333333334	0.07266666666666667	0.06466666666666666	0.072	0.07133333333333333	0.064	0.068	0.064	0.06466666666666666	0.064	0.06	0.06066666666666667	0.05466666666666667	0.058666666666666666	0.05333333333333334	0.05	0.042666666666666665	0.04933333333333333	0.05	0.04133333333333333	0.048	0.034666666666666665	0.037333333333333336	0.044	0.03666666666666667	0.034666666666666665	0.038	0.03	
0.37733333333333335	0.31933333333333336	0.33666666666666667	0.318	0.32466666666666666	0.31066666666666665	0.2846666666666667	0.3233333333333333	0.30933333333333335	0.29	0.30666666666666664	0.2886666666666667	0.252	0.2733333333333333	0.25533333333333336	0.26	0.258	0.24	0.24933333333333332	0.242	0.23666666666666666	0.246	0.24066666666666667	0.208	0.22266666666666668	0.23	0.206	0.20533333333333334	0.202	0.20466666666666666	0.20666666666666667	0.17933333333333334	0.18066666666666667	0.17866666666666667	0.18866666666666668	0.184	0.18066666666666667	0.17466666666666666	0.168	0.17133333333333334	0.15466666666666667	0.16	0.17133333333333334	0.154	0.14866666666666667	0.13466666666666666	0.13133333333333333	0.14266666666666666	0.122	0.128	0.134	0.14466666666666667	0.12	0.11466666666666667	0.114	0.11733333333333333	0.11866666666666667	0.11333333333333333	0.10666666666666667	0.11533333333333333	0.10933333333333334	0.08666666666666667	0.084	0.09733333333333333	0.08866666666666667	0.098	0.09	0.07333333333333333	0.084	0.08	0.084	0.074	0.08	0.07266666666666667	0.07533333333333334	0.059333333333333335	0.06266666666666666	0.05333333333333334	0.06666666666666667	0.06133333333333333	0.058	0.054	0.04733333333333333	0.051333333333333335	0.04933333333333333	0.051333333333333335	0.059333333333333335	0.056666666666666664	0.04733333333333333	0.048666666666666664	0.046	0.04533333333333334	0.042666666666666665	0.04066666666666666	0.028666666666666667	0.04066666666666666	0.027333333333333334	0.03933333333333333	0.025333333333333333	
0.32266666666666666	0.3453333333333333	0.3453333333333333	0.336	0.34933333333333333	0.30533333333333335	0.32066666666666666	0.304	0.294	0.2826666666666667	0.292	0.25733333333333336	0.2673333333333333	0.28	0.278	0.23066666666666666	0.248	0.232	0.24666666666666667	0.224	0.22266666666666668	0.22133333333333333	0.24066666666666667	0.222	0.22666666666666666	0.202	0.21266666666666667	0.20866666666666667	0.20866666666666667	0.194	0.20733333333333334	0.174	0.18666666666666668	0.17733333333333334	0.18733333333333332	0.16533333333333333	0.168	0.174	0.15666666666666668	0.154	0.15133333333333332	0.15333333333333332	0.16266666666666665	0.13933333333333334	0.13333333333333333	0.15	0.13533333333333333	0.14	0.13266666666666665	0.11333333333333333	0.12533333333333332	0.12466666666666666	0.11466666666666667	0.11733333333333333	0.11066666666666666	0.10866666666666666	0.12333333333333334	0.09333333333333334	0.11066666666666666	0.10533333333333333	0.112	0.096	0.08266666666666667	0.098	0.09666666666666666	0.08866666666666667	0.08133333333333333	0.084	0.07066666666666667	0.086	0.07933333333333334	0.06466666666666666	0.07733333333333334	0.058	0.07133333333333333	0.07	0.06133333333333333	0.06533333333333333	0.07333333333333333	0.06666666666666667	0.056666666666666664	0.058	0.056	0.06066666666666667	0.048	0.05533333333333333	0.05466666666666667	0.05533333333333333	0.042666666666666665	0.04133333333333333	0.042666666666666665	0.043333333333333335	0.042666666666666665	0.032	0.03333333333333333	0.04066666666666666	0.035333333333333335	0.03	0.03333333333333333	
0.34933333333333333	0.322	0.322	0.312	0.312	0.29533333333333334	0.338	0.2866666666666667	0.3	0.2846666666666667	0.3006666666666667	0.27266666666666667	0.272	0.2733333333333333	0.26466666666666666	0.268	0.24866666666666667	0.252	0.244	0.22333333333333333	0.23133333333333334	0.20866666666666667	0.216	0.248	0.232	0.21	0.22933333333333333	0.20733333333333334	0.19533333333333333	0.17666666666666667	0.19933333333333333	0.17133333333333334	0.19466666666666665	0.188	0.17	0.16733333333333333	0.196	0.16466666666666666	0.17666666666666667	0.18066666666666667	0.15866666666666668	0.148	0.14333333333333334	0.16133333333333333	0.13933333333333334	0.14066666666666666	0.136	0.142	0.14266666666666666	0.13466666666666666	0.108	0.12	0.13266666666666665	0.09866666666666667	0.12666666666666668	0.11533333333333333	0.10733333333333334	0.10266666666666667	0.104	0.10733333333333334	0.108	0.10866666666666666	0.10066666666666667	0.07733333333333334	0.09866666666666667	0.08933333333333333	0.086	0.08666666666666667	0.08066666666666666	0.07133333333333333	0.08066666666666666	0.06333333333333334	0.068	0.072	0.06933333333333333	0.076	0.06466666666666666	0.06866666666666667	0.054	0.051333333333333335	0.06133333333333333	0.064	0.06	0.04	0.059333333333333335	0.042666666666666665	0.05466666666666667	0.04133333333333333	0.056666666666666664	0.042	0.050666666666666665	0.046	0.04933333333333333	0.046	0.03933333333333333	0.034666666666666665	0.04	0.030666666666666665	0.024666666666666667	
0.3566666666666667	0.33866666666666667	0.308	0.32666666666666666	0.3293333333333333	0.32066666666666666	0.2966666666666667	0.288	0.286	0.26866666666666666	0.2946666666666667	0.278	0.27266666666666667	0.2793333333333333	0.27266666666666667	0.25066666666666665	0.25333333333333335	0.24933333333333332	0.24466666666666667	0.25466666666666665	0.23466666666666666	0.22333333333333333	0.22866666666666666	0.208	0.23133333333333334	0.22866666666666666	0.20066666666666666	0.18466666666666667	0.19266666666666668	0.19533333333333333	0.20133333333333334	0.186	0.18666666666666668	0.19666666666666666	0.19533333333333333	0.16666666666666666	0.16466666666666666	0.17666666666666667	0.15666666666666668	0.14733333333333334	0.166	0.156	0.15666666666666668	0.15466666666666667	0.15866666666666668	0.15133333333333332	0.14133333333333334	0.13733333333333334	0.12133333333333333	0.12733333333333333	0.134	0.118	0.11866666666666667	0.13733333333333334	0.116	0.11133333333333334	0.12133333333333333	0.112	0.09133333333333334	0.09333333333333334	0.09733333333333333	0.10466666666666667	0.08733333333333333	0.09733333333333333	0.08333333333333333	0.09133333333333334	0.08333333333333333	0.07266666666666667	0.078	0.076	0.07866666666666666	0.072	0.07866666666666666	0.07733333333333334	0.06466666666666666	0.07066666666666667	0.06	0.07066666666666667	0.06466666666666666	0.064	0.056666666666666664	0.059333333333333335	0.04533333333333334	0.050666666666666665	0.06066666666666667	0.06	0.04733333333333333	0.06066666666666667	0.042666666666666665	0.046	0.042	0.046	0.032	0.04733333333333333	0.03666666666666667	0.03	0.022	0.032	0.035333333333333335	
0.3413333333333333	0.382	0.3293333333333333	0.32266666666666666	0.31466666666666665	0.3333333333333333	0.31133333333333335	0.3	0.30933333333333335	0.296	0.2813333333333333	0.274	0.30333333333333334	0.28933333333333333	0.276	0.23466666666666666	0.23933333333333334	0.25266666666666665	0.242	0.25533333333333336	0.244	0.23666666666666666	0.22466666666666665	0.224	0.22466666666666665	0.20133333333333334	0.22333333333333333	0.21066666666666667	0.18533333333333332	0.19066666666666668	0.19533333333333333	0.172	0.19133333333333333	0.17866666666666667	0.204	0.186	0.15466666666666667	0.168	0.17466666666666666	0.16	0.158	0.16066666666666668	0.156	0.138	0.13066666666666665	0.12933333333333333	0.14066666666666666	0.12333333333333334	0.13133333333333333	0.12266666666666666	0.128	0.11333333333333333	0.13466666666666666	0.13466666666666666	0.11666666666666667	0.12066666666666667	0.118	0.10533333333333333	0.09733333333333333	0.10133333333333333	0.11533333333333333	0.11333333333333333	0.10266666666666667	0.09466666666666666	0.09533333333333334	0.07933333333333334	0.10066666666666667	0.07733333333333334	0.08333333333333333	0.07466666666666667	0.07533333333333334	0.07333333333333333	0.07933333333333334	0.06533333333333333	0.08533333333333333	0.058	0.05733333333333333	0.06933333333333333	0.06866666666666667	0.062	0.056666666666666664	0.059333333333333335	0.058666666666666666	0.058666666666666666	0.06266666666666666	0.05466666666666667	0.05466666666666667	0.046	0.044	0.037333333333333336	0.03133333333333333	0.046	0.04733333333333333	0.04133333333333333	0.04066666666666666	0.048	0.03333333333333333	0.029333333333333333	0.042	
0.36733333333333335	0.33866666666666667	0.3233333333333333	0.34933333333333333	0.338	0.312	0.31133333333333335	0.32266666666666666	0.30266666666666664	0.2866666666666667	0.2786666666666667	0.2826666666666667	0.284	0.2853333333333333	0.24733333333333332	0.258	0.25866666666666666	0.22933333333333333	0.24133333333333334	0.268	0.24733333333333332	0.25133333333333335	0.22866666666666666	0.22933333333333333	0.20933333333333334	0.204	0.22733333333333333	0.21266666666666667	0.21733333333333332	0.206	0.188	0.19	0.18466666666666667	0.18333333333333332	0.176	0.17533333333333334	0.16933333333333334	0.16733333333333333	0.16533333333333333	0.176	0.15466666666666667	0.14933333333333335	0.148	0.16066666666666668	0.136	0.13666666666666666	0.138	0.14	0.13	0.142	0.128	0.128	0.136	0.11733333333333333	0.11333333333333333	0.11133333333333334	0.11533333333333333	0.10933333333333334	0.10133333333333333	0.1	0.09666666666666666	0.10333333333333333	0.08533333333333333	0.09666666666666666	0.082	0.07866666666666666	0.074	0.08866666666666667	0.09066666666666667	0.08133333333333333	0.07466666666666667	0.08666666666666667	0.08133333333333333	0.078	0.06133333333333333	0.06	0.059333333333333335	0.06266666666666666	0.066	0.042666666666666665	0.062	0.056	0.06333333333333334	0.05266666666666667	0.050666666666666665	0.048	0.04	0.05	0.043333333333333335	0.043333333333333335	0.04066666666666666	0.04466666666666667	0.042	0.03666666666666667	0.037333333333333336	0.04466666666666667	0.032	0.03	0.03333333333333333	
0.36533333333333334	0.3526666666666667	0.352	0.3333333333333333	0.31866666666666665	0.31666666666666665	0.308	0.30733333333333335	0.30333333333333334	0.29733333333333334	0.26666666666666666	0.30666666666666664	0.252	0.264	0.26466666666666666	0.26666666666666666	0.254	0.24066666666666667	0.248	0.246	0.2713333333333333	0.24333333333333335	0.24866666666666667	0.22866666666666666	0.212	0.19466666666666665	0.196	0.19533333333333333	0.21266666666666667	0.19666666666666666	0.19	0.202	0.182	0.18466666666666667	0.18733333333333332	0.17266666666666666	0.15466666666666667	0.16133333333333333	0.15666666666666668	0.184	0.15533333333333332	0.15133333333333332	0.16666666666666666	0.15666666666666668	0.15	0.16733333333333333	0.13533333333333333	0.13933333333333334	0.12133333333333333	0.11	0.13333333333333333	0.11866666666666667	0.11933333333333333	0.12933333333333333	0.10933333333333334	0.11666666666666667	0.10133333333333333	0.10933333333333334	0.11933333333333333	0.08933333333333333	0.08666666666666667	0.09333333333333334	0.096	0.102	0.07933333333333334	0.096	0.096	0.08133333333333333	0.07933333333333334	0.09333333333333334	0.08	0.06933333333333333	0.072	0.07266666666666667	0.06133333333333333	0.059333333333333335	0.072	0.06133333333333333	0.07266666666666667	0.06066666666666667	0.066	0.056	0.06333333333333334	0.04933333333333333	0.06066666666666667	0.043333333333333335	0.042	0.04533333333333334	0.04066666666666666	0.03933333333333333	0.043333333333333335	0.04733333333333333	0.03333333333333333	0.03933333333333333	0.04733333333333333	0.03133333333333333	0.03866666666666667	0.03333333333333333	0.034666666666666665	
0.34	0.328	0.352	0.3406666666666667	0.346	0.33466666666666667	0.32066666666666666	0.30933333333333335	0.31333333333333335	0.262	0.27066666666666667	0.2846666666666667	0.28	0.268	0.25866666666666666	0.2693333333333333	0.254	0.23866666666666667	0.24466666666666667	0.25066666666666665	0.23666666666666666	0.23066666666666666	0.24533333333333332	0.19533333333333333	0.24266666666666667	0.204	0.21066666666666667	0.19866666666666666	0.20533333333333334	0.204	0.17666666666666667	0.18733333333333332	0.20066666666666666	0.194	0.18733333333333332	0.16666666666666666	0.15066666666666667	0.16466666666666666	0.164	0.156	0.14733333333333334	0.15133333333333332	0.132	0.15666666666666668	0.14133333333333334	0.15666666666666668	0.12133333333333333	0.13333333333333333	0.13266666666666665	0.13866666666666666	0.13133333333333333	0.11733333333333333	0.124	0.12533333333333332	0.11266666666666666	0.10733333333333334	0.106	0.116	0.09066666666666667	0.10133333333333333	0.102	0.08733333333333333	0.09	0.09666666666666666	0.08266666666666667	0.096	0.07666666666666666	0.09	0.07733333333333334	0.074	0.088	0.07066666666666667	0.06933333333333333	0.05533333333333333	0.07	0.066	0.068	0.06866666666666667	0.054	0.062	0.072	0.05	0.056666666666666664	0.03866666666666667	0.048666666666666664	0.05466666666666667	0.051333333333333335	0.04	0.04066666666666666	0.03933333333333333	0.05	0.03866666666666667	0.03866666666666667	0.037333333333333336	0.032	0.043333333333333335	0.026	0.034	0.034666666666666665	
0.36533333333333334	0.3486666666666667	0.308	0.3406666666666667	0.304	0.286	0.316	0.30266666666666664	0.31466666666666665	0.28733333333333333	0.31066666666666665	0.284	0.26	0.2866666666666667	0.25933333333333336	0.256	0.232	0.22266666666666668	0.23	0.24933333333333332	0.23733333333333334	0.21333333333333335	0.238	0.22266666666666668	0.21	0.20466666666666666	0.228	0.21733333333333332	0.18733333333333332	0.21933333333333332	0.19066666666666668	0.17	0.16866666666666666	0.20666666666666667	0.14733333333333334	0.18533333333333332	0.14666666666666667	0.16266666666666665	0.16733333333333333	0.162	0.168	0.158	0.13466666666666666	0.14733333333333334	0.138	0.138	0.16	0.13933333333333334	0.12666666666666668	0.13333333333333333	0.14266666666666666	0.13533333333333333	0.118	0.128	0.098	0.11733333333333333	0.10333333333333333	0.11733333333333333	0.10533333333333333	0.09866666666666667	0.09666666666666666	0.092	0.102	0.08933333333333333	0.076	0.092	0.078	0.08266666666666667	0.07533333333333334	0.08933333333333333	0.06466666666666666	0.08533333333333333	0.06933333333333333	0.086	0.08666666666666667	0.07666666666666666	0.07133333333333333	0.059333333333333335	0.06666666666666667	0.06466666666666666	0.058666666666666666	0.056666666666666664	0.04666666666666667	0.05	0.051333333333333335	0.04466666666666667	0.042666666666666665	0.038	0.056666666666666664	0.042666666666666665	0.036	0.042666666666666665	0.04	0.035333333333333335	0.032	0.04	0.03666666666666667	0.029333333333333333	0.030666666666666665	
0.3473333333333333	0.36	0.32866666666666666	0.33866666666666667	0.31333333333333335	0.322	0.33666666666666667	0.2846666666666667	0.2793333333333333	0.2986666666666667	0.3	0.29933333333333334	0.2866666666666667	0.29333333333333333	0.27466666666666667	0.24066666666666667	0.2733333333333333	0.2653333333333333	0.25466666666666665	0.22666666666666666	0.248	0.224	0.22466666666666665	0.218	0.22466666666666665	0.20133333333333334	0.20333333333333334	0.21266666666666667	0.18666666666666668	0.18533333333333332	0.196	0.21933333333333332	0.19666666666666666	0.18	0.164	0.18866666666666668	0.15266666666666667	0.15733333333333333	0.15933333333333333	0.15933333333333333	0.152	0.16733333333333333	0.15066666666666667	0.14733333333333334	0.12466666666666666	0.16066666666666668	0.12133333333333333	0.13333333333333333	0.13133333333333333	0.13533333333333333	0.128	0.11933333333333333	0.10466666666666667	0.126	0.12533333333333332	0.102	0.126	0.09866666666666667	0.112	0.10866666666666666	0.11	0.09	0.08933333333333333	0.098	0.08066666666666666	0.09533333333333334	0.08133333333333333	0.088	0.07466666666666667	0.07866666666666666	0.08533333333333333	0.08	0.08	0.06133333333333333	0.059333333333333335	0.06133333333333333	0.066	0.06	0.06066666666666667	0.059333333333333335	0.054	0.05533333333333333	0.05466666666666667	0.048	0.04066666666666666	0.044	0.03933333333333333	0.046	0.043333333333333335	0.04666666666666667	0.04133333333333333	0.030666666666666665	0.048	0.04733333333333333	0.050666666666666665	0.034	0.042	0.034666666666666665	0.03	
0.35733333333333334	0.37	0.35	0.3333333333333333	0.3413333333333333	0.33466666666666667	0.2966666666666667	0.3233333333333333	0.2946666666666667	0.30466666666666664	0.2846666666666667	0.2733333333333333	0.2813333333333333	0.26266666666666666	0.26066666666666666	0.28	0.24333333333333335	0.24533333333333332	0.24733333333333332	0.24333333333333335	0.224	0.23866666666666667	0.22933333333333333	0.19733333333333333	0.23933333333333334	0.22333333333333333	0.23733333333333334	0.198	0.21	0.21	0.208	0.20266666666666666	0.19266666666666668	0.16866666666666666	0.17666666666666667	0.16866666666666666	0.178	0.18133333333333335	0.17133333333333334	0.16333333333333333	0.14666666666666667	0.15666666666666668	0.16866666666666666	0.13866666666666666	0.15266666666666667	0.13466666666666666	0.14	0.14	0.12733333333333333	0.13466666666666666	0.13266666666666665	0.14133333333333334	0.11866666666666667	0.10466666666666667	0.106	0.10066666666666667	0.116	0.10533333333333333	0.102	0.10266666666666667	0.12066666666666667	0.10533333333333333	0.09266666666666666	0.09266666666666666	0.08333333333333333	0.10333333333333333	0.08333333333333333	0.086	0.08266666666666667	0.082	0.07066666666666667	0.07333333333333333	0.072	0.058	0.07333333333333333	0.06866666666666667	0.05733333333333333	0.058666666666666666	0.06533333333333333	0.052	0.056	0.06066666666666667	0.050666666666666665	0.05533333333333333	0.04066666666666666	0.052	0.04666666666666667	0.04533333333333334	0.042666666666666665	0.04733333333333333	0.03866666666666667	0.04466666666666667	0.04933333333333333	0.042	0.036	0.035333333333333335	0.035333333333333335	0.030666666666666665	0.03333333333333333	
0.3486666666666667	0.3406666666666667	0.30933333333333335	0.332	0.31066666666666665	0.33066666666666666	0.3426666666666667	0.288	0.31133333333333335	0.296	0.27266666666666667	0.2926666666666667	0.264	0.2633333333333333	0.274	0.25533333333333336	0.25333333333333335	0.24533333333333332	0.24066666666666667	0.24533333333333332	0.246	0.22066666666666668	0.21266666666666667	0.21133333333333335	0.222	0.21533333333333332	0.206	0.20866666666666667	0.19866666666666666	0.19666666666666666	0.192	0.18466666666666667	0.192	0.16533333333333333	0.17066666666666666	0.17066666666666666	0.17533333333333334	0.16733333333333333	0.17533333333333334	0.18	0.15266666666666667	0.156	0.144	0.15733333333333333	0.14666666666666667	0.13466666666666666	0.14466666666666667	0.12066666666666667	0.13266666666666665	0.13666666666666666	0.13333333333333333	0.12533333333333332	0.13666666666666666	0.12	0.11333333333333333	0.12266666666666666	0.112	0.118	0.10733333333333334	0.10066666666666667	0.09866666666666667	0.084	0.08866666666666667	0.10066666666666667	0.09533333333333334	0.09266666666666666	0.09	0.08266666666666667	0.08733333333333333	0.07666666666666666	0.07133333333333333	0.06133333333333333	0.082	0.066	0.07066666666666667	0.072	0.056	0.059333333333333335	0.06933333333333333	0.06066666666666667	0.048666666666666664	0.05266666666666667	0.06333333333333334	0.048	0.042	0.046	0.043333333333333335	0.048666666666666664	0.04666666666666667	0.042666666666666665	0.03933333333333333	0.038	0.03933333333333333	0.034666666666666665	0.046	0.034666666666666665	0.030666666666666665	0.03866666666666667	0.028	
0.354	0.36866666666666664	0.33	0.348	0.29933333333333334	0.322	0.29333333333333333	0.3006666666666667	0.2926666666666667	0.2673333333333333	0.2713333333333333	0.26666666666666666	0.31	0.29133333333333333	0.256	0.2733333333333333	0.258	0.26066666666666666	0.244	0.23933333333333334	0.24733333333333332	0.224	0.24	0.20666666666666667	0.19933333333333333	0.20666666666666667	0.20866666666666667	0.20733333333333334	0.19866666666666666	0.2	0.20733333333333334	0.172	0.17466666666666666	0.17333333333333334	0.17533333333333334	0.18266666666666667	0.168	0.17066666666666666	0.16733333333333333	0.168	0.14066666666666666	0.15733333333333333	0.172	0.14866666666666667	0.15533333333333332	0.148	0.13866666666666666	0.14066666666666666	0.14	0.13866666666666666	0.132	0.10333333333333333	0.12466666666666666	0.13266666666666665	0.10066666666666667	0.11333333333333333	0.09866666666666667	0.098	0.10466666666666667	0.11066666666666666	0.10466666666666667	0.08533333333333333	0.08533333333333333	0.098	0.088	0.08533333333333333	0.084	0.082	0.09866666666666667	0.08866666666666667	0.076	0.07866666666666666	0.06666666666666667	0.06266666666666666	0.06533333333333333	0.056666666666666664	0.062	0.048	0.06533333333333333	0.06	0.05	0.056666666666666664	0.052	0.05466666666666667	0.044	0.050666666666666665	0.05333333333333334	0.04466666666666667	0.048666666666666664	0.048666666666666664	0.04533333333333334	0.043333333333333335	0.03866666666666667	0.03133333333333333	0.03933333333333333	0.03266666666666666	0.03333333333333333	0.03	0.03	
0.35933333333333334	0.35733333333333334	0.35533333333333333	0.3486666666666667	0.31333333333333335	0.302	0.29133333333333333	0.29333333333333333	0.2966666666666667	0.308	0.27	0.2733333333333333	0.272	0.25266666666666665	0.264	0.254	0.26066666666666666	0.254	0.23933333333333334	0.24533333333333332	0.22666666666666666	0.22733333333333333	0.22533333333333333	0.224	0.214	0.19266666666666668	0.21133333333333335	0.20133333333333334	0.19533333333333333	0.19866666666666666	0.18933333333333333	0.19533333333333333	0.18866666666666668	0.17066666666666666	0.18133333333333335	0.18333333333333332	0.17	0.16666666666666666	0.17933333333333334	0.14866666666666667	0.14666666666666667	0.158	0.14666666666666667	0.14	0.14933333333333335	0.14733333333333334	0.12466666666666666	0.116	0.12933333333333333	0.12533333333333332	0.12266666666666666	0.11333333333333333	0.112	0.12866666666666668	0.13266666666666665	0.10533333333333333	0.106	0.11066666666666666	0.118	0.09266666666666666	0.08666666666666667	0.09933333333333333	0.096	0.09266666666666666	0.086	0.08933333333333333	0.08866666666666667	0.07133333333333333	0.07866666666666666	0.09066666666666667	0.078	0.074	0.07866666666666666	0.07533333333333334	0.05733333333333333	0.06466666666666666	0.072	0.06266666666666666	0.06333333333333334	0.05733333333333333	0.066	0.048666666666666664	0.04666666666666667	0.043333333333333335	0.05266666666666667	0.042666666666666665	0.036	0.048	0.046	0.035333333333333335	0.046	0.042666666666666665	0.03333333333333333	0.03933333333333333	0.034666666666666665	0.042666666666666665	0.038	0.03	0.032	
0.35	0.332	0.28933333333333333	0.33066666666666666	0.31133333333333335	0.312	0.332	0.296	0.30533333333333335	0.2826666666666667	0.26666666666666666	0.286	0.29	0.278	0.2693333333333333	0.26066666666666666	0.2633333333333333	0.22533333333333333	0.25133333333333335	0.232	0.24	0.23	0.22466666666666665	0.22666666666666666	0.22333333333333333	0.21266666666666667	0.19866666666666666	0.21066666666666667	0.196	0.188	0.19466666666666665	0.20133333333333334	0.19133333333333333	0.19	0.15933333333333333	0.17066666666666666	0.18666666666666668	0.16733333333333333	0.158	0.17133333333333334	0.14666666666666667	0.16133333333333333	0.13266666666666665	0.14266666666666666	0.14666666666666667	0.12733333333333333	0.12466666666666666	0.13666666666666666	0.13266666666666665	0.124	0.11666666666666667	0.12266666666666666	0.11333333333333333	0.11866666666666667	0.114	0.09933333333333333	0.114	0.096	0.104	0.10666666666666667	0.098	0.08066666666666666	0.10133333333333333	0.09333333333333334	0.092	0.08533333333333333	0.08266666666666667	0.078	0.07133333333333333	0.066	0.08333333333333333	0.06733333333333333	0.07333333333333333	0.07533333333333334	0.08466666666666667	0.06	0.06466666666666666	0.072	0.06866666666666667	0.06666666666666667	0.04733333333333333	0.072	0.05466666666666667	0.06333333333333334	0.048	0.058	0.048666666666666664	0.046	0.048666666666666664	0.04733333333333333	0.034	0.034666666666666665	0.025333333333333333	0.03266666666666666	0.04733333333333333	0.03	0.044	0.029333333333333333	0.03266666666666666	
0.3506666666666667	0.334	0.3313333333333333	0.33666666666666667	0.30666666666666664	0.3233333333333333	0.30333333333333334	0.30933333333333335	0.26866666666666666	0.302	0.2886666666666667	0.27266666666666667	0.2853333333333333	0.266	0.24733333333333332	0.242	0.252	0.242	0.25933333333333336	0.23533333333333334	0.22933333333333333	0.21666666666666667	0.23466666666666666	0.19933333333333333	0.23133333333333334	0.20266666666666666	0.188	0.214	0.20733333333333334	0.2	0.21	0.17066666666666666	0.19266666666666668	0.186	0.19933333333333333	0.168	0.16266666666666665	0.18333333333333332	0.17466666666666666	0.158	0.168	0.16133333333333333	0.15933333333333333	0.14333333333333334	0.13466666666666666	0.14066666666666666	0.12066666666666667	0.14	0.12266666666666666	0.10333333333333333	0.13066666666666665	0.10666666666666667	0.11866666666666667	0.12533333333333332	0.106	0.124	0.118	0.10066666666666667	0.10866666666666666	0.11733333333333333	0.098	0.09266666666666666	0.09866666666666667	0.09	0.09866666666666667	0.08733333333333333	0.10133333333333333	0.07533333333333334	0.08533333333333333	0.08933333333333333	0.074	0.08133333333333333	0.072	0.068	0.06866666666666667	0.06733333333333333	0.06733333333333333	0.059333333333333335	0.06666666666666667	0.056666666666666664	0.06133333333333333	0.054	0.058666666666666666	0.05	0.04733333333333333	0.044	0.04533333333333334	0.04	0.042666666666666665	0.04066666666666666	0.04466666666666667	0.04	0.03866666666666667	0.03866666666666667	0.03666666666666667	0.024666666666666667	0.028	0.03666666666666667	0.036	
0.3446666666666667	0.3253333333333333	0.316	0.336	0.31733333333333336	0.30666666666666664	0.30466666666666664	0.262	0.2986666666666667	0.2926666666666667	0.2693333333333333	0.294	0.29	0.26266666666666666	0.2733333333333333	0.25866666666666666	0.254	0.22133333333333333	0.24533333333333332	0.22266666666666668	0.24	0.234	0.20866666666666667	0.202	0.21066666666666667	0.222	0.20133333333333334	0.21533333333333332	0.19533333333333333	0.184	0.186	0.18333333333333332	0.196	0.16266666666666665	0.16733333333333333	0.16666666666666666	0.16533333333333333	0.162	0.156	0.17133333333333334	0.156	0.15	0.14066666666666666	0.148	0.146	0.13666666666666666	0.144	0.12933333333333333	0.14133333333333334	0.13266666666666665	0.12	0.11666666666666667	0.12133333333333333	0.12933333333333333	0.12066666666666667	0.11333333333333333	0.10533333333333333	0.12066666666666667	0.106	0.11066666666666666	0.08466666666666667	0.1	0.08533333333333333	0.09	0.08133333333333333	0.09466666666666666	0.1	0.08466666666666667	0.07466666666666667	0.07866666666666666	0.09133333333333334	0.068	0.07666666666666666	0.062	0.06866666666666667	0.068	0.04933333333333333	0.056	0.07133333333333333	0.06266666666666666	0.043333333333333335	0.042666666666666665	0.04733333333333333	0.04533333333333334	0.042	0.051333333333333335	0.03266666666666666	0.046	0.037333333333333336	0.05266666666666667	0.04733333333333333	0.034	0.04	0.046	0.03333333333333333	0.036	0.032	0.034666666666666665	0.028	
0.3466666666666667	0.31933333333333336	0.326	0.3253333333333333	0.3393333333333333	0.336	0.2806666666666667	0.3313333333333333	0.308	0.2813333333333333	0.2753333333333333	0.26266666666666666	0.254	0.25866666666666666	0.268	0.25466666666666665	0.24	0.228	0.26066666666666666	0.226	0.238	0.21533333333333332	0.216	0.23933333333333334	0.252	0.20666666666666667	0.20133333333333334	0.202	0.20533333333333334	0.22333333333333333	0.196	0.17933333333333334	0.2	0.198	0.16933333333333334	0.17533333333333334	0.16733333333333333	0.174	0.164	0.17333333333333334	0.15066666666666667	0.15866666666666668	0.15266666666666667	0.14266666666666666	0.14066666666666666	0.14866666666666667	0.128	0.138	0.12666666666666668	0.15066666666666667	0.11733333333333333	0.128	0.13	0.11133333333333334	0.106	0.10533333333333333	0.10066666666666667	0.10333333333333333	0.102	0.09533333333333334	0.10533333333333333	0.09866666666666667	0.09466666666666666	0.09733333333333333	0.09733333333333333	0.08933333333333333	0.08866666666666667	0.08466666666666667	0.08	0.07666666666666666	0.07466666666666667	0.07533333333333334	0.07666666666666666	0.07666666666666666	0.06133333333333333	0.052	0.06733333333333333	0.07733333333333334	0.051333333333333335	0.058	0.050666666666666665	0.06666666666666667	0.04466666666666667	0.04666666666666667	0.05333333333333334	0.042666666666666665	0.043333333333333335	0.048	0.04533333333333334	0.043333333333333335	0.048	0.04	0.036	0.037333333333333336	0.04066666666666666	0.04	0.04133333333333333	0.035333333333333335	0.03666666666666667	
0.33066666666666666	0.35733333333333334	0.334	0.30866666666666664	0.31133333333333335	0.31133333333333335	0.31466666666666665	0.316	0.262	0.2846666666666667	0.29	0.28733333333333333	0.2906666666666667	0.27066666666666667	0.28	0.22933333333333333	0.244	0.24266666666666667	0.26066666666666666	0.25866666666666666	0.23133333333333334	0.21466666666666667	0.21	0.242	0.216	0.24066666666666667	0.21866666666666668	0.22466666666666665	0.21933333333333332	0.20266666666666666	0.18466666666666667	0.18133333333333335	0.18933333333333333	0.186	0.17866666666666667	0.16866666666666666	0.17333333333333334	0.17933333333333334	0.152	0.17866666666666667	0.14666666666666667	0.148	0.15266666666666667	0.144	0.12733333333333333	0.13133333333333333	0.13466666666666666	0.13266666666666665	0.118	0.10466666666666667	0.13466666666666666	0.12733333333333333	0.11133333333333334	0.10333333333333333	0.10733333333333334	0.10733333333333334	0.11466666666666667	0.09933333333333333	0.08933333333333333	0.09266666666666666	0.106	0.10533333333333333	0.08266666666666667	0.09066666666666667	0.09133333333333334	0.08533333333333333	0.09066666666666667	0.08733333333333333	0.10133333333333333	0.084	0.09	0.082	0.08866666666666667	0.072	0.064	0.068	0.059333333333333335	0.06266666666666666	0.056666666666666664	0.050666666666666665	0.05533333333333333	0.050666666666666665	0.043333333333333335	0.05333333333333334	0.04666666666666667	0.043333333333333335	0.04733333333333333	0.04933333333333333	0.037333333333333336	0.044	0.03666666666666667	0.037333333333333336	0.042	0.04	0.034	0.035333333333333335	0.03133333333333333	0.022	0.030666666666666665	
0.32666666666666666	0.364	0.318	0.31666666666666665	0.31933333333333336	0.29	0.288	0.2793333333333333	0.266	0.28733333333333333	0.298	0.268	0.2833333333333333	0.2673333333333333	0.25133333333333335	0.23666666666666666	0.276	0.22066666666666668	0.25333333333333335	0.23866666666666667	0.23066666666666666	0.2	0.228	0.224	0.19333333333333333	0.228	0.228	0.20333333333333334	0.21533333333333332	0.19466666666666665	0.18866666666666668	0.19	0.17666666666666667	0.18533333333333332	0.17533333333333334	0.172	0.17266666666666666	0.15266666666666667	0.16466666666666666	0.186	0.13866666666666666	0.13466666666666666	0.158	0.14866666666666667	0.15333333333333332	0.12933333333333333	0.13733333333333334	0.15733333333333333	0.13733333333333334	0.12866666666666668	0.11333333333333333	0.12733333333333333	0.12333333333333334	0.11333333333333333	0.114	0.11066666666666666	0.10666666666666667	0.118	0.10533333333333333	0.082	0.09466666666666666	0.106	0.08866666666666667	0.09266666666666666	0.09066666666666667	0.088	0.08266666666666667	0.088	0.08	0.078	0.08	0.07933333333333334	0.076	0.066	0.07466666666666667	0.07266666666666667	0.074	0.06466666666666666	0.056	0.06066666666666667	0.056666666666666664	0.05733333333333333	0.05733333333333333	0.04933333333333333	0.05466666666666667	0.04933333333333333	0.046	0.042666666666666665	0.044	0.035333333333333335	0.04	0.034666666666666665	0.028666666666666667	0.036	0.032	0.028	0.032	0.02666666666666667	0.034	
0.342	0.33266666666666667	0.3293333333333333	0.32266666666666666	0.322	0.314	0.296	0.31533333333333335	0.29	0.318	0.278	0.2886666666666667	0.25266666666666665	0.236	0.262	0.25733333333333336	0.24133333333333334	0.23	0.23466666666666666	0.24066666666666667	0.234	0.24466666666666667	0.22466666666666665	0.24266666666666667	0.21666666666666667	0.212	0.224	0.196	0.20733333333333334	0.17066666666666666	0.18266666666666667	0.18466666666666667	0.16866666666666666	0.18133333333333335	0.16466666666666666	0.186	0.15533333333333332	0.18133333333333335	0.15533333333333332	0.15733333333333333	0.14466666666666667	0.162	0.16466666666666666	0.14333333333333334	0.13666666666666666	0.136	0.134	0.12866666666666668	0.12533333333333332	0.11933333333333333	0.128	0.118	0.12533333333333332	0.10933333333333334	0.10733333333333334	0.10933333333333334	0.1	0.09866666666666667	0.116	0.09666666666666666	0.09466666666666666	0.09066666666666667	0.09333333333333334	0.08533333333333333	0.10666666666666667	0.088	0.076	0.07933333333333334	0.08066666666666666	0.09133333333333334	0.06933333333333333	0.086	0.07133333333333333	0.08133333333333333	0.06933333333333333	0.06733333333333333	0.07	0.062	0.06666666666666667	0.06	0.06	0.056666666666666664	0.064	0.050666666666666665	0.04533333333333334	0.048666666666666664	0.042	0.050666666666666665	0.048	0.044	0.04133333333333333	0.029333333333333333	0.048	0.037333333333333336	0.029333333333333333	0.03333333333333333	0.03933333333333333	0.03266666666666666	0.03266666666666666	
0.354	0.338	0.336	0.328	0.306	0.30533333333333335	0.31	0.30333333333333334	0.314	0.29	0.29733333333333334	0.2866666666666667	0.2846666666666667	0.2773333333333333	0.282	0.24333333333333335	0.26	0.24466666666666667	0.252	0.222	0.23333333333333334	0.24666666666666667	0.23666666666666666	0.25066666666666665	0.20933333333333334	0.20466666666666666	0.22	0.23	0.20666666666666667	0.19466666666666665	0.18733333333333332	0.19133333333333333	0.19866666666666666	0.16733333333333333	0.18	0.18466666666666667	0.15933333333333333	0.174	0.16933333333333334	0.17533333333333334	0.15	0.14866666666666667	0.15666666666666668	0.148	0.144	0.156	0.15133333333333332	0.134	0.13933333333333334	0.12266666666666666	0.11133333333333334	0.13933333333333334	0.12533333333333332	0.13533333333333333	0.12333333333333334	0.11333333333333333	0.11333333333333333	0.11133333333333334	0.11533333333333333	0.108	0.09666666666666666	0.08533333333333333	0.08733333333333333	0.098	0.09533333333333334	0.08866666666666667	0.09466666666666666	0.082	0.08733333333333333	0.066	0.07066666666666667	0.07266666666666667	0.08333333333333333	0.06666666666666667	0.05533333333333333	0.06933333333333333	0.06133333333333333	0.08066666666666666	0.06533333333333333	0.056666666666666664	0.06533333333333333	0.059333333333333335	0.05	0.064	0.04933333333333333	0.04533333333333334	0.04466666666666667	0.04066666666666666	0.03866666666666667	0.043333333333333335	0.03666666666666667	0.03266666666666666	0.03933333333333333	0.03933333333333333	0.037333333333333336	0.03333333333333333	0.04066666666666666	0.028666666666666667	0.023333333333333334	
0.3393333333333333	0.3273333333333333	0.328	0.32466666666666666	0.31266666666666665	0.3313333333333333	0.31266666666666665	0.2693333333333333	0.2833333333333333	0.314	0.27666666666666667	0.2813333333333333	0.2906666666666667	0.2966666666666667	0.25533333333333336	0.25933333333333336	0.25533333333333336	0.25333333333333335	0.248	0.23533333333333334	0.23466666666666666	0.21733333333333332	0.21733333333333332	0.22133333333333333	0.24333333333333335	0.22133333333333333	0.19133333333333333	0.20933333333333334	0.19866666666666666	0.214	0.188	0.18733333333333332	0.174	0.18066666666666667	0.19066666666666668	0.16866666666666666	0.146	0.16533333333333333	0.17333333333333334	0.16333333333333333	0.15066666666666667	0.14533333333333334	0.14333333333333334	0.132	0.14066666666666666	0.14933333333333335	0.132	0.12066666666666667	0.144	0.13266666666666665	0.11666666666666667	0.12333333333333334	0.122	0.09666666666666666	0.12133333333333333	0.11466666666666667	0.09933333333333333	0.10466666666666667	0.11	0.09866666666666667	0.10933333333333334	0.07666666666666666	0.10066666666666667	0.08266666666666667	0.088	0.078	0.08	0.088	0.08466666666666667	0.08333333333333333	0.062	0.08333333333333333	0.06266666666666666	0.066	0.06133333333333333	0.07066666666666667	0.07	0.050666666666666665	0.059333333333333335	0.06333333333333334	0.06266666666666666	0.06266666666666666	0.051333333333333335	0.052	0.051333333333333335	0.05333333333333334	0.056	0.036	0.03333333333333333	0.05333333333333334	0.02666666666666667	0.034666666666666665	0.04733333333333333	0.030666666666666665	0.036	0.03666666666666667	0.03333333333333333	0.035333333333333335	0.032	
0.352	0.3413333333333333	0.326	0.314	0.32266666666666666	0.32266666666666666	0.314	0.29933333333333334	0.292	0.2793333333333333	0.276	0.2613333333333333	0.2813333333333333	0.2886666666666667	0.25466666666666665	0.24	0.25	0.2673333333333333	0.23866666666666667	0.22	0.25	0.22533333333333333	0.22333333333333333	0.198	0.20733333333333334	0.22266666666666668	0.206	0.182	0.19666666666666666	0.17666666666666667	0.19066666666666668	0.166	0.192	0.17866666666666667	0.206	0.16466666666666666	0.15333333333333332	0.18466666666666667	0.17	0.16066666666666668	0.14733333333333334	0.152	0.144	0.13533333333333333	0.14533333333333334	0.14066666666666666	0.148	0.14066666666666666	0.108	0.146	0.128	0.12866666666666668	0.134	0.12466666666666666	0.11933333333333333	0.09933333333333333	0.10266666666666667	0.10133333333333333	0.106	0.12066666666666667	0.10133333333333333	0.092	0.08666666666666667	0.09133333333333334	0.08733333333333333	0.08066666666666666	0.08	0.07266666666666667	0.07933333333333334	0.07266666666666667	0.07	0.07733333333333334	0.07466666666666667	0.07266666666666667	0.07866666666666666	0.06266666666666666	0.07	0.068	0.056	0.058666666666666666	0.058	0.04733333333333333	0.06466666666666666	0.06133333333333333	0.044	0.05533333333333333	0.042	0.027333333333333334	0.05333333333333334	0.04466666666666667	0.035333333333333335	0.036	0.038	0.03266666666666666	0.03	0.032	0.032	0.03266666666666666	0.026	
0.3406666666666667	0.326	0.326	0.33	0.3433333333333333	0.32	0.2946666666666667	0.30933333333333335	0.296	0.2986666666666667	0.29333333333333333	0.276	0.2733333333333333	0.276	0.25466666666666665	0.25733333333333336	0.27066666666666667	0.24466666666666667	0.2653333333333333	0.22333333333333333	0.23066666666666666	0.23533333333333334	0.21933333333333332	0.21533333333333332	0.21533333333333332	0.22733333333333333	0.21266666666666667	0.214	0.19	0.20866666666666667	0.19133333333333333	0.18933333333333333	0.18933333333333333	0.17466666666666666	0.17266666666666666	0.18133333333333335	0.15933333333333333	0.17266666666666666	0.174	0.15133333333333332	0.152	0.15933333333333333	0.14866666666666667	0.152	0.14866666666666667	0.144	0.132	0.128	0.12066666666666667	0.136	0.10466666666666667	0.12	0.11533333333333333	0.114	0.12333333333333334	0.10466666666666667	0.104	0.12466666666666666	0.096	0.10666666666666667	0.11	0.102	0.088	0.09133333333333334	0.096	0.09133333333333334	0.1	0.078	0.08866666666666667	0.072	0.09	0.074	0.07466666666666667	0.058	0.07333333333333333	0.064	0.06733333333333333	0.06666666666666667	0.058666666666666666	0.05533333333333333	0.06133333333333333	0.050666666666666665	0.048	0.051333333333333335	0.051333333333333335	0.051333333333333335	0.050666666666666665	0.04933333333333333	0.05	0.052	0.042666666666666665	0.034	0.04066666666666666	0.038	0.04066666666666666	0.02666666666666667	0.03	0.028666666666666667	0.032	
0.352	0.346	0.3626666666666667	0.332	0.32466666666666666	0.30133333333333334	0.324	0.2813333333333333	0.2773333333333333	0.2853333333333333	0.2833333333333333	0.26466666666666666	0.26266666666666666	0.24266666666666667	0.24066666666666667	0.25133333333333335	0.26	0.23	0.23933333333333334	0.21933333333333332	0.21666666666666667	0.244	0.24	0.22266666666666668	0.202	0.21333333333333335	0.19733333333333333	0.206	0.18066666666666667	0.18866666666666668	0.19666666666666666	0.202	0.19866666666666666	0.164	0.16466666666666666	0.17533333333333334	0.164	0.154	0.17133333333333334	0.166	0.146	0.14866666666666667	0.154	0.15333333333333332	0.13533333333333333	0.14466666666666667	0.14933333333333335	0.11933333333333333	0.148	0.12133333333333333	0.14066666666666666	0.13933333333333334	0.122	0.122	0.102	0.096	0.11066666666666666	0.10866666666666666	0.114	0.108	0.09933333333333333	0.10333333333333333	0.084	0.07733333333333334	0.09866666666666667	0.06666666666666667	0.09266666666666666	0.09333333333333334	0.08	0.07	0.07733333333333334	0.06866666666666667	0.07933333333333334	0.06533333333333333	0.06733333333333333	0.06	0.050666666666666665	0.062	0.056666666666666664	0.07733333333333334	0.062	0.06333333333333334	0.04733333333333333	0.050666666666666665	0.05	0.04533333333333334	0.042666666666666665	0.05	0.03666666666666667	0.042	0.052	0.03933333333333333	0.04533333333333334	0.043333333333333335	0.03666666666666667	0.036	0.03666666666666667	0.036	0.032	
0.34933333333333333	0.318	0.352	0.34	0.302	0.30266666666666664	0.29533333333333334	0.29333333333333333	0.304	0.2813333333333333	0.2946666666666667	0.26466666666666666	0.2853333333333333	0.252	0.268	0.23866666666666667	0.25666666666666665	0.22666666666666666	0.25333333333333335	0.22533333333333333	0.23733333333333334	0.21466666666666667	0.246	0.218	0.21066666666666667	0.212	0.20533333333333334	0.188	0.204	0.19933333333333333	0.20133333333333334	0.194	0.172	0.17333333333333334	0.17533333333333334	0.18266666666666667	0.17333333333333334	0.16533333333333333	0.17466666666666666	0.17533333333333334	0.14933333333333335	0.17066666666666666	0.14933333333333335	0.158	0.13333333333333333	0.12733333333333333	0.14733333333333334	0.14066666666666666	0.09866666666666667	0.12266666666666666	0.14733333333333334	0.12333333333333334	0.126	0.11466666666666667	0.098	0.118	0.10866666666666666	0.11533333333333333	0.102	0.108	0.10133333333333333	0.11066666666666666	0.07933333333333334	0.096	0.088	0.082	0.08666666666666667	0.07533333333333334	0.08866666666666667	0.09066666666666667	0.08533333333333333	0.07133333333333333	0.086	0.074	0.078	0.066	0.068	0.062	0.06266666666666666	0.059333333333333335	0.048666666666666664	0.052	0.048	0.051333333333333335	0.056	0.042	0.04533333333333334	0.044	0.035333333333333335	0.03866666666666667	0.046	0.043333333333333335	0.04066666666666666	0.037333333333333336	0.032	0.030666666666666665	0.028	0.038	0.02666666666666667	
0.3406666666666667	0.364	0.3233333333333333	0.3293333333333333	0.30466666666666664	0.31866666666666665	0.2966666666666667	0.2713333333333333	0.3006666666666667	0.2826666666666667	0.2673333333333333	0.264	0.284	0.262	0.24933333333333332	0.23266666666666666	0.25666666666666665	0.256	0.248	0.23733333333333334	0.224	0.22266666666666668	0.22866666666666666	0.20466666666666666	0.204	0.18533333333333332	0.20533333333333334	0.18533333333333332	0.20933333333333334	0.184	0.18066666666666667	0.194	0.186	0.196	0.164	0.15333333333333332	0.20133333333333334	0.16933333333333334	0.15666666666666668	0.15466666666666667	0.156	0.15666666666666668	0.16666666666666666	0.152	0.14066666666666666	0.14133333333333334	0.12	0.11266666666666666	0.13733333333333334	0.12333333333333334	0.12333333333333334	0.10666666666666667	0.12333333333333334	0.10066666666666667	0.11133333333333334	0.09333333333333334	0.138	0.09266666666666666	0.11466666666666667	0.096	0.10333333333333333	0.084	0.07666666666666666	0.08933333333333333	0.09333333333333334	0.08933333333333333	0.08866666666666667	0.07333333333333333	0.08466666666666667	0.07533333333333334	0.08533333333333333	0.078	0.07733333333333334	0.074	0.07333333333333333	0.07133333333333333	0.062	0.059333333333333335	0.06333333333333334	0.058666666666666666	0.05	0.05266666666666667	0.052	0.048	0.042	0.04466666666666667	0.05333333333333334	0.042666666666666665	0.04466666666666667	0.03933333333333333	0.04466666666666667	0.04133333333333333	0.042	0.032	0.036	0.030666666666666665	0.028666666666666667	0.03	0.034	
0.35333333333333333	0.33666666666666667	0.332	0.326	0.32466666666666666	0.33066666666666666	0.2946666666666667	0.266	0.31133333333333335	0.266	0.288	0.2773333333333333	0.30133333333333334	0.27	0.274	0.25533333333333336	0.234	0.24266666666666667	0.23866666666666667	0.228	0.238	0.224	0.228	0.22733333333333333	0.214	0.20333333333333334	0.18733333333333332	0.21	0.20066666666666666	0.19866666666666666	0.20533333333333334	0.186	0.17933333333333334	0.17333333333333334	0.152	0.18733333333333332	0.15866666666666668	0.156	0.17666666666666667	0.13533333333333333	0.13733333333333334	0.132	0.15666666666666668	0.13666666666666666	0.15066666666666667	0.14533333333333334	0.12733333333333333	0.14266666666666666	0.10733333333333334	0.13933333333333334	0.124	0.12733333333333333	0.13466666666666666	0.12	0.124	0.11	0.106	0.10933333333333334	0.088	0.10066666666666667	0.094	0.106	0.10533333333333333	0.07933333333333334	0.08133333333333333	0.08533333333333333	0.086	0.09266666666666666	0.074	0.07933333333333334	0.09266666666666666	0.072	0.066	0.08666666666666667	0.06266666666666666	0.06533333333333333	0.06933333333333333	0.058666666666666666	0.06533333333333333	0.062	0.04133333333333333	0.058	0.048	0.058	0.046	0.054	0.04733333333333333	0.04933333333333333	0.036	0.04133333333333333	0.042	0.036	0.034666666666666665	0.050666666666666665	0.030666666666666665	0.037333333333333336	0.029333333333333333	0.03	0.034	
0.36133333333333334	0.3353333333333333	0.28733333333333333	0.30266666666666664	0.31333333333333335	0.302	0.32	0.30466666666666664	0.2886666666666667	0.2633333333333333	0.262	0.2773333333333333	0.266	0.23733333333333334	0.2633333333333333	0.252	0.26266666666666666	0.22666666666666666	0.238	0.24666666666666667	0.238	0.21466666666666667	0.228	0.21666666666666667	0.21	0.218	0.22333333333333333	0.20866666666666667	0.19533333333333333	0.18333333333333332	0.19	0.206	0.16266666666666665	0.186	0.16	0.18666666666666668	0.17533333333333334	0.15466666666666667	0.15933333333333333	0.14733333333333334	0.14066666666666666	0.16466666666666666	0.14	0.14666666666666667	0.14133333333333334	0.14466666666666667	0.12133333333333333	0.12866666666666668	0.12333333333333334	0.11666666666666667	0.12066666666666667	0.11	0.122	0.10533333333333333	0.11733333333333333	0.11533333333333333	0.11666666666666667	0.10866666666666666	0.09533333333333334	0.10066666666666667	0.11066666666666666	0.09666666666666666	0.09866666666666667	0.09266666666666666	0.09266666666666666	0.08866666666666667	0.07933333333333334	0.07133333333333333	0.09266666666666666	0.08266666666666667	0.07066666666666667	0.07933333333333334	0.06933333333333333	0.06733333333333333	0.084	0.07533333333333334	0.06133333333333333	0.06933333333333333	0.06333333333333334	0.05	0.06466666666666666	0.056	0.056666666666666664	0.056	0.058666666666666666	0.04133333333333333	0.03933333333333333	0.05	0.042	0.036	0.042	0.04533333333333334	0.04666666666666667	0.05	0.034666666666666665	0.037333333333333336	0.03666666666666667	0.034	0.030666666666666665	
0.3413333333333333	0.3273333333333333	0.328	0.3446666666666667	0.2966666666666667	0.318	0.304	0.29333333333333333	0.2773333333333333	0.262	0.24666666666666667	0.2866666666666667	0.282	0.25866666666666666	0.25	0.25066666666666665	0.248	0.24466666666666667	0.25533333333333336	0.23866666666666667	0.22533333333333333	0.218	0.22066666666666668	0.198	0.22733333333333333	0.178	0.20666666666666667	0.20266666666666666	0.202	0.202	0.194	0.18466666666666667	0.18	0.178	0.15866666666666668	0.18333333333333332	0.176	0.172	0.162	0.15466666666666667	0.152	0.152	0.146	0.146	0.14733333333333334	0.14533333333333334	0.13866666666666666	0.13866666666666666	0.138	0.124	0.136	0.13066666666666665	0.11666666666666667	0.12066666666666667	0.09733333333333333	0.12066666666666667	0.10866666666666666	0.10533333333333333	0.09	0.102	0.10466666666666667	0.10266666666666667	0.088	0.08866666666666667	0.086	0.07666666666666666	0.09133333333333334	0.08666666666666667	0.07733333333333334	0.08133333333333333	0.08066666666666666	0.07866666666666666	0.06933333333333333	0.06466666666666666	0.062	0.06266666666666666	0.068	0.05266666666666667	0.05533333333333333	0.06133333333333333	0.066	0.056666666666666664	0.048666666666666664	0.054	0.04733333333333333	0.05533333333333333	0.04666666666666667	0.043333333333333335	0.036	0.04	0.042666666666666665	0.044	0.052	0.03133333333333333	0.03133333333333333	0.029333333333333333	0.028	0.034666666666666665	0.029333333333333333	
0.36333333333333334	0.312	0.32866666666666666	0.3	0.2886666666666667	0.294	0.3006666666666667	0.29	0.278	0.288	0.27666666666666667	0.262	0.26266666666666666	0.25	0.26666666666666666	0.264	0.24733333333333332	0.22733333333333333	0.24733333333333332	0.24	0.22866666666666666	0.216	0.20866666666666667	0.22066666666666668	0.21466666666666667	0.21333333333333335	0.18733333333333332	0.22	0.2	0.194	0.18266666666666667	0.18733333333333332	0.18	0.176	0.17933333333333334	0.17466666666666666	0.17666666666666667	0.162	0.17333333333333334	0.16266666666666665	0.14266666666666666	0.13533333333333333	0.136	0.14666666666666667	0.12533333333333332	0.14	0.13466666666666666	0.13733333333333334	0.14266666666666666	0.13	0.12666666666666668	0.13133333333333333	0.09933333333333333	0.128	0.11	0.112	0.12066666666666667	0.12066666666666667	0.09333333333333334	0.102	0.08933333333333333	0.09266666666666666	0.09466666666666666	0.098	0.09133333333333334	0.074	0.08533333333333333	0.08733333333333333	0.09133333333333334	0.06	0.06466666666666666	0.08	0.08333333333333333	0.07866666666666666	0.07066666666666667	0.06933333333333333	0.068	0.06066666666666667	0.04466666666666667	0.05733333333333333	0.054	0.058666666666666666	0.05266666666666667	0.056	0.052	0.03333333333333333	0.04466666666666667	0.05	0.044	0.03133333333333333	0.030666666666666665	0.048	0.03933333333333333	0.034666666666666665	0.04	0.037333333333333336	0.026	0.03	0.03266666666666666	
0.344	0.3473333333333333	0.30666666666666664	0.332	0.3313333333333333	0.28933333333333333	0.288	0.3273333333333333	0.29	0.26666666666666666	0.27066666666666667	0.2793333333333333	0.26866666666666666	0.25533333333333336	0.23466666666666666	0.24733333333333332	0.25066666666666665	0.24333333333333335	0.23266666666666666	0.22933333333333333	0.22066666666666668	0.22066666666666668	0.2613333333333333	0.218	0.21466666666666667	0.20533333333333334	0.20666666666666667	0.216	0.19733333333333333	0.17533333333333334	0.18266666666666667	0.17133333333333334	0.18933333333333333	0.182	0.16333333333333333	0.168	0.17666666666666667	0.158	0.15733333333333333	0.17666666666666667	0.14933333333333335	0.17	0.15666666666666668	0.12466666666666666	0.15333333333333332	0.13733333333333334	0.11933333333333333	0.14066666666666666	0.11533333333333333	0.12	0.12933333333333333	0.11666666666666667	0.11066666666666666	0.11866666666666667	0.10333333333333333	0.11466666666666667	0.112	0.11333333333333333	0.10066666666666667	0.08533333333333333	0.1	0.08533333333333333	0.08933333333333333	0.08333333333333333	0.08	0.07866666666666666	0.09533333333333334	0.08933333333333333	0.08466666666666667	0.064	0.07866666666666666	0.07066666666666667	0.07533333333333334	0.059333333333333335	0.062	0.07133333333333333	0.062	0.054	0.06333333333333334	0.058666666666666666	0.048666666666666664	0.05533333333333333	0.048666666666666664	0.058	0.04933333333333333	0.046	0.04466666666666667	0.046	0.04	0.04533333333333334	0.036	0.04466666666666667	0.03133333333333333	0.029333333333333333	0.03266666666666666	0.03666666666666667	0.038	0.037333333333333336	0.036	
0.3453333333333333	0.3393333333333333	0.304	0.32466666666666666	0.3233333333333333	0.30666666666666664	0.30266666666666664	0.31933333333333336	0.29333333333333333	0.2866666666666667	0.26866666666666666	0.25466666666666665	0.282	0.25466666666666665	0.2753333333333333	0.262	0.254	0.2793333333333333	0.25133333333333335	0.21	0.22333333333333333	0.24133333333333334	0.22466666666666665	0.204	0.21933333333333332	0.226	0.186	0.18266666666666667	0.19266666666666668	0.196	0.19533333333333333	0.18933333333333333	0.19133333333333333	0.186	0.196	0.17933333333333334	0.18533333333333332	0.134	0.16533333333333333	0.15666666666666668	0.15	0.14266666666666666	0.158	0.13933333333333334	0.148	0.146	0.13	0.15333333333333332	0.118	0.14133333333333334	0.11933333333333333	0.12533333333333332	0.11133333333333334	0.118	0.11	0.11333333333333333	0.11066666666666666	0.09133333333333334	0.10933333333333334	0.088	0.092	0.08333333333333333	0.10733333333333334	0.09133333333333334	0.08533333333333333	0.08866666666666667	0.096	0.09	0.07266666666666667	0.07	0.07533333333333334	0.07266666666666667	0.06466666666666666	0.07533333333333334	0.07266666666666667	0.06666666666666667	0.06933333333333333	0.066	0.07133333333333333	0.054	0.06133333333333333	0.064	0.06	0.05733333333333333	0.04666666666666667	0.038	0.04666666666666667	0.04	0.042666666666666665	0.048666666666666664	0.04533333333333334	0.048	0.03866666666666667	0.035333333333333335	0.03266666666666666	0.032	0.028	0.028666666666666667	0.034666666666666665	
0.352	0.32866666666666666	0.35533333333333333	0.3293333333333333	0.32666666666666666	0.3273333333333333	0.29933333333333334	0.2986666666666667	0.2866666666666667	0.29933333333333334	0.3	0.2833333333333333	0.25733333333333336	0.26666666666666666	0.262	0.2633333333333333	0.24933333333333332	0.23666666666666666	0.24133333333333334	0.216	0.236	0.20933333333333334	0.23266666666666666	0.21	0.23666666666666666	0.19066666666666668	0.20533333333333334	0.194	0.2	0.18266666666666667	0.20333333333333334	0.18733333333333332	0.18466666666666667	0.178	0.198	0.16266666666666665	0.16333333333333333	0.146	0.15466666666666667	0.16466666666666666	0.17133333333333334	0.164	0.17133333333333334	0.158	0.13533333333333333	0.13066666666666665	0.124	0.13533333333333333	0.13933333333333334	0.12733333333333333	0.12	0.10533333333333333	0.122	0.11733333333333333	0.098	0.12	0.11066666666666666	0.11	0.09866666666666667	0.09466666666666666	0.12266666666666666	0.09466666666666666	0.1	0.098	0.08266666666666667	0.09466666666666666	0.08733333333333333	0.07533333333333334	0.08133333333333333	0.09	0.07466666666666667	0.07733333333333334	0.07533333333333334	0.07133333333333333	0.06866666666666667	0.07066666666666667	0.072	0.07266666666666667	0.05266666666666667	0.06266666666666666	0.05466666666666667	0.05266666666666667	0.054	0.04533333333333334	0.050666666666666665	0.04466666666666667	0.043333333333333335	0.04	0.04733333333333333	0.04133333333333333	0.044	0.04466666666666667	0.029333333333333333	0.038	0.03333333333333333	0.034	0.028	0.03	0.03	
0.35333333333333333	0.3473333333333333	0.30866666666666664	0.30666666666666664	0.2986666666666667	0.31733333333333336	0.30333333333333334	0.2926666666666667	0.2826666666666667	0.29933333333333334	0.2793333333333333	0.284	0.256	0.26666666666666666	0.24533333333333332	0.25933333333333336	0.23333333333333334	0.23466666666666666	0.23933333333333334	0.254	0.236	0.21666666666666667	0.22666666666666666	0.18666666666666668	0.20733333333333334	0.21133333333333335	0.18866666666666668	0.228	0.206	0.188	0.18733333333333332	0.18266666666666667	0.184	0.18466666666666667	0.168	0.16733333333333333	0.15666666666666668	0.16666666666666666	0.16533333333333333	0.14133333333333334	0.16	0.16333333333333333	0.136	0.12933333333333333	0.14533333333333334	0.14533333333333334	0.13533333333333333	0.128	0.12266666666666666	0.12933333333333333	0.11933333333333333	0.12266666666666666	0.116	0.12133333333333333	0.11133333333333334	0.12	0.09333333333333334	0.09133333333333334	0.112	0.09666666666666666	0.102	0.094	0.08066666666666666	0.10533333333333333	0.09133333333333334	0.08266666666666667	0.07533333333333334	0.08933333333333333	0.07466666666666667	0.07133333333333333	0.07133333333333333	0.074	0.082	0.06866666666666667	0.08066666666666666	0.059333333333333335	0.06333333333333334	0.07066666666666667	0.07133333333333333	0.06	0.05533333333333333	0.05333333333333334	0.056666666666666664	0.05466666666666667	0.054	0.048666666666666664	0.03666666666666667	0.044	0.048	0.04466666666666667	0.036	0.046	0.034	0.03933333333333333	0.03666666666666667	0.030666666666666665	0.028	0.024666666666666667	0.026	
0.3506666666666667	0.336	0.338	0.31666666666666665	0.338	0.30266666666666664	0.2986666666666667	0.30666666666666664	0.2846666666666667	0.2613333333333333	0.26466666666666666	0.2653333333333333	0.3006666666666667	0.23933333333333334	0.25533333333333336	0.25466666666666665	0.22533333333333333	0.238	0.23933333333333334	0.23933333333333334	0.22933333333333333	0.22066666666666668	0.24666666666666667	0.21333333333333335	0.22733333333333333	0.2	0.19466666666666665	0.19466666666666665	0.19266666666666668	0.186	0.19	0.186	0.16866666666666666	0.19666666666666666	0.16733333333333333	0.16066666666666668	0.15466666666666667	0.162	0.168	0.174	0.146	0.144	0.16	0.15066666666666667	0.14666666666666667	0.134	0.13266666666666665	0.11866666666666667	0.13133333333333333	0.11533333333333333	0.12133333333333333	0.10866666666666666	0.11266666666666666	0.12533333333333332	0.09866666666666667	0.10266666666666667	0.10733333333333334	0.11466666666666667	0.09533333333333334	0.102	0.10533333333333333	0.08333333333333333	0.092	0.1	0.09333333333333334	0.078	0.08666666666666667	0.07266666666666667	0.104	0.074	0.07866666666666666	0.07133333333333333	0.078	0.072	0.07266666666666667	0.07066666666666667	0.05266666666666667	0.06466666666666666	0.06066666666666667	0.052	0.04733333333333333	0.05333333333333334	0.04466666666666667	0.052	0.04466666666666667	0.043333333333333335	0.04533333333333334	0.050666666666666665	0.046	0.04133333333333333	0.032	0.04533333333333334	0.04133333333333333	0.04066666666666666	0.04	0.024666666666666667	0.028666666666666667	0.042	0.032	
0.3406666666666667	0.3353333333333333	0.30733333333333335	0.3253333333333333	0.322	0.30466666666666664	0.31733333333333336	0.314	0.2833333333333333	0.29933333333333334	0.30266666666666664	0.2793333333333333	0.2733333333333333	0.26	0.2613333333333333	0.2786666666666667	0.276	0.26466666666666666	0.218	0.21866666666666668	0.23533333333333334	0.24	0.21733333333333332	0.214	0.20466666666666666	0.19466666666666665	0.20666666666666667	0.216	0.18933333333333333	0.18	0.20733333333333334	0.17133333333333334	0.19533333333333333	0.17	0.188	0.176	0.17333333333333334	0.15533333333333332	0.158	0.16266666666666665	0.172	0.13466666666666666	0.134	0.14133333333333334	0.14133333333333334	0.12133333333333333	0.13533333333333333	0.13866666666666666	0.12666666666666668	0.118	0.12933333333333333	0.126	0.12266666666666666	0.122	0.11466666666666667	0.10933333333333334	0.10266666666666667	0.11733333333333333	0.086	0.106	0.098	0.09066666666666667	0.09333333333333334	0.098	0.09733333333333333	0.07533333333333334	0.08266666666666667	0.092	0.07933333333333334	0.078	0.08733333333333333	0.07866666666666666	0.07466666666666667	0.06533333333333333	0.058	0.06133333333333333	0.062	0.059333333333333335	0.054	0.059333333333333335	0.062	0.04933333333333333	0.06	0.056666666666666664	0.052	0.04133333333333333	0.04666666666666667	0.05	0.044	0.04466666666666667	0.03666666666666667	0.03866666666666667	0.04133333333333333	0.037333333333333336	0.04133333333333333	0.035333333333333335	0.034	0.035333333333333335	0.036	
0.32866666666666666	0.3313333333333333	0.314	0.326	0.334	0.31133333333333335	0.29133333333333333	0.31466666666666665	0.29133333333333333	0.31066666666666665	0.294	0.27066666666666667	0.2813333333333333	0.256	0.248	0.27066666666666667	0.25266666666666665	0.24933333333333332	0.246	0.21866666666666668	0.22733333333333333	0.21266666666666667	0.202	0.22533333333333333	0.2	0.20733333333333334	0.184	0.198	0.20666666666666667	0.21133333333333335	0.19933333333333333	0.184	0.186	0.18533333333333332	0.16866666666666666	0.18666666666666668	0.14666666666666667	0.15533333333333332	0.16066666666666668	0.14933333333333335	0.17066666666666666	0.154	0.16666666666666666	0.158	0.16933333333333334	0.13866666666666666	0.12466666666666666	0.14066666666666666	0.138	0.134	0.14066666666666666	0.12066666666666667	0.11066666666666666	0.11866666666666667	0.10333333333333333	0.124	0.092	0.112	0.094	0.10933333333333334	0.09866666666666667	0.09066666666666667	0.08	0.09133333333333334	0.08466666666666667	0.09333333333333334	0.07533333333333334	0.074	0.084	0.07933333333333334	0.088	0.06933333333333333	0.07066666666666667	0.06133333333333333	0.068	0.06666666666666667	0.066	0.056	0.05733333333333333	0.06333333333333334	0.056666666666666664	0.05	0.050666666666666665	0.048666666666666664	0.054	0.04466666666666667	0.05333333333333334	0.048	0.048666666666666664	0.036	0.038	0.030666666666666665	0.04133333333333333	0.038	0.021333333333333333	0.036	0.028666666666666667	0.03666666666666667	0.028666666666666667	
0.36466666666666664	0.31933333333333336	0.32133333333333336	0.33466666666666667	0.3293333333333333	0.2986666666666667	0.29333333333333333	0.30666666666666664	0.282	0.2793333333333333	0.25533333333333336	0.27	0.29533333333333334	0.25866666666666666	0.268	0.25133333333333335	0.25666666666666665	0.23133333333333334	0.23533333333333334	0.218	0.23266666666666666	0.22533333333333333	0.22	0.218	0.186	0.212	0.21	0.18733333333333332	0.186	0.154	0.198	0.186	0.18266666666666667	0.17866666666666667	0.15533333333333332	0.16066666666666668	0.15866666666666668	0.188	0.142	0.16933333333333334	0.16266666666666665	0.158	0.15466666666666667	0.124	0.14466666666666667	0.13666666666666666	0.13733333333333334	0.142	0.14066666666666666	0.13133333333333333	0.12533333333333332	0.12666666666666668	0.118	0.11333333333333333	0.10466666666666667	0.11533333333333333	0.10466666666666667	0.108	0.09	0.09933333333333333	0.09866666666666667	0.09733333333333333	0.07333333333333333	0.08866666666666667	0.08733333333333333	0.098	0.08466666666666667	0.078	0.08266666666666667	0.08333333333333333	0.074	0.07666666666666666	0.06733333333333333	0.07	0.056	0.058666666666666666	0.06	0.06533333333333333	0.059333333333333335	0.05333333333333334	0.044	0.05	0.05	0.06133333333333333	0.046	0.04933333333333333	0.04466666666666667	0.035333333333333335	0.04733333333333333	0.037333333333333336	0.046	0.04066666666666666	0.043333333333333335	0.035333333333333335	0.035333333333333335	0.035333333333333335	0.03333333333333333	0.025333333333333333	0.030666666666666665	
0.32	0.30666666666666664	0.32866666666666666	0.33066666666666666	0.2946666666666667	0.3006666666666667	0.2906666666666667	0.2833333333333333	0.2853333333333333	0.284	0.27066666666666667	0.28	0.2613333333333333	0.25733333333333336	0.2713333333333333	0.23666666666666666	0.254	0.22866666666666666	0.22866666666666666	0.24133333333333334	0.23666666666666666	0.22666666666666666	0.222	0.216	0.224	0.21133333333333335	0.20866666666666667	0.19333333333333333	0.20666666666666667	0.18133333333333335	0.18533333333333332	0.18133333333333335	0.17666666666666667	0.18933333333333333	0.17866666666666667	0.16266666666666665	0.14933333333333335	0.15866666666666668	0.15666666666666668	0.15533333333333332	0.15133333333333332	0.15066666666666667	0.15	0.138	0.136	0.13133333333333333	0.14466666666666667	0.14066666666666666	0.12333333333333334	0.116	0.13	0.12066666666666667	0.13066666666666665	0.11733333333333333	0.118	0.10933333333333334	0.10133333333333333	0.11266666666666666	0.10333333333333333	0.09533333333333334	0.09666666666666666	0.08733333333333333	0.09933333333333333	0.106	0.09133333333333334	0.072	0.08266666666666667	0.08933333333333333	0.088	0.06866666666666667	0.06866666666666667	0.08	0.078	0.07333333333333333	0.068	0.07066666666666667	0.06866666666666667	0.06666666666666667	0.076	0.05466666666666667	0.05733333333333333	0.054	0.056	0.050666666666666665	0.04666666666666667	0.04466666666666667	0.04	0.04	0.04133333333333333	0.042	0.042	0.027333333333333334	0.043333333333333335	0.029333333333333333	0.032	0.02666666666666667	0.03666666666666667	0.034	0.024	
0.3453333333333333	0.308	0.3526666666666667	0.30666666666666664	0.308	0.2673333333333333	0.29733333333333334	0.302	0.264	0.2886666666666667	0.29533333333333334	0.2793333333333333	0.2633333333333333	0.26866666666666666	0.25266666666666665	0.24266666666666667	0.23866666666666667	0.244	0.22666666666666666	0.22333333333333333	0.238	0.22333333333333333	0.22333333333333333	0.21466666666666667	0.20933333333333334	0.192	0.17866666666666667	0.17866666666666667	0.19666666666666666	0.198	0.16933333333333334	0.20266666666666666	0.202	0.16866666666666666	0.158	0.18533333333333332	0.18466666666666667	0.17066666666666666	0.16866666666666666	0.15266666666666667	0.16133333333333333	0.14466666666666667	0.12466666666666666	0.14933333333333335	0.13866666666666666	0.132	0.126	0.14333333333333334	0.14333333333333334	0.11866666666666667	0.13066666666666665	0.116	0.13333333333333333	0.10933333333333334	0.10266666666666667	0.098	0.106	0.10066666666666667	0.10333333333333333	0.1	0.108	0.09933333333333333	0.09466666666666666	0.07733333333333334	0.08866666666666667	0.07333333333333333	0.07733333333333334	0.08	0.07533333333333334	0.08133333333333333	0.08733333333333333	0.07733333333333334	0.07333333333333333	0.074	0.06466666666666666	0.06666666666666667	0.06133333333333333	0.068	0.058666666666666666	0.06333333333333334	0.076	0.05533333333333333	0.056	0.04	0.056666666666666664	0.048666666666666664	0.05533333333333333	0.051333333333333335	0.04733333333333333	0.043333333333333335	0.05466666666666667	0.04	0.04	0.034666666666666665	0.03933333333333333	0.030666666666666665	0.036	0.036	0.028666666666666667	
0.33466666666666667	0.33	0.302	0.32466666666666666	0.32266666666666666	0.32466666666666666	0.29	0.29733333333333334	0.29533333333333334	0.2986666666666667	0.278	0.23666666666666666	0.24733333333333332	0.26266666666666666	0.24933333333333332	0.2613333333333333	0.2813333333333333	0.22933333333333333	0.24133333333333334	0.23266666666666666	0.22533333333333333	0.21933333333333332	0.222	0.218	0.22466666666666665	0.206	0.19733333333333333	0.19666666666666666	0.198	0.18266666666666667	0.19133333333333333	0.17333333333333334	0.16466666666666666	0.18	0.17066666666666666	0.16333333333333333	0.16066666666666668	0.17	0.15333333333333332	0.15266666666666667	0.14466666666666667	0.13933333333333334	0.16133333333333333	0.144	0.13266666666666665	0.14266666666666666	0.138	0.11933333333333333	0.14	0.13133333333333333	0.12466666666666666	0.14133333333333334	0.11333333333333333	0.112	0.124	0.11866666666666667	0.116	0.08933333333333333	0.1	0.08933333333333333	0.09466666666666666	0.084	0.08466666666666667	0.09133333333333334	0.078	0.09466666666666666	0.082	0.074	0.086	0.06933333333333333	0.06333333333333334	0.07866666666666666	0.06666666666666667	0.058666666666666666	0.07266666666666667	0.051333333333333335	0.06266666666666666	0.064	0.05266666666666667	0.062	0.056666666666666664	0.06466666666666666	0.06066666666666667	0.054	0.05	0.052	0.04	0.050666666666666665	0.035333333333333335	0.058	0.042666666666666665	0.04133333333333333	0.042666666666666665	0.036	0.036	0.03866666666666667	0.034	0.03333333333333333	0.028	
0.3473333333333333	0.31733333333333336	0.3473333333333333	0.30133333333333334	0.32066666666666666	0.31733333333333336	0.31866666666666665	0.2966666666666667	0.30533333333333335	0.266	0.27	0.282	0.29333333333333333	0.2866666666666667	0.27666666666666667	0.23133333333333334	0.23866666666666667	0.25866666666666666	0.22866666666666666	0.21666666666666667	0.246	0.22933333333333333	0.22	0.22733333333333333	0.20333333333333334	0.21	0.2	0.20066666666666666	0.19866666666666666	0.19466666666666665	0.16466666666666666	0.178	0.194	0.174	0.16466666666666666	0.16266666666666665	0.16933333333333334	0.16533333333333333	0.16	0.14066666666666666	0.14866666666666667	0.13133333333333333	0.156	0.12866666666666668	0.12733333333333333	0.13133333333333333	0.13333333333333333	0.11733333333333333	0.11133333333333334	0.13733333333333334	0.112	0.12466666666666666	0.11733333333333333	0.09933333333333333	0.106	0.112	0.10133333333333333	0.11	0.09866666666666667	0.11266666666666666	0.086	0.09733333333333333	0.10733333333333334	0.09133333333333334	0.084	0.08866666666666667	0.07266666666666667	0.08066666666666666	0.08066666666666666	0.084	0.07866666666666666	0.07533333333333334	0.07066666666666667	0.07	0.06533333333333333	0.062	0.059333333333333335	0.06066666666666667	0.06533333333333333	0.05733333333333333	0.05266666666666667	0.06133333333333333	0.054	0.046	0.048666666666666664	0.038	0.04733333333333333	0.050666666666666665	0.04066666666666666	0.034666666666666665	0.034	0.03866666666666667	0.042	0.037333333333333336	0.04	0.03266666666666666	0.03133333333333333	0.03133333333333333	0.042666666666666665	
0.306	0.352	0.33666666666666667	0.32666666666666666	0.30133333333333334	0.30933333333333335	0.31533333333333335	0.298	0.2786666666666667	0.306	0.2713333333333333	0.2786666666666667	0.252	0.24666666666666667	0.244	0.2693333333333333	0.248	0.236	0.242	0.23466666666666666	0.238	0.22066666666666668	0.22066666666666668	0.21266666666666667	0.21666666666666667	0.19333333333333333	0.20066666666666666	0.20866666666666667	0.188	0.184	0.19666666666666666	0.17866666666666667	0.204	0.16866666666666666	0.17133333333333334	0.194	0.18	0.16866666666666666	0.15266666666666667	0.154	0.15933333333333333	0.14	0.15266666666666667	0.14466666666666667	0.15066666666666667	0.13466666666666666	0.13666666666666666	0.14866666666666667	0.12666666666666668	0.13733333333333334	0.13	0.13	0.13	0.102	0.12133333333333333	0.10733333333333334	0.104	0.104	0.09	0.08866666666666667	0.10933333333333334	0.09066666666666667	0.09466666666666666	0.08933333333333333	0.08933333333333333	0.082	0.09066666666666667	0.07733333333333334	0.08466666666666667	0.06733333333333333	0.074	0.07066666666666667	0.07066666666666667	0.072	0.06733333333333333	0.05333333333333334	0.06133333333333333	0.06666666666666667	0.062	0.05	0.05733333333333333	0.058666666666666666	0.05466666666666667	0.044	0.05466666666666667	0.04533333333333334	0.042666666666666665	0.04733333333333333	0.042	0.04	0.036	0.03933333333333333	0.04466666666666667	0.035333333333333335	0.035333333333333335	0.025333333333333333	0.03	0.026	0.027333333333333334	
0.34	0.3393333333333333	0.316	0.304	0.266	0.304	0.3	0.2773333333333333	0.27066666666666667	0.2826666666666667	0.25466666666666665	0.28933333333333333	0.2673333333333333	0.25733333333333336	0.274	0.25266666666666665	0.26266666666666666	0.22866666666666666	0.224	0.23266666666666666	0.22666666666666666	0.228	0.204	0.206	0.22533333333333333	0.218	0.19333333333333333	0.18933333333333333	0.20533333333333334	0.19866666666666666	0.18533333333333332	0.18133333333333335	0.18066666666666667	0.18333333333333332	0.16666666666666666	0.162	0.152	0.16066666666666668	0.15266666666666667	0.154	0.15533333333333332	0.14933333333333335	0.126	0.13933333333333334	0.16533333333333333	0.14	0.12533333333333332	0.12933333333333333	0.13066666666666665	0.128	0.122	0.12133333333333333	0.124	0.13266666666666665	0.1	0.106	0.1	0.10666666666666667	0.10533333333333333	0.11933333333333333	0.106	0.08066666666666666	0.094	0.108	0.07466666666666667	0.08866666666666667	0.08866666666666667	0.084	0.09466666666666666	0.068	0.084	0.07733333333333334	0.06866666666666667	0.06133333333333333	0.066	0.07	0.06133333333333333	0.06666666666666667	0.06	0.056	0.05266666666666667	0.05266666666666667	0.064	0.058	0.058	0.04466666666666667	0.04066666666666666	0.04533333333333334	0.034666666666666665	0.042666666666666665	0.04466666666666667	0.03933333333333333	0.036	0.034	0.035333333333333335	0.03866666666666667	0.04	0.03333333333333333	0.027333333333333334	
0.33466666666666667	0.3426666666666667	0.336	0.2906666666666667	0.33266666666666667	0.328	0.26266666666666666	0.29133333333333333	0.31	0.2833333333333333	0.2786666666666667	0.27066666666666667	0.25733333333333336	0.2793333333333333	0.26866666666666666	0.278	0.23066666666666666	0.236	0.25	0.23933333333333334	0.21533333333333332	0.26466666666666666	0.23533333333333334	0.21466666666666667	0.226	0.19066666666666668	0.194	0.21066666666666667	0.18466666666666667	0.194	0.19266666666666668	0.17533333333333334	0.15666666666666668	0.176	0.19333333333333333	0.18266666666666667	0.168	0.182	0.14133333333333334	0.15866666666666668	0.16333333333333333	0.14866666666666667	0.15	0.13333333333333333	0.136	0.128	0.13333333333333333	0.142	0.11666666666666667	0.13266666666666665	0.11933333333333333	0.12933333333333333	0.126	0.11866666666666667	0.10733333333333334	0.106	0.098	0.11733333333333333	0.114	0.104	0.11333333333333333	0.08333333333333333	0.086	0.09	0.082	0.08866666666666667	0.08733333333333333	0.088	0.07333333333333333	0.07533333333333334	0.06866666666666667	0.07466666666666667	0.06733333333333333	0.076	0.07866666666666666	0.05733333333333333	0.058666666666666666	0.06933333333333333	0.06866666666666667	0.068	0.062	0.06066666666666667	0.04533333333333334	0.05266666666666667	0.05	0.048666666666666664	0.048	0.042666666666666665	0.03933333333333333	0.03666666666666667	0.044	0.043333333333333335	0.03666666666666667	0.042666666666666665	0.038	0.042666666666666665	0.030666666666666665	0.024666666666666667	0.03266666666666666	
0.326	0.33	0.3253333333333333	0.30933333333333335	0.31733333333333336	0.30266666666666664	0.2806666666666667	0.28733333333333333	0.3006666666666667	0.2753333333333333	0.26	0.274	0.26466666666666666	0.25533333333333336	0.256	0.228	0.24933333333333332	0.22666666666666666	0.23133333333333334	0.21066666666666667	0.232	0.22533333333333333	0.23866666666666667	0.19866666666666666	0.224	0.20066666666666666	0.222	0.19133333333333333	0.19333333333333333	0.186	0.18133333333333335	0.15866666666666668	0.16266666666666665	0.18066666666666667	0.174	0.15266666666666667	0.17066666666666666	0.17133333333333334	0.16066666666666668	0.15466666666666667	0.14466666666666667	0.15533333333333332	0.158	0.15133333333333332	0.14733333333333334	0.134	0.142	0.14066666666666666	0.13266666666666665	0.124	0.124	0.12533333333333332	0.118	0.11733333333333333	0.10733333333333334	0.10733333333333334	0.118	0.10533333333333333	0.08666666666666667	0.092	0.08866666666666667	0.09	0.09133333333333334	0.08	0.08733333333333333	0.08866666666666667	0.096	0.08	0.08133333333333333	0.076	0.078	0.07666666666666666	0.07133333333333333	0.07	0.06533333333333333	0.059333333333333335	0.074	0.082	0.062	0.054	0.050666666666666665	0.059333333333333335	0.050666666666666665	0.06733333333333333	0.05733333333333333	0.051333333333333335	0.03866666666666667	0.04466666666666667	0.050666666666666665	0.03333333333333333	0.037333333333333336	0.03333333333333333	0.042666666666666665	0.035333333333333335	0.04	0.038	0.03266666666666666	0.030666666666666665	0.030666666666666665	
0.34933333333333333	0.33266666666666667	0.34933333333333333	0.32133333333333336	0.3333333333333333	0.29133333333333333	0.302	0.27	0.2833333333333333	0.288	0.2733333333333333	0.26	0.25266666666666665	0.25933333333333336	0.26666666666666666	0.24733333333333332	0.266	0.25066666666666665	0.23933333333333334	0.21466666666666667	0.22466666666666665	0.21733333333333332	0.218	0.21866666666666668	0.19066666666666668	0.19733333333333333	0.20333333333333334	0.17533333333333334	0.196	0.19133333333333333	0.172	0.20933333333333334	0.19066666666666668	0.17866666666666667	0.17466666666666666	0.168	0.16733333333333333	0.15333333333333332	0.15133333333333332	0.16133333333333333	0.14	0.16133333333333333	0.14	0.12733333333333333	0.148	0.13866666666666666	0.122	0.14066666666666666	0.126	0.12666666666666668	0.12666666666666668	0.106	0.11666666666666667	0.11066666666666666	0.10533333333333333	0.106	0.1	0.108	0.09533333333333334	0.10666666666666667	0.096	0.084	0.086	0.09066666666666667	0.08133333333333333	0.08933333333333333	0.076	0.08666666666666667	0.06733333333333333	0.076	0.076	0.068	0.078	0.07933333333333334	0.06133333333333333	0.064	0.07866666666666666	0.06933333333333333	0.056	0.056666666666666664	0.05	0.059333333333333335	0.046	0.044	0.056	0.04733333333333333	0.042666666666666665	0.03266666666666666	0.05266666666666667	0.04733333333333333	0.04933333333333333	0.044	0.03133333333333333	0.03266666666666666	0.034	0.03133333333333333	0.03666666666666667	0.03333333333333333	0.035333333333333335	
0.34933333333333333	0.30266666666666664	0.29533333333333334	0.348	0.33266666666666667	0.2966666666666667	0.31733333333333336	0.284	0.292	0.2853333333333333	0.256	0.27	0.25933333333333336	0.25866666666666666	0.256	0.266	0.266	0.238	0.264	0.24533333333333332	0.23666666666666666	0.23266666666666666	0.216	0.216	0.218	0.17733333333333334	0.19	0.21533333333333332	0.19933333333333333	0.18533333333333332	0.194	0.18466666666666667	0.19466666666666665	0.17866666666666667	0.16533333333333333	0.18066666666666667	0.15466666666666667	0.148	0.14933333333333335	0.15533333333333332	0.15466666666666667	0.132	0.126	0.12333333333333334	0.14066666666666666	0.13533333333333333	0.13666666666666666	0.15066666666666667	0.13333333333333333	0.124	0.12533333333333332	0.112	0.12333333333333334	0.10733333333333334	0.128	0.11866666666666667	0.10733333333333334	0.09666666666666666	0.08733333333333333	0.09466666666666666	0.10133333333333333	0.104	0.08733333333333333	0.092	0.08533333333333333	0.08	0.06933333333333333	0.08733333333333333	0.08	0.08066666666666666	0.06	0.06533333333333333	0.06333333333333334	0.06933333333333333	0.058	0.06733333333333333	0.06466666666666666	0.068	0.06533333333333333	0.05533333333333333	0.05	0.062	0.04	0.04133333333333333	0.044	0.05266666666666667	0.04666666666666667	0.03933333333333333	0.04533333333333334	0.044	0.04133333333333333	0.03333333333333333	0.035333333333333335	0.04	0.04133333333333333	0.022	0.03333333333333333	0.030666666666666665	0.03266666666666666	
0.35333333333333333	0.368	0.3273333333333333	0.308	0.31	0.308	0.30933333333333335	0.27466666666666667	0.286	0.29133333333333333	0.27466666666666667	0.24933333333333332	0.284	0.25866666666666666	0.23866666666666667	0.2653333333333333	0.24866666666666667	0.25266666666666665	0.24	0.23733333333333334	0.204	0.21533333333333332	0.21866666666666668	0.22	0.20533333333333334	0.216	0.18733333333333332	0.19266666666666668	0.202	0.20066666666666666	0.196	0.18666666666666668	0.18	0.18333333333333332	0.16533333333333333	0.16266666666666665	0.17	0.15866666666666668	0.14866666666666667	0.16133333333333333	0.15066666666666667	0.13333333333333333	0.12933333333333333	0.14533333333333334	0.14066666666666666	0.13866666666666666	0.148	0.138	0.134	0.11933333333333333	0.11333333333333333	0.138	0.116	0.11333333333333333	0.086	0.10466666666666667	0.1	0.098	0.09333333333333334	0.086	0.08066666666666666	0.088	0.094	0.106	0.08466666666666667	0.086	0.08133333333333333	0.08	0.074	0.07333333333333333	0.07866666666666666	0.07	0.07933333333333334	0.08133333333333333	0.062	0.06133333333333333	0.058	0.074	0.056	0.06333333333333334	0.050666666666666665	0.05533333333333333	0.04666666666666667	0.058	0.056666666666666664	0.04666666666666667	0.04733333333333333	0.034666666666666665	0.042666666666666665	0.03266666666666666	0.04533333333333334	0.03333333333333333	0.042	0.04133333333333333	0.03333333333333333	0.028666666666666667	0.04066666666666666	0.02666666666666667	0.034	
0.33666666666666667	0.30933333333333335	0.298	0.2853333333333333	0.308	0.28	0.31066666666666665	0.284	0.288	0.27666666666666667	0.2793333333333333	0.286	0.2786666666666667	0.252	0.254	0.23933333333333334	0.26266666666666666	0.246	0.21866666666666668	0.22333333333333333	0.21266666666666667	0.22133333333333333	0.22066666666666668	0.22133333333333333	0.19533333333333333	0.18466666666666667	0.19666666666666666	0.204	0.182	0.178	0.17666666666666667	0.16	0.18466666666666667	0.17533333333333334	0.16	0.17333333333333334	0.16933333333333334	0.15266666666666667	0.16066666666666668	0.166	0.13933333333333334	0.142	0.14266666666666666	0.14066666666666666	0.11933333333333333	0.14066666666666666	0.132	0.12	0.134	0.10866666666666666	0.13333333333333333	0.12533333333333332	0.128	0.116	0.10266666666666667	0.108	0.12133333333333333	0.09866666666666667	0.09533333333333334	0.106	0.104	0.094	0.09066666666666667	0.078	0.09266666666666666	0.09	0.08733333333333333	0.082	0.07066666666666667	0.08	0.07866666666666666	0.07466666666666667	0.072	0.06866666666666667	0.06466666666666666	0.06466666666666666	0.06066666666666667	0.06533333333333333	0.058	0.048	0.06866666666666667	0.06066666666666667	0.054	0.05266666666666667	0.059333333333333335	0.04933333333333333	0.056	0.042	0.046	0.04533333333333334	0.04466666666666667	0.042666666666666665	0.04133333333333333	0.038	0.035333333333333335	0.036	0.028	0.028	0.020666666666666667	
0.33466666666666667	0.36	0.288	0.33266666666666667	0.32133333333333336	0.3	0.312	0.2966666666666667	0.26666666666666666	0.2826666666666667	0.266	0.272	0.2673333333333333	0.2693333333333333	0.224	0.25066666666666665	0.24466666666666667	0.222	0.25	0.23666666666666666	0.25666666666666665	0.22266666666666668	0.20733333333333334	0.21133333333333335	0.19333333333333333	0.21666666666666667	0.19333333333333333	0.204	0.18666666666666668	0.21	0.17666666666666667	0.20333333333333334	0.178	0.18133333333333335	0.15866666666666668	0.16066666666666668	0.17933333333333334	0.16133333333333333	0.15733333333333333	0.138	0.14066666666666666	0.148	0.14333333333333334	0.15266666666666667	0.14	0.126	0.11866666666666667	0.13533333333333333	0.13066666666666665	0.12333333333333334	0.12533333333333332	0.10066666666666667	0.114	0.12933333333333333	0.10666666666666667	0.09533333333333334	0.088	0.12133333333333333	0.12533333333333332	0.09066666666666667	0.098	0.08866666666666667	0.10266666666666667	0.084	0.09466666666666666	0.084	0.082	0.08333333333333333	0.08	0.07733333333333334	0.07133333333333333	0.07066666666666667	0.066	0.07266666666666667	0.06533333333333333	0.07733333333333334	0.059333333333333335	0.06466666666666666	0.062	0.06466666666666666	0.05466666666666667	0.059333333333333335	0.058666666666666666	0.04533333333333334	0.048666666666666664	0.05333333333333334	0.03933333333333333	0.051333333333333335	0.03933333333333333	0.04466666666666667	0.043333333333333335	0.04733333333333333	0.03933333333333333	0.04133333333333333	0.028	0.032	0.038	0.03333333333333333	0.028	
0.33866666666666667	0.32066666666666666	0.30333333333333334	0.3466666666666667	0.2986666666666667	0.31733333333333336	0.30733333333333335	0.28933333333333333	0.292	0.28733333333333333	0.28733333333333333	0.26066666666666666	0.29933333333333334	0.25266666666666665	0.25866666666666666	0.232	0.25666666666666665	0.218	0.22533333333333333	0.22666666666666666	0.242	0.20866666666666667	0.228	0.20266666666666666	0.19733333333333333	0.198	0.19733333333333333	0.206	0.216	0.19866666666666666	0.17866666666666667	0.182	0.16	0.19866666666666666	0.162	0.172	0.166	0.16133333333333333	0.16466666666666666	0.152	0.144	0.14	0.14933333333333335	0.14	0.13066666666666665	0.138	0.126	0.12866666666666668	0.13466666666666666	0.11733333333333333	0.13066666666666665	0.12733333333333333	0.11333333333333333	0.124	0.11	0.116	0.09533333333333334	0.08733333333333333	0.10133333333333333	0.09333333333333334	0.088	0.086	0.108	0.09266666666666666	0.08933333333333333	0.09333333333333334	0.07866666666666666	0.07266666666666667	0.086	0.07866666666666666	0.07533333333333334	0.07466666666666667	0.064	0.07066666666666667	0.06333333333333334	0.05466666666666667	0.06	0.06066666666666667	0.064	0.05266666666666667	0.062	0.05	0.062	0.05266666666666667	0.06266666666666666	0.050666666666666665	0.056	0.04466666666666667	0.04666666666666667	0.03866666666666667	0.042666666666666665	0.042	0.04	0.029333333333333333	0.03333333333333333	0.030666666666666665	0.04	0.02666666666666667	0.02666666666666667	
0.334	0.3393333333333333	0.3233333333333333	0.324	0.33466666666666667	0.2966666666666667	0.31933333333333336	0.292	0.2786666666666667	0.276	0.2886666666666667	0.2753333333333333	0.3006666666666667	0.24333333333333335	0.264	0.24933333333333332	0.2693333333333333	0.23133333333333334	0.24133333333333334	0.24	0.26	0.21	0.222	0.21266666666666667	0.196	0.19866666666666666	0.208	0.18866666666666668	0.18666666666666668	0.18933333333333333	0.18733333333333332	0.17533333333333334	0.16466666666666666	0.19133333333333333	0.192	0.14733333333333334	0.17133333333333334	0.16533333333333333	0.15133333333333332	0.16466666666666666	0.13866666666666666	0.13333333333333333	0.15266666666666667	0.136	0.14333333333333334	0.136	0.13933333333333334	0.132	0.126	0.126	0.11333333333333333	0.10333333333333333	0.10466666666666667	0.09866666666666667	0.10933333333333334	0.10666666666666667	0.11333333333333333	0.11	0.09133333333333334	0.10266666666666667	0.082	0.1	0.09466666666666666	0.08533333333333333	0.084	0.08	0.07533333333333334	0.07466666666666667	0.092	0.08266666666666667	0.08933333333333333	0.07333333333333333	0.076	0.06	0.06133333333333333	0.064	0.06	0.06	0.06466666666666666	0.059333333333333335	0.054	0.035333333333333335	0.058666666666666666	0.04933333333333333	0.05533333333333333	0.042666666666666665	0.052	0.048	0.04733333333333333	0.044	0.03933333333333333	0.03933333333333333	0.034	0.042666666666666665	0.03133333333333333	0.037333333333333336	0.04	0.037333333333333336	0.023333333333333334	
0.326	0.336	0.30933333333333335	0.306	0.30533333333333335	0.326	0.2853333333333333	0.2946666666666667	0.29333333333333333	0.28933333333333333	0.268	0.27466666666666667	0.2793333333333333	0.24666666666666667	0.2693333333333333	0.24533333333333332	0.252	0.22133333333333333	0.246	0.22133333333333333	0.25	0.23733333333333334	0.23533333333333334	0.20666666666666667	0.21	0.212	0.222	0.19466666666666665	0.198	0.18333333333333332	0.18533333333333332	0.19266666666666668	0.18266666666666667	0.16666666666666666	0.18	0.19133333333333333	0.16866666666666666	0.184	0.15	0.16266666666666665	0.148	0.15333333333333332	0.14466666666666667	0.13533333333333333	0.12666666666666668	0.12133333333333333	0.132	0.11866666666666667	0.118	0.122	0.12133333333333333	0.11	0.11733333333333333	0.12533333333333332	0.12333333333333334	0.098	0.102	0.09266666666666666	0.10533333333333333	0.09533333333333334	0.10666666666666667	0.1	0.094	0.08533333333333333	0.09466666666666666	0.09666666666666666	0.09066666666666667	0.06866666666666667	0.07466666666666667	0.08	0.07733333333333334	0.08133333333333333	0.07266666666666667	0.08466666666666667	0.06266666666666666	0.06466666666666666	0.08133333333333333	0.06266666666666666	0.054	0.05333333333333334	0.04733333333333333	0.046	0.05333333333333334	0.06	0.04933333333333333	0.051333333333333335	0.04	0.050666666666666665	0.04	0.042666666666666665	0.038	0.035333333333333335	0.034	0.032	0.03266666666666666	0.04133333333333333	0.034666666666666665	0.028666666666666667	0.027333333333333334	
0.3313333333333333	0.3473333333333333	0.336	0.30866666666666664	0.31666666666666665	0.2886666666666667	0.2966666666666667	0.29533333333333334	0.29733333333333334	0.2813333333333333	0.26466666666666666	0.28	0.242	0.25	0.27066666666666667	0.24733333333333332	0.24333333333333335	0.21866666666666668	0.23866666666666667	0.24133333333333334	0.23666666666666666	0.23466666666666666	0.19733333333333333	0.19733333333333333	0.19533333333333333	0.19266666666666668	0.18933333333333333	0.19133333333333333	0.17266666666666666	0.17533333333333334	0.198	0.17466666666666666	0.178	0.162	0.156	0.15733333333333333	0.178	0.15533333333333332	0.18	0.15066666666666667	0.15	0.146	0.146	0.16666666666666666	0.128	0.13933333333333334	0.12133333333333333	0.13333333333333333	0.13133333333333333	0.10866666666666666	0.11533333333333333	0.12466666666666666	0.126	0.10866666666666666	0.11	0.118	0.104	0.11133333333333334	0.1	0.09866666666666667	0.08466666666666667	0.09333333333333334	0.106	0.09	0.08533333333333333	0.074	0.092	0.08733333333333333	0.076	0.08066666666666666	0.08333333333333333	0.07266666666666667	0.068	0.08	0.07133333333333333	0.08266666666666667	0.07533333333333334	0.056666666666666664	0.05733333333333333	0.05466666666666667	0.06266666666666666	0.046	0.054	0.05733333333333333	0.04	0.05266666666666667	0.04666666666666667	0.042	0.048	0.04666666666666667	0.036	0.04	0.03	0.04933333333333333	0.044	0.038	0.03866666666666667	0.04	0.03933333333333333	
0.3466666666666667	0.32666666666666666	0.32466666666666666	0.32133333333333336	0.31733333333333336	0.29333333333333333	0.30866666666666664	0.2693333333333333	0.286	0.2713333333333333	0.29	0.26466666666666666	0.232	0.27666666666666667	0.248	0.23866666666666667	0.25733333333333336	0.24133333333333334	0.23066666666666666	0.21733333333333332	0.23466666666666666	0.236	0.204	0.22733333333333333	0.21133333333333335	0.21866666666666668	0.22333333333333333	0.19933333333333333	0.19533333333333333	0.17333333333333334	0.188	0.18666666666666668	0.18333333333333332	0.17333333333333334	0.17	0.16333333333333333	0.16266666666666665	0.16866666666666666	0.16266666666666665	0.16733333333333333	0.15866666666666668	0.14066666666666666	0.16	0.14133333333333334	0.16266666666666665	0.138	0.132	0.12333333333333334	0.12266666666666666	0.13	0.11733333333333333	0.12	0.11266666666666666	0.11666666666666667	0.11733333333333333	0.11333333333333333	0.10733333333333334	0.10266666666666667	0.09733333333333333	0.10266666666666667	0.11133333333333334	0.08733333333333333	0.106	0.088	0.09866666666666667	0.07133333333333333	0.07133333333333333	0.08	0.09	0.08133333333333333	0.07533333333333334	0.07333333333333333	0.066	0.06666666666666667	0.068	0.074	0.05533333333333333	0.05733333333333333	0.06	0.05	0.056666666666666664	0.046	0.04666666666666667	0.05333333333333334	0.04466666666666667	0.046	0.05	0.04466666666666667	0.03866666666666667	0.04733333333333333	0.036	0.03933333333333333	0.042	0.04	0.03	0.028	0.03	0.028666666666666667	0.029333333333333333	
0.332	0.33666666666666667	0.32466666666666666	0.332	0.288	0.32066666666666666	0.2826666666666667	0.29533333333333334	0.29133333333333333	0.2926666666666667	0.3006666666666667	0.26866666666666666	0.23666666666666666	0.2653333333333333	0.25533333333333336	0.26666666666666666	0.246	0.24666666666666667	0.248	0.22333333333333333	0.23733333333333334	0.21133333333333335	0.23066666666666666	0.232	0.22266666666666668	0.21466666666666667	0.20133333333333334	0.186	0.17733333333333334	0.19666666666666666	0.18333333333333332	0.17866666666666667	0.17333333333333334	0.178	0.17666666666666667	0.16733333333333333	0.17466666666666666	0.168	0.14933333333333335	0.15866666666666668	0.15	0.16	0.15	0.15466666666666667	0.13066666666666665	0.128	0.15066666666666667	0.144	0.124	0.12733333333333333	0.12333333333333334	0.10466666666666667	0.108	0.11733333333333333	0.09666666666666666	0.10933333333333334	0.112	0.106	0.11666666666666667	0.10066666666666667	0.078	0.106	0.08666666666666667	0.07333333333333333	0.08333333333333333	0.078	0.08466666666666667	0.08466666666666667	0.08066666666666666	0.06533333333333333	0.074	0.08133333333333333	0.06266666666666666	0.07466666666666667	0.06866666666666667	0.06	0.064	0.06133333333333333	0.06866666666666667	0.058666666666666666	0.06466666666666666	0.05533333333333333	0.054	0.048666666666666664	0.043333333333333335	0.04466666666666667	0.050666666666666665	0.05266666666666667	0.04466666666666667	0.036	0.048666666666666664	0.034666666666666665	0.03866666666666667	0.029333333333333333	0.026	0.035333333333333335	0.042666666666666665	0.03933333333333333	0.042666666666666665	
0.3473333333333333	0.32866666666666666	0.31733333333333336	0.31866666666666665	0.31466666666666665	0.30466666666666664	0.31133333333333335	0.26	0.2853333333333333	0.28	0.294	0.25466666666666665	0.27	0.2613333333333333	0.26666666666666666	0.25266666666666665	0.24066666666666667	0.254	0.234	0.22466666666666665	0.23866666666666667	0.228	0.216	0.214	0.21333333333333335	0.21133333333333335	0.192	0.208	0.19733333333333333	0.186	0.19266666666666668	0.174	0.18533333333333332	0.18	0.16266666666666665	0.16066666666666668	0.18533333333333332	0.168	0.16066666666666668	0.146	0.15466666666666667	0.14266666666666666	0.152	0.15266666666666667	0.13733333333333334	0.14933333333333335	0.12666666666666668	0.116	0.12533333333333332	0.11133333333333334	0.12466666666666666	0.11933333333333333	0.12333333333333334	0.11666666666666667	0.11733333333333333	0.10133333333333333	0.104	0.098	0.09133333333333334	0.08333333333333333	0.09133333333333334	0.096	0.10333333333333333	0.09333333333333334	0.08866666666666667	0.08666666666666667	0.08066666666666666	0.08133333333333333	0.076	0.068	0.078	0.076	0.06933333333333333	0.064	0.076	0.06333333333333334	0.058666666666666666	0.06133333333333333	0.06466666666666666	0.06066666666666667	0.058	0.05	0.05533333333333333	0.04666666666666667	0.05333333333333334	0.04933333333333333	0.046	0.04	0.04066666666666666	0.035333333333333335	0.044	0.03666666666666667	0.044	0.043333333333333335	0.03866666666666667	0.037333333333333336	0.034	0.030666666666666665	0.030666666666666665	
0.32466666666666666	0.3373333333333333	0.282	0.30866666666666664	0.29	0.29533333333333334	0.306	0.2806666666666667	0.2886666666666667	0.2633333333333333	0.2806666666666667	0.2866666666666667	0.24933333333333332	0.26666666666666666	0.258	0.24333333333333335	0.264	0.23666666666666666	0.22866666666666666	0.22	0.22933333333333333	0.22	0.21733333333333332	0.25666666666666665	0.202	0.21266666666666667	0.21866666666666668	0.21133333333333335	0.18333333333333332	0.194	0.172	0.18666666666666668	0.15333333333333332	0.178	0.18133333333333335	0.186	0.17333333333333334	0.18133333333333335	0.16133333333333333	0.17066666666666666	0.14	0.154	0.12466666666666666	0.13733333333333334	0.14266666666666666	0.142	0.13733333333333334	0.138	0.09733333333333333	0.132	0.12133333333333333	0.10666666666666667	0.10866666666666666	0.11	0.09866666666666667	0.10666666666666667	0.112	0.09666666666666666	0.09866666666666667	0.09333333333333334	0.09533333333333334	0.10333333333333333	0.09333333333333334	0.098	0.09133333333333334	0.08133333333333333	0.09666666666666666	0.08266666666666667	0.08133333333333333	0.07266666666666667	0.07	0.07133333333333333	0.064	0.06466666666666666	0.07133333333333333	0.062	0.064	0.07	0.059333333333333335	0.06	0.052	0.054	0.04933333333333333	0.05333333333333334	0.04133333333333333	0.034	0.04533333333333334	0.038	0.04733333333333333	0.036	0.029333333333333333	0.04666666666666667	0.03266666666666666	0.03933333333333333	0.02266666666666667	0.034	0.032	0.028666666666666667	0.04	
0.30733333333333335	0.33666666666666667	0.32266666666666666	0.298	0.296	0.31666666666666665	0.29933333333333334	0.32133333333333336	0.282	0.25866666666666666	0.25933333333333336	0.258	0.25	0.25533333333333336	0.25266666666666665	0.27066666666666667	0.24333333333333335	0.248	0.24866666666666667	0.22666666666666666	0.23866666666666667	0.21333333333333335	0.222	0.206	0.20933333333333334	0.22866666666666666	0.18	0.18333333333333332	0.19066666666666668	0.19733333333333333	0.18866666666666668	0.182	0.17133333333333334	0.15866666666666668	0.16533333333333333	0.16466666666666666	0.154	0.16266666666666665	0.16733333333333333	0.15066666666666667	0.14333333333333334	0.14733333333333334	0.142	0.14466666666666667	0.13866666666666666	0.14133333333333334	0.13866666666666666	0.146	0.142	0.11466666666666667	0.104	0.11466666666666667	0.122	0.114	0.11266666666666666	0.10666666666666667	0.10266666666666667	0.10533333333333333	0.09866666666666667	0.09533333333333334	0.072	0.09133333333333334	0.08533333333333333	0.096	0.08533333333333333	0.08066666666666666	0.088	0.082	0.078	0.08866666666666667	0.078	0.084	0.06066666666666667	0.07333333333333333	0.06466666666666666	0.06466666666666666	0.064	0.06533333333333333	0.07133333333333333	0.051333333333333335	0.051333333333333335	0.04933333333333333	0.054	0.04666666666666667	0.050666666666666665	0.051333333333333335	0.03933333333333333	0.059333333333333335	0.052	0.050666666666666665	0.037333333333333336	0.03133333333333333	0.04133333333333333	0.04066666666666666	0.038	0.036	0.038	0.028666666666666667	0.034	
0.314	0.3233333333333333	0.3406666666666667	0.3373333333333333	0.32133333333333336	0.31266666666666665	0.2813333333333333	0.306	0.292	0.2793333333333333	0.2693333333333333	0.274	0.25866666666666666	0.25666666666666665	0.25733333333333336	0.242	0.23	0.23533333333333334	0.262	0.24666666666666667	0.242	0.23266666666666666	0.23066666666666666	0.212	0.20333333333333334	0.18733333333333332	0.19066666666666668	0.19666666666666666	0.19333333333333333	0.20866666666666667	0.18133333333333335	0.18466666666666667	0.18933333333333333	0.16666666666666666	0.16333333333333333	0.17533333333333334	0.17	0.16466666666666666	0.17933333333333334	0.168	0.15133333333333332	0.13466666666666666	0.146	0.12933333333333333	0.14	0.13733333333333334	0.11933333333333333	0.12466666666666666	0.13066666666666665	0.13	0.124	0.10666666666666667	0.11066666666666666	0.106	0.11266666666666666	0.096	0.11466666666666667	0.11466666666666667	0.1	0.09933333333333333	0.094	0.08866666666666667	0.09733333333333333	0.09333333333333334	0.08733333333333333	0.08666666666666667	0.09	0.06733333333333333	0.07733333333333334	0.06066666666666667	0.07866666666666666	0.074	0.078	0.06466666666666666	0.07	0.06066666666666667	0.06666666666666667	0.051333333333333335	0.06	0.054	0.05	0.06733333333333333	0.048	0.048666666666666664	0.042666666666666665	0.042666666666666665	0.043333333333333335	0.04133333333333333	0.042666666666666665	0.05	0.04666666666666667	0.04133333333333333	0.03666666666666667	0.03866666666666667	0.03666666666666667	0.023333333333333334	0.032	0.028	0.03	
0.346	0.3373333333333333	0.316	0.32066666666666666	0.31133333333333335	0.2926666666666667	0.294	0.28733333333333333	0.2733333333333333	0.296	0.272	0.296	0.274	0.26466666666666666	0.248	0.25466666666666665	0.24	0.23	0.226	0.246	0.22733333333333333	0.22933333333333333	0.22133333333333333	0.232	0.208	0.204	0.21066666666666667	0.19333333333333333	0.17866666666666667	0.188	0.17666666666666667	0.16933333333333334	0.17933333333333334	0.15666666666666668	0.172	0.17933333333333334	0.15133333333333332	0.16933333333333334	0.15933333333333333	0.15866666666666668	0.14666666666666667	0.146	0.15	0.14266666666666666	0.154	0.138	0.13933333333333334	0.13	0.12733333333333333	0.12533333333333332	0.12	0.114	0.116	0.10733333333333334	0.11733333333333333	0.10666666666666667	0.10066666666666667	0.11733333333333333	0.10733333333333334	0.106	0.07933333333333334	0.088	0.09	0.1	0.07733333333333334	0.09066666666666667	0.072	0.07866666666666666	0.066	0.072	0.064	0.076	0.07133333333333333	0.076	0.06133333333333333	0.05466666666666667	0.054	0.07266666666666667	0.06733333333333333	0.058666666666666666	0.04933333333333333	0.056666666666666664	0.062	0.059333333333333335	0.048	0.046	0.05466666666666667	0.05733333333333333	0.052	0.042666666666666665	0.054	0.042666666666666665	0.038	0.044	0.03266666666666666	0.035333333333333335	0.038	0.029333333333333333	0.024	
0.32266666666666666	0.31533333333333335	0.326	0.32133333333333336	0.3253333333333333	0.33	0.328	0.2826666666666667	0.30466666666666664	0.29	0.26866666666666666	0.278	0.25266666666666665	0.266	0.24933333333333332	0.242	0.244	0.23133333333333334	0.236	0.22933333333333333	0.22333333333333333	0.23466666666666666	0.20133333333333334	0.21533333333333332	0.218	0.206	0.19733333333333333	0.20666666666666667	0.2	0.20666666666666667	0.19133333333333333	0.17133333333333334	0.18933333333333333	0.19666666666666666	0.15133333333333332	0.17466666666666666	0.154	0.16266666666666665	0.15	0.16466666666666666	0.136	0.15733333333333333	0.14266666666666666	0.14	0.12733333333333333	0.128	0.13933333333333334	0.148	0.116	0.12333333333333334	0.112	0.11	0.11733333333333333	0.11866666666666667	0.11266666666666666	0.08466666666666667	0.10333333333333333	0.10333333333333333	0.10066666666666667	0.10866666666666666	0.10933333333333334	0.09266666666666666	0.10466666666666667	0.07266666666666667	0.07666666666666666	0.08533333333333333	0.08266666666666667	0.08	0.06933333333333333	0.07266666666666667	0.072	0.07733333333333334	0.08533333333333333	0.07066666666666667	0.072	0.072	0.06533333333333333	0.06466666666666666	0.058666666666666666	0.06733333333333333	0.058666666666666666	0.050666666666666665	0.06066666666666667	0.064	0.06	0.051333333333333335	0.04533333333333334	0.05	0.04533333333333334	0.046	0.035333333333333335	0.043333333333333335	0.038	0.035333333333333335	0.03666666666666667	0.023333333333333334	0.034666666666666665	0.028	0.03	
0.3413333333333333	0.32	0.324	0.30333333333333334	0.32	0.29933333333333334	0.2866666666666667	0.2753333333333333	0.282	0.27666666666666667	0.252	0.27666666666666667	0.25933333333333336	0.2713333333333333	0.26066666666666666	0.24466666666666667	0.25	0.23933333333333334	0.24266666666666667	0.23133333333333334	0.24333333333333335	0.22	0.23466666666666666	0.20666666666666667	0.21533333333333332	0.21333333333333335	0.19466666666666665	0.20666666666666667	0.20266666666666666	0.20866666666666667	0.17133333333333334	0.19666666666666666	0.184	0.18533333333333332	0.166	0.17666666666666667	0.16666666666666666	0.162	0.15533333333333332	0.164	0.16066666666666668	0.13533333333333333	0.17266666666666666	0.12533333333333332	0.12733333333333333	0.13733333333333334	0.13933333333333334	0.13933333333333334	0.11933333333333333	0.12666666666666668	0.126	0.13	0.11933333333333333	0.104	0.10266666666666667	0.12066666666666667	0.10866666666666666	0.10533333333333333	0.10466666666666667	0.09333333333333334	0.094	0.09533333333333334	0.092	0.082	0.094	0.07333333333333333	0.08	0.08133333333333333	0.09533333333333334	0.072	0.072	0.07866666666666666	0.06533333333333333	0.07266666666666667	0.07133333333333333	0.06133333333333333	0.06333333333333334	0.054	0.082	0.062	0.06333333333333334	0.06133333333333333	0.043333333333333335	0.04666666666666667	0.04933333333333333	0.050666666666666665	0.050666666666666665	0.058	0.028666666666666667	0.04	0.036	0.04533333333333334	0.03866666666666667	0.030666666666666665	0.035333333333333335	0.029333333333333333	0.03333333333333333	0.030666666666666665	0.024	
0.384	0.3566666666666667	0.30666666666666664	0.316	0.33066666666666666	0.28933333333333333	0.2793333333333333	0.29733333333333334	0.294	0.304	0.2653333333333333	0.278	0.266	0.262	0.23	0.254	0.256	0.25733333333333336	0.23	0.238	0.20933333333333334	0.22	0.22066666666666668	0.22466666666666665	0.20933333333333334	0.19266666666666668	0.208	0.196	0.19666666666666666	0.188	0.19733333333333333	0.20066666666666666	0.16266666666666665	0.17133333333333334	0.16333333333333333	0.174	0.16533333333333333	0.15533333333333332	0.17333333333333334	0.14866666666666667	0.154	0.16133333333333333	0.14533333333333334	0.13	0.13266666666666665	0.128	0.14133333333333334	0.13133333333333333	0.11866666666666667	0.13533333333333333	0.108	0.11866666666666667	0.11933333333333333	0.08866666666666667	0.10266666666666667	0.116	0.09666666666666666	0.08533333333333333	0.11066666666666666	0.11866666666666667	0.10266666666666667	0.08733333333333333	0.10066666666666667	0.08333333333333333	0.08333333333333333	0.07666666666666666	0.06866666666666667	0.092	0.07733333333333334	0.082	0.082	0.07	0.068	0.07533333333333334	0.06133333333333333	0.06733333333333333	0.058666666666666666	0.05333333333333334	0.05733333333333333	0.054	0.06866666666666667	0.056	0.048666666666666664	0.050666666666666665	0.05466666666666667	0.05733333333333333	0.04133333333333333	0.043333333333333335	0.03666666666666667	0.037333333333333336	0.04066666666666666	0.044	0.037333333333333336	0.038	0.034666666666666665	0.03	0.035333333333333335	0.026	0.025333333333333333	
0.36	0.326	0.318	0.324	0.334	0.31533333333333335	0.31133333333333335	0.2806666666666667	0.2866666666666667	0.282	0.282	0.29333333333333333	0.26866666666666666	0.256	0.23266666666666666	0.25	0.25133333333333335	0.24	0.232	0.21466666666666667	0.212	0.22	0.232	0.22466666666666665	0.18533333333333332	0.20266666666666666	0.19	0.19266666666666668	0.196	0.18266666666666667	0.20133333333333334	0.18666666666666668	0.18333333333333332	0.17533333333333334	0.17666666666666667	0.17866666666666667	0.16933333333333334	0.176	0.148	0.14866666666666667	0.14866666666666667	0.15	0.15466666666666667	0.14266666666666666	0.152	0.13266666666666665	0.13266666666666665	0.10866666666666666	0.128	0.13666666666666666	0.122	0.11266666666666666	0.11666666666666667	0.112	0.10666666666666667	0.1	0.10266666666666667	0.10533333333333333	0.104	0.09133333333333334	0.09666666666666666	0.08133333333333333	0.08666666666666667	0.07666666666666666	0.08533333333333333	0.08666666666666667	0.08066666666666666	0.074	0.068	0.06933333333333333	0.07266666666666667	0.07333333333333333	0.062	0.066	0.06	0.06533333333333333	0.068	0.06	0.06266666666666666	0.052	0.058666666666666666	0.05533333333333333	0.04933333333333333	0.04	0.058	0.03333333333333333	0.046	0.04466666666666667	0.042666666666666665	0.042666666666666665	0.03	0.03	0.03266666666666666	0.035333333333333335	0.03133333333333333	0.037333333333333336	0.029333333333333333	0.024666666666666667	0.018	
0.3566666666666667	0.314	0.3393333333333333	0.3253333333333333	0.306	0.2986666666666667	0.30666666666666664	0.31	0.30933333333333335	0.2673333333333333	0.30733333333333335	0.288	0.248	0.246	0.256	0.25066666666666665	0.24133333333333334	0.22066666666666668	0.24066666666666667	0.21933333333333332	0.232	0.21666666666666667	0.206	0.20333333333333334	0.19666666666666666	0.19866666666666666	0.19	0.20866666666666667	0.19333333333333333	0.17733333333333334	0.188	0.16866666666666666	0.16666666666666666	0.172	0.182	0.172	0.17	0.164	0.16266666666666665	0.15133333333333332	0.136	0.14866666666666667	0.14066666666666666	0.15133333333333332	0.134	0.13933333333333334	0.14933333333333335	0.118	0.14333333333333334	0.124	0.10866666666666666	0.12466666666666666	0.114	0.1	0.10733333333333334	0.104	0.10333333333333333	0.11266666666666666	0.11066666666666666	0.096	0.10133333333333333	0.10333333333333333	0.076	0.07666666666666666	0.086	0.08666666666666667	0.08866666666666667	0.06533333333333333	0.06733333333333333	0.07666666666666666	0.06666666666666667	0.07066666666666667	0.06933333333333333	0.06333333333333334	0.07133333333333333	0.066	0.06	0.066	0.07133333333333333	0.05733333333333333	0.056	0.05333333333333334	0.06333333333333334	0.04133333333333333	0.059333333333333335	0.048	0.03933333333333333	0.036	0.03933333333333333	0.044	0.04466666666666667	0.043333333333333335	0.03666666666666667	0.036	0.032	0.03	0.037333333333333336	0.035333333333333335	0.03133333333333333	
0.3393333333333333	0.30666666666666664	0.32466666666666666	0.31533333333333335	0.32066666666666666	0.2806666666666667	0.30666666666666664	0.30266666666666664	0.298	0.26266666666666666	0.27066666666666667	0.2846666666666667	0.264	0.26266666666666666	0.25133333333333335	0.25066666666666665	0.266	0.242	0.242	0.22933333333333333	0.20333333333333334	0.22733333333333333	0.20266666666666666	0.22733333333333333	0.23466666666666666	0.20333333333333334	0.198	0.19466666666666665	0.19666666666666666	0.18733333333333332	0.204	0.172	0.19066666666666668	0.16	0.16866666666666666	0.16	0.16266666666666665	0.17266666666666666	0.16733333333333333	0.15733333333333333	0.15333333333333332	0.14666666666666667	0.13733333333333334	0.13466666666666666	0.112	0.12733333333333333	0.144	0.12933333333333333	0.12733333333333333	0.122	0.12866666666666668	0.104	0.116	0.11133333333333334	0.118	0.09533333333333334	0.09133333333333334	0.10866666666666666	0.10066666666666667	0.102	0.08533333333333333	0.09933333333333333	0.08866666666666667	0.07733333333333334	0.07266666666666667	0.08066666666666666	0.08533333333333333	0.08	0.082	0.076	0.07733333333333334	0.07466666666666667	0.07933333333333334	0.06866666666666667	0.05	0.07666666666666666	0.07533333333333334	0.056	0.05266666666666667	0.05466666666666667	0.052	0.04533333333333334	0.05266666666666667	0.05333333333333334	0.044	0.059333333333333335	0.030666666666666665	0.050666666666666665	0.043333333333333335	0.044	0.056666666666666664	0.03866666666666667	0.04133333333333333	0.03133333333333333	0.034666666666666665	0.038	0.037333333333333336	0.03866666666666667	0.028666666666666667	
0.332	0.304	0.34933333333333333	0.31733333333333336	0.2853333333333333	0.32666666666666666	0.27066666666666667	0.2886666666666667	0.266	0.27466666666666667	0.26066666666666666	0.26866666666666666	0.24	0.24	0.234	0.24066666666666667	0.24333333333333335	0.238	0.25666666666666665	0.218	0.236	0.218	0.246	0.2	0.22	0.21	0.18533333333333332	0.188	0.19066666666666668	0.19533333333333333	0.19933333333333333	0.188	0.182	0.18133333333333335	0.194	0.176	0.174	0.176	0.156	0.152	0.148	0.15733333333333333	0.14533333333333334	0.136	0.13066666666666665	0.134	0.12733333333333333	0.13533333333333333	0.13	0.11266666666666666	0.12533333333333332	0.12066666666666667	0.11666666666666667	0.10933333333333334	0.10666666666666667	0.108	0.106	0.09133333333333334	0.09266666666666666	0.098	0.09066666666666667	0.09333333333333334	0.08066666666666666	0.096	0.086	0.074	0.08	0.072	0.08266666666666667	0.07333333333333333	0.07733333333333334	0.07333333333333333	0.07	0.06866666666666667	0.072	0.06666666666666667	0.06666666666666667	0.06066666666666667	0.059333333333333335	0.056666666666666664	0.059333333333333335	0.06	0.04733333333333333	0.054	0.04666666666666667	0.05333333333333334	0.042666666666666665	0.04666666666666667	0.03266666666666666	0.04133333333333333	0.046	0.042	0.037333333333333336	0.03266666666666666	0.03333333333333333	0.03333333333333333	0.042666666666666665	0.030666666666666665	0.030666666666666665	
0.3333333333333333	0.33066666666666666	0.30533333333333335	0.334	0.29333333333333333	0.282	0.2906666666666667	0.294	0.2806666666666667	0.30266666666666664	0.28733333333333333	0.26666666666666666	0.25066666666666665	0.262	0.268	0.22666666666666666	0.21866666666666668	0.24133333333333334	0.26066666666666666	0.22933333333333333	0.23933333333333334	0.23266666666666666	0.22266666666666668	0.218	0.21733333333333332	0.19466666666666665	0.19466666666666665	0.172	0.204	0.18733333333333332	0.16933333333333334	0.18266666666666667	0.172	0.15333333333333332	0.18466666666666667	0.15533333333333332	0.16266666666666665	0.17333333333333334	0.144	0.144	0.16	0.14666666666666667	0.16066666666666668	0.12866666666666668	0.142	0.12466666666666666	0.12533333333333332	0.128	0.126	0.12733333333333333	0.134	0.13	0.12	0.104	0.124	0.112	0.10733333333333334	0.10666666666666667	0.10266666666666667	0.098	0.094	0.09666666666666666	0.098	0.08533333333333333	0.084	0.08	0.074	0.08533333333333333	0.078	0.06666666666666667	0.07133333333333333	0.06866666666666667	0.07133333333333333	0.06933333333333333	0.056	0.07333333333333333	0.05466666666666667	0.05333333333333334	0.05266666666666667	0.06733333333333333	0.04933333333333333	0.064	0.06266666666666666	0.059333333333333335	0.04533333333333334	0.046	0.054	0.046	0.03933333333333333	0.04533333333333334	0.028666666666666667	0.04	0.042	0.03133333333333333	0.03333333333333333	0.035333333333333335	0.03	0.043333333333333335	0.03933333333333333	
0.3426666666666667	0.33	0.2926666666666667	0.31333333333333335	0.288	0.31333333333333335	0.2946666666666667	0.3006666666666667	0.2926666666666667	0.278	0.27	0.27266666666666667	0.23933333333333334	0.254	0.23666666666666666	0.24666666666666667	0.24333333333333335	0.21533333333333332	0.22933333333333333	0.21866666666666668	0.21	0.222	0.23133333333333334	0.212	0.21866666666666668	0.19466666666666665	0.19866666666666666	0.19266666666666668	0.19266666666666668	0.17733333333333334	0.18733333333333332	0.19133333333333333	0.18533333333333332	0.17533333333333334	0.18	0.15866666666666668	0.15333333333333332	0.16066666666666668	0.16266666666666665	0.156	0.15666666666666668	0.15333333333333332	0.146	0.144	0.144	0.13066666666666665	0.15466666666666667	0.14466666666666667	0.12333333333333334	0.136	0.12	0.108	0.12466666666666666	0.11866666666666667	0.11533333333333333	0.10533333333333333	0.088	0.098	0.11333333333333333	0.09933333333333333	0.09733333333333333	0.08533333333333333	0.09266666666666666	0.08333333333333333	0.082	0.082	0.08066666666666666	0.068	0.08533333333333333	0.08466666666666667	0.07066666666666667	0.06933333333333333	0.06	0.06333333333333334	0.05733333333333333	0.06333333333333334	0.06466666666666666	0.05533333333333333	0.059333333333333335	0.051333333333333335	0.06666666666666667	0.04666666666666667	0.04066666666666666	0.05	0.04933333333333333	0.044	0.048	0.04666666666666667	0.05	0.04533333333333334	0.046	0.036	0.03666666666666667	0.03266666666666666	0.032	0.03333333333333333	0.03866666666666667	0.038	0.02666666666666667	
0.3413333333333333	0.3	0.30733333333333335	0.31133333333333335	0.288	0.314	0.25866666666666666	0.28	0.2806666666666667	0.2613333333333333	0.29933333333333334	0.2733333333333333	0.25266666666666665	0.24133333333333334	0.2613333333333333	0.22933333333333333	0.23466666666666666	0.262	0.238	0.222	0.23466666666666666	0.22533333333333333	0.21333333333333335	0.206	0.20133333333333334	0.214	0.20266666666666666	0.21266666666666667	0.20666666666666667	0.206	0.16533333333333333	0.2	0.17666666666666667	0.15666666666666668	0.17	0.18533333333333332	0.168	0.17	0.15733333333333333	0.142	0.136	0.14466666666666667	0.12066666666666667	0.14866666666666667	0.142	0.13	0.12	0.136	0.13066666666666665	0.116	0.11066666666666666	0.12066666666666667	0.12866666666666668	0.10666666666666667	0.12066666666666667	0.112	0.10733333333333334	0.11133333333333334	0.104	0.09066666666666667	0.08666666666666667	0.09266666666666666	0.09533333333333334	0.09066666666666667	0.09133333333333334	0.08266666666666667	0.10066666666666667	0.07933333333333334	0.07933333333333334	0.08333333333333333	0.06866666666666667	0.08	0.07266666666666667	0.06666666666666667	0.06866666666666667	0.06666666666666667	0.05533333333333333	0.056666666666666664	0.052	0.04533333333333334	0.046	0.052	0.04933333333333333	0.05	0.046	0.046	0.046	0.048	0.03666666666666667	0.04933333333333333	0.042666666666666665	0.032	0.04	0.032	0.043333333333333335	0.04066666666666666	0.032	0.030666666666666665	0.037333333333333336	
0.3406666666666667	0.31533333333333335	0.314	0.3273333333333333	0.3006666666666667	0.2906666666666667	0.282	0.302	0.304	0.25133333333333335	0.2753333333333333	0.2673333333333333	0.27666666666666667	0.2633333333333333	0.282	0.24933333333333332	0.23533333333333334	0.21266666666666667	0.24	0.21933333333333332	0.21733333333333332	0.204	0.20733333333333334	0.20533333333333334	0.22	0.20533333333333334	0.22133333333333333	0.206	0.178	0.17733333333333334	0.17266666666666666	0.18133333333333335	0.16333333333333333	0.18	0.162	0.156	0.16466666666666666	0.16266666666666665	0.144	0.14933333333333335	0.164	0.15066666666666667	0.14866666666666667	0.13733333333333334	0.14066666666666666	0.12533333333333332	0.12933333333333333	0.12133333333333333	0.13333333333333333	0.13733333333333334	0.12866666666666668	0.11466666666666667	0.12066666666666667	0.112	0.094	0.104	0.102	0.09066666666666667	0.09733333333333333	0.09866666666666667	0.094	0.09333333333333334	0.09333333333333334	0.08666666666666667	0.08866666666666667	0.09133333333333334	0.07666666666666666	0.078	0.07933333333333334	0.07466666666666667	0.072	0.05466666666666667	0.074	0.06933333333333333	0.06266666666666666	0.07466666666666667	0.054	0.056666666666666664	0.05466666666666667	0.054	0.05333333333333334	0.04533333333333334	0.048	0.06133333333333333	0.048	0.04933333333333333	0.04133333333333333	0.04733333333333333	0.04533333333333334	0.046	0.04066666666666666	0.03133333333333333	0.03666666666666667	0.03333333333333333	0.043333333333333335	0.03333333333333333	0.029333333333333333	0.029333333333333333	0.030666666666666665	
0.33066666666666666	0.338	0.3453333333333333	0.32066666666666666	0.31666666666666665	0.30466666666666664	0.2886666666666667	0.296	0.2826666666666667	0.292	0.25866666666666666	0.26866666666666666	0.26266666666666666	0.224	0.2693333333333333	0.24866666666666667	0.23666666666666666	0.24533333333333332	0.24	0.242	0.22	0.224	0.198	0.20666666666666667	0.206	0.17866666666666667	0.19733333333333333	0.18	0.18466666666666667	0.19	0.18	0.194	0.19866666666666666	0.18	0.174	0.158	0.17	0.158	0.16933333333333334	0.14133333333333334	0.14133333333333334	0.14666666666666667	0.15133333333333332	0.13866666666666666	0.136	0.13133333333333333	0.126	0.12533333333333332	0.12133333333333333	0.11733333333333333	0.12	0.11066666666666666	0.124	0.11733333333333333	0.11	0.11266666666666666	0.098	0.098	0.096	0.10533333333333333	0.09066666666666667	0.09866666666666667	0.08666666666666667	0.094	0.09533333333333334	0.07866666666666666	0.07666666666666666	0.08533333333333333	0.08666666666666667	0.086	0.06533333333333333	0.08266666666666667	0.07666666666666666	0.06266666666666666	0.07133333333333333	0.06733333333333333	0.06466666666666666	0.051333333333333335	0.05533333333333333	0.052	0.059333333333333335	0.052	0.05	0.052	0.054	0.05466666666666667	0.04666666666666667	0.048	0.044	0.038	0.042666666666666665	0.03333333333333333	0.036	0.04066666666666666	0.034	0.03	0.03333333333333333	0.03	0.03666666666666667	
0.324	0.32266666666666666	0.31133333333333335	0.326	0.31866666666666665	0.3006666666666667	0.30466666666666664	0.2966666666666667	0.2806666666666667	0.28733333333333333	0.282	0.26066666666666666	0.26266666666666666	0.25666666666666665	0.24933333333333332	0.24533333333333332	0.24866666666666667	0.24066666666666667	0.23533333333333334	0.21266666666666667	0.23266666666666666	0.21733333333333332	0.224	0.20333333333333334	0.20933333333333334	0.18133333333333335	0.20066666666666666	0.18666666666666668	0.186	0.19666666666666666	0.19066666666666668	0.17666666666666667	0.178	0.16733333333333333	0.16533333333333333	0.17	0.17066666666666666	0.15066666666666667	0.14933333333333335	0.148	0.142	0.14266666666666666	0.14866666666666667	0.146	0.13066666666666665	0.12733333333333333	0.136	0.14333333333333334	0.106	0.116	0.11133333333333334	0.132	0.11333333333333333	0.11	0.126	0.09933333333333333	0.10333333333333333	0.098	0.10666666666666667	0.11	0.09933333333333333	0.08933333333333333	0.09333333333333334	0.10866666666666666	0.08733333333333333	0.086	0.07533333333333334	0.07933333333333334	0.07466666666666667	0.086	0.06266666666666666	0.08133333333333333	0.07133333333333333	0.07266666666666667	0.064	0.05333333333333334	0.051333333333333335	0.058666666666666666	0.07	0.05733333333333333	0.05	0.05533333333333333	0.048666666666666664	0.052	0.052	0.048666666666666664	0.04666666666666667	0.048	0.046	0.03933333333333333	0.037333333333333336	0.04066666666666666	0.03133333333333333	0.034	0.03333333333333333	0.037333333333333336	0.034	0.02666666666666667	0.02266666666666667	
0.37133333333333335	0.31733333333333336	0.3413333333333333	0.31666666666666665	0.2673333333333333	0.27666666666666667	0.288	0.276	0.294	0.262	0.2773333333333333	0.24466666666666667	0.2733333333333333	0.24133333333333334	0.25533333333333336	0.22733333333333333	0.248	0.244	0.212	0.226	0.24266666666666667	0.24933333333333332	0.22133333333333333	0.22	0.222	0.206	0.21266666666666667	0.19533333333333333	0.194	0.18333333333333332	0.16666666666666666	0.188	0.18133333333333335	0.16733333333333333	0.15866666666666668	0.16866666666666666	0.15733333333333333	0.146	0.16266666666666665	0.15266666666666667	0.14666666666666667	0.13733333333333334	0.14466666666666667	0.14266666666666666	0.144	0.13266666666666665	0.12466666666666666	0.138	0.13333333333333333	0.13	0.126	0.10866666666666666	0.128	0.09733333333333333	0.10666666666666667	0.122	0.09666666666666666	0.09533333333333334	0.10533333333333333	0.102	0.088	0.09	0.08333333333333333	0.09466666666666666	0.08	0.09466666666666666	0.07933333333333334	0.078	0.08533333333333333	0.08066666666666666	0.07	0.068	0.07866666666666666	0.06866666666666667	0.07266666666666667	0.06266666666666666	0.062	0.07	0.06933333333333333	0.07133333333333333	0.04466666666666667	0.04133333333333333	0.05533333333333333	0.059333333333333335	0.05333333333333334	0.048	0.051333333333333335	0.044	0.034666666666666665	0.036	0.03666666666666667	0.04466666666666667	0.034	0.03	0.027333333333333334	0.037333333333333336	0.03666666666666667	0.03133333333333333	0.038	
0.32266666666666666	0.298	0.31333333333333335	0.312	0.276	0.31266666666666665	0.30533333333333335	0.2866666666666667	0.29133333333333333	0.282	0.2693333333333333	0.2773333333333333	0.274	0.266	0.26866666666666666	0.252	0.25333333333333335	0.25533333333333336	0.22933333333333333	0.226	0.228	0.216	0.21133333333333335	0.20133333333333334	0.20333333333333334	0.21066666666666667	0.21466666666666667	0.186	0.192	0.18666666666666668	0.17533333333333334	0.174	0.17733333333333334	0.17666666666666667	0.17733333333333334	0.17666666666666667	0.18333333333333332	0.15666666666666668	0.14666666666666667	0.16	0.15466666666666667	0.14733333333333334	0.132	0.12266666666666666	0.15266666666666667	0.13066666666666665	0.13666666666666666	0.134	0.13733333333333334	0.118	0.12533333333333332	0.12933333333333333	0.11066666666666666	0.11866666666666667	0.10866666666666666	0.108	0.10266666666666667	0.11733333333333333	0.11666666666666667	0.10466666666666667	0.09466666666666666	0.09066666666666667	0.07866666666666666	0.09066666666666667	0.092	0.09066666666666667	0.078	0.08266666666666667	0.07333333333333333	0.07	0.07066666666666667	0.07133333333333333	0.07066666666666667	0.068	0.06733333333333333	0.058666666666666666	0.064	0.06466666666666666	0.064	0.05333333333333334	0.06333333333333334	0.054	0.05	0.04133333333333333	0.05	0.042666666666666665	0.04733333333333333	0.04733333333333333	0.04666666666666667	0.04133333333333333	0.04066666666666666	0.03133333333333333	0.03933333333333333	0.04	0.03333333333333333	0.03666666666666667	0.034666666666666665	0.032	0.03	
0.3373333333333333	0.3273333333333333	0.29133333333333333	0.31266666666666665	0.30333333333333334	0.316	0.312	0.2786666666666667	0.2733333333333333	0.2813333333333333	0.28	0.256	0.2613333333333333	0.25266666666666665	0.25333333333333335	0.23466666666666666	0.25533333333333336	0.23066666666666666	0.234	0.22333333333333333	0.228	0.20733333333333334	0.21066666666666667	0.218	0.23333333333333334	0.20066666666666666	0.194	0.196	0.2	0.19133333333333333	0.17533333333333334	0.18666666666666668	0.17666666666666667	0.16133333333333333	0.18	0.186	0.17066666666666666	0.162	0.13466666666666666	0.16133333333333333	0.156	0.152	0.14	0.16866666666666666	0.12866666666666668	0.13466666666666666	0.12266666666666666	0.12666666666666668	0.116	0.12266666666666666	0.12066666666666667	0.10333333333333333	0.11133333333333334	0.104	0.122	0.10133333333333333	0.08733333333333333	0.10466666666666667	0.09066666666666667	0.09533333333333334	0.102	0.09333333333333334	0.08333333333333333	0.09466666666666666	0.08466666666666667	0.08266666666666667	0.06266666666666666	0.08466666666666667	0.08733333333333333	0.06733333333333333	0.078	0.08266666666666667	0.068	0.06533333333333333	0.07133333333333333	0.062	0.05533333333333333	0.066	0.05533333333333333	0.05333333333333334	0.05733333333333333	0.048	0.056666666666666664	0.04133333333333333	0.050666666666666665	0.058	0.05266666666666667	0.043333333333333335	0.048666666666666664	0.043333333333333335	0.042666666666666665	0.037333333333333336	0.04066666666666666	0.038	0.042666666666666665	0.03133333333333333	0.03133333333333333	0.027333333333333334	0.034	
0.3413333333333333	0.33866666666666667	0.3253333333333333	0.316	0.2833333333333333	0.314	0.3	0.296	0.284	0.278	0.266	0.27466666666666667	0.26666666666666666	0.25066666666666665	0.26466666666666666	0.25133333333333335	0.26866666666666666	0.24333333333333335	0.21933333333333332	0.21	0.23533333333333334	0.23066666666666666	0.23466666666666666	0.198	0.23066666666666666	0.21533333333333332	0.21133333333333335	0.198	0.17133333333333334	0.19066666666666668	0.21266666666666667	0.168	0.17733333333333334	0.184	0.18133333333333335	0.17666666666666667	0.13866666666666666	0.152	0.166	0.15066666666666667	0.154	0.156	0.15133333333333332	0.13666666666666666	0.14266666666666666	0.14866666666666667	0.13	0.136	0.112	0.12466666666666666	0.11666666666666667	0.12733333333333333	0.13133333333333333	0.11333333333333333	0.10466666666666667	0.11533333333333333	0.11666666666666667	0.12333333333333334	0.10866666666666666	0.09133333333333334	0.096	0.09066666666666667	0.098	0.08733333333333333	0.082	0.07533333333333334	0.09066666666666667	0.07733333333333334	0.07466666666666667	0.072	0.07	0.08	0.064	0.07266666666666667	0.06333333333333334	0.05333333333333334	0.051333333333333335	0.06866666666666667	0.056	0.06066666666666667	0.06266666666666666	0.054	0.05266666666666667	0.046	0.04533333333333334	0.050666666666666665	0.04133333333333333	0.058666666666666666	0.046	0.046	0.04666666666666667	0.032	0.03333333333333333	0.03266666666666666	0.032	0.032	0.025333333333333333	0.024	0.028666666666666667	
0.31466666666666665	0.322	0.324	0.318	0.2986666666666667	0.30333333333333334	0.284	0.29133333333333333	0.2846666666666667	0.25333333333333335	0.2813333333333333	0.2693333333333333	0.27266666666666667	0.24266666666666667	0.238	0.244	0.232	0.24866666666666667	0.21533333333333332	0.23	0.23533333333333334	0.21533333333333332	0.21733333333333332	0.21266666666666667	0.22533333333333333	0.19266666666666668	0.20066666666666666	0.19066666666666668	0.18733333333333332	0.16333333333333333	0.168	0.186	0.17066666666666666	0.18466666666666667	0.176	0.16133333333333333	0.16533333333333333	0.162	0.15733333333333333	0.16666666666666666	0.15333333333333332	0.13	0.15333333333333332	0.14666666666666667	0.126	0.138	0.14133333333333334	0.11333333333333333	0.13133333333333333	0.13133333333333333	0.11933333333333333	0.11933333333333333	0.11	0.10266666666666667	0.10533333333333333	0.108	0.10933333333333334	0.09333333333333334	0.092	0.102	0.09466666666666666	0.09066666666666667	0.08866666666666667	0.09066666666666667	0.09133333333333334	0.066	0.084	0.07733333333333334	0.08266666666666667	0.064	0.07333333333333333	0.078	0.06133333333333333	0.06333333333333334	0.06933333333333333	0.07666666666666666	0.06333333333333334	0.05533333333333333	0.056666666666666664	0.05333333333333334	0.06466666666666666	0.05333333333333334	0.04466666666666667	0.042666666666666665	0.04933333333333333	0.036	0.04066666666666666	0.046	0.037333333333333336	0.03933333333333333	0.04066666666666666	0.037333333333333336	0.03333333333333333	0.03933333333333333	0.038	0.029333333333333333	0.025333333333333333	0.03133333333333333	0.03	
0.3446666666666667	0.346	0.30733333333333335	0.3253333333333333	0.31533333333333335	0.30466666666666664	0.256	0.28733333333333333	0.28933333333333333	0.29533333333333334	0.26666666666666666	0.26266666666666666	0.2673333333333333	0.23266666666666666	0.25133333333333335	0.23	0.22933333333333333	0.23533333333333334	0.236	0.232	0.22933333333333333	0.21933333333333332	0.19866666666666666	0.20933333333333334	0.212	0.22533333333333333	0.204	0.20733333333333334	0.20733333333333334	0.15266666666666667	0.15466666666666667	0.178	0.204	0.17733333333333334	0.17866666666666667	0.16266666666666665	0.17066666666666666	0.15533333333333332	0.158	0.16133333333333333	0.16666666666666666	0.132	0.14133333333333334	0.14066666666666666	0.12666666666666668	0.12	0.13933333333333334	0.12066666666666667	0.12333333333333334	0.12533333333333332	0.12333333333333334	0.106	0.09533333333333334	0.11466666666666667	0.116	0.116	0.10066666666666667	0.10266666666666667	0.10733333333333334	0.09733333333333333	0.092	0.09066666666666667	0.08466666666666667	0.08733333333333333	0.08666666666666667	0.08933333333333333	0.07466666666666667	0.08466666666666667	0.084	0.082	0.07466666666666667	0.084	0.07066666666666667	0.06533333333333333	0.068	0.056	0.06533333333333333	0.04933333333333333	0.06133333333333333	0.05533333333333333	0.059333333333333335	0.056	0.058666666666666666	0.04933333333333333	0.05	0.05266666666666667	0.051333333333333335	0.05	0.042	0.044	0.03933333333333333	0.043333333333333335	0.034	0.04066666666666666	0.04	0.03266666666666666	0.034666666666666665	0.034	0.02666666666666667	
0.3426666666666667	0.314	0.314	0.29	0.30933333333333335	0.31	0.298	0.26866666666666666	0.2853333333333333	0.288	0.292	0.2693333333333333	0.25466666666666665	0.258	0.25933333333333336	0.244	0.24133333333333334	0.23	0.252	0.22866666666666666	0.22	0.248	0.22266666666666668	0.22533333333333333	0.216	0.21	0.196	0.2	0.18266666666666667	0.16533333333333333	0.17066666666666666	0.17	0.19066666666666668	0.174	0.16333333333333333	0.18666666666666668	0.16866666666666666	0.16	0.16266666666666665	0.178	0.14266666666666666	0.14866666666666667	0.13733333333333334	0.15533333333333332	0.13866666666666666	0.128	0.124	0.13	0.12266666666666666	0.11066666666666666	0.12066666666666667	0.108	0.12733333333333333	0.12533333333333332	0.10333333333333333	0.10933333333333334	0.09933333333333333	0.11733333333333333	0.09866666666666667	0.094	0.09666666666666666	0.088	0.084	0.09866666666666667	0.09666666666666666	0.08866666666666667	0.088	0.07733333333333334	0.06333333333333334	0.07133333333333333	0.06933333333333333	0.07733333333333334	0.07266666666666667	0.06	0.064	0.06	0.066	0.06733333333333333	0.062	0.06	0.066	0.058	0.056666666666666664	0.05266666666666667	0.06666666666666667	0.051333333333333335	0.04666666666666667	0.042	0.04	0.04	0.042666666666666665	0.037333333333333336	0.042666666666666665	0.037333333333333336	0.034666666666666665	0.032	0.044	0.032	0.034666666666666665	
0.346	0.35733333333333334	0.332	0.3373333333333333	0.3	0.31733333333333336	0.2773333333333333	0.2826666666666667	0.30466666666666664	0.2806666666666667	0.26066666666666666	0.2673333333333333	0.23866666666666667	0.26066666666666666	0.26066666666666666	0.24933333333333332	0.25	0.21866666666666668	0.23466666666666666	0.20933333333333334	0.188	0.24066666666666667	0.19133333333333333	0.20066666666666666	0.22333333333333333	0.21933333333333332	0.20333333333333334	0.19733333333333333	0.19	0.18933333333333333	0.168	0.19066666666666668	0.17333333333333334	0.19066666666666668	0.17533333333333334	0.156	0.16	0.15466666666666667	0.13	0.168	0.156	0.154	0.13133333333333333	0.13666666666666666	0.13133333333333333	0.126	0.14733333333333334	0.132	0.12466666666666666	0.13133333333333333	0.11066666666666666	0.11866666666666667	0.11133333333333334	0.10933333333333334	0.10133333333333333	0.11466666666666667	0.10333333333333333	0.09666666666666666	0.12066666666666667	0.10133333333333333	0.08066666666666666	0.08666666666666667	0.09933333333333333	0.07333333333333333	0.094	0.08733333333333333	0.07666666666666666	0.09	0.06533333333333333	0.07733333333333334	0.07333333333333333	0.072	0.06266666666666666	0.06666666666666667	0.06666666666666667	0.056	0.068	0.06	0.05466666666666667	0.058666666666666666	0.059333333333333335	0.05266666666666667	0.05466666666666667	0.048666666666666664	0.048	0.05266666666666667	0.044	0.048	0.044	0.04666666666666667	0.04133333333333333	0.03933333333333333	0.038	0.035333333333333335	0.029333333333333333	0.03133333333333333	0.034666666666666665	0.026	0.03333333333333333	
0.334	0.336	0.318	0.31	0.2773333333333333	0.30266666666666664	0.30133333333333334	0.286	0.27666666666666667	0.278	0.2693333333333333	0.25333333333333335	0.2793333333333333	0.25266666666666665	0.25533333333333336	0.26266666666666666	0.24533333333333332	0.22533333333333333	0.22133333333333333	0.20666666666666667	0.244	0.22866666666666666	0.24066666666666667	0.204	0.18933333333333333	0.19733333333333333	0.228	0.21933333333333332	0.20733333333333334	0.188	0.19466666666666665	0.178	0.19133333333333333	0.172	0.18	0.17866666666666667	0.17	0.17133333333333334	0.14133333333333334	0.14866666666666667	0.13533333333333333	0.15466666666666667	0.14266666666666666	0.13866666666666666	0.15666666666666668	0.14666666666666667	0.116	0.12066666666666667	0.11666666666666667	0.11866666666666667	0.11466666666666667	0.11533333333333333	0.12933333333333333	0.11133333333333334	0.11533333333333333	0.108	0.114	0.10666666666666667	0.10866666666666666	0.098	0.094	0.09066666666666667	0.08466666666666667	0.09133333333333334	0.09933333333333333	0.08066666666666666	0.082	0.08933333333333333	0.09133333333333334	0.076	0.07066666666666667	0.07466666666666667	0.06733333333333333	0.06266666666666666	0.07666666666666666	0.06	0.062	0.06133333333333333	0.058666666666666666	0.06066666666666667	0.06	0.048	0.052	0.050666666666666665	0.04666666666666667	0.04466666666666667	0.05266666666666667	0.043333333333333335	0.03666666666666667	0.04466666666666667	0.04133333333333333	0.03866666666666667	0.032	0.03933333333333333	0.030666666666666665	0.03666666666666667	0.038	0.029333333333333333	0.028	
0.31733333333333336	0.342	0.316	0.324	0.302	0.2786666666666667	0.2733333333333333	0.274	0.2793333333333333	0.2926666666666667	0.25933333333333336	0.22866666666666666	0.23266666666666666	0.25133333333333335	0.24666666666666667	0.234	0.23466666666666666	0.22266666666666668	0.20666666666666667	0.26066666666666666	0.224	0.22133333333333333	0.20266666666666666	0.19866666666666666	0.182	0.19733333333333333	0.20266666666666666	0.17866666666666667	0.18733333333333332	0.178	0.176	0.17133333333333334	0.18266666666666667	0.14666666666666667	0.18133333333333335	0.16666666666666666	0.166	0.148	0.15466666666666667	0.15266666666666667	0.15133333333333332	0.14866666666666667	0.13866666666666666	0.14266666666666666	0.13133333333333333	0.13666666666666666	0.14333333333333334	0.114	0.12466666666666666	0.134	0.11533333333333333	0.12933333333333333	0.104	0.11333333333333333	0.11333333333333333	0.11133333333333334	0.10666666666666667	0.10733333333333334	0.09466666666666666	0.098	0.09333333333333334	0.09733333333333333	0.10466666666666667	0.106	0.096	0.07533333333333334	0.09	0.086	0.074	0.07666666666666666	0.08066666666666666	0.06733333333333333	0.07333333333333333	0.059333333333333335	0.07266666666666667	0.07133333333333333	0.06666666666666667	0.06666666666666667	0.05266666666666667	0.056	0.06066666666666667	0.04933333333333333	0.043333333333333335	0.05266666666666667	0.03866666666666667	0.06466666666666666	0.04933333333333333	0.042666666666666665	0.048666666666666664	0.03933333333333333	0.03866666666666667	0.030666666666666665	0.035333333333333335	0.042	0.03933333333333333	0.026	0.024666666666666667	0.03933333333333333	0.026	
0.348	0.30666666666666664	0.31466666666666665	0.32866666666666666	0.28933333333333333	0.31133333333333335	0.31933333333333336	0.2833333333333333	0.27	0.2786666666666667	0.30266666666666664	0.276	0.2826666666666667	0.266	0.25466666666666665	0.2613333333333333	0.264	0.24733333333333332	0.22466666666666665	0.224	0.21	0.202	0.224	0.21666666666666667	0.23533333333333334	0.21066666666666667	0.184	0.18266666666666667	0.19466666666666665	0.17866666666666667	0.17466666666666666	0.16933333333333334	0.17133333333333334	0.162	0.16333333333333333	0.14333333333333334	0.156	0.15266666666666667	0.156	0.18066666666666667	0.144	0.164	0.138	0.14333333333333334	0.15066666666666667	0.136	0.12666666666666668	0.11866666666666667	0.11466666666666667	0.12466666666666666	0.12266666666666666	0.11733333333333333	0.11	0.126	0.10266666666666667	0.11466666666666667	0.106	0.10333333333333333	0.096	0.106	0.08666666666666667	0.10466666666666667	0.10733333333333334	0.082	0.09133333333333334	0.086	0.10066666666666667	0.07866666666666666	0.06933333333333333	0.1	0.07266666666666667	0.07066666666666667	0.058	0.08933333333333333	0.06733333333333333	0.064	0.04933333333333333	0.05733333333333333	0.059333333333333335	0.062	0.058	0.052	0.059333333333333335	0.066	0.04466666666666667	0.04933333333333333	0.042	0.042666666666666665	0.03866666666666667	0.048	0.043333333333333335	0.03133333333333333	0.03	0.036	0.02666666666666667	0.032	0.026	0.04666666666666667	0.034	
0.332	0.3373333333333333	0.29533333333333334	0.286	0.296	0.30266666666666664	0.29133333333333333	0.2753333333333333	0.2833333333333333	0.27666666666666667	0.29133333333333333	0.24733333333333332	0.25666666666666665	0.26266666666666666	0.238	0.24866666666666667	0.242	0.23533333333333334	0.22266666666666668	0.22533333333333333	0.25733333333333336	0.20933333333333334	0.22	0.214	0.19066666666666668	0.20466666666666666	0.22066666666666668	0.19466666666666665	0.176	0.19533333333333333	0.17333333333333334	0.19266666666666668	0.18533333333333332	0.19133333333333333	0.166	0.16466666666666666	0.15733333333333333	0.15466666666666667	0.16466666666666666	0.15333333333333332	0.138	0.14533333333333334	0.12666666666666668	0.13933333333333334	0.148	0.12533333333333332	0.12266666666666666	0.12066666666666667	0.12066666666666667	0.13866666666666666	0.13	0.12733333333333333	0.126	0.10666666666666667	0.11333333333333333	0.11	0.11666666666666667	0.114	0.10333333333333333	0.094	0.09466666666666666	0.09533333333333334	0.08733333333333333	0.08266666666666667	0.07466666666666667	0.08533333333333333	0.07866666666666666	0.09733333333333333	0.084	0.066	0.09	0.068	0.072	0.06333333333333334	0.06733333333333333	0.08066666666666666	0.076	0.05733333333333333	0.06333333333333334	0.06533333333333333	0.058	0.052	0.04733333333333333	0.058	0.05333333333333334	0.043333333333333335	0.05333333333333334	0.035333333333333335	0.05266666666666667	0.042666666666666665	0.04533333333333334	0.03666666666666667	0.03266666666666666	0.03333333333333333	0.035333333333333335	0.030666666666666665	0.03933333333333333	0.035333333333333335	0.027333333333333334	
0.318	0.304	0.334	0.322	0.3273333333333333	0.296	0.30133333333333334	0.282	0.2773333333333333	0.274	0.2693333333333333	0.27266666666666667	0.27	0.258	0.266	0.256	0.25866666666666666	0.21933333333333332	0.23466666666666666	0.23	0.226	0.19866666666666666	0.20933333333333334	0.21133333333333335	0.20266666666666666	0.21333333333333335	0.21133333333333335	0.192	0.19333333333333333	0.186	0.18933333333333333	0.18733333333333332	0.162	0.186	0.17266666666666666	0.14733333333333334	0.176	0.168	0.146	0.16066666666666668	0.156	0.14733333333333334	0.142	0.146	0.14533333333333334	0.128	0.124	0.138	0.12866666666666668	0.126	0.10933333333333334	0.11266666666666666	0.09733333333333333	0.11066666666666666	0.09866666666666667	0.11666666666666667	0.11333333333333333	0.10533333333333333	0.08933333333333333	0.086	0.09333333333333334	0.09533333333333334	0.09266666666666666	0.08533333333333333	0.07733333333333334	0.08733333333333333	0.08133333333333333	0.088	0.086	0.07133333333333333	0.06666666666666667	0.06666666666666667	0.076	0.078	0.06133333333333333	0.06533333333333333	0.058666666666666666	0.06333333333333334	0.06666666666666667	0.05733333333333333	0.05266666666666667	0.056	0.052	0.04733333333333333	0.04733333333333333	0.04933333333333333	0.04466666666666667	0.05	0.048666666666666664	0.03133333333333333	0.043333333333333335	0.037333333333333336	0.032	0.03	0.035333333333333335	0.03	0.02666666666666667	0.027333333333333334	0.034	
0.33266666666666667	0.338	0.354	0.30933333333333335	0.294	0.28733333333333333	0.29333333333333333	0.30533333333333335	0.274	0.2653333333333333	0.278	0.27466666666666667	0.27066666666666667	0.2653333333333333	0.282	0.22466666666666665	0.25066666666666665	0.22666666666666666	0.23266666666666666	0.234	0.234	0.22866666666666666	0.22866666666666666	0.21066666666666667	0.20066666666666666	0.216	0.202	0.19066666666666668	0.182	0.182	0.194	0.17133333333333334	0.174	0.198	0.16666666666666666	0.172	0.16466666666666666	0.13933333333333334	0.166	0.14466666666666667	0.148	0.16933333333333334	0.12466666666666666	0.148	0.13533333333333333	0.13333333333333333	0.118	0.13933333333333334	0.12266666666666666	0.116	0.10866666666666666	0.126	0.10466666666666667	0.10866666666666666	0.104	0.10933333333333334	0.10266666666666667	0.09133333333333334	0.10333333333333333	0.08533333333333333	0.118	0.09	0.07266666666666667	0.09866666666666667	0.08133333333333333	0.078	0.082	0.07666666666666666	0.07733333333333334	0.072	0.06266666666666666	0.064	0.06666666666666667	0.06733333333333333	0.06133333333333333	0.06666666666666667	0.06466666666666666	0.064	0.05733333333333333	0.048666666666666664	0.05533333333333333	0.05333333333333334	0.056666666666666664	0.054	0.064	0.046	0.052	0.05266666666666667	0.042666666666666665	0.042666666666666665	0.044	0.042	0.034	0.04133333333333333	0.038	0.026	0.028	0.030666666666666665	0.025333333333333333	
0.32866666666666666	0.34	0.32133333333333336	0.30933333333333335	0.294	0.2946666666666667	0.268	0.29333333333333333	0.2793333333333333	0.2633333333333333	0.2713333333333333	0.28733333333333333	0.26266666666666666	0.25533333333333336	0.256	0.228	0.24266666666666667	0.22133333333333333	0.25133333333333335	0.222	0.204	0.21533333333333332	0.216	0.22333333333333333	0.21066666666666667	0.22933333333333333	0.20666666666666667	0.18533333333333332	0.194	0.16733333333333333	0.17133333333333334	0.166	0.18533333333333332	0.184	0.16333333333333333	0.16066666666666668	0.17666666666666667	0.17466666666666666	0.17133333333333334	0.154	0.156	0.16333333333333333	0.13333333333333333	0.148	0.136	0.14	0.14466666666666667	0.11866666666666667	0.12066666666666667	0.11666666666666667	0.12733333333333333	0.116	0.11933333333333333	0.11333333333333333	0.11266666666666666	0.12066666666666667	0.10666666666666667	0.11933333333333333	0.11266666666666666	0.08866666666666667	0.09333333333333334	0.08666666666666667	0.09466666666666666	0.08666666666666667	0.09	0.08	0.074	0.08866666666666667	0.062	0.06933333333333333	0.07866666666666666	0.07133333333333333	0.074	0.06466666666666666	0.06733333333333333	0.064	0.06666666666666667	0.06266666666666666	0.06	0.05333333333333334	0.05533333333333333	0.06533333333333333	0.056	0.054	0.046	0.03933333333333333	0.04666666666666667	0.04666666666666667	0.050666666666666665	0.034666666666666665	0.043333333333333335	0.03866666666666667	0.03666666666666667	0.030666666666666665	0.04133333333333333	0.028	0.03866666666666667	0.036	0.028666666666666667	
0.342	0.3373333333333333	0.338	0.314	0.2926666666666667	0.2866666666666667	0.29333333333333333	0.2966666666666667	0.30733333333333335	0.27466666666666667	0.27666666666666667	0.26866666666666666	0.244	0.2773333333333333	0.25466666666666665	0.27266666666666667	0.23066666666666666	0.246	0.21133333333333335	0.218	0.21066666666666667	0.21533333333333332	0.26066666666666666	0.23	0.19733333333333333	0.19933333333333333	0.22666666666666666	0.19533333333333333	0.194	0.19066666666666668	0.19066666666666668	0.192	0.17933333333333334	0.16266666666666665	0.16133333333333333	0.17533333333333334	0.166	0.158	0.176	0.14133333333333334	0.134	0.12666666666666668	0.12866666666666668	0.15266666666666667	0.134	0.13266666666666665	0.12333333333333334	0.13266666666666665	0.10933333333333334	0.1	0.12	0.124	0.10266666666666667	0.116	0.10933333333333334	0.11466666666666667	0.09933333333333333	0.106	0.08933333333333333	0.092	0.096	0.09666666666666666	0.08533333333333333	0.08333333333333333	0.08933333333333333	0.07533333333333334	0.08133333333333333	0.09133333333333334	0.078	0.08066666666666666	0.058	0.074	0.07066666666666667	0.052	0.07466666666666667	0.06133333333333333	0.062	0.06133333333333333	0.06266666666666666	0.054	0.06333333333333334	0.05333333333333334	0.05533333333333333	0.05	0.05533333333333333	0.04133333333333333	0.042	0.035333333333333335	0.042	0.032	0.03866666666666667	0.03933333333333333	0.03266666666666666	0.030666666666666665	0.028	0.024666666666666667	0.034	0.03333333333333333	0.027333333333333334	
0.336	0.3526666666666667	0.326	0.294	0.31266666666666665	0.28933333333333333	0.2733333333333333	0.2826666666666667	0.2833333333333333	0.272	0.25333333333333335	0.258	0.23333333333333334	0.24	0.226	0.25066666666666665	0.23933333333333334	0.23466666666666666	0.216	0.23866666666666667	0.216	0.23066666666666666	0.20733333333333334	0.18466666666666667	0.214	0.17933333333333334	0.20333333333333334	0.202	0.18866666666666668	0.16933333333333334	0.18266666666666667	0.202	0.16466666666666666	0.16466666666666666	0.15133333333333332	0.16333333333333333	0.16266666666666665	0.15133333333333332	0.15666666666666668	0.13466666666666666	0.13933333333333334	0.144	0.14333333333333334	0.114	0.12733333333333333	0.124	0.118	0.134	0.12866666666666668	0.12666666666666668	0.09933333333333333	0.11133333333333334	0.10666666666666667	0.10533333333333333	0.10466666666666667	0.10733333333333334	0.09933333333333333	0.08933333333333333	0.11333333333333333	0.10333333333333333	0.1	0.08266666666666667	0.08933333333333333	0.08533333333333333	0.08933333333333333	0.09066666666666667	0.07866666666666666	0.07333333333333333	0.06666666666666667	0.068	0.08466666666666667	0.074	0.06666666666666667	0.06333333333333334	0.06	0.06333333333333334	0.06133333333333333	0.056	0.05533333333333333	0.06	0.06266666666666666	0.058	0.056	0.05533333333333333	0.04533333333333334	0.048666666666666664	0.043333333333333335	0.048	0.04133333333333333	0.04066666666666666	0.035333333333333335	0.028666666666666667	0.03933333333333333	0.032	0.035333333333333335	0.035333333333333335	0.027333333333333334	0.032	0.027333333333333334	
0.32466666666666666	0.328	0.31933333333333336	0.302	0.3	0.296	0.2633333333333333	0.286	0.278	0.276	0.2733333333333333	0.26866666666666666	0.24133333333333334	0.24266666666666667	0.256	0.242	0.222	0.236	0.23666666666666666	0.22466666666666665	0.22466666666666665	0.22533333333333333	0.19933333333333333	0.206	0.19666666666666666	0.19866666666666666	0.19733333333333333	0.19	0.19733333333333333	0.17133333333333334	0.2	0.17333333333333334	0.168	0.18666666666666668	0.184	0.15133333333333332	0.16466666666666666	0.148	0.16333333333333333	0.14466666666666667	0.164	0.13866666666666666	0.136	0.14666666666666667	0.148	0.13866666666666666	0.13266666666666665	0.13133333333333333	0.13533333333333333	0.12066666666666667	0.136	0.11666666666666667	0.11	0.10066666666666667	0.12266666666666666	0.09666666666666666	0.11333333333333333	0.10133333333333333	0.1	0.08933333333333333	0.104	0.09533333333333334	0.092	0.09466666666666666	0.08866666666666667	0.07733333333333334	0.09066666666666667	0.07733333333333334	0.08333333333333333	0.062	0.07133333333333333	0.068	0.068	0.07266666666666667	0.06133333333333333	0.06133333333333333	0.064	0.06333333333333334	0.05733333333333333	0.04733333333333333	0.04933333333333333	0.06533333333333333	0.056666666666666664	0.04133333333333333	0.042666666666666665	0.042	0.046	0.04666666666666667	0.032	0.04133333333333333	0.042	0.024666666666666667	0.035333333333333335	0.035333333333333335	0.03	0.04133333333333333	0.030666666666666665	0.02666666666666667	0.030666666666666665	
0.33	0.338	0.31266666666666665	0.3253333333333333	0.31466666666666665	0.30666666666666664	0.306	0.286	0.2853333333333333	0.2693333333333333	0.254	0.262	0.29133333333333333	0.25733333333333336	0.26666666666666666	0.23133333333333334	0.25666666666666665	0.24733333333333332	0.23533333333333334	0.212	0.22866666666666666	0.214	0.21133333333333335	0.23866666666666667	0.20666666666666667	0.19933333333333333	0.19533333333333333	0.188	0.17866666666666667	0.184	0.17733333333333334	0.19466666666666665	0.18133333333333335	0.16266666666666665	0.17266666666666666	0.16533333333333333	0.16466666666666666	0.16133333333333333	0.152	0.13533333333333333	0.162	0.15266666666666667	0.14066666666666666	0.14866666666666667	0.15266666666666667	0.13466666666666666	0.114	0.15266666666666667	0.13733333333333334	0.13266666666666665	0.10666666666666667	0.112	0.11733333333333333	0.118	0.12533333333333332	0.10266666666666667	0.104	0.10266666666666667	0.086	0.094	0.08866666666666667	0.08466666666666667	0.08933333333333333	0.07866666666666666	0.086	0.08	0.06866666666666667	0.08466666666666667	0.08	0.07066666666666667	0.07333333333333333	0.07466666666666667	0.066	0.078	0.066	0.059333333333333335	0.06	0.05	0.05533333333333333	0.06133333333333333	0.056666666666666664	0.04933333333333333	0.056666666666666664	0.052	0.05333333333333334	0.04533333333333334	0.04533333333333334	0.05	0.042	0.042666666666666665	0.04133333333333333	0.03333333333333333	0.035333333333333335	0.03933333333333333	0.032	0.03133333333333333	0.028666666666666667	0.038	0.03133333333333333	
0.32866666666666666	0.3293333333333333	0.30733333333333335	0.32	0.28733333333333333	0.2813333333333333	0.2846666666666667	0.2773333333333333	0.2713333333333333	0.276	0.25933333333333336	0.2733333333333333	0.2733333333333333	0.26266666666666666	0.2653333333333333	0.2713333333333333	0.25333333333333335	0.22266666666666668	0.20066666666666666	0.246	0.224	0.22533333333333333	0.224	0.20066666666666666	0.20866666666666667	0.22666666666666666	0.20533333333333334	0.19933333333333333	0.202	0.19	0.164	0.16666666666666666	0.18	0.17133333333333334	0.15066666666666667	0.16866666666666666	0.16666666666666666	0.17466666666666666	0.14333333333333334	0.15933333333333333	0.13333333333333333	0.15666666666666668	0.146	0.15533333333333332	0.15	0.12266666666666666	0.142	0.13666666666666666	0.12066666666666667	0.114	0.11266666666666666	0.118	0.10866666666666666	0.11866666666666667	0.11733333333333333	0.10733333333333334	0.12933333333333333	0.116	0.08866666666666667	0.10266666666666667	0.08533333333333333	0.09466666666666666	0.09133333333333334	0.07866666666666666	0.066	0.08266666666666667	0.08733333333333333	0.08	0.06933333333333333	0.06266666666666666	0.06533333333333333	0.07333333333333333	0.06266666666666666	0.06666666666666667	0.06066666666666667	0.058666666666666666	0.05	0.07133333333333333	0.05	0.052	0.04733333333333333	0.05733333333333333	0.048	0.04733333333333333	0.050666666666666665	0.05	0.035333333333333335	0.050666666666666665	0.04666666666666667	0.03866666666666667	0.03933333333333333	0.03866666666666667	0.037333333333333336	0.024666666666666667	0.04066666666666666	0.037333333333333336	0.032	0.034	0.032	
0.326	0.3453333333333333	0.30666666666666664	0.288	0.25933333333333336	0.298	0.26066666666666666	0.306	0.2733333333333333	0.24466666666666667	0.2866666666666667	0.254	0.25266666666666665	0.274	0.25466666666666665	0.24733333333333332	0.26266666666666666	0.24133333333333334	0.25	0.21266666666666667	0.228	0.212	0.17733333333333334	0.21333333333333335	0.20333333333333334	0.20333333333333334	0.154	0.20266666666666666	0.19333333333333333	0.22066666666666668	0.186	0.17733333333333334	0.186	0.18133333333333335	0.19533333333333333	0.17733333333333334	0.158	0.15466666666666667	0.14866666666666667	0.144	0.136	0.14266666666666666	0.14733333333333334	0.14	0.138	0.116	0.11733333333333333	0.14866666666666667	0.112	0.12933333333333333	0.116	0.12133333333333333	0.124	0.12666666666666668	0.114	0.09733333333333333	0.08666666666666667	0.10066666666666667	0.10333333333333333	0.09733333333333333	0.09866666666666667	0.08266666666666667	0.08533333333333333	0.102	0.08133333333333333	0.08666666666666667	0.084	0.07866666666666666	0.08133333333333333	0.07933333333333334	0.074	0.07	0.06533333333333333	0.07666666666666666	0.06333333333333334	0.06333333333333334	0.058	0.052	0.056666666666666664	0.05333333333333334	0.05466666666666667	0.04533333333333334	0.06066666666666667	0.05533333333333333	0.04733333333333333	0.048666666666666664	0.042	0.044	0.03866666666666667	0.03	0.042	0.03333333333333333	0.03133333333333333	0.036	0.04066666666666666	0.034	0.028666666666666667	0.027333333333333334	0.03266666666666666	
0.30533333333333335	0.31866666666666665	0.324	0.30733333333333335	0.29733333333333334	0.27666666666666667	0.2886666666666667	0.29	0.30333333333333334	0.2786666666666667	0.282	0.26866666666666666	0.2813333333333333	0.24933333333333332	0.24533333333333332	0.26066666666666666	0.23533333333333334	0.24466666666666667	0.22333333333333333	0.25	0.21133333333333335	0.22066666666666668	0.21866666666666668	0.21666666666666667	0.198	0.20133333333333334	0.21333333333333335	0.18266666666666667	0.18333333333333332	0.174	0.19266666666666668	0.16933333333333334	0.17066666666666666	0.176	0.168	0.15933333333333333	0.15733333333333333	0.168	0.16	0.14866666666666667	0.15133333333333332	0.13	0.134	0.15333333333333332	0.122	0.14266666666666666	0.14	0.13733333333333334	0.11733333333333333	0.12733333333333333	0.096	0.118	0.12333333333333334	0.10666666666666667	0.108	0.10266666666666667	0.10466666666666667	0.09866666666666667	0.09733333333333333	0.106	0.09	0.09866666666666667	0.072	0.08333333333333333	0.09066666666666667	0.07333333333333333	0.07866666666666666	0.08133333333333333	0.07133333333333333	0.076	0.07	0.06466666666666666	0.064	0.059333333333333335	0.06	0.056666666666666664	0.06266666666666666	0.06933333333333333	0.06066666666666667	0.054	0.04933333333333333	0.04066666666666666	0.046	0.05466666666666667	0.054	0.04733333333333333	0.04733333333333333	0.042666666666666665	0.030666666666666665	0.042	0.03666666666666667	0.042666666666666665	0.036	0.028	0.029333333333333333	0.035333333333333335	0.027333333333333334	0.028	0.032	
0.342	0.332	0.31266666666666665	0.324	0.28733333333333333	0.316	0.28933333333333333	0.30266666666666664	0.268	0.26	0.2833333333333333	0.2653333333333333	0.25866666666666666	0.23666666666666666	0.25533333333333336	0.248	0.254	0.23933333333333334	0.23466666666666666	0.19333333333333333	0.22466666666666665	0.216	0.22266666666666668	0.20066666666666666	0.204	0.19466666666666665	0.19333333333333333	0.19666666666666666	0.17666666666666667	0.19066666666666668	0.17933333333333334	0.158	0.168	0.15866666666666668	0.17466666666666666	0.16533333333333333	0.14933333333333335	0.174	0.164	0.15666666666666668	0.14466666666666667	0.154	0.12866666666666668	0.138	0.126	0.12666666666666668	0.12133333333333333	0.12466666666666666	0.13466666666666666	0.12866666666666668	0.10466666666666667	0.11066666666666666	0.114	0.11666666666666667	0.11133333333333334	0.096	0.10866666666666666	0.10866666666666666	0.104	0.104	0.09333333333333334	0.08666666666666667	0.094	0.09	0.08133333333333333	0.07266666666666667	0.08333333333333333	0.08	0.08533333333333333	0.07066666666666667	0.072	0.086	0.06466666666666666	0.06066666666666667	0.05733333333333333	0.058666666666666666	0.08066666666666666	0.05	0.059333333333333335	0.066	0.058	0.059333333333333335	0.04933333333333333	0.046	0.044	0.048	0.037333333333333336	0.03933333333333333	0.050666666666666665	0.03266666666666666	0.03933333333333333	0.043333333333333335	0.02666666666666667	0.03666666666666667	0.036	0.038	0.036	0.036	0.024666666666666667	
0.3273333333333333	0.32466666666666666	0.3446666666666667	0.30733333333333335	0.31733333333333336	0.2813333333333333	0.2713333333333333	0.2946666666666667	0.2733333333333333	0.26866666666666666	0.26	0.2713333333333333	0.256	0.24133333333333334	0.238	0.25933333333333336	0.23466666666666666	0.238	0.228	0.244	0.224	0.204	0.22066666666666668	0.20133333333333334	0.19666666666666666	0.18733333333333332	0.20466666666666666	0.19266666666666668	0.20066666666666666	0.174	0.172	0.19866666666666666	0.162	0.168	0.17333333333333334	0.16666666666666666	0.174	0.16533333333333333	0.14666666666666667	0.16866666666666666	0.15866666666666668	0.16	0.114	0.15	0.14266666666666666	0.134	0.13	0.12133333333333333	0.12066666666666667	0.12333333333333334	0.126	0.12133333333333333	0.11	0.12733333333333333	0.11533333333333333	0.11733333333333333	0.09533333333333334	0.11133333333333334	0.09333333333333334	0.09533333333333334	0.09133333333333334	0.096	0.08	0.07933333333333334	0.086	0.07733333333333334	0.074	0.07133333333333333	0.07133333333333333	0.07533333333333334	0.064	0.088	0.07933333333333334	0.07266666666666667	0.07333333333333333	0.056	0.058666666666666666	0.05733333333333333	0.06133333333333333	0.051333333333333335	0.059333333333333335	0.05733333333333333	0.05266666666666667	0.04666666666666667	0.04	0.054	0.03933333333333333	0.04066666666666666	0.04733333333333333	0.03866666666666667	0.038	0.03866666666666667	0.028	0.04533333333333334	0.03933333333333333	0.029333333333333333	0.032	0.028666666666666667	0.03	
0.31266666666666665	0.294	0.31066666666666665	0.29	0.2733333333333333	0.30266666666666664	0.2773333333333333	0.294	0.284	0.2806666666666667	0.264	0.288	0.24666666666666667	0.23933333333333334	0.23466666666666666	0.23466666666666666	0.23	0.22733333333333333	0.22933333333333333	0.21	0.23666666666666666	0.22066666666666668	0.21333333333333335	0.19266666666666668	0.194	0.212	0.198	0.19333333333333333	0.168	0.18266666666666667	0.21533333333333332	0.16533333333333333	0.188	0.17533333333333334	0.17066666666666666	0.174	0.16533333333333333	0.17066666666666666	0.15733333333333333	0.15666666666666668	0.13266666666666665	0.14066666666666666	0.15933333333333333	0.13733333333333334	0.14933333333333335	0.13666666666666666	0.13866666666666666	0.13	0.114	0.11266666666666666	0.12933333333333333	0.11666666666666667	0.106	0.102	0.122	0.098	0.09	0.09133333333333334	0.10666666666666667	0.08933333333333333	0.08333333333333333	0.07066666666666667	0.112	0.09133333333333334	0.09666666666666666	0.08533333333333333	0.08666666666666667	0.07133333333333333	0.07466666666666667	0.068	0.07666666666666666	0.078	0.06933333333333333	0.068	0.064	0.07	0.06866666666666667	0.06	0.07666666666666666	0.04733333333333333	0.062	0.04733333333333333	0.046	0.046	0.044	0.03933333333333333	0.04	0.03933333333333333	0.043333333333333335	0.03866666666666667	0.036	0.03933333333333333	0.042666666666666665	0.035333333333333335	0.03	0.034666666666666665	0.022	0.029333333333333333	0.02266666666666667	
0.32666666666666666	0.3506666666666667	0.324	0.314	0.306	0.29533333333333334	0.284	0.284	0.2813333333333333	0.2753333333333333	0.29	0.258	0.27266666666666667	0.24533333333333332	0.22866666666666666	0.2653333333333333	0.21866666666666668	0.23866666666666667	0.238	0.23466666666666666	0.22	0.23666666666666666	0.218	0.22333333333333333	0.192	0.20266666666666666	0.19733333333333333	0.18333333333333332	0.198	0.19066666666666668	0.18666666666666668	0.18733333333333332	0.184	0.16466666666666666	0.15933333333333333	0.16133333333333333	0.16666666666666666	0.16533333333333333	0.154	0.162	0.14733333333333334	0.12733333333333333	0.12666666666666668	0.142	0.11933333333333333	0.134	0.13866666666666666	0.12466666666666666	0.13133333333333333	0.14133333333333334	0.10733333333333334	0.122	0.10333333333333333	0.10866666666666666	0.10266666666666667	0.09866666666666667	0.1	0.10666666666666667	0.09466666666666666	0.09066666666666667	0.08866666666666667	0.08666666666666667	0.10533333333333333	0.086	0.09133333333333334	0.08266666666666667	0.09666666666666666	0.082	0.08133333333333333	0.06266666666666666	0.056666666666666664	0.06933333333333333	0.05533333333333333	0.07866666666666666	0.052	0.06333333333333334	0.05266666666666667	0.066	0.05	0.048	0.05333333333333334	0.05466666666666667	0.059333333333333335	0.048666666666666664	0.052	0.056666666666666664	0.05266666666666667	0.048	0.032	0.050666666666666665	0.04666666666666667	0.036	0.050666666666666665	0.03666666666666667	0.030666666666666665	0.03	0.026	0.028666666666666667	0.042	
0.32	0.3233333333333333	0.33	0.32066666666666666	0.276	0.2846666666666667	0.286	0.2906666666666667	0.276	0.278	0.26	0.294	0.25466666666666665	0.26866666666666666	0.26866666666666666	0.24733333333333332	0.24533333333333332	0.22266666666666668	0.244	0.218	0.21866666666666668	0.19133333333333333	0.212	0.206	0.216	0.19866666666666666	0.194	0.18933333333333333	0.176	0.21133333333333335	0.162	0.158	0.17133333333333334	0.166	0.166	0.15933333333333333	0.158	0.154	0.16466666666666666	0.15733333333333333	0.13533333333333333	0.14466666666666667	0.146	0.13866666666666666	0.15066666666666667	0.14466666666666667	0.12133333333333333	0.12333333333333334	0.12133333333333333	0.126	0.142	0.12533333333333332	0.1	0.102	0.112	0.10733333333333334	0.09133333333333334	0.10133333333333333	0.09666666666666666	0.09466666666666666	0.11	0.10133333333333333	0.086	0.08133333333333333	0.08533333333333333	0.074	0.07133333333333333	0.08066666666666666	0.07	0.08333333333333333	0.07333333333333333	0.07866666666666666	0.064	0.07	0.06733333333333333	0.07133333333333333	0.07533333333333334	0.05	0.058	0.056	0.05	0.06866666666666667	0.050666666666666665	0.036	0.05	0.04733333333333333	0.056666666666666664	0.04733333333333333	0.042	0.034666666666666665	0.035333333333333335	0.03266666666666666	0.027333333333333334	0.034666666666666665	0.03666666666666667	0.034666666666666665	0.03133333333333333	0.03933333333333333	0.026	
0.3373333333333333	0.30666666666666664	0.31266666666666665	0.32133333333333336	0.2866666666666667	0.298	0.2886666666666667	0.24533333333333332	0.2713333333333333	0.24866666666666667	0.262	0.2826666666666667	0.2693333333333333	0.26	0.24666666666666667	0.24266666666666667	0.24866666666666667	0.23133333333333334	0.24066666666666667	0.23466666666666666	0.224	0.21733333333333332	0.21466666666666667	0.214	0.19266666666666668	0.20266666666666666	0.20266666666666666	0.19	0.17333333333333334	0.18533333333333332	0.16533333333333333	0.18	0.172	0.17866666666666667	0.17466666666666666	0.16333333333333333	0.16266666666666665	0.164	0.16066666666666668	0.156	0.14933333333333335	0.15133333333333332	0.138	0.134	0.12533333333333332	0.126	0.12933333333333333	0.122	0.13	0.12866666666666668	0.106	0.11866666666666667	0.116	0.11466666666666667	0.10733333333333334	0.108	0.11	0.09266666666666666	0.09133333333333334	0.104	0.082	0.08133333333333333	0.096	0.09066666666666667	0.08333333333333333	0.086	0.08733333333333333	0.066	0.066	0.08733333333333333	0.06533333333333333	0.06466666666666666	0.078	0.08266666666666667	0.06466666666666666	0.059333333333333335	0.07	0.06133333333333333	0.06	0.05266666666666667	0.05533333333333333	0.059333333333333335	0.058666666666666666	0.058666666666666666	0.03933333333333333	0.042666666666666665	0.042666666666666665	0.042	0.04666666666666667	0.04666666666666667	0.034	0.04066666666666666	0.04133333333333333	0.04	0.03	0.026	0.026	0.026	0.022	
0.33666666666666667	0.31933333333333336	0.31733333333333336	0.29533333333333334	0.2806666666666667	0.32066666666666666	0.282	0.2986666666666667	0.248	0.26866666666666666	0.2833333333333333	0.27466666666666667	0.25866666666666666	0.272	0.24266666666666667	0.23	0.242	0.23133333333333334	0.238	0.22466666666666665	0.24466666666666667	0.2	0.21733333333333332	0.218	0.20466666666666666	0.19333333333333333	0.18133333333333335	0.18133333333333335	0.182	0.19133333333333333	0.17266666666666666	0.16933333333333334	0.15266666666666667	0.17266666666666666	0.16	0.15533333333333332	0.146	0.17266666666666666	0.14266666666666666	0.15333333333333332	0.14266666666666666	0.178	0.13666666666666666	0.136	0.142	0.13133333333333333	0.12733333333333333	0.126	0.132	0.126	0.13066666666666665	0.12533333333333332	0.11733333333333333	0.11866666666666667	0.12666666666666668	0.096	0.11933333333333333	0.116	0.09866666666666667	0.10733333333333334	0.09333333333333334	0.06933333333333333	0.07466666666666667	0.09066666666666667	0.07866666666666666	0.08466666666666667	0.06933333333333333	0.07466666666666667	0.07333333333333333	0.08066666666666666	0.07266666666666667	0.062	0.06066666666666667	0.068	0.064	0.05733333333333333	0.06733333333333333	0.062	0.05266666666666667	0.05333333333333334	0.06266666666666666	0.05333333333333334	0.04	0.056	0.054	0.043333333333333335	0.044	0.04466666666666667	0.037333333333333336	0.03866666666666667	0.042666666666666665	0.036	0.03133333333333333	0.037333333333333336	0.02666666666666667	0.037333333333333336	0.026	0.037333333333333336	0.028666666666666667	
0.30133333333333334	0.3293333333333333	0.30333333333333334	0.31066666666666665	0.2813333333333333	0.30133333333333334	0.2833333333333333	0.2753333333333333	0.26666666666666666	0.25666666666666665	0.274	0.24333333333333335	0.26866666666666666	0.2693333333333333	0.25133333333333335	0.24466666666666667	0.2633333333333333	0.216	0.22866666666666666	0.20133333333333334	0.216	0.20133333333333334	0.20933333333333334	0.19666666666666666	0.21533333333333332	0.21466666666666667	0.202	0.194	0.20666666666666667	0.18066666666666667	0.18266666666666667	0.16266666666666665	0.164	0.17466666666666666	0.18066666666666667	0.17733333333333334	0.16066666666666668	0.15466666666666667	0.14333333333333334	0.16066666666666668	0.14333333333333334	0.14333333333333334	0.14866666666666667	0.126	0.12266666666666666	0.13866666666666666	0.126	0.118	0.13666666666666666	0.122	0.11866666666666667	0.112	0.1	0.11133333333333334	0.116	0.106	0.10066666666666667	0.10466666666666667	0.10066666666666667	0.10466666666666667	0.08866666666666667	0.09333333333333334	0.092	0.08133333333333333	0.08733333333333333	0.08333333333333333	0.08333333333333333	0.072	0.08266666666666667	0.07333333333333333	0.07333333333333333	0.086	0.06866666666666667	0.07266666666666667	0.07266666666666667	0.07	0.058666666666666666	0.043333333333333335	0.056	0.06333333333333334	0.056	0.05	0.05266666666666667	0.059333333333333335	0.05266666666666667	0.05466666666666667	0.048666666666666664	0.046	0.048	0.04	0.038	0.03133333333333333	0.03333333333333333	0.04	0.034	0.029333333333333333	0.025333333333333333	0.032	0.026	
0.31933333333333336	0.28	0.31733333333333336	0.30133333333333334	0.2886666666666667	0.3	0.3006666666666667	0.274	0.2733333333333333	0.288	0.27066666666666667	0.2866666666666667	0.25266666666666665	0.254	0.24933333333333332	0.23866666666666667	0.23066666666666666	0.22266666666666668	0.23333333333333334	0.21266666666666667	0.23266666666666666	0.22066666666666668	0.182	0.20066666666666666	0.224	0.19266666666666668	0.192	0.18866666666666668	0.19133333333333333	0.16	0.174	0.18533333333333332	0.16	0.17933333333333334	0.15733333333333333	0.17866666666666667	0.16	0.16533333333333333	0.15533333333333332	0.13933333333333334	0.15133333333333332	0.14133333333333334	0.14533333333333334	0.12066666666666667	0.13866666666666666	0.13866666666666666	0.13866666666666666	0.138	0.11	0.126	0.118	0.114	0.118	0.11933333333333333	0.12	0.09666666666666666	0.094	0.10266666666666667	0.1	0.09133333333333334	0.09066666666666667	0.09666666666666666	0.07533333333333334	0.076	0.07933333333333334	0.06933333333333333	0.08066666666666666	0.084	0.07133333333333333	0.07933333333333334	0.07733333333333334	0.06933333333333333	0.068	0.068	0.07333333333333333	0.072	0.06933333333333333	0.06066666666666667	0.052	0.06	0.064	0.066	0.048666666666666664	0.03933333333333333	0.058666666666666666	0.03933333333333333	0.03866666666666667	0.048666666666666664	0.04466666666666667	0.04	0.04	0.03333333333333333	0.04066666666666666	0.03666666666666667	0.03933333333333333	0.03266666666666666	0.03133333333333333	0.030666666666666665	0.030666666666666665	
0.35533333333333333	0.31933333333333336	0.322	0.2946666666666667	0.2966666666666667	0.2826666666666667	0.2786666666666667	0.282	0.292	0.27066666666666667	0.25266666666666665	0.2633333333333333	0.23466666666666666	0.24266666666666667	0.2753333333333333	0.25333333333333335	0.24933333333333332	0.25133333333333335	0.22	0.22266666666666668	0.21666666666666667	0.222	0.19333333333333333	0.21466666666666667	0.222	0.17533333333333334	0.19866666666666666	0.172	0.184	0.19133333333333333	0.18333333333333332	0.17666666666666667	0.186	0.174	0.16666666666666666	0.16733333333333333	0.172	0.17933333333333334	0.14666666666666667	0.16266666666666665	0.14133333333333334	0.13333333333333333	0.14133333333333334	0.14	0.11733333333333333	0.12266666666666666	0.118	0.12266666666666666	0.13133333333333333	0.11666666666666667	0.11266666666666666	0.112	0.09733333333333333	0.10733333333333334	0.116	0.114	0.092	0.09533333333333334	0.114	0.09666666666666666	0.08066666666666666	0.09533333333333334	0.08733333333333333	0.07066666666666667	0.108	0.082	0.08933333333333333	0.07333333333333333	0.08	0.07	0.074	0.074	0.07066666666666667	0.06066666666666667	0.074	0.058666666666666666	0.06	0.05333333333333334	0.050666666666666665	0.06066666666666667	0.059333333333333335	0.048666666666666664	0.048	0.042666666666666665	0.05733333333333333	0.042	0.04	0.04466666666666667	0.043333333333333335	0.04533333333333334	0.03933333333333333	0.038	0.025333333333333333	0.037333333333333336	0.030666666666666665	0.03133333333333333	0.030666666666666665	0.024666666666666667	0.030666666666666665	
0.3233333333333333	0.32066666666666666	0.31466666666666665	0.32133333333333336	0.292	0.2926666666666667	0.2733333333333333	0.288	0.29	0.2773333333333333	0.2673333333333333	0.26666666666666666	0.266	0.2733333333333333	0.218	0.24133333333333334	0.23	0.21333333333333335	0.24333333333333335	0.21066666666666667	0.23	0.22333333333333333	0.20533333333333334	0.19466666666666665	0.194	0.208	0.19266666666666668	0.202	0.17533333333333334	0.17333333333333334	0.184	0.18533333333333332	0.15866666666666668	0.16666666666666666	0.182	0.15266666666666667	0.17333333333333334	0.152	0.13666666666666666	0.14933333333333335	0.11733333333333333	0.14466666666666667	0.14866666666666667	0.13466666666666666	0.13866666666666666	0.12866666666666668	0.11933333333333333	0.12666666666666668	0.11533333333333333	0.11133333333333334	0.112	0.11333333333333333	0.10133333333333333	0.10266666666666667	0.10666666666666667	0.112	0.09266666666666666	0.09933333333333333	0.094	0.114	0.088	0.1	0.09133333333333334	0.06866666666666667	0.08666666666666667	0.086	0.07466666666666667	0.08	0.07666666666666666	0.07333333333333333	0.07133333333333333	0.07466666666666667	0.07	0.066	0.06	0.06266666666666666	0.06466666666666666	0.06733333333333333	0.05466666666666667	0.05266666666666667	0.06333333333333334	0.059333333333333335	0.054	0.051333333333333335	0.04733333333333333	0.035333333333333335	0.048666666666666664	0.03866666666666667	0.04733333333333333	0.046	0.04	0.042	0.036	0.028	0.03	0.028666666666666667	0.036	0.034666666666666665	0.027333333333333334	
0.31333333333333335	0.3353333333333333	0.30866666666666664	0.31866666666666665	0.30666666666666664	0.2773333333333333	0.264	0.298	0.27	0.264	0.268	0.26	0.24533333333333332	0.29133333333333333	0.23933333333333334	0.26466666666666666	0.21333333333333335	0.23933333333333334	0.23733333333333334	0.22533333333333333	0.21066666666666667	0.20866666666666667	0.20866666666666667	0.19666666666666666	0.204	0.19733333333333333	0.20133333333333334	0.19133333333333333	0.19533333333333333	0.178	0.17266666666666666	0.17	0.17866666666666667	0.15533333333333332	0.17533333333333334	0.162	0.15133333333333332	0.142	0.14333333333333334	0.164	0.14266666666666666	0.14133333333333334	0.134	0.15133333333333332	0.13466666666666666	0.13866666666666666	0.12933333333333333	0.14	0.112	0.128	0.11133333333333334	0.11066666666666666	0.122	0.1	0.106	0.10733333333333334	0.10666666666666667	0.10866666666666666	0.08933333333333333	0.09533333333333334	0.078	0.09	0.088	0.07866666666666666	0.08866666666666667	0.08	0.07933333333333334	0.08733333333333333	0.07666666666666666	0.07466666666666667	0.06733333333333333	0.076	0.06933333333333333	0.06933333333333333	0.062	0.054	0.058	0.056	0.048	0.054	0.05466666666666667	0.06733333333333333	0.042666666666666665	0.04666666666666667	0.04066666666666666	0.048	0.04133333333333333	0.036	0.048666666666666664	0.03933333333333333	0.04533333333333334	0.04933333333333333	0.03266666666666666	0.03666666666666667	0.03933333333333333	0.038	0.028666666666666667	0.03266666666666666	0.030666666666666665	
0.31066666666666665	0.2986666666666667	0.33466666666666667	0.31933333333333336	0.292	0.282	0.2853333333333333	0.26	0.27466666666666667	0.284	0.2826666666666667	0.2693333333333333	0.25266666666666665	0.25266666666666665	0.25933333333333336	0.24933333333333332	0.256	0.22133333333333333	0.22333333333333333	0.23	0.224	0.22	0.21866666666666668	0.212	0.208	0.18333333333333332	0.188	0.19066666666666668	0.19333333333333333	0.17333333333333334	0.17466666666666666	0.18466666666666667	0.18	0.16533333333333333	0.158	0.16266666666666665	0.152	0.152	0.136	0.14933333333333335	0.15	0.138	0.128	0.16066666666666668	0.13733333333333334	0.13933333333333334	0.118	0.128	0.14533333333333334	0.11466666666666667	0.12533333333333332	0.12266666666666666	0.108	0.116	0.106	0.10533333333333333	0.10866666666666666	0.11333333333333333	0.10933333333333334	0.08933333333333333	0.08466666666666667	0.09	0.09066666666666667	0.10333333333333333	0.086	0.086	0.09	0.08133333333333333	0.07866666666666666	0.06466666666666666	0.07533333333333334	0.068	0.05733333333333333	0.07666666666666666	0.056666666666666664	0.05733333333333333	0.054	0.07066666666666667	0.06666666666666667	0.050666666666666665	0.05533333333333333	0.05333333333333334	0.04733333333333333	0.048666666666666664	0.04666666666666667	0.05533333333333333	0.04933333333333333	0.03133333333333333	0.04533333333333334	0.043333333333333335	0.04066666666666666	0.036	0.038	0.03866666666666667	0.028666666666666667	0.034	0.03333333333333333	0.028	0.03	
0.31933333333333336	0.32466666666666666	0.31866666666666665	0.31466666666666665	0.2906666666666667	0.3	0.29533333333333334	0.2826666666666667	0.2826666666666667	0.2633333333333333	0.24466666666666667	0.24	0.266	0.226	0.25933333333333336	0.24533333333333332	0.248	0.23066666666666666	0.24133333333333334	0.248	0.21733333333333332	0.21266666666666667	0.19466666666666665	0.2	0.22133333333333333	0.19333333333333333	0.19133333333333333	0.2	0.194	0.18133333333333335	0.18533333333333332	0.18466666666666667	0.17	0.18	0.16333333333333333	0.16266666666666665	0.16533333333333333	0.17866666666666667	0.16666666666666666	0.16133333333333333	0.15266666666666667	0.146	0.152	0.14333333333333334	0.13466666666666666	0.13666666666666666	0.13066666666666665	0.136	0.122	0.10333333333333333	0.12066666666666667	0.11466666666666667	0.10666666666666667	0.11333333333333333	0.106	0.10133333333333333	0.08466666666666667	0.096	0.102	0.10066666666666667	0.098	0.08666666666666667	0.10733333333333334	0.09866666666666667	0.086	0.09	0.08133333333333333	0.07733333333333334	0.07466666666666667	0.08133333333333333	0.06933333333333333	0.07533333333333334	0.066	0.06466666666666666	0.074	0.06066666666666667	0.06266666666666666	0.058	0.05466666666666667	0.056	0.04933333333333333	0.056666666666666664	0.042	0.042	0.056	0.056	0.042	0.037333333333333336	0.042666666666666665	0.04466666666666667	0.03133333333333333	0.04933333333333333	0.04066666666666666	0.03933333333333333	0.028666666666666667	0.03933333333333333	0.03266666666666666	0.03133333333333333	0.03933333333333333	
0.336	0.31533333333333335	0.32	0.32066666666666666	0.2853333333333333	0.282	0.2966666666666667	0.2833333333333333	0.282	0.258	0.29533333333333334	0.24333333333333335	0.276	0.24933333333333332	0.24666666666666667	0.25533333333333336	0.24933333333333332	0.236	0.21466666666666667	0.234	0.22266666666666668	0.238	0.21333333333333335	0.20666666666666667	0.202	0.20866666666666667	0.19133333333333333	0.18666666666666668	0.18733333333333332	0.158	0.17933333333333334	0.16066666666666668	0.16733333333333333	0.18933333333333333	0.15866666666666668	0.16866666666666666	0.17133333333333334	0.14933333333333335	0.162	0.17333333333333334	0.15066666666666667	0.15666666666666668	0.126	0.14466666666666667	0.15333333333333332	0.14066666666666666	0.13733333333333334	0.13266666666666665	0.116	0.12266666666666666	0.10933333333333334	0.112	0.09866666666666667	0.11933333333333333	0.11466666666666667	0.11266666666666666	0.09666666666666666	0.08266666666666667	0.08933333333333333	0.09933333333333333	0.092	0.09666666666666666	0.08066666666666666	0.076	0.07666666666666666	0.07933333333333334	0.07666666666666666	0.078	0.068	0.06866666666666667	0.08066666666666666	0.068	0.068	0.06866666666666667	0.07	0.07066666666666667	0.04933333333333333	0.056666666666666664	0.06266666666666666	0.06266666666666666	0.058666666666666666	0.054	0.04666666666666667	0.046	0.044	0.04666666666666667	0.035333333333333335	0.04733333333333333	0.04133333333333333	0.04133333333333333	0.036	0.048666666666666664	0.03866666666666667	0.04733333333333333	0.027333333333333334	0.02666666666666667	0.025333333333333333	0.03666666666666667	0.030666666666666665	
0.31933333333333336	0.33466666666666667	0.30466666666666664	0.29	0.302	0.306	0.298	0.274	0.26666666666666666	0.25	0.284	0.2813333333333333	0.23466666666666666	0.2673333333333333	0.25666666666666665	0.24333333333333335	0.23466666666666666	0.22933333333333333	0.22	0.23066666666666666	0.214	0.206	0.202	0.20866666666666667	0.23533333333333334	0.204	0.20066666666666666	0.198	0.17066666666666666	0.16333333333333333	0.17666666666666667	0.164	0.16733333333333333	0.17866666666666667	0.16133333333333333	0.17933333333333334	0.16733333333333333	0.15066666666666667	0.16466666666666666	0.156	0.13666666666666666	0.138	0.15266666666666667	0.138	0.13533333333333333	0.13133333333333333	0.10933333333333334	0.12466666666666666	0.11866666666666667	0.12466666666666666	0.13866666666666666	0.11266666666666666	0.118	0.11066666666666666	0.09866666666666667	0.10533333333333333	0.10066666666666667	0.08933333333333333	0.09733333333333333	0.10066666666666667	0.086	0.08666666666666667	0.074	0.08266666666666667	0.08933333333333333	0.06733333333333333	0.06866666666666667	0.074	0.07466666666666667	0.07533333333333334	0.07	0.056	0.05	0.06666666666666667	0.05333333333333334	0.064	0.06733333333333333	0.050666666666666665	0.058	0.056666666666666664	0.06266666666666666	0.056	0.04	0.04733333333333333	0.056	0.037333333333333336	0.04466666666666667	0.042	0.03266666666666666	0.04133333333333333	0.042	0.03866666666666667	0.03933333333333333	0.03666666666666667	0.03333333333333333	0.035333333333333335	0.03133333333333333	0.025333333333333333	0.024666666666666667	
0.32266666666666666	0.33266666666666667	0.3373333333333333	0.33866666666666667	0.30266666666666664	0.29333333333333333	0.2773333333333333	0.2853333333333333	0.282	0.25933333333333336	0.27466666666666667	0.262	0.25933333333333336	0.26266666666666666	0.24466666666666667	0.238	0.21933333333333332	0.23066666666666666	0.22933333333333333	0.21266666666666667	0.208	0.21466666666666667	0.22333333333333333	0.21533333333333332	0.22133333333333333	0.20066666666666666	0.20466666666666666	0.182	0.19533333333333333	0.20066666666666666	0.17266666666666666	0.172	0.17	0.162	0.15466666666666667	0.17466666666666666	0.16666666666666666	0.16333333333333333	0.14733333333333334	0.14066666666666666	0.152	0.14533333333333334	0.138	0.13533333333333333	0.12933333333333333	0.134	0.13133333333333333	0.14333333333333334	0.11066666666666666	0.13	0.116	0.12066666666666667	0.11	0.11666666666666667	0.10733333333333334	0.09933333333333333	0.11	0.09866666666666667	0.092	0.09266666666666666	0.09066666666666667	0.09866666666666667	0.10266666666666667	0.08466666666666667	0.07533333333333334	0.07933333333333334	0.086	0.076	0.06066666666666667	0.06933333333333333	0.07866666666666666	0.07	0.07466666666666667	0.068	0.056666666666666664	0.074	0.06	0.059333333333333335	0.058666666666666666	0.044	0.050666666666666665	0.048666666666666664	0.048666666666666664	0.056666666666666664	0.043333333333333335	0.038	0.04533333333333334	0.037333333333333336	0.034666666666666665	0.04133333333333333	0.042	0.04	0.032	0.037333333333333336	0.04133333333333333	0.02666666666666667	0.02666666666666667	0.03133333333333333	0.029333333333333333	
0.3333333333333333	0.342	0.3293333333333333	0.318	0.288	0.334	0.30333333333333334	0.30333333333333334	0.27	0.27	0.2633333333333333	0.2713333333333333	0.26466666666666666	0.24933333333333332	0.23066666666666666	0.25733333333333336	0.22133333333333333	0.24866666666666667	0.232	0.21933333333333332	0.22866666666666666	0.19733333333333333	0.21666666666666667	0.21133333333333335	0.20133333333333334	0.18733333333333332	0.19	0.20333333333333334	0.19533333333333333	0.20266666666666666	0.18266666666666667	0.192	0.17533333333333334	0.17533333333333334	0.16866666666666666	0.16733333333333333	0.16533333333333333	0.15733333333333333	0.156	0.15	0.13866666666666666	0.144	0.14	0.14	0.124	0.124	0.12733333333333333	0.11533333333333333	0.10733333333333334	0.112	0.10266666666666667	0.11066666666666666	0.11733333333333333	0.104	0.12133333333333333	0.10466666666666667	0.09333333333333334	0.09466666666666666	0.10066666666666667	0.09	0.09533333333333334	0.094	0.06666666666666667	0.09266666666666666	0.08	0.07333333333333333	0.07466666666666667	0.078	0.062	0.06066666666666667	0.076	0.06466666666666666	0.056	0.078	0.064	0.06066666666666667	0.06133333333333333	0.07133333333333333	0.06666666666666667	0.066	0.054	0.048	0.059333333333333335	0.054	0.05	0.046	0.054	0.03866666666666667	0.03866666666666667	0.04466666666666667	0.030666666666666665	0.03866666666666667	0.048666666666666664	0.030666666666666665	0.042	0.025333333333333333	0.035333333333333335	0.032	0.024	
0.31933333333333336	0.32066666666666666	0.30533333333333335	0.2886666666666667	0.2833333333333333	0.2886666666666667	0.3	0.28733333333333333	0.25333333333333335	0.27	0.29533333333333334	0.2793333333333333	0.24466666666666667	0.25333333333333335	0.26666666666666666	0.23533333333333334	0.23933333333333334	0.22466666666666665	0.22466666666666665	0.246	0.238	0.214	0.19466666666666665	0.20133333333333334	0.21066666666666667	0.194	0.18533333333333332	0.19666666666666666	0.19866666666666666	0.194	0.18533333333333332	0.16733333333333333	0.20266666666666666	0.19466666666666665	0.17133333333333334	0.14466666666666667	0.16066666666666668	0.16066666666666668	0.16466666666666666	0.15	0.13466666666666666	0.13333333333333333	0.14466666666666667	0.142	0.13333333333333333	0.134	0.11533333333333333	0.13133333333333333	0.12933333333333333	0.11333333333333333	0.112	0.12666666666666668	0.10533333333333333	0.11066666666666666	0.098	0.104	0.11733333333333333	0.10733333333333334	0.08866666666666667	0.09266666666666666	0.09066666666666667	0.08466666666666667	0.07333333333333333	0.082	0.08466666666666667	0.08133333333333333	0.07866666666666666	0.08666666666666667	0.08266666666666667	0.06866666666666667	0.066	0.07466666666666667	0.06533333333333333	0.07533333333333334	0.06733333333333333	0.06666666666666667	0.062	0.06533333333333333	0.054	0.051333333333333335	0.04466666666666667	0.043333333333333335	0.058	0.062	0.042666666666666665	0.05733333333333333	0.038	0.044	0.042666666666666665	0.04533333333333334	0.043333333333333335	0.036	0.038	0.030666666666666665	0.03	0.03933333333333333	0.028666666666666667	0.03666666666666667	0.022	
0.3313333333333333	0.306	0.326	0.30466666666666664	0.29133333333333333	0.2906666666666667	0.30533333333333335	0.28733333333333333	0.274	0.2786666666666667	0.2853333333333333	0.27266666666666667	0.256	0.2813333333333333	0.248	0.22333333333333333	0.26866666666666666	0.222	0.256	0.22666666666666666	0.21866666666666668	0.21666666666666667	0.20266666666666666	0.18266666666666667	0.20666666666666667	0.17733333333333334	0.21933333333333332	0.18866666666666668	0.19	0.17733333333333334	0.15666666666666668	0.19	0.186	0.174	0.16733333333333333	0.14666666666666667	0.15733333333333333	0.15466666666666667	0.136	0.14066666666666666	0.152	0.13266666666666665	0.132	0.14133333333333334	0.146	0.11266666666666666	0.12733333333333333	0.12266666666666666	0.11466666666666667	0.09733333333333333	0.12066666666666667	0.12666666666666668	0.11733333333333333	0.09933333333333333	0.112	0.10533333333333333	0.098	0.10066666666666667	0.09	0.09866666666666667	0.092	0.096	0.096	0.08666666666666667	0.084	0.06866666666666667	0.07466666666666667	0.07933333333333334	0.06866666666666667	0.072	0.07666666666666666	0.07133333333333333	0.06466666666666666	0.064	0.06866666666666667	0.06733333333333333	0.06333333333333334	0.04733333333333333	0.06	0.05466666666666667	0.046	0.05266666666666667	0.048666666666666664	0.062	0.050666666666666665	0.048	0.04733333333333333	0.04	0.04133333333333333	0.037333333333333336	0.044	0.044	0.03933333333333333	0.04666666666666667	0.038	0.03	0.032	0.030666666666666665	0.028666666666666667	
0.34	0.328	0.302	0.29133333333333333	0.30133333333333334	0.296	0.308	0.28733333333333333	0.268	0.264	0.244	0.26	0.2673333333333333	0.25933333333333336	0.25266666666666665	0.22333333333333333	0.24533333333333332	0.252	0.22266666666666668	0.22933333333333333	0.222	0.23533333333333334	0.218	0.20666666666666667	0.188	0.18266666666666667	0.214	0.20866666666666667	0.19333333333333333	0.178	0.18866666666666668	0.17266666666666666	0.15733333333333333	0.16466666666666666	0.14666666666666667	0.16533333333333333	0.16533333333333333	0.16	0.13666666666666666	0.174	0.142	0.15666666666666668	0.13266666666666665	0.126	0.13733333333333334	0.124	0.136	0.132	0.11533333333333333	0.11933333333333333	0.13133333333333333	0.13066666666666665	0.104	0.12133333333333333	0.1	0.11533333333333333	0.088	0.10866666666666666	0.09866666666666667	0.11266666666666666	0.09733333333333333	0.09933333333333333	0.09666666666666666	0.08666666666666667	0.08933333333333333	0.092	0.084	0.07266666666666667	0.08	0.072	0.07466666666666667	0.07133333333333333	0.07933333333333334	0.06	0.06666666666666667	0.066	0.06066666666666667	0.052	0.06133333333333333	0.058666666666666666	0.058	0.058666666666666666	0.06	0.03933333333333333	0.058	0.05	0.042666666666666665	0.04466666666666667	0.03333333333333333	0.04	0.046	0.042	0.03866666666666667	0.03666666666666667	0.034	0.042	0.03	0.02666666666666667	0.03133333333333333	
0.3253333333333333	0.31333333333333335	0.332	0.30333333333333334	0.30266666666666664	0.2806666666666667	0.29533333333333334	0.28733333333333333	0.282	0.2793333333333333	0.26666666666666666	0.274	0.238	0.278	0.252	0.22133333333333333	0.224	0.232	0.218	0.22933333333333333	0.21933333333333332	0.19666666666666666	0.198	0.21466666666666667	0.20666666666666667	0.188	0.18733333333333332	0.186	0.16466666666666666	0.17666666666666667	0.18533333333333332	0.176	0.19933333333333333	0.136	0.15666666666666668	0.17933333333333334	0.142	0.164	0.128	0.15066666666666667	0.14333333333333334	0.13333333333333333	0.14	0.13733333333333334	0.12533333333333332	0.12533333333333332	0.12133333333333333	0.12666666666666668	0.11133333333333334	0.12533333333333332	0.10666666666666667	0.12066666666666667	0.10133333333333333	0.10533333333333333	0.104	0.09133333333333334	0.10066666666666667	0.10666666666666667	0.09866666666666667	0.09866666666666667	0.09733333333333333	0.08333333333333333	0.088	0.08466666666666667	0.076	0.08533333333333333	0.084	0.08866666666666667	0.09466666666666666	0.08133333333333333	0.066	0.06666666666666667	0.07466666666666667	0.06466666666666666	0.06266666666666666	0.056	0.06133333333333333	0.05733333333333333	0.046	0.050666666666666665	0.06266666666666666	0.05	0.054	0.05	0.052	0.04	0.050666666666666665	0.04666666666666667	0.03933333333333333	0.04	0.04	0.04133333333333333	0.036	0.034666666666666665	0.037333333333333336	0.036	0.024666666666666667	0.03133333333333333	0.03333333333333333	
0.344	0.3006666666666667	0.34933333333333333	0.30133333333333334	0.306	0.298	0.2833333333333333	0.2906666666666667	0.276	0.282	0.26	0.2613333333333333	0.2673333333333333	0.264	0.2673333333333333	0.24	0.228	0.23666666666666666	0.23733333333333334	0.24466666666666667	0.20933333333333334	0.20333333333333334	0.204	0.218	0.20266666666666666	0.214	0.19466666666666665	0.202	0.162	0.17666666666666667	0.208	0.18066666666666667	0.17333333333333334	0.15333333333333332	0.18266666666666667	0.15466666666666667	0.15533333333333332	0.15066666666666667	0.16	0.14666666666666667	0.14133333333333334	0.156	0.16266666666666665	0.15266666666666667	0.11133333333333334	0.13066666666666665	0.116	0.126	0.112	0.10466666666666667	0.11	0.11466666666666667	0.11933333333333333	0.10733333333333334	0.09466666666666666	0.10666666666666667	0.1	0.09133333333333334	0.102	0.088	0.09666666666666666	0.09	0.078	0.09866666666666667	0.08133333333333333	0.084	0.08666666666666667	0.082	0.06533333333333333	0.07466666666666667	0.07533333333333334	0.07533333333333334	0.06866666666666667	0.07	0.05466666666666667	0.059333333333333335	0.056666666666666664	0.05466666666666667	0.051333333333333335	0.06866666666666667	0.051333333333333335	0.051333333333333335	0.04533333333333334	0.04933333333333333	0.042	0.04066666666666666	0.046	0.05333333333333334	0.05	0.038	0.037333333333333336	0.038	0.03	0.03333333333333333	0.03133333333333333	0.025333333333333333	0.035333333333333335	0.03	0.029333333333333333	
0.35533333333333333	0.31866666666666665	0.31066666666666665	0.304	0.298	0.31266666666666665	0.2886666666666667	0.30333333333333334	0.2693333333333333	0.2713333333333333	0.25933333333333336	0.26	0.25533333333333336	0.264	0.2673333333333333	0.24066666666666667	0.24933333333333332	0.236	0.224	0.21133333333333335	0.22466666666666665	0.21333333333333335	0.22333333333333333	0.19066666666666668	0.20133333333333334	0.20533333333333334	0.19333333333333333	0.192	0.17466666666666666	0.178	0.18133333333333335	0.17866666666666667	0.16466666666666666	0.18	0.15666666666666668	0.154	0.156	0.16733333333333333	0.164	0.13	0.15733333333333333	0.13733333333333334	0.13666666666666666	0.13533333333333333	0.124	0.122	0.12533333333333332	0.124	0.118	0.124	0.12533333333333332	0.112	0.12733333333333333	0.11133333333333334	0.10533333333333333	0.12	0.10333333333333333	0.09666666666666666	0.10333333333333333	0.08	0.104	0.08333333333333333	0.07066666666666667	0.07466666666666667	0.07466666666666667	0.08	0.08133333333333333	0.08133333333333333	0.08	0.08266666666666667	0.062	0.072	0.07933333333333334	0.058	0.05333333333333334	0.054	0.058	0.05466666666666667	0.056666666666666664	0.052	0.052	0.04666666666666667	0.046	0.046	0.05733333333333333	0.04666666666666667	0.046	0.04933333333333333	0.036	0.048666666666666664	0.042	0.032	0.038	0.03333333333333333	0.03866666666666667	0.03333333333333333	0.03333333333333333	0.03266666666666666	0.027333333333333334	
0.2906666666666667	0.3313333333333333	0.292	0.324	0.308	0.29733333333333334	0.276	0.2886666666666667	0.256	0.274	0.2806666666666667	0.2753333333333333	0.23533333333333334	0.234	0.24733333333333332	0.22266666666666668	0.23533333333333334	0.25	0.228	0.23333333333333334	0.22333333333333333	0.204	0.206	0.22533333333333333	0.208	0.216	0.182	0.192	0.19666666666666666	0.17066666666666666	0.168	0.18533333333333332	0.17133333333333334	0.198	0.148	0.16066666666666668	0.17466666666666666	0.15	0.14933333333333335	0.15	0.136	0.142	0.13866666666666666	0.15466666666666667	0.12733333333333333	0.142	0.134	0.126	0.126	0.12266666666666666	0.09733333333333333	0.10733333333333334	0.11266666666666666	0.10666666666666667	0.118	0.11	0.114	0.092	0.08733333333333333	0.09	0.094	0.09133333333333334	0.08533333333333333	0.08866666666666667	0.09133333333333334	0.086	0.08133333333333333	0.07533333333333334	0.07866666666666666	0.08133333333333333	0.072	0.06733333333333333	0.06666666666666667	0.058666666666666666	0.064	0.056666666666666664	0.066	0.05333333333333334	0.058666666666666666	0.06333333333333334	0.043333333333333335	0.058666666666666666	0.050666666666666665	0.048	0.056666666666666664	0.046	0.044	0.048666666666666664	0.043333333333333335	0.048	0.03866666666666667	0.035333333333333335	0.03333333333333333	0.038	0.04133333333333333	0.035333333333333335	0.043333333333333335	0.032	0.032	
0.33266666666666667	0.302	0.298	0.30733333333333335	0.2946666666666667	0.30533333333333335	0.2853333333333333	0.296	0.2613333333333333	0.25466666666666665	0.2653333333333333	0.25666666666666665	0.25133333333333335	0.24133333333333334	0.24666666666666667	0.22933333333333333	0.24133333333333334	0.23866666666666667	0.21866666666666668	0.21466666666666667	0.22466666666666665	0.218	0.21933333333333332	0.204	0.21533333333333332	0.198	0.208	0.208	0.19466666666666665	0.18133333333333335	0.188	0.186	0.17933333333333334	0.16466666666666666	0.15066666666666667	0.166	0.16066666666666668	0.154	0.148	0.15266666666666667	0.148	0.13066666666666665	0.13333333333333333	0.142	0.13	0.12933333333333333	0.136	0.12666666666666668	0.112	0.12666666666666668	0.10733333333333334	0.11333333333333333	0.10866666666666666	0.11466666666666667	0.11533333333333333	0.10466666666666667	0.10933333333333334	0.092	0.09733333333333333	0.076	0.10733333333333334	0.10333333333333333	0.09266666666666666	0.09266666666666666	0.09133333333333334	0.07533333333333334	0.07666666666666666	0.074	0.066	0.08	0.06733333333333333	0.06666666666666667	0.066	0.056	0.064	0.054	0.06666666666666667	0.058666666666666666	0.059333333333333335	0.054	0.046	0.050666666666666665	0.058	0.04533333333333334	0.052	0.05	0.04066666666666666	0.042	0.04066666666666666	0.03933333333333333	0.03866666666666667	0.03666666666666667	0.044	0.03333333333333333	0.03133333333333333	0.03333333333333333	0.04066666666666666	0.03266666666666666	0.023333333333333334	
0.33066666666666666	0.31933333333333336	0.322	0.31866666666666665	0.2826666666666667	0.27466666666666667	0.29333333333333333	0.26866666666666666	0.3006666666666667	0.2653333333333333	0.25933333333333336	0.23866666666666667	0.278	0.24466666666666667	0.258	0.2613333333333333	0.242	0.22533333333333333	0.23333333333333334	0.226	0.22733333333333333	0.20333333333333334	0.198	0.23266666666666666	0.224	0.2	0.20333333333333334	0.21066666666666667	0.18266666666666667	0.18466666666666667	0.19	0.166	0.16933333333333334	0.16133333333333333	0.132	0.16933333333333334	0.16266666666666665	0.17533333333333334	0.178	0.14866666666666667	0.14333333333333334	0.14666666666666667	0.152	0.13733333333333334	0.13733333333333334	0.12	0.14133333333333334	0.114	0.12666666666666668	0.12533333333333332	0.118	0.128	0.11133333333333334	0.11333333333333333	0.116	0.09066666666666667	0.09466666666666666	0.104	0.09266666666666666	0.086	0.09333333333333334	0.08	0.078	0.08066666666666666	0.086	0.078	0.07933333333333334	0.07733333333333334	0.07466666666666667	0.062	0.07933333333333334	0.06533333333333333	0.07333333333333333	0.06933333333333333	0.064	0.05333333333333334	0.06333333333333334	0.06266666666666666	0.05733333333333333	0.054	0.059333333333333335	0.05333333333333334	0.04	0.052	0.04	0.04133333333333333	0.044	0.036	0.04066666666666666	0.04533333333333334	0.04533333333333334	0.034666666666666665	0.034666666666666665	0.032	0.03333333333333333	0.028666666666666667	0.037333333333333336	0.02666666666666667	0.026	
0.316	0.31533333333333335	0.31733333333333336	0.29933333333333334	0.31	0.302	0.2853333333333333	0.28	0.27266666666666667	0.2866666666666667	0.258	0.2773333333333333	0.252	0.24333333333333335	0.244	0.228	0.24866666666666667	0.23	0.23066666666666666	0.23733333333333334	0.21866666666666668	0.20066666666666666	0.21533333333333332	0.21	0.22333333333333333	0.18066666666666667	0.192	0.20733333333333334	0.19066666666666668	0.19066666666666668	0.18733333333333332	0.17266666666666666	0.182	0.15066666666666667	0.16333333333333333	0.146	0.15	0.15133333333333332	0.16866666666666666	0.14266666666666666	0.14066666666666666	0.15	0.12866666666666668	0.13933333333333334	0.12333333333333334	0.11733333333333333	0.11533333333333333	0.11066666666666666	0.12533333333333332	0.12	0.10933333333333334	0.11133333333333334	0.09933333333333333	0.11666666666666667	0.104	0.10266666666666667	0.106	0.11533333333333333	0.09666666666666666	0.09733333333333333	0.09666666666666666	0.10866666666666666	0.08266666666666667	0.084	0.08266666666666667	0.08266666666666667	0.076	0.08266666666666667	0.08733333333333333	0.08733333333333333	0.07733333333333334	0.07733333333333334	0.06733333333333333	0.06	0.06866666666666667	0.06333333333333334	0.06066666666666667	0.05466666666666667	0.06533333333333333	0.06266666666666666	0.054	0.06333333333333334	0.042666666666666665	0.038	0.052	0.035333333333333335	0.043333333333333335	0.044	0.042666666666666665	0.027333333333333334	0.029333333333333333	0.038	0.030666666666666665	0.03933333333333333	0.03333333333333333	0.025333333333333333	0.037333333333333336	0.03266666666666666	0.04133333333333333	
0.33266666666666667	0.3273333333333333	0.324	0.30866666666666664	0.294	0.292	0.248	0.24866666666666667	0.2813333333333333	0.25533333333333336	0.2793333333333333	0.24733333333333332	0.2653333333333333	0.25066666666666665	0.25	0.24866666666666667	0.252	0.256	0.236	0.19866666666666666	0.22	0.222	0.218	0.196	0.21	0.21133333333333335	0.194	0.19266666666666668	0.174	0.19666666666666666	0.186	0.176	0.16333333333333333	0.17733333333333334	0.16666666666666666	0.168	0.15466666666666667	0.15666666666666668	0.14066666666666666	0.162	0.15266666666666667	0.122	0.12666666666666668	0.16466666666666666	0.12533333333333332	0.14866666666666667	0.11733333333333333	0.12266666666666666	0.12266666666666666	0.12066666666666667	0.11	0.11533333333333333	0.09866666666666667	0.09733333333333333	0.10266666666666667	0.098	0.09466666666666666	0.10333333333333333	0.09666666666666666	0.10866666666666666	0.08933333333333333	0.09733333333333333	0.08866666666666667	0.07933333333333334	0.07933333333333334	0.074	0.07533333333333334	0.06933333333333333	0.068	0.074	0.08466666666666667	0.06933333333333333	0.06733333333333333	0.068	0.056666666666666664	0.07266666666666667	0.062	0.05533333333333333	0.06466666666666666	0.051333333333333335	0.05733333333333333	0.05	0.048666666666666664	0.042	0.052	0.064	0.03933333333333333	0.03866666666666667	0.036	0.04466666666666667	0.04466666666666667	0.032	0.04	0.046	0.034666666666666665	0.028666666666666667	0.035333333333333335	0.032	0.028666666666666667	
0.304	0.32066666666666666	0.3	0.312	0.2806666666666667	0.32133333333333336	0.2753333333333333	0.282	0.2673333333333333	0.26	0.272	0.268	0.252	0.25733333333333336	0.24333333333333335	0.23333333333333334	0.25866666666666666	0.24	0.24666666666666667	0.222	0.22333333333333333	0.198	0.19733333333333333	0.19533333333333333	0.19866666666666666	0.17866666666666667	0.184	0.186	0.19133333333333333	0.17066666666666666	0.20066666666666666	0.178	0.17666666666666667	0.16266666666666665	0.17	0.168	0.17666666666666667	0.15066666666666667	0.16266666666666665	0.15	0.15	0.15	0.14533333333333334	0.14933333333333335	0.134	0.13866666666666666	0.142	0.13	0.11466666666666667	0.122	0.11066666666666666	0.106	0.11066666666666666	0.12733333333333333	0.10933333333333334	0.116	0.10533333333333333	0.08866666666666667	0.10533333333333333	0.096	0.08666666666666667	0.10533333333333333	0.09533333333333334	0.084	0.07666666666666666	0.078	0.07666666666666666	0.1	0.082	0.064	0.088	0.07133333333333333	0.076	0.06533333333333333	0.07	0.054	0.06666666666666667	0.06133333333333333	0.05733333333333333	0.03933333333333333	0.056	0.052	0.052	0.044	0.059333333333333335	0.042	0.046	0.046	0.03666666666666667	0.03266666666666666	0.034666666666666665	0.037333333333333336	0.048	0.03266666666666666	0.03	0.036	0.029333333333333333	0.026	0.03333333333333333	
0.298	0.3273333333333333	0.29933333333333334	0.324	0.274	0.27666666666666667	0.2653333333333333	0.256	0.2613333333333333	0.2753333333333333	0.264	0.234	0.24933333333333332	0.25266666666666665	0.24066666666666667	0.242	0.234	0.21333333333333335	0.236	0.22733333333333333	0.206	0.198	0.21	0.21066666666666667	0.206	0.20133333333333334	0.21133333333333335	0.2	0.18266666666666667	0.16066666666666668	0.17866666666666667	0.16866666666666666	0.18	0.17066666666666666	0.168	0.152	0.18733333333333332	0.16133333333333333	0.15133333333333332	0.15933333333333333	0.16266666666666665	0.15066666666666667	0.13666666666666666	0.14666666666666667	0.12933333333333333	0.128	0.11666666666666667	0.104	0.11866666666666667	0.12666666666666668	0.11533333333333333	0.09533333333333334	0.118	0.11733333333333333	0.11466666666666667	0.112	0.09666666666666666	0.08733333333333333	0.098	0.088	0.07866666666666666	0.09733333333333333	0.09333333333333334	0.07866666666666666	0.07866666666666666	0.088	0.082	0.08466666666666667	0.074	0.078	0.084	0.07133333333333333	0.07	0.062	0.05466666666666667	0.06133333333333333	0.06466666666666666	0.06266666666666666	0.04733333333333333	0.05466666666666667	0.052	0.064	0.042	0.04733333333333333	0.051333333333333335	0.052	0.044	0.046	0.052	0.038	0.042	0.050666666666666665	0.02666666666666667	0.03333333333333333	0.032	0.03	0.036	0.035333333333333335	0.02266666666666667	
0.31133333333333335	0.2986666666666667	0.32133333333333336	0.308	0.30666666666666664	0.284	0.286	0.268	0.24333333333333335	0.276	0.26466666666666666	0.2653333333333333	0.264	0.23533333333333334	0.232	0.232	0.25733333333333336	0.23533333333333334	0.21666666666666667	0.244	0.238	0.22333333333333333	0.19666666666666666	0.22	0.19866666666666666	0.2	0.186	0.214	0.18866666666666668	0.188	0.17266666666666666	0.18933333333333333	0.17466666666666666	0.15866666666666668	0.17333333333333334	0.134	0.16	0.16666666666666666	0.124	0.14733333333333334	0.12666666666666668	0.15733333333333333	0.138	0.122	0.13066666666666665	0.12	0.13866666666666666	0.13266666666666665	0.12333333333333334	0.12933333333333333	0.124	0.09933333333333333	0.11866666666666667	0.10733333333333334	0.104	0.10333333333333333	0.08866666666666667	0.108	0.09733333333333333	0.07666666666666666	0.09133333333333334	0.08466666666666667	0.094	0.092	0.06733333333333333	0.07533333333333334	0.076	0.06533333333333333	0.08333333333333333	0.08	0.06866666666666667	0.06466666666666666	0.07066666666666667	0.066	0.08	0.06933333333333333	0.05466666666666667	0.05	0.04933333333333333	0.044	0.050666666666666665	0.062	0.05	0.04733333333333333	0.052	0.05	0.038	0.04	0.048	0.04066666666666666	0.034666666666666665	0.035333333333333335	0.037333333333333336	0.035333333333333335	0.036	0.024	0.037333333333333336	0.03666666666666667	0.032	
0.326	0.3313333333333333	0.2906666666666667	0.274	0.288	0.266	0.282	0.28933333333333333	0.2633333333333333	0.2673333333333333	0.25266666666666665	0.27266666666666667	0.26466666666666666	0.262	0.23266666666666666	0.226	0.24133333333333334	0.214	0.22733333333333333	0.214	0.20266666666666666	0.20066666666666666	0.20866666666666667	0.20666666666666667	0.20333333333333334	0.20266666666666666	0.19466666666666665	0.19333333333333333	0.182	0.19	0.17466666666666666	0.19133333333333333	0.16666666666666666	0.15933333333333333	0.16066666666666668	0.166	0.15733333333333333	0.13266666666666665	0.16466666666666666	0.14933333333333335	0.13466666666666666	0.154	0.134	0.15133333333333332	0.126	0.122	0.118	0.13333333333333333	0.11866666666666667	0.13	0.108	0.094	0.11466666666666667	0.09866666666666667	0.11	0.09733333333333333	0.09533333333333334	0.09066666666666667	0.106	0.09	0.09	0.10066666666666667	0.08466666666666667	0.08933333333333333	0.08933333333333333	0.08733333333333333	0.072	0.08666666666666667	0.07533333333333334	0.08133333333333333	0.07333333333333333	0.07533333333333334	0.06733333333333333	0.074	0.07	0.062	0.06133333333333333	0.05466666666666667	0.056	0.05466666666666667	0.056	0.05	0.048666666666666664	0.051333333333333335	0.044	0.046	0.05	0.051333333333333335	0.038	0.037333333333333336	0.03333333333333333	0.03933333333333333	0.036	0.029333333333333333	0.03266666666666666	0.034666666666666665	0.03933333333333333	0.035333333333333335	0.029333333333333333	
0.34933333333333333	0.2946666666666667	0.288	0.294	0.2926666666666667	0.28733333333333333	0.28733333333333333	0.28733333333333333	0.282	0.2713333333333333	0.24533333333333332	0.25333333333333335	0.24933333333333332	0.23666666666666666	0.22933333333333333	0.23533333333333334	0.236	0.23	0.25666666666666665	0.20133333333333334	0.22733333333333333	0.214	0.21333333333333335	0.206	0.19733333333333333	0.17666666666666667	0.19866666666666666	0.18733333333333332	0.18	0.156	0.19333333333333333	0.2	0.15333333333333332	0.16666666666666666	0.15733333333333333	0.162	0.15666666666666668	0.17066666666666666	0.142	0.144	0.146	0.13466666666666666	0.12333333333333334	0.13533333333333333	0.112	0.12933333333333333	0.12466666666666666	0.11866666666666667	0.11666666666666667	0.106	0.12333333333333334	0.11533333333333333	0.112	0.108	0.102	0.098	0.09333333333333334	0.09066666666666667	0.09466666666666666	0.09866666666666667	0.09333333333333334	0.08866666666666667	0.09733333333333333	0.09133333333333334	0.09866666666666667	0.08	0.07466666666666667	0.06933333333333333	0.084	0.062	0.08133333333333333	0.06933333333333333	0.07266666666666667	0.056666666666666664	0.06266666666666666	0.052	0.051333333333333335	0.056666666666666664	0.06133333333333333	0.06333333333333334	0.06	0.05533333333333333	0.05466666666666667	0.043333333333333335	0.05	0.04733333333333333	0.04533333333333334	0.036	0.042666666666666665	0.03266666666666666	0.03	0.04066666666666666	0.042666666666666665	0.028666666666666667	0.03266666666666666	0.027333333333333334	0.024	0.026	0.027333333333333334	
0.32133333333333336	0.282	0.30666666666666664	0.29133333333333333	0.30266666666666664	0.31133333333333335	0.292	0.27466666666666667	0.26466666666666666	0.2946666666666667	0.284	0.23866666666666667	0.2633333333333333	0.24933333333333332	0.25066666666666665	0.24	0.234	0.21733333333333332	0.23	0.244	0.21733333333333332	0.18933333333333333	0.21266666666666667	0.19733333333333333	0.19	0.20866666666666667	0.19533333333333333	0.18466666666666667	0.17466666666666666	0.18666666666666668	0.18333333333333332	0.17133333333333334	0.17933333333333334	0.16133333333333333	0.16733333333333333	0.168	0.156	0.152	0.124	0.14533333333333334	0.16066666666666668	0.14066666666666666	0.13266666666666665	0.12933333333333333	0.132	0.136	0.11666666666666667	0.12666666666666668	0.132	0.11933333333333333	0.132	0.09733333333333333	0.128	0.10933333333333334	0.10333333333333333	0.09333333333333334	0.08933333333333333	0.11	0.09866666666666667	0.09133333333333334	0.084	0.09533333333333334	0.086	0.09666666666666666	0.096	0.09266666666666666	0.084	0.09066666666666667	0.072	0.07133333333333333	0.07066666666666667	0.072	0.06533333333333333	0.062	0.07	0.06333333333333334	0.06466666666666666	0.06	0.064	0.054	0.058	0.054	0.05733333333333333	0.052	0.056	0.04666666666666667	0.03266666666666666	0.042666666666666665	0.046	0.048666666666666664	0.03933333333333333	0.04933333333333333	0.032	0.03333333333333333	0.022	0.032	0.03133333333333333	0.029333333333333333	0.023333333333333334	
0.31733333333333336	0.30133333333333334	0.29133333333333333	0.2986666666666667	0.304	0.2966666666666667	0.2713333333333333	0.27466666666666667	0.2833333333333333	0.2613333333333333	0.254	0.2653333333333333	0.282	0.23133333333333334	0.22466666666666665	0.23866666666666667	0.22733333333333333	0.22	0.21533333333333332	0.218	0.24133333333333334	0.21066666666666667	0.228	0.18733333333333332	0.21533333333333332	0.206	0.18133333333333335	0.18066666666666667	0.186	0.202	0.17666666666666667	0.16933333333333334	0.156	0.168	0.162	0.15733333333333333	0.14733333333333334	0.144	0.15466666666666667	0.14933333333333335	0.14333333333333334	0.15666666666666668	0.14133333333333334	0.138	0.13133333333333333	0.138	0.136	0.12133333333333333	0.11066666666666666	0.10666666666666667	0.11733333333333333	0.112	0.11	0.11133333333333334	0.08866666666666667	0.11266666666666666	0.10466666666666667	0.098	0.08466666666666667	0.09866666666666667	0.09266666666666666	0.084	0.08933333333333333	0.08133333333333333	0.07466666666666667	0.058666666666666666	0.084	0.07666666666666666	0.082	0.07266666666666667	0.06733333333333333	0.07	0.078	0.07533333333333334	0.064	0.048666666666666664	0.06533333333333333	0.07133333333333333	0.054	0.04733333333333333	0.04	0.04733333333333333	0.048	0.050666666666666665	0.050666666666666665	0.051333333333333335	0.03866666666666667	0.050666666666666665	0.03666666666666667	0.030666666666666665	0.05	0.04066666666666666	0.04466666666666667	0.027333333333333334	0.036	0.034	0.029333333333333333	0.027333333333333334	0.021333333333333333	
0.32666666666666666	0.32466666666666666	0.296	0.2926666666666667	0.2846666666666667	0.304	0.30133333333333334	0.2713333333333333	0.262	0.268	0.262	0.25733333333333336	0.24933333333333332	0.24866666666666667	0.25333333333333335	0.234	0.23933333333333334	0.20733333333333334	0.226	0.208	0.216	0.21066666666666667	0.202	0.20133333333333334	0.19866666666666666	0.184	0.18666666666666668	0.21	0.17333333333333334	0.18533333333333332	0.174	0.18066666666666667	0.17	0.162	0.158	0.14933333333333335	0.18133333333333335	0.16066666666666668	0.15466666666666667	0.148	0.13933333333333334	0.16533333333333333	0.14066666666666666	0.13333333333333333	0.14	0.126	0.118	0.12133333333333333	0.11733333333333333	0.118	0.112	0.09333333333333334	0.09533333333333334	0.10733333333333334	0.112	0.096	0.10066666666666667	0.1	0.104	0.09333333333333334	0.08533333333333333	0.08333333333333333	0.074	0.078	0.08133333333333333	0.08533333333333333	0.09333333333333334	0.07866666666666666	0.07866666666666666	0.06733333333333333	0.08	0.07066666666666667	0.05333333333333334	0.05466666666666667	0.058666666666666666	0.06466666666666666	0.050666666666666665	0.07533333333333334	0.06066666666666667	0.05266666666666667	0.056666666666666664	0.04666666666666667	0.050666666666666665	0.048666666666666664	0.056	0.043333333333333335	0.04466666666666667	0.043333333333333335	0.04	0.050666666666666665	0.034666666666666665	0.043333333333333335	0.04466666666666667	0.035333333333333335	0.03133333333333333	0.03266666666666666	0.03666666666666667	0.03666666666666667	0.023333333333333334	
0.32066666666666666	0.31466666666666665	0.30533333333333335	0.31333333333333335	0.30466666666666664	0.294	0.28	0.26266666666666666	0.274	0.2813333333333333	0.25133333333333335	0.264	0.258	0.22666666666666666	0.24866666666666667	0.262	0.23733333333333334	0.25933333333333336	0.218	0.21466666666666667	0.22133333333333333	0.19866666666666666	0.21133333333333335	0.20466666666666666	0.188	0.18533333333333332	0.20466666666666666	0.19266666666666668	0.16333333333333333	0.19866666666666666	0.15666666666666668	0.18266666666666667	0.17066666666666666	0.164	0.17333333333333334	0.15933333333333333	0.17066666666666666	0.15933333333333333	0.15	0.16666666666666666	0.15266666666666667	0.146	0.12933333333333333	0.12466666666666666	0.134	0.12533333333333332	0.116	0.144	0.12666666666666668	0.10866666666666666	0.10933333333333334	0.126	0.10533333333333333	0.112	0.09466666666666666	0.11133333333333334	0.088	0.11533333333333333	0.09933333333333333	0.08533333333333333	0.07533333333333334	0.09333333333333334	0.10133333333333333	0.08533333333333333	0.086	0.08333333333333333	0.09133333333333334	0.07866666666666666	0.07866666666666666	0.05733333333333333	0.068	0.06733333333333333	0.072	0.06666666666666667	0.06133333333333333	0.05733333333333333	0.06	0.04733333333333333	0.06866666666666667	0.058	0.04666666666666667	0.051333333333333335	0.054	0.050666666666666665	0.038	0.04	0.04066666666666666	0.034666666666666665	0.042666666666666665	0.04133333333333333	0.03266666666666666	0.034666666666666665	0.038	0.03266666666666666	0.030666666666666665	0.026	0.027333333333333334	0.03333333333333333	0.030666666666666665	
0.30666666666666664	0.316	0.306	0.27466666666666667	0.278	0.28933333333333333	0.292	0.2786666666666667	0.2906666666666667	0.284	0.27	0.258	0.24533333333333332	0.24	0.24666666666666667	0.246	0.24266666666666667	0.22933333333333333	0.23533333333333334	0.21	0.22	0.21933333333333332	0.212	0.21	0.19533333333333333	0.20733333333333334	0.192	0.20066666666666666	0.19933333333333333	0.19133333333333333	0.18466666666666667	0.18133333333333335	0.16066666666666668	0.156	0.146	0.15466666666666667	0.15866666666666668	0.154	0.15666666666666668	0.14466666666666667	0.136	0.134	0.13066666666666665	0.142	0.136	0.13866666666666666	0.12133333333333333	0.122	0.128	0.13133333333333333	0.126	0.11066666666666666	0.12066666666666667	0.126	0.112	0.102	0.10733333333333334	0.09733333333333333	0.09666666666666666	0.08666666666666667	0.09733333333333333	0.09133333333333334	0.08533333333333333	0.07466666666666667	0.08	0.08866666666666667	0.072	0.07933333333333334	0.07533333333333334	0.07	0.07	0.06266666666666666	0.07133333333333333	0.066	0.06533333333333333	0.050666666666666665	0.068	0.06266666666666666	0.06666666666666667	0.058	0.054	0.05466666666666667	0.051333333333333335	0.044	0.05533333333333333	0.046	0.056	0.04466666666666667	0.042	0.03866666666666667	0.03133333333333333	0.04	0.04066666666666666	0.04133333333333333	0.02666666666666667	0.034	0.034	0.025333333333333333	0.030666666666666665	
0.34	0.30466666666666664	0.298	0.314	0.3	0.29333333333333333	0.278	0.2633333333333333	0.2693333333333333	0.2826666666666667	0.2693333333333333	0.256	0.26066666666666666	0.244	0.24133333333333334	0.23733333333333334	0.21666666666666667	0.21133333333333335	0.22533333333333333	0.22933333333333333	0.198	0.22133333333333333	0.22333333333333333	0.19933333333333333	0.19666666666666666	0.22133333333333333	0.20866666666666667	0.164	0.18466666666666667	0.18066666666666667	0.17933333333333334	0.17133333333333334	0.15533333333333332	0.16333333333333333	0.16333333333333333	0.16533333333333333	0.15866666666666668	0.15066666666666667	0.144	0.138	0.16466666666666666	0.14333333333333334	0.13666666666666666	0.13733333333333334	0.14466666666666667	0.13333333333333333	0.13066666666666665	0.12466666666666666	0.11466666666666667	0.12	0.09066666666666667	0.146	0.12533333333333332	0.11333333333333333	0.11266666666666666	0.11066666666666666	0.08733333333333333	0.11733333333333333	0.10266666666666667	0.08866666666666667	0.09533333333333334	0.08266666666666667	0.08	0.094	0.088	0.07866666666666666	0.07866666666666666	0.074	0.06933333333333333	0.06333333333333334	0.06733333333333333	0.06933333333333333	0.076	0.07133333333333333	0.06	0.059333333333333335	0.064	0.062	0.048666666666666664	0.056666666666666664	0.05	0.05266666666666667	0.048	0.05466666666666667	0.05	0.04133333333333333	0.050666666666666665	0.046	0.038	0.035333333333333335	0.034	0.034666666666666665	0.034666666666666665	0.04	0.032	0.030666666666666665	0.03266666666666666	0.03	0.02266666666666667	
0.29333333333333333	0.31866666666666665	0.28933333333333333	0.32866666666666666	0.294	0.2946666666666667	0.30333333333333334	0.28	0.2693333333333333	0.25133333333333335	0.266	0.27	0.25933333333333336	0.24	0.25733333333333336	0.24666666666666667	0.226	0.218	0.23	0.21733333333333332	0.23333333333333334	0.21333333333333335	0.228	0.19933333333333333	0.21533333333333332	0.192	0.18133333333333335	0.18666666666666668	0.186	0.19733333333333333	0.19066666666666668	0.17533333333333334	0.158	0.15266666666666667	0.15733333333333333	0.16133333333333333	0.16333333333333333	0.16533333333333333	0.14066666666666666	0.16066666666666668	0.13466666666666666	0.14133333333333334	0.15266666666666667	0.142	0.13733333333333334	0.12866666666666668	0.148	0.112	0.11333333333333333	0.12133333333333333	0.108	0.10933333333333334	0.11666666666666667	0.106	0.09733333333333333	0.102	0.098	0.11733333333333333	0.088	0.096	0.10333333333333333	0.094	0.084	0.09266666666666666	0.07266666666666667	0.06933333333333333	0.06866666666666667	0.07666666666666666	0.07133333333333333	0.066	0.07	0.06066666666666667	0.076	0.07333333333333333	0.066	0.062	0.056	0.05733333333333333	0.056666666666666664	0.04933333333333333	0.05333333333333334	0.054	0.04733333333333333	0.042	0.03933333333333333	0.05266666666666667	0.042666666666666665	0.03666666666666667	0.05	0.03933333333333333	0.04533333333333334	0.04	0.037333333333333336	0.035333333333333335	0.03133333333333333	0.026	0.02666666666666667	0.02666666666666667	0.028666666666666667	
0.3233333333333333	0.3006666666666667	0.29533333333333334	0.3006666666666667	0.2826666666666667	0.2773333333333333	0.29933333333333334	0.29533333333333334	0.2946666666666667	0.2833333333333333	0.2653333333333333	0.25266666666666665	0.23933333333333334	0.272	0.25133333333333335	0.23	0.248	0.224	0.21533333333333332	0.22	0.198	0.22466666666666665	0.21066666666666667	0.20933333333333334	0.24133333333333334	0.20066666666666666	0.206	0.20866666666666667	0.184	0.19866666666666666	0.18666666666666668	0.176	0.16666666666666666	0.16733333333333333	0.158	0.16266666666666665	0.16066666666666668	0.14733333333333334	0.15266666666666667	0.146	0.14666666666666667	0.15133333333333332	0.148	0.13466666666666666	0.138	0.12733333333333333	0.13666666666666666	0.12133333333333333	0.128	0.12666666666666668	0.13066666666666665	0.11333333333333333	0.104	0.12	0.116	0.10333333333333333	0.106	0.10266666666666667	0.10066666666666667	0.11333333333333333	0.08733333333333333	0.09066666666666667	0.096	0.08	0.08066666666666666	0.07466666666666667	0.088	0.07066666666666667	0.068	0.062	0.082	0.08066666666666666	0.06733333333333333	0.07133333333333333	0.07	0.05733333333333333	0.056	0.05733333333333333	0.04666666666666667	0.046	0.06066666666666667	0.056666666666666664	0.04733333333333333	0.054	0.05266666666666667	0.05	0.036	0.044	0.04466666666666667	0.043333333333333335	0.036	0.035333333333333335	0.034666666666666665	0.024	0.02666666666666667	0.028	0.034	0.030666666666666665	0.023333333333333334	
0.328	0.2986666666666667	0.2753333333333333	0.32133333333333336	0.29333333333333333	0.28933333333333333	0.292	0.2786666666666667	0.25933333333333336	0.246	0.26266666666666666	0.25133333333333335	0.272	0.234	0.22466666666666665	0.2613333333333333	0.244	0.22333333333333333	0.228	0.208	0.204	0.20466666666666666	0.19266666666666668	0.18466666666666667	0.208	0.206	0.18	0.16933333333333334	0.18666666666666668	0.20333333333333334	0.20333333333333334	0.174	0.17533333333333334	0.17666666666666667	0.17466666666666666	0.15066666666666667	0.17333333333333334	0.14666666666666667	0.13466666666666666	0.12333333333333334	0.14333333333333334	0.138	0.14466666666666667	0.13733333333333334	0.138	0.11733333333333333	0.13	0.13066666666666665	0.10466666666666667	0.12666666666666668	0.11866666666666667	0.12066666666666667	0.11266666666666666	0.12133333333333333	0.10133333333333333	0.106	0.09533333333333334	0.09133333333333334	0.09466666666666666	0.086	0.09466666666666666	0.07866666666666666	0.08733333333333333	0.09133333333333334	0.09333333333333334	0.084	0.08266666666666667	0.072	0.08066666666666666	0.06	0.08466666666666667	0.06	0.066	0.07933333333333334	0.06133333333333333	0.068	0.066	0.056666666666666664	0.056	0.059333333333333335	0.04733333333333333	0.05266666666666667	0.051333333333333335	0.052	0.056666666666666664	0.052	0.042666666666666665	0.03666666666666667	0.028666666666666667	0.046	0.034	0.028666666666666667	0.03866666666666667	0.029333333333333333	0.032	0.03333333333333333	0.03266666666666666	0.028	0.022	
0.31333333333333335	0.31533333333333335	0.32066666666666666	0.302	0.30933333333333335	0.2793333333333333	0.284	0.2946666666666667	0.28933333333333333	0.25933333333333336	0.27	0.244	0.2673333333333333	0.23933333333333334	0.25066666666666665	0.24933333333333332	0.25266666666666665	0.236	0.23066666666666666	0.22333333333333333	0.23066666666666666	0.2	0.20333333333333334	0.19266666666666668	0.20466666666666666	0.21	0.198	0.192	0.186	0.17333333333333334	0.172	0.17533333333333334	0.18866666666666668	0.18333333333333332	0.15933333333333333	0.16066666666666668	0.14933333333333335	0.17533333333333334	0.148	0.15066666666666667	0.128	0.12333333333333334	0.14333333333333334	0.14266666666666666	0.12266666666666666	0.12	0.13333333333333333	0.106	0.128	0.10666666666666667	0.112	0.10733333333333334	0.10333333333333333	0.114	0.10733333333333334	0.10866666666666666	0.11	0.11466666666666667	0.09333333333333334	0.08466666666666667	0.07733333333333334	0.086	0.09533333333333334	0.07666666666666666	0.06933333333333333	0.078	0.084	0.08066666666666666	0.07866666666666666	0.08133333333333333	0.07266666666666667	0.06466666666666666	0.07333333333333333	0.06733333333333333	0.06733333333333333	0.056	0.056666666666666664	0.05466666666666667	0.06	0.056666666666666664	0.05533333333333333	0.05333333333333334	0.042666666666666665	0.058666666666666666	0.04533333333333334	0.05333333333333334	0.042	0.038	0.04666666666666667	0.04133333333333333	0.046	0.042666666666666665	0.03933333333333333	0.03266666666666666	0.03133333333333333	0.04066666666666666	0.030666666666666665	0.03133333333333333	0.022	
0.30666666666666664	0.3273333333333333	0.2906666666666667	0.2946666666666667	0.31	0.31466666666666665	0.266	0.2966666666666667	0.2786666666666667	0.27466666666666667	0.2673333333333333	0.2813333333333333	0.2826666666666667	0.25466666666666665	0.24666666666666667	0.24333333333333335	0.244	0.24533333333333332	0.228	0.204	0.224	0.20133333333333334	0.19733333333333333	0.18866666666666668	0.192	0.20666666666666667	0.18333333333333332	0.17466666666666666	0.18466666666666667	0.18533333333333332	0.16266666666666665	0.15933333333333333	0.156	0.188	0.174	0.166	0.15	0.152	0.13466666666666666	0.158	0.13066666666666665	0.14266666666666666	0.124	0.144	0.124	0.13733333333333334	0.12133333333333333	0.12066666666666667	0.12866666666666668	0.12866666666666668	0.12333333333333334	0.11466666666666667	0.102	0.122	0.118	0.1	0.096	0.08666666666666667	0.09733333333333333	0.08933333333333333	0.09666666666666666	0.08666666666666667	0.07466666666666667	0.08933333333333333	0.08533333333333333	0.082	0.09066666666666667	0.08933333333333333	0.06933333333333333	0.068	0.07	0.068	0.06133333333333333	0.06333333333333334	0.08	0.059333333333333335	0.06	0.05266666666666667	0.06266666666666666	0.056	0.056666666666666664	0.05266666666666667	0.05733333333333333	0.04733333333333333	0.048	0.042	0.046	0.05533333333333333	0.042666666666666665	0.03333333333333333	0.036	0.03333333333333333	0.036	0.03866666666666667	0.032	0.025333333333333333	0.024	0.03133333333333333	0.029333333333333333	
0.348	0.268	0.302	0.2926666666666667	0.2653333333333333	0.292	0.2613333333333333	0.27466666666666667	0.28733333333333333	0.2693333333333333	0.2826666666666667	0.258	0.23	0.2693333333333333	0.258	0.26266666666666666	0.25066666666666665	0.22466666666666665	0.22066666666666668	0.21866666666666668	0.22066666666666668	0.21666666666666667	0.21	0.20733333333333334	0.19866666666666666	0.208	0.2	0.19866666666666666	0.16866666666666666	0.168	0.176	0.16133333333333333	0.16666666666666666	0.17533333333333334	0.134	0.15933333333333333	0.158	0.14866666666666667	0.14666666666666667	0.14733333333333334	0.152	0.13933333333333334	0.12533333333333332	0.15	0.14666666666666667	0.12	0.11733333333333333	0.13	0.12866666666666668	0.106	0.11866666666666667	0.12	0.11266666666666666	0.10066666666666667	0.10933333333333334	0.11333333333333333	0.092	0.10333333333333333	0.09933333333333333	0.092	0.09933333333333333	0.084	0.08133333333333333	0.086	0.08333333333333333	0.09866666666666667	0.072	0.08933333333333333	0.07733333333333334	0.06	0.058	0.06266666666666666	0.05533333333333333	0.07266666666666667	0.06266666666666666	0.082	0.074	0.048666666666666664	0.06	0.062	0.05466666666666667	0.042666666666666665	0.04466666666666667	0.068	0.037333333333333336	0.04466666666666667	0.04066666666666666	0.04466666666666667	0.04	0.046	0.04066666666666666	0.034666666666666665	0.03	0.028666666666666667	0.034666666666666665	0.03333333333333333	0.03266666666666666	0.026	0.022	
0.32066666666666666	0.30866666666666664	0.294	0.31266666666666665	0.29733333333333334	0.31333333333333335	0.26666666666666666	0.25866666666666666	0.24266666666666667	0.24466666666666667	0.2633333333333333	0.232	0.24666666666666667	0.25533333333333336	0.25866666666666666	0.25133333333333335	0.226	0.228	0.22266666666666668	0.22466666666666665	0.224	0.21333333333333335	0.20466666666666666	0.22066666666666668	0.19933333333333333	0.204	0.20533333333333334	0.184	0.16933333333333334	0.178	0.184	0.16533333333333333	0.156	0.16133333333333333	0.16466666666666666	0.14466666666666667	0.16133333333333333	0.16866666666666666	0.16333333333333333	0.138	0.15466666666666667	0.14866666666666667	0.12866666666666668	0.14333333333333334	0.11933333333333333	0.13866666666666666	0.11266666666666666	0.12333333333333334	0.12	0.11333333333333333	0.11866666666666667	0.12133333333333333	0.11066666666666666	0.11466666666666667	0.12	0.13	0.10533333333333333	0.09466666666666666	0.09933333333333333	0.09466666666666666	0.08933333333333333	0.09333333333333334	0.07466666666666667	0.07933333333333334	0.076	0.074	0.07333333333333333	0.072	0.078	0.06133333333333333	0.07	0.064	0.06466666666666666	0.06466666666666666	0.06666666666666667	0.058	0.07533333333333334	0.05333333333333334	0.06333333333333334	0.05533333333333333	0.062	0.051333333333333335	0.043333333333333335	0.05266666666666667	0.04666666666666667	0.04	0.04533333333333334	0.042	0.04666666666666667	0.04466666666666667	0.034666666666666665	0.03666666666666667	0.035333333333333335	0.030666666666666665	0.02666666666666667	0.022	0.03333333333333333	0.029333333333333333	0.02266666666666667	
0.3353333333333333	0.30733333333333335	0.31333333333333335	0.2966666666666667	0.2753333333333333	0.2806666666666667	0.2946666666666667	0.26666666666666666	0.26266666666666666	0.27466666666666667	0.27266666666666667	0.24266666666666667	0.25266666666666665	0.24666666666666667	0.242	0.23533333333333334	0.244	0.22933333333333333	0.23666666666666666	0.21266666666666667	0.202	0.224	0.19533333333333333	0.20666666666666667	0.19266666666666668	0.16933333333333334	0.20533333333333334	0.18333333333333332	0.17733333333333334	0.17666666666666667	0.168	0.17333333333333334	0.16333333333333333	0.17466666666666666	0.15533333333333332	0.14933333333333335	0.14466666666666667	0.15066666666666667	0.148	0.14066666666666666	0.13	0.15	0.13466666666666666	0.136	0.134	0.14133333333333334	0.13533333333333333	0.13933333333333334	0.12266666666666666	0.12933333333333333	0.11266666666666666	0.10466666666666667	0.114	0.124	0.10666666666666667	0.09666666666666666	0.09466666666666666	0.098	0.086	0.09533333333333334	0.09333333333333334	0.084	0.07866666666666666	0.08466666666666667	0.07866666666666666	0.068	0.08866666666666667	0.06733333333333333	0.07466666666666667	0.07066666666666667	0.072	0.072	0.07	0.06066666666666667	0.058666666666666666	0.05733333333333333	0.06533333333333333	0.06533333333333333	0.056666666666666664	0.056666666666666664	0.058	0.054	0.042666666666666665	0.04666666666666667	0.051333333333333335	0.04	0.03266666666666666	0.037333333333333336	0.035333333333333335	0.04733333333333333	0.03933333333333333	0.03133333333333333	0.029333333333333333	0.03	0.029333333333333333	0.03266666666666666	0.035333333333333335	0.034	0.03	
0.30666666666666664	0.30733333333333335	0.29333333333333333	0.28	0.2793333333333333	0.31533333333333335	0.2633333333333333	0.2773333333333333	0.24533333333333332	0.26266666666666666	0.27066666666666667	0.25333333333333335	0.25133333333333335	0.258	0.22	0.244	0.24466666666666667	0.22866666666666666	0.22466666666666665	0.21466666666666667	0.23066666666666666	0.21066666666666667	0.21333333333333335	0.19066666666666668	0.192	0.19933333333333333	0.18866666666666668	0.2	0.19333333333333333	0.19066666666666668	0.16666666666666666	0.16466666666666666	0.17	0.168	0.15733333333333333	0.16066666666666668	0.15533333333333332	0.16733333333333333	0.14733333333333334	0.15466666666666667	0.14533333333333334	0.156	0.144	0.13133333333333333	0.122	0.13466666666666666	0.136	0.13333333333333333	0.11866666666666667	0.122	0.106	0.11333333333333333	0.114	0.10066666666666667	0.108	0.104	0.098	0.09866666666666667	0.11266666666666666	0.104	0.08666666666666667	0.084	0.094	0.08266666666666667	0.08066666666666666	0.09866666666666667	0.08666666666666667	0.07866666666666666	0.07866666666666666	0.076	0.084	0.06533333333333333	0.05466666666666667	0.06533333333333333	0.064	0.06333333333333334	0.074	0.058666666666666666	0.06333333333333334	0.056	0.050666666666666665	0.06533333333333333	0.04466666666666667	0.058666666666666666	0.044	0.048666666666666664	0.04933333333333333	0.05533333333333333	0.043333333333333335	0.042	0.038	0.04133333333333333	0.037333333333333336	0.03333333333333333	0.042666666666666665	0.02666666666666667	0.025333333333333333	0.03133333333333333	0.03133333333333333	
0.30266666666666664	0.31533333333333335	0.27666666666666667	0.332	0.2853333333333333	0.2853333333333333	0.298	0.31066666666666665	0.2853333333333333	0.262	0.25133333333333335	0.254	0.23466666666666666	0.24066666666666667	0.25066666666666665	0.22466666666666665	0.23466666666666666	0.20933333333333334	0.24133333333333334	0.206	0.21333333333333335	0.20866666666666667	0.224	0.216	0.194	0.20133333333333334	0.16866666666666666	0.19733333333333333	0.178	0.18266666666666667	0.18066666666666667	0.174	0.18666666666666668	0.14933333333333335	0.17733333333333334	0.16133333333333333	0.13333333333333333	0.16466666666666666	0.156	0.14266666666666666	0.14	0.13866666666666666	0.14666666666666667	0.12933333333333333	0.12933333333333333	0.14	0.14466666666666667	0.12	0.12133333333333333	0.126	0.104	0.11666666666666667	0.11666666666666667	0.11266666666666666	0.094	0.11066666666666666	0.114	0.09266666666666666	0.08266666666666667	0.09266666666666666	0.09533333333333334	0.08533333333333333	0.09733333333333333	0.082	0.09	0.08066666666666666	0.07333333333333333	0.08	0.08466666666666667	0.066	0.07133333333333333	0.07933333333333334	0.06466666666666666	0.06333333333333334	0.06466666666666666	0.06	0.06333333333333334	0.06133333333333333	0.06	0.054	0.04733333333333333	0.058666666666666666	0.05266666666666667	0.050666666666666665	0.05533333333333333	0.042666666666666665	0.03666666666666667	0.04533333333333334	0.035333333333333335	0.038	0.036	0.034666666666666665	0.03666666666666667	0.028	0.04533333333333334	0.025333333333333333	0.026	0.028	0.034	
0.3466666666666667	0.31266666666666665	0.308	0.2833333333333333	0.2986666666666667	0.282	0.30333333333333334	0.26266666666666666	0.24866666666666667	0.2753333333333333	0.2633333333333333	0.2773333333333333	0.2633333333333333	0.26066666666666666	0.264	0.224	0.252	0.23866666666666667	0.22333333333333333	0.22266666666666668	0.22733333333333333	0.196	0.206	0.20933333333333334	0.20933333333333334	0.20333333333333334	0.21333333333333335	0.18733333333333332	0.18466666666666667	0.20533333333333334	0.182	0.182	0.16466666666666666	0.17733333333333334	0.17133333333333334	0.17066666666666666	0.186	0.14533333333333334	0.15133333333333332	0.13866666666666666	0.13133333333333333	0.14333333333333334	0.14933333333333335	0.13533333333333333	0.152	0.12933333333333333	0.11066666666666666	0.12266666666666666	0.12066666666666667	0.12133333333333333	0.11466666666666667	0.10733333333333334	0.10933333333333334	0.112	0.10466666666666667	0.10466666666666667	0.10866666666666666	0.08733333333333333	0.094	0.10266666666666667	0.084	0.08066666666666666	0.09266666666666666	0.082	0.09066666666666667	0.086	0.08533333333333333	0.074	0.06866666666666667	0.06066666666666667	0.072	0.07666666666666666	0.068	0.059333333333333335	0.056666666666666664	0.068	0.06066666666666667	0.07	0.04666666666666667	0.054	0.06	0.056666666666666664	0.052	0.050666666666666665	0.05466666666666667	0.05266666666666667	0.042666666666666665	0.042666666666666665	0.04133333333333333	0.032	0.03	0.03866666666666667	0.042	0.028666666666666667	0.035333333333333335	0.029333333333333333	0.02666666666666667	0.028	0.032	
0.292	0.3313333333333333	0.31266666666666665	0.312	0.31933333333333336	0.25133333333333335	0.2966666666666667	0.2786666666666667	0.26666666666666666	0.2853333333333333	0.282	0.254	0.25	0.26266666666666666	0.25466666666666665	0.22666666666666666	0.23333333333333334	0.22933333333333333	0.24333333333333335	0.22733333333333333	0.226	0.22066666666666668	0.20733333333333334	0.19	0.21133333333333335	0.19533333333333333	0.17866666666666667	0.17	0.19933333333333333	0.18066666666666667	0.18133333333333335	0.164	0.166	0.17333333333333334	0.16133333333333333	0.15533333333333332	0.158	0.15333333333333332	0.14	0.158	0.14666666666666667	0.13933333333333334	0.12666666666666668	0.14133333333333334	0.12933333333333333	0.14	0.12466666666666666	0.13333333333333333	0.12733333333333333	0.11866666666666667	0.122	0.12066666666666667	0.10733333333333334	0.11533333333333333	0.10133333333333333	0.102	0.08466666666666667	0.09533333333333334	0.092	0.09133333333333334	0.084	0.074	0.08733333333333333	0.08466666666666667	0.06466666666666666	0.07733333333333334	0.074	0.078	0.07266666666666667	0.07533333333333334	0.07	0.06866666666666667	0.068	0.06333333333333334	0.06333333333333334	0.052	0.05733333333333333	0.06266666666666666	0.05733333333333333	0.05333333333333334	0.04733333333333333	0.05533333333333333	0.058666666666666666	0.05	0.04133333333333333	0.038	0.03933333333333333	0.03866666666666667	0.048	0.04133333333333333	0.036	0.04666666666666667	0.025333333333333333	0.027333333333333334	0.04466666666666667	0.027333333333333334	0.034666666666666665	0.035333333333333335	0.026	
0.298	0.304	0.26466666666666666	0.292	0.306	0.28	0.294	0.28933333333333333	0.2673333333333333	0.252	0.264	0.2866666666666667	0.24866666666666667	0.252	0.23533333333333334	0.24666666666666667	0.22266666666666668	0.20733333333333334	0.23333333333333334	0.19933333333333333	0.218	0.20933333333333334	0.194	0.192	0.192	0.192	0.20666666666666667	0.18866666666666668	0.184	0.18066666666666667	0.18333333333333332	0.17933333333333334	0.18666666666666668	0.17866666666666667	0.14733333333333334	0.154	0.16533333333333333	0.158	0.172	0.13333333333333333	0.152	0.12533333333333332	0.138	0.14066666666666666	0.13	0.13733333333333334	0.13066666666666665	0.11533333333333333	0.11666666666666667	0.13266666666666665	0.12266666666666666	0.11533333333333333	0.10266666666666667	0.11666666666666667	0.10466666666666667	0.11	0.09866666666666667	0.09466666666666666	0.094	0.092	0.08866666666666667	0.08133333333333333	0.10266666666666667	0.08533333333333333	0.08133333333333333	0.084	0.078	0.07	0.09066666666666667	0.07933333333333334	0.06466666666666666	0.07666666666666666	0.06733333333333333	0.07066666666666667	0.06466666666666666	0.07133333333333333	0.06266666666666666	0.062	0.05466666666666667	0.048666666666666664	0.04666666666666667	0.050666666666666665	0.042	0.050666666666666665	0.051333333333333335	0.04733333333333333	0.044	0.046	0.035333333333333335	0.042	0.043333333333333335	0.037333333333333336	0.03933333333333333	0.03933333333333333	0.021333333333333333	0.028666666666666667	0.021333333333333333	0.03	0.03	
0.31933333333333336	0.3393333333333333	0.28933333333333333	0.32866666666666666	0.294	0.30466666666666664	0.26	0.246	0.27066666666666667	0.26	0.2653333333333333	0.25466666666666665	0.26666666666666666	0.24933333333333332	0.25933333333333336	0.23866666666666667	0.22133333333333333	0.23733333333333334	0.24533333333333332	0.21666666666666667	0.21466666666666667	0.20333333333333334	0.19066666666666668	0.202	0.20466666666666666	0.214	0.206	0.198	0.18866666666666668	0.178	0.19266666666666668	0.168	0.17066666666666666	0.168	0.17866666666666667	0.14533333333333334	0.15133333333333332	0.14933333333333335	0.15733333333333333	0.154	0.13933333333333334	0.14733333333333334	0.13866666666666666	0.13333333333333333	0.13933333333333334	0.13	0.124	0.13	0.118	0.13466666666666666	0.12533333333333332	0.12533333333333332	0.10266666666666667	0.128	0.10533333333333333	0.10733333333333334	0.10133333333333333	0.08866666666666667	0.10733333333333334	0.098	0.09066666666666667	0.09533333333333334	0.09533333333333334	0.09133333333333334	0.08266666666666667	0.09	0.072	0.07733333333333334	0.08266666666666667	0.08733333333333333	0.06866666666666667	0.06266666666666666	0.068	0.06933333333333333	0.06866666666666667	0.06733333333333333	0.064	0.06333333333333334	0.05333333333333334	0.06066666666666667	0.05266666666666667	0.051333333333333335	0.05	0.04066666666666666	0.04133333333333333	0.04533333333333334	0.038	0.04066666666666666	0.04533333333333334	0.036	0.03866666666666667	0.042666666666666665	0.04066666666666666	0.03333333333333333	0.028	0.028666666666666667	0.034	0.034	0.03266666666666666	
0.328	0.31466666666666665	0.2753333333333333	0.298	0.304	0.276	0.2793333333333333	0.30266666666666664	0.25266666666666665	0.268	0.2773333333333333	0.24866666666666667	0.232	0.23466666666666666	0.23066666666666666	0.2633333333333333	0.22133333333333333	0.22866666666666666	0.224	0.22866666666666666	0.21733333333333332	0.20933333333333334	0.20133333333333334	0.19666666666666666	0.18066666666666667	0.20866666666666667	0.19	0.188	0.186	0.176	0.16733333333333333	0.18333333333333332	0.16133333333333333	0.19066666666666668	0.16933333333333334	0.16666666666666666	0.17066666666666666	0.12866666666666668	0.14266666666666666	0.15266666666666667	0.17466666666666666	0.13733333333333334	0.13	0.13933333333333334	0.13266666666666665	0.11866666666666667	0.12066666666666667	0.136	0.11733333333333333	0.11666666666666667	0.12533333333333332	0.106	0.11933333333333333	0.10466666666666667	0.106	0.10866666666666666	0.09266666666666666	0.088	0.10133333333333333	0.106	0.098	0.08	0.08266666666666667	0.088	0.08333333333333333	0.086	0.088	0.07733333333333334	0.06733333333333333	0.05266666666666667	0.07	0.06133333333333333	0.054	0.059333333333333335	0.072	0.06333333333333334	0.058666666666666666	0.04466666666666667	0.066	0.05266666666666667	0.056666666666666664	0.046	0.056	0.06066666666666667	0.05466666666666667	0.046	0.056	0.042	0.04066666666666666	0.043333333333333335	0.038	0.035333333333333335	0.035333333333333335	0.051333333333333335	0.02266666666666667	0.038	0.02266666666666667	0.021333333333333333	0.030666666666666665	
0.324	0.31133333333333335	0.318	0.306	0.282	0.278	0.2653333333333333	0.2733333333333333	0.238	0.278	0.25266666666666665	0.252	0.25733333333333336	0.252	0.23866666666666667	0.21733333333333332	0.23666666666666666	0.21533333333333332	0.22933333333333333	0.22933333333333333	0.22466666666666665	0.21066666666666667	0.20533333333333334	0.2	0.2	0.202	0.19733333333333333	0.18866666666666668	0.19066666666666668	0.17666666666666667	0.19133333333333333	0.16666666666666666	0.168	0.16066666666666668	0.16466666666666666	0.162	0.15333333333333332	0.164	0.154	0.146	0.142	0.12466666666666666	0.128	0.114	0.116	0.136	0.124	0.13266666666666665	0.10866666666666666	0.11733333333333333	0.118	0.10866666666666666	0.09933333333333333	0.09533333333333334	0.09733333333333333	0.09933333333333333	0.106	0.11	0.112	0.08666666666666667	0.09533333333333334	0.08933333333333333	0.08733333333333333	0.096	0.09066666666666667	0.07333333333333333	0.084	0.07666666666666666	0.068	0.06933333333333333	0.07933333333333334	0.07133333333333333	0.068	0.068	0.052	0.06133333333333333	0.06133333333333333	0.056	0.06733333333333333	0.05733333333333333	0.056	0.054	0.04666666666666667	0.048666666666666664	0.05266666666666667	0.043333333333333335	0.048	0.03666666666666667	0.048666666666666664	0.038	0.037333333333333336	0.038	0.03133333333333333	0.03333333333333333	0.042	0.021333333333333333	0.038	0.028	0.03333333333333333	
0.288	0.3313333333333333	0.32133333333333336	0.304	0.2946666666666667	0.31266666666666665	0.268	0.278	0.2926666666666667	0.252	0.27266666666666667	0.23866666666666667	0.24666666666666667	0.24933333333333332	0.228	0.22333333333333333	0.23266666666666666	0.22	0.222	0.23533333333333334	0.22333333333333333	0.232	0.21	0.22733333333333333	0.2	0.17066666666666666	0.21533333333333332	0.18533333333333332	0.18933333333333333	0.17333333333333334	0.188	0.196	0.16	0.15866666666666668	0.18266666666666667	0.16866666666666666	0.15466666666666667	0.148	0.144	0.16666666666666666	0.13666666666666666	0.13933333333333334	0.14333333333333334	0.14066666666666666	0.11933333333333333	0.13666666666666666	0.12533333333333332	0.13333333333333333	0.12066666666666667	0.104	0.11333333333333333	0.10666666666666667	0.09666666666666666	0.10466666666666667	0.10466666666666667	0.08533333333333333	0.09666666666666666	0.10333333333333333	0.09733333333333333	0.08933333333333333	0.10266666666666667	0.086	0.08133333333333333	0.078	0.09066666666666667	0.07866666666666666	0.08	0.07266666666666667	0.08	0.064	0.06266666666666666	0.07333333333333333	0.06333333333333334	0.06466666666666666	0.04933333333333333	0.058	0.056666666666666664	0.06333333333333334	0.062	0.05733333333333333	0.052	0.03933333333333333	0.04733333333333333	0.04066666666666666	0.04133333333333333	0.042666666666666665	0.044	0.042666666666666665	0.04466666666666667	0.04533333333333334	0.038	0.03266666666666666	0.037333333333333336	0.04533333333333334	0.046	0.03333333333333333	0.032	0.023333333333333334	0.034666666666666665	
0.31066666666666665	0.302	0.30266666666666664	0.29333333333333333	0.29333333333333333	0.2986666666666667	0.304	0.27	0.2866666666666667	0.268	0.2786666666666667	0.25666666666666665	0.244	0.23933333333333334	0.25066666666666665	0.248	0.22933333333333333	0.224	0.22	0.20466666666666666	0.21866666666666668	0.218	0.224	0.20866666666666667	0.20266666666666666	0.17466666666666666	0.17733333333333334	0.16466666666666666	0.17666666666666667	0.166	0.18866666666666668	0.17	0.19466666666666665	0.188	0.166	0.15733333333333333	0.14466666666666667	0.17133333333333334	0.15066666666666667	0.15533333333333332	0.15733333333333333	0.15266666666666667	0.136	0.13133333333333333	0.14066666666666666	0.12466666666666666	0.13533333333333333	0.12066666666666667	0.13066666666666665	0.11866666666666667	0.10333333333333333	0.11066666666666666	0.10666666666666667	0.11	0.10133333333333333	0.10266666666666667	0.104	0.09933333333333333	0.09266666666666666	0.09333333333333334	0.094	0.09533333333333334	0.096	0.09266666666666666	0.06733333333333333	0.07866666666666666	0.08	0.07266666666666667	0.07066666666666667	0.06866666666666667	0.07733333333333334	0.066	0.07266666666666667	0.068	0.06666666666666667	0.064	0.058666666666666666	0.06	0.04733333333333333	0.06333333333333334	0.056	0.04933333333333333	0.05533333333333333	0.04466666666666667	0.042	0.05333333333333334	0.048666666666666664	0.043333333333333335	0.04066666666666666	0.042666666666666665	0.038	0.037333333333333336	0.03333333333333333	0.03666666666666667	0.036	0.03333333333333333	0.028666666666666667	0.02666666666666667	0.03333333333333333	
0.324	0.31333333333333335	0.30533333333333335	0.2926666666666667	0.296	0.306	0.29733333333333334	0.2693333333333333	0.25466666666666665	0.2846666666666667	0.26866666666666666	0.25533333333333336	0.242	0.23733333333333334	0.25133333333333335	0.22933333333333333	0.23333333333333334	0.24866666666666667	0.24066666666666667	0.20733333333333334	0.19866666666666666	0.21666666666666667	0.19333333333333333	0.208	0.20133333333333334	0.19466666666666665	0.19133333333333333	0.174	0.19733333333333333	0.17333333333333334	0.18266666666666667	0.174	0.18666666666666668	0.164	0.15	0.158	0.15266666666666667	0.15933333333333333	0.14933333333333335	0.14066666666666666	0.12866666666666668	0.136	0.138	0.13866666666666666	0.13466666666666666	0.13466666666666666	0.14	0.13466666666666666	0.11333333333333333	0.114	0.11933333333333333	0.108	0.10466666666666667	0.11	0.11	0.1	0.10933333333333334	0.09266666666666666	0.09666666666666666	0.09466666666666666	0.09866666666666667	0.09133333333333334	0.08866666666666667	0.08333333333333333	0.08133333333333333	0.07933333333333334	0.08733333333333333	0.07533333333333334	0.074	0.078	0.086	0.07133333333333333	0.07333333333333333	0.064	0.07	0.056	0.05733333333333333	0.06666666666666667	0.051333333333333335	0.06333333333333334	0.044	0.06066666666666667	0.042	0.056	0.048666666666666664	0.050666666666666665	0.046	0.03933333333333333	0.042666666666666665	0.037333333333333336	0.04666666666666667	0.03	0.03933333333333333	0.03	0.036	0.028	0.035333333333333335	0.03133333333333333	0.027333333333333334	
0.33066666666666666	0.32066666666666666	0.302	0.30333333333333334	0.286	0.2853333333333333	0.278	0.268	0.27	0.2613333333333333	0.25266666666666665	0.266	0.242	0.22866666666666666	0.24333333333333335	0.23066666666666666	0.21933333333333332	0.218	0.23	0.20733333333333334	0.21933333333333332	0.19466666666666665	0.20533333333333334	0.20533333333333334	0.20666666666666667	0.19066666666666668	0.19466666666666665	0.18533333333333332	0.17266666666666666	0.17266666666666666	0.18066666666666667	0.17466666666666666	0.15666666666666668	0.15866666666666668	0.172	0.15	0.15733333333333333	0.14733333333333334	0.14666666666666667	0.15133333333333332	0.14333333333333334	0.146	0.13466666666666666	0.12066666666666667	0.14133333333333334	0.12	0.11666666666666667	0.12466666666666666	0.13266666666666665	0.11666666666666667	0.122	0.1	0.106	0.10933333333333334	0.09933333333333333	0.09866666666666667	0.09733333333333333	0.10466666666666667	0.09533333333333334	0.088	0.09266666666666666	0.08666666666666667	0.08266666666666667	0.08066666666666666	0.076	0.07266666666666667	0.07533333333333334	0.08133333333333333	0.07866666666666666	0.062	0.06666666666666667	0.06333333333333334	0.06666666666666667	0.06733333333333333	0.05266666666666667	0.06133333333333333	0.06333333333333334	0.06266666666666666	0.056666666666666664	0.04666666666666667	0.06533333333333333	0.056666666666666664	0.050666666666666665	0.056	0.05533333333333333	0.05	0.044	0.034666666666666665	0.036	0.037333333333333336	0.04	0.03933333333333333	0.038	0.03666666666666667	0.03866666666666667	0.029333333333333333	0.028	0.030666666666666665	0.032	
0.328	0.2846666666666667	0.312	0.27466666666666667	0.2833333333333333	0.2846666666666667	0.30266666666666664	0.2866666666666667	0.25933333333333336	0.26066666666666666	0.25333333333333335	0.242	0.24133333333333334	0.26666666666666666	0.2613333333333333	0.26266666666666666	0.218	0.212	0.23133333333333334	0.23466666666666666	0.184	0.2	0.20666666666666667	0.2	0.212	0.21733333333333332	0.196	0.178	0.20333333333333334	0.17933333333333334	0.182	0.18133333333333335	0.17066666666666666	0.17466666666666666	0.166	0.17133333333333334	0.18933333333333333	0.16066666666666668	0.16666666666666666	0.142	0.15333333333333332	0.14466666666666667	0.144	0.146	0.128	0.13733333333333334	0.12733333333333333	0.122	0.12866666666666668	0.118	0.122	0.12933333333333333	0.10266666666666667	0.12	0.10133333333333333	0.098	0.10266666666666667	0.09733333333333333	0.09466666666666666	0.09266666666666666	0.09666666666666666	0.08733333333333333	0.08666666666666667	0.08266666666666667	0.07466666666666667	0.08333333333333333	0.08066666666666666	0.074	0.08666666666666667	0.07	0.06866666666666667	0.06866666666666667	0.06133333333333333	0.07266666666666667	0.06333333333333334	0.066	0.05533333333333333	0.05466666666666667	0.06133333333333333	0.05333333333333334	0.04133333333333333	0.056	0.046	0.04933333333333333	0.046	0.06066666666666667	0.03866666666666667	0.04466666666666667	0.051333333333333335	0.04066666666666666	0.035333333333333335	0.03133333333333333	0.02666666666666667	0.03266666666666666	0.04	0.028666666666666667	0.024666666666666667	0.034666666666666665	0.029333333333333333	
0.302	0.32266666666666666	0.29733333333333334	0.296	0.29933333333333334	0.274	0.274	0.26866666666666666	0.2806666666666667	0.27	0.24866666666666667	0.24866666666666667	0.258	0.26666666666666666	0.23066666666666666	0.24266666666666667	0.23066666666666666	0.24266666666666667	0.21066666666666667	0.19666666666666666	0.22066666666666668	0.20333333333333334	0.218	0.214	0.20266666666666666	0.18933333333333333	0.19066666666666668	0.178	0.17266666666666666	0.16266666666666665	0.18133333333333335	0.15266666666666667	0.15	0.17133333333333334	0.19133333333333333	0.17066666666666666	0.152	0.14266666666666666	0.152	0.14	0.126	0.132	0.11866666666666667	0.13866666666666666	0.12933333333333333	0.13733333333333334	0.11666666666666667	0.12666666666666668	0.122	0.11666666666666667	0.12133333333333333	0.108	0.09066666666666667	0.10733333333333334	0.11133333333333334	0.088	0.10066666666666667	0.11333333333333333	0.10933333333333334	0.09466666666666666	0.08933333333333333	0.08	0.08866666666666667	0.076	0.07666666666666666	0.078	0.086	0.08266666666666667	0.08666666666666667	0.07533333333333334	0.066	0.06	0.062	0.064	0.066	0.068	0.050666666666666665	0.050666666666666665	0.058666666666666666	0.05466666666666667	0.051333333333333335	0.05466666666666667	0.044	0.04	0.048	0.048	0.035333333333333335	0.034666666666666665	0.03933333333333333	0.034	0.046	0.046	0.042	0.03133333333333333	0.04	0.034	0.03266666666666666	0.024666666666666667	0.028666666666666667	
0.32266666666666666	0.31466666666666665	0.2813333333333333	0.31866666666666665	0.286	0.30933333333333335	0.26666666666666666	0.26066666666666666	0.29133333333333333	0.23133333333333334	0.26266666666666666	0.24933333333333332	0.26	0.232	0.238	0.23733333333333334	0.24533333333333332	0.24533333333333332	0.214	0.22733333333333333	0.22933333333333333	0.19133333333333333	0.20466666666666666	0.20933333333333334	0.19533333333333333	0.17733333333333334	0.182	0.18266666666666667	0.16466666666666666	0.20333333333333334	0.18333333333333332	0.176	0.168	0.178	0.15733333333333333	0.162	0.15266666666666667	0.146	0.13333333333333333	0.16	0.13266666666666665	0.13266666666666665	0.14133333333333334	0.15266666666666667	0.148	0.138	0.112	0.132	0.122	0.10866666666666666	0.11666666666666667	0.12066666666666667	0.10933333333333334	0.104	0.10266666666666667	0.10933333333333334	0.114	0.09533333333333334	0.09733333333333333	0.08133333333333333	0.084	0.10533333333333333	0.09066666666666667	0.076	0.084	0.074	0.07866666666666666	0.07266666666666667	0.06733333333333333	0.06866666666666667	0.07133333333333333	0.08066666666666666	0.068	0.056666666666666664	0.074	0.05333333333333334	0.066	0.052	0.06	0.05266666666666667	0.05266666666666667	0.048666666666666664	0.04133333333333333	0.06	0.04	0.046	0.04	0.044	0.04133333333333333	0.034	0.03	0.03666666666666667	0.028	0.034666666666666665	0.032	0.03333333333333333	0.02266666666666667	0.028666666666666667	0.029333333333333333	
0.3333333333333333	0.306	0.30933333333333335	0.282	0.2946666666666667	0.2653333333333333	0.26266666666666666	0.2793333333333333	0.30533333333333335	0.276	0.26666666666666666	0.23733333333333334	0.24866666666666667	0.26	0.24866666666666667	0.22866666666666666	0.22266666666666668	0.22466666666666665	0.20866666666666667	0.192	0.20933333333333334	0.19466666666666665	0.20333333333333334	0.22133333333333333	0.184	0.202	0.19466666666666665	0.20866666666666667	0.17066666666666666	0.17466666666666666	0.18	0.182	0.18466666666666667	0.18733333333333332	0.15066666666666667	0.18066666666666667	0.148	0.14666666666666667	0.146	0.15066666666666667	0.13466666666666666	0.14333333333333334	0.12933333333333333	0.138	0.11866666666666667	0.13933333333333334	0.12333333333333334	0.12133333333333333	0.10333333333333333	0.11533333333333333	0.11133333333333334	0.106	0.10733333333333334	0.104	0.10533333333333333	0.09	0.10133333333333333	0.098	0.09266666666666666	0.10066666666666667	0.09333333333333334	0.092	0.088	0.07133333333333333	0.08866666666666667	0.068	0.082	0.08133333333333333	0.07733333333333334	0.07733333333333334	0.06666666666666667	0.07533333333333334	0.08466666666666667	0.05533333333333333	0.04933333333333333	0.056666666666666664	0.059333333333333335	0.056	0.04933333333333333	0.07066666666666667	0.05266666666666667	0.043333333333333335	0.04733333333333333	0.046	0.03866666666666667	0.03866666666666667	0.04066666666666666	0.042	0.03866666666666667	0.038	0.034666666666666665	0.03266666666666666	0.03333333333333333	0.036	0.023333333333333334	0.032	0.024666666666666667	0.027333333333333334	0.02666666666666667	
0.31133333333333335	0.3373333333333333	0.2786666666666667	0.3273333333333333	0.2813333333333333	0.314	0.274	0.268	0.2826666666666667	0.25466666666666665	0.2713333333333333	0.24866666666666667	0.234	0.22866666666666666	0.25066666666666665	0.22933333333333333	0.22866666666666666	0.22	0.22733333333333333	0.218	0.224	0.206	0.21666666666666667	0.19666666666666666	0.21133333333333335	0.18866666666666668	0.19	0.19866666666666666	0.186	0.198	0.158	0.18333333333333332	0.17866666666666667	0.14933333333333335	0.17933333333333334	0.15933333333333333	0.16866666666666666	0.14466666666666667	0.154	0.15533333333333332	0.13533333333333333	0.146	0.14066666666666666	0.136	0.12866666666666668	0.12266666666666666	0.12	0.12733333333333333	0.12533333333333332	0.11266666666666666	0.10066666666666667	0.12133333333333333	0.126	0.12066666666666667	0.11266666666666666	0.088	0.09666666666666666	0.092	0.09333333333333334	0.086	0.096	0.07933333333333334	0.078	0.09866666666666667	0.08533333333333333	0.06933333333333333	0.08066666666666666	0.08933333333333333	0.068	0.06733333333333333	0.06933333333333333	0.07	0.06133333333333333	0.07266666666666667	0.05533333333333333	0.064	0.058	0.05466666666666667	0.05466666666666667	0.05333333333333334	0.048	0.048666666666666664	0.052	0.05733333333333333	0.042666666666666665	0.04066666666666666	0.03933333333333333	0.04533333333333334	0.04666666666666667	0.04733333333333333	0.026	0.03666666666666667	0.052	0.027333333333333334	0.03266666666666666	0.03266666666666666	0.024	0.029333333333333333	0.030666666666666665	
0.31466666666666665	0.31133333333333335	0.29933333333333334	0.30666666666666664	0.2906666666666667	0.276	0.2673333333333333	0.26	0.294	0.2786666666666667	0.2753333333333333	0.24666666666666667	0.266	0.2613333333333333	0.25	0.22333333333333333	0.238	0.24933333333333332	0.22733333333333333	0.212	0.20866666666666667	0.20466666666666666	0.22733333333333333	0.21533333333333332	0.18866666666666668	0.22066666666666668	0.19333333333333333	0.186	0.176	0.19	0.144	0.15466666666666667	0.18333333333333332	0.16533333333333333	0.17333333333333334	0.152	0.15333333333333332	0.16	0.17066666666666666	0.15466666666666667	0.15333333333333332	0.13666666666666666	0.13933333333333334	0.14	0.14933333333333335	0.136	0.11866666666666667	0.12266666666666666	0.11866666666666667	0.11666666666666667	0.11866666666666667	0.11866666666666667	0.11666666666666667	0.122	0.11266666666666666	0.098	0.10133333333333333	0.104	0.09733333333333333	0.078	0.092	0.1	0.086	0.09	0.082	0.076	0.08466666666666667	0.076	0.07333333333333333	0.068	0.06466666666666666	0.07333333333333333	0.056	0.056666666666666664	0.07066666666666667	0.06866666666666667	0.06333333333333334	0.05333333333333334	0.062	0.058	0.048666666666666664	0.04733333333333333	0.051333333333333335	0.051333333333333335	0.052	0.04466666666666667	0.038	0.03933333333333333	0.03866666666666667	0.04533333333333334	0.034	0.03333333333333333	0.034	0.032	0.028	0.050666666666666665	0.021333333333333333	0.03333333333333333	0.028666666666666667	
0.31133333333333335	0.3	0.31266666666666665	0.282	0.2866666666666667	0.302	0.2786666666666667	0.2773333333333333	0.2966666666666667	0.2753333333333333	0.2613333333333333	0.25066666666666665	0.254	0.26	0.234	0.23666666666666666	0.238	0.25266666666666665	0.22533333333333333	0.20933333333333334	0.20333333333333334	0.19266666666666668	0.20466666666666666	0.21266666666666667	0.19	0.198	0.20066666666666666	0.19733333333333333	0.17933333333333334	0.18333333333333332	0.188	0.16533333333333333	0.16066666666666668	0.17466666666666666	0.15866666666666668	0.17266666666666666	0.16666666666666666	0.162	0.15466666666666667	0.16066666666666668	0.146	0.16533333333333333	0.144	0.12666666666666668	0.13333333333333333	0.11533333333333333	0.14533333333333334	0.13333333333333333	0.10533333333333333	0.112	0.11933333333333333	0.12066666666666667	0.11266666666666666	0.10466666666666667	0.10733333333333334	0.08666666666666667	0.098	0.10933333333333334	0.10333333333333333	0.092	0.09266666666666666	0.08466666666666667	0.088	0.086	0.08466666666666667	0.08666666666666667	0.068	0.06733333333333333	0.07266666666666667	0.058	0.066	0.06933333333333333	0.06466666666666666	0.07466666666666667	0.06333333333333334	0.06	0.06333333333333334	0.05733333333333333	0.05733333333333333	0.04466666666666667	0.052	0.05	0.054	0.05266666666666667	0.046	0.042	0.05	0.04733333333333333	0.043333333333333335	0.042666666666666665	0.038	0.03666666666666667	0.03	0.03266666666666666	0.04	0.037333333333333336	0.03866666666666667	0.032	0.03666666666666667	
0.3273333333333333	0.31	0.32	0.2833333333333333	0.2813333333333333	0.286	0.276	0.27666666666666667	0.2866666666666667	0.258	0.2633333333333333	0.2846666666666667	0.25933333333333336	0.244	0.25933333333333336	0.25133333333333335	0.23533333333333334	0.22266666666666668	0.21666666666666667	0.22466666666666665	0.206	0.20733333333333334	0.19733333333333333	0.19133333333333333	0.192	0.17733333333333334	0.184	0.18066666666666667	0.18	0.156	0.16333333333333333	0.18933333333333333	0.18066666666666667	0.164	0.17133333333333334	0.192	0.16	0.16	0.148	0.13733333333333334	0.13	0.15333333333333332	0.14866666666666667	0.13066666666666665	0.12466666666666666	0.12933333333333333	0.13066666666666665	0.11533333333333333	0.124	0.112	0.11733333333333333	0.10133333333333333	0.094	0.09933333333333333	0.11266666666666666	0.12266666666666666	0.10666666666666667	0.102	0.09066666666666667	0.07866666666666666	0.09	0.09133333333333334	0.07933333333333334	0.094	0.08933333333333333	0.092	0.07733333333333334	0.07866666666666666	0.07066666666666667	0.07266666666666667	0.06133333333333333	0.064	0.07266666666666667	0.06533333333333333	0.062	0.05266666666666667	0.06933333333333333	0.06	0.050666666666666665	0.048	0.048666666666666664	0.042	0.050666666666666665	0.05266666666666667	0.05266666666666667	0.044	0.05266666666666667	0.04	0.05333333333333334	0.030666666666666665	0.03933333333333333	0.044	0.03666666666666667	0.027333333333333334	0.042	0.027333333333333334	0.028666666666666667	0.028	0.037333333333333336	
0.3393333333333333	0.2986666666666667	0.2926666666666667	0.2846666666666667	0.2793333333333333	0.30533333333333335	0.2806666666666667	0.26666666666666666	0.2786666666666667	0.25666666666666665	0.25733333333333336	0.26	0.25133333333333335	0.24866666666666667	0.23066666666666666	0.242	0.22333333333333333	0.24133333333333334	0.22733333333333333	0.23933333333333334	0.21466666666666667	0.214	0.20466666666666666	0.20533333333333334	0.18866666666666668	0.186	0.18333333333333332	0.20266666666666666	0.19133333333333333	0.184	0.17	0.17133333333333334	0.15866666666666668	0.172	0.17133333333333334	0.16266666666666665	0.14733333333333334	0.15866666666666668	0.13866666666666666	0.14733333333333334	0.12466666666666666	0.13333333333333333	0.128	0.13666666666666666	0.108	0.12333333333333334	0.122	0.12866666666666668	0.13666666666666666	0.10733333333333334	0.11133333333333334	0.10933333333333334	0.12	0.08666666666666667	0.11066666666666666	0.10466666666666667	0.104	0.116	0.09733333333333333	0.092	0.07733333333333334	0.09533333333333334	0.08733333333333333	0.08466666666666667	0.08666666666666667	0.06933333333333333	0.07266666666666667	0.06933333333333333	0.07666666666666666	0.08933333333333333	0.06866666666666667	0.05733333333333333	0.058	0.056666666666666664	0.058	0.062	0.05466666666666667	0.06133333333333333	0.06133333333333333	0.05533333333333333	0.06133333333333333	0.04533333333333334	0.05466666666666667	0.056666666666666664	0.04	0.04533333333333334	0.042	0.03266666666666666	0.044	0.034666666666666665	0.038	0.038	0.03333333333333333	0.04066666666666666	0.035333333333333335	0.03266666666666666	0.03333333333333333	0.032	0.022	
0.31333333333333335	0.334	0.31466666666666665	0.30866666666666664	0.29533333333333334	0.2793333333333333	0.27	0.2866666666666667	0.274	0.2653333333333333	0.2786666666666667	0.23533333333333334	0.23666666666666666	0.232	0.24066666666666667	0.24	0.23066666666666666	0.22133333333333333	0.20333333333333334	0.218	0.206	0.196	0.202	0.20133333333333334	0.19333333333333333	0.18533333333333332	0.19333333333333333	0.18266666666666667	0.18866666666666668	0.19666666666666666	0.18266666666666667	0.18	0.17533333333333334	0.16266666666666665	0.162	0.15866666666666668	0.16	0.164	0.16466666666666666	0.15266666666666667	0.13866666666666666	0.14	0.134	0.13333333333333333	0.14533333333333334	0.13733333333333334	0.12066666666666667	0.12466666666666666	0.11666666666666667	0.12466666666666666	0.09866666666666667	0.10333333333333333	0.11	0.10733333333333334	0.10133333333333333	0.104	0.11066666666666666	0.10133333333333333	0.096	0.098	0.09866666666666667	0.09466666666666666	0.09466666666666666	0.07	0.08133333333333333	0.08066666666666666	0.08333333333333333	0.059333333333333335	0.08066666666666666	0.068	0.072	0.06533333333333333	0.07133333333333333	0.059333333333333335	0.06	0.059333333333333335	0.07333333333333333	0.06	0.051333333333333335	0.046	0.04133333333333333	0.046	0.05	0.04466666666666667	0.04933333333333333	0.04133333333333333	0.04	0.04466666666666667	0.04133333333333333	0.038	0.032	0.035333333333333335	0.034666666666666665	0.03133333333333333	0.03333333333333333	0.024666666666666667	0.030666666666666665	0.034	0.023333333333333334	
0.338	0.31333333333333335	0.29333333333333333	0.29533333333333334	0.292	0.318	0.27066666666666667	0.2613333333333333	0.25933333333333336	0.25533333333333336	0.24	0.242	0.24533333333333332	0.23733333333333334	0.22466666666666665	0.23866666666666667	0.22533333333333333	0.236	0.23533333333333334	0.222	0.22866666666666666	0.238	0.21466666666666667	0.21266666666666667	0.23066666666666666	0.18466666666666667	0.20133333333333334	0.18933333333333333	0.16733333333333333	0.17933333333333334	0.174	0.15666666666666668	0.17933333333333334	0.18733333333333332	0.16533333333333333	0.156	0.16933333333333334	0.13733333333333334	0.15	0.13	0.124	0.14066666666666666	0.12866666666666668	0.136	0.12333333333333334	0.13666666666666666	0.13666666666666666	0.12666666666666668	0.132	0.11266666666666666	0.1	0.10133333333333333	0.12133333333333333	0.116	0.09933333333333333	0.10133333333333333	0.08733333333333333	0.09933333333333333	0.10066666666666667	0.084	0.07466666666666667	0.08466666666666667	0.09266666666666666	0.08666666666666667	0.08533333333333333	0.07866666666666666	0.08066666666666666	0.07333333333333333	0.07866666666666666	0.07266666666666667	0.074	0.056666666666666664	0.058666666666666666	0.06333333333333334	0.05	0.054	0.052	0.05533333333333333	0.054	0.048	0.06066666666666667	0.05	0.05466666666666667	0.04466666666666667	0.04666666666666667	0.042	0.04	0.03866666666666667	0.050666666666666665	0.05	0.03	0.03866666666666667	0.03666666666666667	0.037333333333333336	0.025333333333333333	0.032	0.032	0.030666666666666665	0.03333333333333333	
0.2813333333333333	0.326	0.30466666666666664	0.2846666666666667	0.2753333333333333	0.28933333333333333	0.276	0.2653333333333333	0.25333333333333335	0.2773333333333333	0.25333333333333335	0.22	0.25133333333333335	0.24266666666666667	0.25066666666666665	0.24266666666666667	0.234	0.21333333333333335	0.23333333333333334	0.20733333333333334	0.19933333333333333	0.21933333333333332	0.21466666666666667	0.20066666666666666	0.18666666666666668	0.188	0.18066666666666667	0.2	0.182	0.182	0.184	0.168	0.18066666666666667	0.14933333333333335	0.17066666666666666	0.18333333333333332	0.16	0.16066666666666668	0.16	0.14333333333333334	0.12733333333333333	0.13666666666666666	0.132	0.13333333333333333	0.13666666666666666	0.12333333333333334	0.11466666666666667	0.13066666666666665	0.11066666666666666	0.13	0.10933333333333334	0.12733333333333333	0.102	0.10933333333333334	0.10466666666666667	0.09	0.09866666666666667	0.09533333333333334	0.09533333333333334	0.10066666666666667	0.09133333333333334	0.08866666666666667	0.08733333333333333	0.082	0.07666666666666666	0.08533333333333333	0.07866666666666666	0.08933333333333333	0.08066666666666666	0.07066666666666667	0.06933333333333333	0.07133333333333333	0.07133333333333333	0.06133333333333333	0.06733333333333333	0.048	0.068	0.06066666666666667	0.052	0.054	0.04666666666666667	0.056	0.04733333333333333	0.046	0.042	0.03933333333333333	0.048666666666666664	0.04066666666666666	0.04066666666666666	0.03333333333333333	0.038	0.03266666666666666	0.03133333333333333	0.04066666666666666	0.029333333333333333	0.024	0.026	0.035333333333333335	0.035333333333333335	
0.318	0.2986666666666667	0.306	0.326	0.27666666666666667	0.2926666666666667	0.26466666666666666	0.2886666666666667	0.252	0.2773333333333333	0.26666666666666666	0.252	0.252	0.22333333333333333	0.244	0.222	0.25133333333333335	0.20733333333333334	0.234	0.218	0.22333333333333333	0.19466666666666665	0.22266666666666668	0.184	0.20933333333333334	0.18333333333333332	0.18666666666666668	0.17866666666666667	0.20133333333333334	0.202	0.16266666666666665	0.16333333333333333	0.174	0.16933333333333334	0.146	0.18933333333333333	0.14	0.15266666666666667	0.14466666666666667	0.14	0.124	0.148	0.13	0.13333333333333333	0.11733333333333333	0.13266666666666665	0.11	0.124	0.11866666666666667	0.11	0.09666666666666666	0.12133333333333333	0.11333333333333333	0.10866666666666666	0.108	0.11866666666666667	0.11	0.09866666666666667	0.09333333333333334	0.094	0.09333333333333334	0.09266666666666666	0.08866666666666667	0.08	0.08	0.092	0.08266666666666667	0.07	0.082	0.058666666666666666	0.07666666666666666	0.064	0.05733333333333333	0.074	0.064	0.058666666666666666	0.064	0.058	0.056	0.05466666666666667	0.05	0.06466666666666666	0.056666666666666664	0.04	0.042	0.051333333333333335	0.046	0.044	0.04133333333333333	0.034	0.03933333333333333	0.03666666666666667	0.03866666666666667	0.04133333333333333	0.03266666666666666	0.042	0.02266666666666667	0.027333333333333334	0.029333333333333333	
0.30666666666666664	0.308	0.306	0.288	0.31	0.2733333333333333	0.26866666666666666	0.28733333333333333	0.264	0.27	0.24666666666666667	0.25866666666666666	0.248	0.25333333333333335	0.23733333333333334	0.212	0.21333333333333335	0.206	0.22333333333333333	0.21933333333333332	0.232	0.19666666666666666	0.19533333333333333	0.20133333333333334	0.21	0.18866666666666668	0.18933333333333333	0.184	0.182	0.17733333333333334	0.17	0.19333333333333333	0.168	0.152	0.156	0.14333333333333334	0.15866666666666668	0.17333333333333334	0.15066666666666667	0.14533333333333334	0.12	0.14466666666666667	0.132	0.126	0.12266666666666666	0.12466666666666666	0.12533333333333332	0.13266666666666665	0.12533333333333332	0.122	0.09666666666666666	0.118	0.112	0.11	0.11933333333333333	0.09733333333333333	0.092	0.10666666666666667	0.08933333333333333	0.09533333333333334	0.08466666666666667	0.082	0.09533333333333334	0.076	0.09266666666666666	0.07	0.07266666666666667	0.08266666666666667	0.07	0.07333333333333333	0.08266666666666667	0.064	0.07	0.058	0.06933333333333333	0.064	0.056	0.054	0.04933333333333333	0.05333333333333334	0.051333333333333335	0.042666666666666665	0.058	0.044	0.037333333333333336	0.05533333333333333	0.052	0.04666666666666667	0.044	0.04133333333333333	0.028	0.036	0.03666666666666667	0.028666666666666667	0.034	0.034	0.03266666666666666	0.035333333333333335	0.026	
0.3433333333333333	0.328	0.312	0.29933333333333334	0.29333333333333333	0.2826666666666667	0.282	0.26	0.2926666666666667	0.2653333333333333	0.25466666666666665	0.23733333333333334	0.26066666666666666	0.266	0.232	0.23866666666666667	0.24533333333333332	0.21466666666666667	0.22066666666666668	0.202	0.22866666666666666	0.214	0.21933333333333332	0.204	0.22266666666666668	0.19933333333333333	0.18466666666666667	0.19666666666666666	0.17933333333333334	0.17466666666666666	0.15333333333333332	0.15933333333333333	0.164	0.15533333333333332	0.17066666666666666	0.16466666666666666	0.17666666666666667	0.13333333333333333	0.14266666666666666	0.158	0.14266666666666666	0.126	0.12733333333333333	0.138	0.12466666666666666	0.134	0.13	0.126	0.12333333333333334	0.102	0.104	0.112	0.10533333333333333	0.10466666666666667	0.10933333333333334	0.10933333333333334	0.09533333333333334	0.09333333333333334	0.08733333333333333	0.07933333333333334	0.09266666666666666	0.078	0.096	0.08533333333333333	0.07666666666666666	0.08333333333333333	0.08266666666666667	0.08066666666666666	0.072	0.07733333333333334	0.07466666666666667	0.068	0.062	0.05533333333333333	0.06333333333333334	0.05	0.058	0.059333333333333335	0.058666666666666666	0.051333333333333335	0.05466666666666667	0.05466666666666667	0.043333333333333335	0.04666666666666667	0.043333333333333335	0.042	0.04066666666666666	0.037333333333333336	0.05	0.04	0.04933333333333333	0.028	0.028666666666666667	0.03266666666666666	0.026	0.036	0.034	0.02666666666666667	0.027333333333333334	
0.32666666666666666	0.30466666666666664	0.286	0.284	0.282	0.2793333333333333	0.2693333333333333	0.2813333333333333	0.25466666666666665	0.24666666666666667	0.25266666666666665	0.2713333333333333	0.2693333333333333	0.22266666666666668	0.21066666666666667	0.22066666666666668	0.23466666666666666	0.24333333333333335	0.25133333333333335	0.21733333333333332	0.22666666666666666	0.20266666666666666	0.21133333333333335	0.18266666666666667	0.19333333333333333	0.198	0.17933333333333334	0.168	0.188	0.15333333333333332	0.17733333333333334	0.168	0.16133333333333333	0.18533333333333332	0.152	0.146	0.13066666666666665	0.158	0.14866666666666667	0.154	0.15666666666666668	0.15066666666666667	0.12533333333333332	0.128	0.13333333333333333	0.12466666666666666	0.12133333333333333	0.114	0.11666666666666667	0.12933333333333333	0.14133333333333334	0.12066666666666667	0.084	0.11266666666666666	0.102	0.11	0.10066666666666667	0.10066666666666667	0.09	0.08266666666666667	0.09733333333333333	0.07866666666666666	0.08266666666666667	0.08466666666666667	0.08666666666666667	0.074	0.084	0.074	0.08133333333333333	0.06733333333333333	0.08266666666666667	0.076	0.06666666666666667	0.05466666666666667	0.06466666666666666	0.05533333333333333	0.058	0.06	0.06	0.04	0.05333333333333334	0.046	0.06066666666666667	0.054	0.05	0.04733333333333333	0.04733333333333333	0.048666666666666664	0.043333333333333335	0.038	0.034	0.03866666666666667	0.03666666666666667	0.037333333333333336	0.028	0.03133333333333333	0.034666666666666665	0.029333333333333333	0.026	
0.31066666666666665	0.312	0.298	0.31	0.2833333333333333	0.286	0.2806666666666667	0.272	0.268	0.26266666666666666	0.25466666666666665	0.246	0.25866666666666666	0.21533333333333332	0.214	0.216	0.23733333333333334	0.208	0.20866666666666667	0.23733333333333334	0.202	0.21733333333333332	0.20333333333333334	0.19466666666666665	0.198	0.20066666666666666	0.17933333333333334	0.17466666666666666	0.184	0.178	0.18333333333333332	0.17066666666666666	0.16666666666666666	0.16133333333333333	0.17066666666666666	0.14533333333333334	0.14266666666666666	0.14333333333333334	0.132	0.14466666666666667	0.134	0.12533333333333332	0.14866666666666667	0.12533333333333332	0.12266666666666666	0.138	0.11266666666666666	0.158	0.10933333333333334	0.11533333333333333	0.10133333333333333	0.112	0.11	0.10666666666666667	0.10666666666666667	0.09133333333333334	0.10866666666666666	0.08933333333333333	0.098	0.1	0.06933333333333333	0.07866666666666666	0.088	0.09466666666666666	0.08466666666666667	0.07466666666666667	0.07333333333333333	0.06733333333333333	0.076	0.07533333333333334	0.059333333333333335	0.068	0.06466666666666666	0.06733333333333333	0.062	0.054	0.050666666666666665	0.064	0.056	0.052	0.058666666666666666	0.04466666666666667	0.046	0.04066666666666666	0.046	0.046	0.052	0.038	0.04133333333333333	0.04066666666666666	0.032	0.04666666666666667	0.04666666666666667	0.034	0.035333333333333335	0.037333333333333336	0.025333333333333333	0.024	0.025333333333333333	
0.31533333333333335	0.294	0.29733333333333334	0.28933333333333333	0.31933333333333336	0.2833333333333333	0.2773333333333333	0.2853333333333333	0.2846666666666667	0.24666666666666667	0.25066666666666665	0.23866666666666667	0.22933333333333333	0.22466666666666665	0.246	0.24466666666666667	0.20133333333333334	0.21266666666666667	0.21266666666666667	0.202	0.22933333333333333	0.19133333333333333	0.218	0.21666666666666667	0.20466666666666666	0.18733333333333332	0.18466666666666667	0.18666666666666668	0.186	0.19066666666666668	0.18733333333333332	0.17066666666666666	0.166	0.17866666666666667	0.17466666666666666	0.162	0.148	0.14066666666666666	0.15333333333333332	0.14466666666666667	0.132	0.13066666666666665	0.138	0.13933333333333334	0.134	0.124	0.12333333333333334	0.12933333333333333	0.11933333333333333	0.12133333333333333	0.10866666666666666	0.118	0.108	0.11266666666666666	0.10066666666666667	0.09466666666666666	0.09333333333333334	0.09933333333333333	0.09333333333333334	0.09866666666666667	0.092	0.09133333333333334	0.07933333333333334	0.07866666666666666	0.07466666666666667	0.07866666666666666	0.07333333333333333	0.07	0.068	0.072	0.06266666666666666	0.06466666666666666	0.056666666666666664	0.06333333333333334	0.07266666666666667	0.05266666666666667	0.06066666666666667	0.042666666666666665	0.05733333333333333	0.051333333333333335	0.058666666666666666	0.046	0.051333333333333335	0.04533333333333334	0.048	0.04666666666666667	0.038	0.052	0.03333333333333333	0.03133333333333333	0.04133333333333333	0.04133333333333333	0.02666666666666667	0.034666666666666665	0.032	0.028	0.032	0.028	0.021333333333333333	
0.3	0.31533333333333335	0.31933333333333336	0.2986666666666667	0.2853333333333333	0.268	0.27	0.28733333333333333	0.286	0.25666666666666665	0.254	0.268	0.25666666666666665	0.21666666666666667	0.24733333333333332	0.216	0.216	0.22266666666666668	0.21266666666666667	0.21933333333333332	0.20933333333333334	0.228	0.20066666666666666	0.17666666666666667	0.18133333333333335	0.18733333333333332	0.18266666666666667	0.18466666666666667	0.18	0.17933333333333334	0.18266666666666667	0.16266666666666665	0.18933333333333333	0.16133333333333333	0.14933333333333335	0.14	0.16466666666666666	0.132	0.158	0.14733333333333334	0.14666666666666667	0.134	0.13333333333333333	0.14	0.134	0.13666666666666666	0.122	0.116	0.12266666666666666	0.112	0.10266666666666667	0.11066666666666666	0.11	0.10866666666666666	0.098	0.10066666666666667	0.10266666666666667	0.088	0.08933333333333333	0.08466666666666667	0.07866666666666666	0.09	0.09333333333333334	0.078	0.09133333333333334	0.074	0.07933333333333334	0.07466666666666667	0.08133333333333333	0.07666666666666666	0.08066666666666666	0.06866666666666667	0.076	0.058666666666666666	0.06266666666666666	0.06466666666666666	0.06533333333333333	0.059333333333333335	0.058666666666666666	0.051333333333333335	0.044	0.04733333333333333	0.04	0.044	0.050666666666666665	0.037333333333333336	0.044	0.04666666666666667	0.035333333333333335	0.04466666666666667	0.03266666666666666	0.03866666666666667	0.042	0.03133333333333333	0.029333333333333333	0.028666666666666667	0.028	0.028666666666666667	0.025333333333333333	
0.3333333333333333	0.30333333333333334	0.298	0.306	0.29333333333333333	0.2866666666666667	0.30533333333333335	0.2673333333333333	0.2806666666666667	0.27466666666666667	0.25	0.26466666666666666	0.268	0.2653333333333333	0.25266666666666665	0.25266666666666665	0.21	0.23333333333333334	0.20733333333333334	0.20266666666666666	0.198	0.21666666666666667	0.216	0.20866666666666667	0.17333333333333334	0.21333333333333335	0.21133333333333335	0.19	0.168	0.168	0.17066666666666666	0.18533333333333332	0.17466666666666666	0.16	0.15333333333333332	0.15466666666666667	0.14733333333333334	0.13266666666666665	0.14533333333333334	0.15133333333333332	0.14466666666666667	0.142	0.128	0.13533333333333333	0.13733333333333334	0.134	0.112	0.11533333333333333	0.118	0.102	0.12533333333333332	0.11733333333333333	0.11866666666666667	0.09266666666666666	0.11533333333333333	0.10066666666666667	0.10666666666666667	0.07733333333333334	0.10266666666666667	0.098	0.086	0.098	0.078	0.07533333333333334	0.07733333333333334	0.066	0.084	0.07733333333333334	0.06733333333333333	0.064	0.07333333333333333	0.07066666666666667	0.056	0.06733333333333333	0.058666666666666666	0.05466666666666667	0.068	0.06	0.05733333333333333	0.050666666666666665	0.05	0.05266666666666667	0.05	0.04	0.04666666666666667	0.04133333333333333	0.046	0.037333333333333336	0.038	0.037333333333333336	0.043333333333333335	0.042	0.034	0.030666666666666665	0.025333333333333333	0.034	0.02666666666666667	0.025333333333333333	0.025333333333333333	
0.2906666666666667	0.32466666666666666	0.31933333333333336	0.2986666666666667	0.2966666666666667	0.302	0.278	0.26	0.29	0.28	0.23	0.25466666666666665	0.24133333333333334	0.24466666666666667	0.22533333333333333	0.23933333333333334	0.22133333333333333	0.22	0.212	0.21733333333333332	0.21533333333333332	0.20933333333333334	0.206	0.214	0.20666666666666667	0.20466666666666666	0.18333333333333332	0.17666666666666667	0.16333333333333333	0.18533333333333332	0.166	0.17466666666666666	0.15933333333333333	0.16933333333333334	0.16266666666666665	0.146	0.16	0.16733333333333333	0.14866666666666667	0.174	0.13666666666666666	0.13533333333333333	0.14133333333333334	0.12933333333333333	0.12066666666666667	0.13466666666666666	0.10333333333333333	0.12	0.12266666666666666	0.124	0.10066666666666667	0.10466666666666667	0.10466666666666667	0.09466666666666666	0.10133333333333333	0.09133333333333334	0.09533333333333334	0.11266666666666666	0.09933333333333333	0.08533333333333333	0.09933333333333333	0.08133333333333333	0.08733333333333333	0.08666666666666667	0.08133333333333333	0.08733333333333333	0.07333333333333333	0.072	0.068	0.06266666666666666	0.06733333333333333	0.059333333333333335	0.06466666666666666	0.07466666666666667	0.04533333333333334	0.064	0.058	0.048666666666666664	0.066	0.05466666666666667	0.03866666666666667	0.048666666666666664	0.05266666666666667	0.04933333333333333	0.050666666666666665	0.04533333333333334	0.04666666666666667	0.034666666666666665	0.04066666666666666	0.03866666666666667	0.03133333333333333	0.044	0.030666666666666665	0.03333333333333333	0.028666666666666667	0.034666666666666665	0.026	0.03866666666666667	0.029333333333333333	
0.30866666666666664	0.31533333333333335	0.2986666666666667	0.2853333333333333	0.24866666666666667	0.282	0.284	0.28933333333333333	0.3006666666666667	0.2693333333333333	0.25133333333333335	0.2713333333333333	0.2633333333333333	0.248	0.25533333333333336	0.24066666666666667	0.23133333333333334	0.23733333333333334	0.22333333333333333	0.208	0.21266666666666667	0.19266666666666668	0.21666666666666667	0.21133333333333335	0.21266666666666667	0.16333333333333333	0.21333333333333335	0.182	0.17133333333333334	0.17933333333333334	0.16466666666666666	0.154	0.14666666666666667	0.17066666666666666	0.14066666666666666	0.154	0.13866666666666666	0.14733333333333334	0.14866666666666667	0.15466666666666667	0.13	0.13666666666666666	0.14	0.14	0.13333333333333333	0.12733333333333333	0.12066666666666667	0.118	0.114	0.10666666666666667	0.106	0.10533333333333333	0.11066666666666666	0.112	0.11266666666666666	0.09133333333333334	0.118	0.10733333333333334	0.088	0.11333333333333333	0.09933333333333333	0.09133333333333334	0.102	0.078	0.06466666666666666	0.08466666666666667	0.08133333333333333	0.06733333333333333	0.07066666666666667	0.07666666666666666	0.074	0.066	0.068	0.07266666666666667	0.076	0.056666666666666664	0.056666666666666664	0.056666666666666664	0.04466666666666667	0.05733333333333333	0.046	0.059333333333333335	0.05333333333333334	0.052	0.038	0.051333333333333335	0.046	0.04733333333333333	0.043333333333333335	0.029333333333333333	0.044	0.027333333333333334	0.034	0.036	0.020666666666666667	0.028	0.03333333333333333	0.029333333333333333	0.024	
0.32266666666666666	0.31533333333333335	0.27666666666666667	0.30266666666666664	0.2753333333333333	0.294	0.264	0.2773333333333333	0.26866666666666666	0.24533333333333332	0.25133333333333335	0.25533333333333336	0.25533333333333336	0.24266666666666667	0.246	0.22666666666666666	0.23466666666666666	0.236	0.23333333333333334	0.22933333333333333	0.23266666666666666	0.21066666666666667	0.21666666666666667	0.184	0.19066666666666668	0.18333333333333332	0.19533333333333333	0.18466666666666667	0.18666666666666668	0.18466666666666667	0.16933333333333334	0.16466666666666666	0.148	0.16333333333333333	0.17133333333333334	0.16733333333333333	0.18133333333333335	0.14933333333333335	0.15066666666666667	0.14	0.11866666666666667	0.14533333333333334	0.14866666666666667	0.13466666666666666	0.13333333333333333	0.12733333333333333	0.14533333333333334	0.13	0.12	0.092	0.11866666666666667	0.09733333333333333	0.09333333333333334	0.092	0.09533333333333334	0.10266666666666667	0.104	0.07866666666666666	0.092	0.084	0.09866666666666667	0.09733333333333333	0.07666666666666666	0.08133333333333333	0.08133333333333333	0.076	0.07733333333333334	0.07733333333333334	0.068	0.06266666666666666	0.07266666666666667	0.07066666666666667	0.07266666666666667	0.064	0.07	0.059333333333333335	0.068	0.06	0.054	0.058666666666666666	0.058666666666666666	0.046	0.04466666666666667	0.054	0.056666666666666664	0.04133333333333333	0.048	0.04533333333333334	0.042666666666666665	0.03333333333333333	0.034	0.04133333333333333	0.038	0.028	0.034666666666666665	0.034	0.03333333333333333	0.028	0.03133333333333333	
0.30733333333333335	0.2966666666666667	0.32066666666666666	0.282	0.266	0.2693333333333333	0.286	0.2813333333333333	0.25333333333333335	0.268	0.22533333333333333	0.25	0.258	0.238	0.22933333333333333	0.22266666666666668	0.22666666666666666	0.20933333333333334	0.224	0.218	0.21533333333333332	0.208	0.202	0.18933333333333333	0.19733333333333333	0.20266666666666666	0.17666666666666667	0.19133333333333333	0.184	0.166	0.19466666666666665	0.178	0.16666666666666666	0.162	0.146	0.14266666666666666	0.16266666666666665	0.156	0.14733333333333334	0.14666666666666667	0.13666666666666666	0.12	0.14533333333333334	0.152	0.12466666666666666	0.126	0.11933333333333333	0.13133333333333333	0.11666666666666667	0.11666666666666667	0.10066666666666667	0.12	0.11266666666666666	0.11	0.09733333333333333	0.10266666666666667	0.10333333333333333	0.10333333333333333	0.08666666666666667	0.09333333333333334	0.09733333333333333	0.074	0.08133333333333333	0.08	0.08333333333333333	0.078	0.084	0.06933333333333333	0.084	0.07266666666666667	0.07066666666666667	0.064	0.04733333333333333	0.058	0.056666666666666664	0.05733333333333333	0.058	0.056666666666666664	0.04466666666666667	0.05266666666666667	0.06533333333333333	0.05333333333333334	0.04933333333333333	0.046	0.037333333333333336	0.043333333333333335	0.04066666666666666	0.05733333333333333	0.035333333333333335	0.038	0.044	0.032	0.030666666666666665	0.03133333333333333	0.03	0.03666666666666667	0.026	0.023333333333333334	0.028	
0.30933333333333335	0.31133333333333335	0.2886666666666667	0.2653333333333333	0.304	0.276	0.284	0.24933333333333332	0.26666666666666666	0.26866666666666666	0.25666666666666665	0.25866666666666666	0.248	0.228	0.22466666666666665	0.21533333333333332	0.24733333333333332	0.22066666666666668	0.20866666666666667	0.22533333333333333	0.20533333333333334	0.18933333333333333	0.22266666666666668	0.194	0.17466666666666666	0.214	0.2	0.16733333333333333	0.18533333333333332	0.178	0.14266666666666666	0.15733333333333333	0.172	0.164	0.15	0.14	0.15666666666666668	0.146	0.132	0.14133333333333334	0.13266666666666665	0.13733333333333334	0.14	0.12666666666666668	0.12533333333333332	0.134	0.10866666666666666	0.10866666666666666	0.116	0.10066666666666667	0.12666666666666668	0.10733333333333334	0.11933333333333333	0.12666666666666668	0.102	0.10466666666666667	0.102	0.10133333333333333	0.08666666666666667	0.09133333333333334	0.09	0.10333333333333333	0.07466666666666667	0.07333333333333333	0.08	0.07933333333333334	0.07866666666666666	0.06666666666666667	0.07733333333333334	0.07466666666666667	0.078	0.06466666666666666	0.06133333333333333	0.07333333333333333	0.068	0.05533333333333333	0.050666666666666665	0.05533333333333333	0.06	0.051333333333333335	0.042666666666666665	0.06133333333333333	0.05	0.046	0.04466666666666667	0.048	0.048666666666666664	0.04133333333333333	0.043333333333333335	0.035333333333333335	0.042	0.03666666666666667	0.04	0.04133333333333333	0.04	0.024666666666666667	0.032	0.03266666666666666	0.030666666666666665	
0.30866666666666664	0.30533333333333335	0.314	0.3006666666666667	0.30333333333333334	0.3	0.26666666666666666	0.2986666666666667	0.2793333333333333	0.23	0.2753333333333333	0.234	0.25333333333333335	0.24866666666666667	0.228	0.25133333333333335	0.22	0.21	0.20333333333333334	0.21266666666666667	0.208	0.23266666666666666	0.20266666666666666	0.19866666666666666	0.18333333333333332	0.196	0.19466666666666665	0.18666666666666668	0.182	0.19266666666666668	0.16933333333333334	0.186	0.18666666666666668	0.17133333333333334	0.16266666666666665	0.156	0.17066666666666666	0.152	0.14466666666666667	0.164	0.14466666666666667	0.12866666666666668	0.124	0.148	0.132	0.11933333333333333	0.11266666666666666	0.11333333333333333	0.12866666666666668	0.11666666666666667	0.11733333333333333	0.11866666666666667	0.106	0.10466666666666667	0.11066666666666666	0.10266666666666667	0.08533333333333333	0.11066666666666666	0.10866666666666666	0.086	0.108	0.088	0.09333333333333334	0.09066666666666667	0.092	0.07066666666666667	0.08133333333333333	0.07866666666666666	0.06133333333333333	0.068	0.07066666666666667	0.06133333333333333	0.06666666666666667	0.064	0.06933333333333333	0.064	0.06	0.06333333333333334	0.05533333333333333	0.056666666666666664	0.046	0.054	0.058666666666666666	0.05266666666666667	0.04933333333333333	0.044	0.043333333333333335	0.04133333333333333	0.04666666666666667	0.044	0.030666666666666665	0.03333333333333333	0.04133333333333333	0.032	0.035333333333333335	0.03	0.03	0.034	0.02	
0.314	0.322	0.29533333333333334	0.314	0.28933333333333333	0.31533333333333335	0.2713333333333333	0.27	0.266	0.25133333333333335	0.266	0.25466666666666665	0.264	0.25066666666666665	0.22066666666666668	0.2	0.218	0.24	0.232	0.196	0.23733333333333334	0.21466666666666667	0.198	0.20066666666666666	0.19	0.182	0.20266666666666666	0.17666666666666667	0.19266666666666668	0.15266666666666667	0.172	0.18066666666666667	0.15733333333333333	0.18666666666666668	0.13933333333333334	0.15	0.13933333333333334	0.16	0.13866666666666666	0.12266666666666666	0.15333333333333332	0.12133333333333333	0.11733333333333333	0.14533333333333334	0.124	0.13733333333333334	0.11933333333333333	0.12466666666666666	0.10933333333333334	0.136	0.10533333333333333	0.098	0.11	0.11066666666666666	0.12866666666666668	0.08933333333333333	0.09066666666666667	0.10266666666666667	0.10066666666666667	0.09733333333333333	0.084	0.09066666666666667	0.07666666666666666	0.078	0.09266666666666666	0.094	0.06266666666666666	0.07333333333333333	0.06866666666666667	0.074	0.07333333333333333	0.06866666666666667	0.06133333333333333	0.052	0.07133333333333333	0.05266666666666667	0.058	0.058	0.05466666666666667	0.056	0.051333333333333335	0.042	0.038	0.037333333333333336	0.051333333333333335	0.04733333333333333	0.05333333333333334	0.04533333333333334	0.030666666666666665	0.03933333333333333	0.04466666666666667	0.04066666666666666	0.04066666666666666	0.03866666666666667	0.034	0.032	0.028666666666666667	0.03	0.028666666666666667	
0.30666666666666664	0.308	0.2946666666666667	0.306	0.278	0.2866666666666667	0.29733333333333334	0.2733333333333333	0.2653333333333333	0.26066666666666666	0.252	0.25	0.22533333333333333	0.234	0.218	0.22133333333333333	0.222	0.20666666666666667	0.22866666666666666	0.21133333333333335	0.208	0.20933333333333334	0.206	0.20533333333333334	0.20066666666666666	0.192	0.18466666666666667	0.194	0.2	0.17266666666666666	0.17066666666666666	0.15933333333333333	0.15133333333333332	0.164	0.16733333333333333	0.15533333333333332	0.15466666666666667	0.154	0.16333333333333333	0.14533333333333334	0.13666666666666666	0.13333333333333333	0.142	0.12133333333333333	0.11533333333333333	0.11933333333333333	0.11266666666666666	0.118	0.11666666666666667	0.126	0.1	0.112	0.11	0.11133333333333334	0.09466666666666666	0.10866666666666666	0.10333333333333333	0.08866666666666667	0.096	0.09533333333333334	0.08866666666666667	0.07933333333333334	0.072	0.072	0.07066666666666667	0.07533333333333334	0.06133333333333333	0.062	0.058666666666666666	0.07533333333333334	0.07733333333333334	0.06733333333333333	0.076	0.058	0.07266666666666667	0.06	0.066	0.048	0.056	0.052	0.043333333333333335	0.05333333333333334	0.054	0.04	0.052	0.04066666666666666	0.043333333333333335	0.043333333333333335	0.04666666666666667	0.034	0.042666666666666665	0.046	0.03666666666666667	0.027333333333333334	0.03666666666666667	0.03266666666666666	0.027333333333333334	0.030666666666666665	0.029333333333333333	
0.308	0.316	0.27066666666666667	0.292	0.28933333333333333	0.3006666666666667	0.27666666666666667	0.2713333333333333	0.25666666666666665	0.24733333333333332	0.25333333333333335	0.284	0.228	0.20666666666666667	0.244	0.23466666666666666	0.22266666666666668	0.214	0.22133333333333333	0.21133333333333335	0.224	0.21266666666666667	0.19533333333333333	0.182	0.18466666666666667	0.18133333333333335	0.16533333333333333	0.174	0.16333333333333333	0.16466666666666666	0.16933333333333334	0.16	0.17333333333333334	0.16733333333333333	0.152	0.174	0.168	0.14533333333333334	0.142	0.15533333333333332	0.13466666666666666	0.148	0.12466666666666666	0.144	0.12533333333333332	0.12933333333333333	0.13333333333333333	0.12666666666666668	0.12	0.12266666666666666	0.104	0.09533333333333334	0.11	0.1	0.10266666666666667	0.10266666666666667	0.106	0.09	0.07666666666666666	0.08333333333333333	0.084	0.09066666666666667	0.08866666666666667	0.094	0.08266666666666667	0.08	0.06733333333333333	0.07866666666666666	0.07466666666666667	0.08133333333333333	0.06066666666666667	0.06266666666666666	0.056666666666666664	0.06466666666666666	0.051333333333333335	0.056666666666666664	0.056	0.05533333333333333	0.04933333333333333	0.04666666666666667	0.05	0.058	0.051333333333333335	0.048	0.05	0.048666666666666664	0.04	0.04133333333333333	0.042666666666666665	0.03866666666666667	0.04533333333333334	0.043333333333333335	0.038	0.037333333333333336	0.032	0.042	0.03	0.028666666666666667	0.024666666666666667	
0.31	0.3006666666666667	0.2833333333333333	0.296	0.2753333333333333	0.2653333333333333	0.2846666666666667	0.2793333333333333	0.29	0.266	0.24133333333333334	0.24333333333333335	0.24866666666666667	0.244	0.23733333333333334	0.242	0.24066666666666667	0.234	0.228	0.216	0.23533333333333334	0.22066666666666668	0.19	0.206	0.19533333333333333	0.18666666666666668	0.18133333333333335	0.19	0.18066666666666667	0.178	0.19066666666666668	0.15733333333333333	0.16	0.16533333333333333	0.14133333333333334	0.152	0.13733333333333334	0.15466666666666667	0.152	0.13533333333333333	0.13	0.13133333333333333	0.142	0.128	0.138	0.13066666666666665	0.122	0.11	0.114	0.116	0.12266666666666666	0.108	0.11066666666666666	0.102	0.09333333333333334	0.10733333333333334	0.12	0.108	0.09733333333333333	0.09133333333333334	0.09266666666666666	0.08533333333333333	0.084	0.076	0.08	0.074	0.08533333333333333	0.08733333333333333	0.06066666666666667	0.074	0.06933333333333333	0.05733333333333333	0.06066666666666667	0.056	0.06733333333333333	0.06333333333333334	0.05533333333333333	0.068	0.05533333333333333	0.05333333333333334	0.051333333333333335	0.04533333333333334	0.048666666666666664	0.044	0.05533333333333333	0.046	0.04133333333333333	0.04466666666666667	0.034666666666666665	0.043333333333333335	0.03866666666666667	0.04	0.034666666666666665	0.037333333333333336	0.03266666666666666	0.03133333333333333	0.021333333333333333	0.025333333333333333	0.03266666666666666	
0.28933333333333333	0.30333333333333334	0.2786666666666667	0.30333333333333334	0.2886666666666667	0.28	0.3	0.25866666666666666	0.282	0.24666666666666667	0.254	0.248	0.24	0.24533333333333332	0.25466666666666665	0.22733333333333333	0.246	0.22066666666666668	0.20733333333333334	0.22733333333333333	0.228	0.228	0.21266666666666667	0.21866666666666668	0.20533333333333334	0.21	0.17666666666666667	0.17333333333333334	0.19733333333333333	0.184	0.17	0.17066666666666666	0.15066666666666667	0.164	0.15933333333333333	0.164	0.15466666666666667	0.168	0.13466666666666666	0.14533333333333334	0.13866666666666666	0.14533333333333334	0.136	0.13333333333333333	0.144	0.14333333333333334	0.11466666666666667	0.12666666666666668	0.10933333333333334	0.118	0.11933333333333333	0.10933333333333334	0.104	0.112	0.104	0.09666666666666666	0.1	0.09066666666666667	0.09933333333333333	0.09	0.08866666666666667	0.084	0.07066666666666667	0.07466666666666667	0.076	0.09333333333333334	0.08333333333333333	0.064	0.08133333333333333	0.06666666666666667	0.08	0.08133333333333333	0.06466666666666666	0.064	0.068	0.06733333333333333	0.06133333333333333	0.06466666666666666	0.058666666666666666	0.05266666666666667	0.04533333333333334	0.05	0.056	0.05733333333333333	0.04733333333333333	0.04733333333333333	0.04066666666666666	0.04066666666666666	0.042	0.03933333333333333	0.037333333333333336	0.04066666666666666	0.034	0.027333333333333334	0.028	0.028	0.02666666666666667	0.03133333333333333	0.027333333333333334	
0.33666666666666667	0.30333333333333334	0.296	0.312	0.30266666666666664	0.284	0.288	0.276	0.2693333333333333	0.25933333333333336	0.262	0.22	0.24733333333333332	0.25066666666666665	0.25066666666666665	0.22266666666666668	0.25	0.24466666666666667	0.208	0.20133333333333334	0.22733333333333333	0.234	0.21066666666666667	0.196	0.19333333333333333	0.19333333333333333	0.20466666666666666	0.188	0.19066666666666668	0.182	0.16866666666666666	0.17066666666666666	0.168	0.14933333333333335	0.166	0.14466666666666667	0.146	0.164	0.158	0.166	0.138	0.13466666666666666	0.126	0.12733333333333333	0.124	0.14133333333333334	0.12133333333333333	0.11733333333333333	0.09866666666666667	0.12533333333333332	0.11733333333333333	0.1	0.10733333333333334	0.10866666666666666	0.11066666666666666	0.10333333333333333	0.11133333333333334	0.082	0.09866666666666667	0.092	0.09	0.09066666666666667	0.08533333333333333	0.08266666666666667	0.066	0.078	0.06333333333333334	0.078	0.08533333333333333	0.086	0.062	0.07666666666666666	0.06933333333333333	0.06466666666666666	0.05	0.06133333333333333	0.06	0.05333333333333334	0.05733333333333333	0.05533333333333333	0.05266666666666667	0.051333333333333335	0.05	0.04133333333333333	0.048	0.050666666666666665	0.048	0.042	0.04533333333333334	0.03933333333333333	0.046	0.03266666666666666	0.037333333333333336	0.029333333333333333	0.037333333333333336	0.03333333333333333	0.028	0.02666666666666667	0.034	
0.312	0.326	0.30333333333333334	0.2926666666666667	0.298	0.27466666666666667	0.2833333333333333	0.258	0.248	0.238	0.25266666666666665	0.25533333333333336	0.232	0.23933333333333334	0.232	0.23333333333333334	0.248	0.236	0.218	0.22266666666666668	0.23333333333333334	0.21066666666666667	0.21066666666666667	0.17533333333333334	0.196	0.17666666666666667	0.164	0.196	0.16733333333333333	0.19133333333333333	0.17333333333333334	0.17866666666666667	0.15266666666666667	0.16333333333333333	0.15866666666666668	0.16333333333333333	0.154	0.152	0.12	0.15333333333333332	0.13466666666666666	0.136	0.13733333333333334	0.14533333333333334	0.13	0.13066666666666665	0.13333333333333333	0.12	0.10933333333333334	0.132	0.09533333333333334	0.108	0.11933333333333333	0.09933333333333333	0.116	0.10666666666666667	0.08733333333333333	0.09266666666666666	0.086	0.09933333333333333	0.086	0.07866666666666666	0.08133333333333333	0.08466666666666667	0.06933333333333333	0.07733333333333334	0.06933333333333333	0.07866666666666666	0.07133333333333333	0.068	0.08266666666666667	0.08266666666666667	0.06533333333333333	0.04733333333333333	0.06133333333333333	0.062	0.058	0.058666666666666666	0.054	0.035333333333333335	0.06	0.04666666666666667	0.044	0.042666666666666665	0.04466666666666667	0.04533333333333334	0.034	0.042	0.038	0.03933333333333333	0.044	0.036	0.04	0.030666666666666665	0.035333333333333335	0.037333333333333336	0.032	0.023333333333333334	0.03133333333333333	
0.312	0.284	0.296	0.2653333333333333	0.2653333333333333	0.298	0.27666666666666667	0.2833333333333333	0.266	0.234	0.2773333333333333	0.23733333333333334	0.24533333333333332	0.254	0.24266666666666667	0.23333333333333334	0.23666666666666666	0.18933333333333333	0.224	0.21533333333333332	0.212	0.21	0.18333333333333332	0.2	0.172	0.198	0.192	0.17666666666666667	0.17	0.18	0.176	0.15333333333333332	0.15266666666666667	0.17866666666666667	0.17333333333333334	0.15466666666666667	0.148	0.15733333333333333	0.14733333333333334	0.13533333333333333	0.12733333333333333	0.15266666666666667	0.12266666666666666	0.13533333333333333	0.11666666666666667	0.12933333333333333	0.13133333333333333	0.11533333333333333	0.116	0.10733333333333334	0.11866666666666667	0.10933333333333334	0.10933333333333334	0.104	0.09333333333333334	0.11533333333333333	0.09266666666666666	0.098	0.12266666666666666	0.08733333333333333	0.08333333333333333	0.08866666666666667	0.08	0.07266666666666667	0.07266666666666667	0.07133333333333333	0.082	0.07866666666666666	0.06666666666666667	0.066	0.06066666666666667	0.076	0.06933333333333333	0.06266666666666666	0.05466666666666667	0.050666666666666665	0.056	0.05	0.048	0.048666666666666664	0.06	0.054	0.042666666666666665	0.058	0.044	0.04066666666666666	0.03933333333333333	0.04066666666666666	0.026	0.03866666666666667	0.03866666666666667	0.037333333333333336	0.042	0.028666666666666667	0.04133333333333333	0.02666666666666667	0.03333333333333333	0.02666666666666667	0.03	
0.3253333333333333	0.33866666666666667	0.30666666666666664	0.3	0.288	0.278	0.2786666666666667	0.2833333333333333	0.2753333333333333	0.23466666666666666	0.27	0.22866666666666666	0.24866666666666667	0.24733333333333332	0.26066666666666666	0.23466666666666666	0.222	0.21866666666666668	0.21466666666666667	0.232	0.19066666666666668	0.198	0.20466666666666666	0.21	0.19133333333333333	0.188	0.18533333333333332	0.18866666666666668	0.176	0.18133333333333335	0.18	0.17266666666666666	0.16933333333333334	0.15	0.15066666666666667	0.16666666666666666	0.15266666666666667	0.14266666666666666	0.13866666666666666	0.13133333333333333	0.13866666666666666	0.13533333333333333	0.116	0.14266666666666666	0.12333333333333334	0.12133333333333333	0.13266666666666665	0.108	0.11133333333333334	0.13	0.12333333333333334	0.11933333333333333	0.088	0.11333333333333333	0.10333333333333333	0.096	0.09733333333333333	0.102	0.08666666666666667	0.10266666666666667	0.09333333333333334	0.098	0.07266666666666667	0.07466666666666667	0.086	0.07066666666666667	0.08133333333333333	0.06466666666666666	0.082	0.056	0.06666666666666667	0.064	0.06733333333333333	0.07	0.07133333333333333	0.05	0.05333333333333334	0.05733333333333333	0.062	0.05266666666666667	0.04133333333333333	0.037333333333333336	0.05266666666666667	0.05533333333333333	0.04133333333333333	0.052	0.035333333333333335	0.038	0.04533333333333334	0.028666666666666667	0.04	0.04733333333333333	0.038	0.04	0.026	0.04066666666666666	0.028	0.02266666666666667	0.025333333333333333	
0.30266666666666664	0.3006666666666667	0.2633333333333333	0.30666666666666664	0.3006666666666667	0.2773333333333333	0.2693333333333333	0.288	0.26466666666666666	0.24933333333333332	0.24466666666666667	0.25066666666666665	0.252	0.222	0.242	0.23333333333333334	0.20066666666666666	0.22466666666666665	0.19933333333333333	0.21133333333333335	0.20733333333333334	0.19333333333333333	0.21933333333333332	0.18266666666666667	0.202	0.19066666666666668	0.20266666666666666	0.19	0.16333333333333333	0.186	0.174	0.16266666666666665	0.17666666666666667	0.17333333333333334	0.14	0.14666666666666667	0.15333333333333332	0.158	0.16466666666666666	0.146	0.15066666666666667	0.14733333333333334	0.12733333333333333	0.138	0.138	0.118	0.13333333333333333	0.13	0.12733333333333333	0.13266666666666665	0.11066666666666666	0.11733333333333333	0.10866666666666666	0.12266666666666666	0.09733333333333333	0.09933333333333333	0.106	0.10933333333333334	0.094	0.088	0.09333333333333334	0.08	0.07466666666666667	0.078	0.06866666666666667	0.07133333333333333	0.08866666666666667	0.074	0.07266666666666667	0.072	0.07333333333333333	0.06733333333333333	0.066	0.06	0.06666666666666667	0.07933333333333334	0.059333333333333335	0.06266666666666666	0.056666666666666664	0.05333333333333334	0.048	0.042666666666666665	0.03866666666666667	0.052	0.04666666666666667	0.042	0.044	0.03933333333333333	0.037333333333333336	0.051333333333333335	0.04066666666666666	0.034	0.02666666666666667	0.04	0.034	0.03666666666666667	0.03333333333333333	0.032	0.020666666666666667	
0.3253333333333333	0.304	0.28	0.298	0.2753333333333333	0.2833333333333333	0.2633333333333333	0.262	0.2653333333333333	0.262	0.22666666666666666	0.25933333333333336	0.23133333333333334	0.23666666666666666	0.216	0.25733333333333336	0.23466666666666666	0.19866666666666666	0.224	0.21533333333333332	0.204	0.22533333333333333	0.23133333333333334	0.20533333333333334	0.172	0.19666666666666666	0.18133333333333335	0.19333333333333333	0.178	0.19666666666666666	0.16866666666666666	0.166	0.18133333333333335	0.16133333333333333	0.14133333333333334	0.156	0.14	0.13533333333333333	0.14333333333333334	0.13333333333333333	0.128	0.154	0.152	0.12133333333333333	0.13066666666666665	0.116	0.12266666666666666	0.14133333333333334	0.12733333333333333	0.12	0.11533333333333333	0.09533333333333334	0.12133333333333333	0.122	0.10666666666666667	0.104	0.10133333333333333	0.094	0.10266666666666667	0.08133333333333333	0.10266666666666667	0.08933333333333333	0.07866666666666666	0.06733333333333333	0.08533333333333333	0.07466666666666667	0.07266666666666667	0.058	0.08466666666666667	0.06466666666666666	0.07933333333333334	0.06733333333333333	0.06133333333333333	0.06466666666666666	0.068	0.062	0.06	0.056	0.05333333333333334	0.05733333333333333	0.056666666666666664	0.046	0.04733333333333333	0.04733333333333333	0.05533333333333333	0.042666666666666665	0.05466666666666667	0.04466666666666667	0.04	0.03666666666666667	0.04133333333333333	0.04	0.042666666666666665	0.038	0.036	0.027333333333333334	0.03266666666666666	0.029333333333333333	0.03	
0.336	0.29333333333333333	0.2713333333333333	0.2966666666666667	0.30466666666666664	0.27266666666666667	0.288	0.25333333333333335	0.244	0.2713333333333333	0.26666666666666666	0.24133333333333334	0.238	0.24066666666666667	0.222	0.22333333333333333	0.22533333333333333	0.232	0.21933333333333332	0.24133333333333334	0.21533333333333332	0.21266666666666667	0.196	0.19333333333333333	0.19133333333333333	0.20733333333333334	0.20266666666666666	0.17733333333333334	0.17733333333333334	0.186	0.17133333333333334	0.16266666666666665	0.16666666666666666	0.18466666666666667	0.15266666666666667	0.15933333333333333	0.15	0.16133333333333333	0.14733333333333334	0.15866666666666668	0.136	0.14866666666666667	0.12933333333333333	0.13266666666666665	0.116	0.11666666666666667	0.11733333333333333	0.12733333333333333	0.12133333333333333	0.11733333333333333	0.134	0.12333333333333334	0.10133333333333333	0.10466666666666667	0.1	0.09266666666666666	0.10066666666666667	0.09266666666666666	0.09333333333333334	0.09266666666666666	0.09133333333333334	0.08933333333333333	0.08466666666666667	0.08866666666666667	0.084	0.072	0.08333333333333333	0.08266666666666667	0.07133333333333333	0.07066666666666667	0.07266666666666667	0.068	0.06866666666666667	0.059333333333333335	0.05533333333333333	0.054	0.062	0.05466666666666667	0.058666666666666666	0.042666666666666665	0.04733333333333333	0.05333333333333334	0.04133333333333333	0.04933333333333333	0.04733333333333333	0.04	0.04533333333333334	0.035333333333333335	0.03933333333333333	0.04733333333333333	0.038	0.03666666666666667	0.03133333333333333	0.04066666666666666	0.034	0.035333333333333335	0.026	0.026	0.03333333333333333	
0.31133333333333335	0.328	0.302	0.2793333333333333	0.29333333333333333	0.262	0.27	0.29533333333333334	0.264	0.266	0.25333333333333335	0.276	0.26266666666666666	0.22466666666666665	0.226	0.22066666666666668	0.24133333333333334	0.21333333333333335	0.22466666666666665	0.20866666666666667	0.21933333333333332	0.20866666666666667	0.21	0.20933333333333334	0.19333333333333333	0.192	0.18266666666666667	0.178	0.19866666666666666	0.18266666666666667	0.17533333333333334	0.15333333333333332	0.16533333333333333	0.15	0.15	0.16	0.16	0.15	0.13933333333333334	0.13133333333333333	0.13	0.12533333333333332	0.13933333333333334	0.128	0.12066666666666667	0.11733333333333333	0.132	0.128	0.12533333333333332	0.11466666666666667	0.10266666666666667	0.11866666666666667	0.10933333333333334	0.094	0.112	0.11133333333333334	0.10666666666666667	0.09733333333333333	0.09133333333333334	0.1	0.084	0.08533333333333333	0.08333333333333333	0.08266666666666667	0.08466666666666667	0.08266666666666667	0.07066666666666667	0.072	0.07066666666666667	0.072	0.06133333333333333	0.066	0.074	0.05733333333333333	0.06133333333333333	0.06066666666666667	0.06133333333333333	0.051333333333333335	0.05333333333333334	0.06666666666666667	0.046	0.058	0.04666666666666667	0.042	0.058	0.038	0.042	0.043333333333333335	0.046	0.04066666666666666	0.037333333333333336	0.03666666666666667	0.028666666666666667	0.03266666666666666	0.03866666666666667	0.034666666666666665	0.036	0.025333333333333333	0.024	
0.2946666666666667	0.29533333333333334	0.2833333333333333	0.29533333333333334	0.29733333333333334	0.28733333333333333	0.2733333333333333	0.266	0.266	0.25466666666666665	0.24	0.23933333333333334	0.22733333333333333	0.248	0.21866666666666668	0.21533333333333332	0.23533333333333334	0.22866666666666666	0.22266666666666668	0.20466666666666666	0.23133333333333334	0.208	0.20466666666666666	0.232	0.17933333333333334	0.188	0.19066666666666668	0.18533333333333332	0.19266666666666668	0.176	0.168	0.166	0.158	0.15733333333333333	0.16466666666666666	0.15	0.14466666666666667	0.14533333333333334	0.12266666666666666	0.13733333333333334	0.13266666666666665	0.13866666666666666	0.136	0.114	0.142	0.12733333333333333	0.12933333333333333	0.11066666666666666	0.13	0.096	0.11466666666666667	0.12133333333333333	0.116	0.11	0.098	0.1	0.096	0.08	0.09533333333333334	0.10666666666666667	0.09466666666666666	0.08733333333333333	0.082	0.08133333333333333	0.06533333333333333	0.086	0.06866666666666667	0.07266666666666667	0.072	0.06733333333333333	0.06466666666666666	0.056666666666666664	0.06533333333333333	0.066	0.07266666666666667	0.052	0.06133333333333333	0.05733333333333333	0.06066666666666667	0.059333333333333335	0.058666666666666666	0.04933333333333333	0.04133333333333333	0.052	0.04666666666666667	0.051333333333333335	0.043333333333333335	0.036	0.03333333333333333	0.04	0.034666666666666665	0.04	0.03866666666666667	0.03266666666666666	0.028666666666666667	0.036	0.03333333333333333	0.03666666666666667	0.026	
0.29933333333333334	0.316	0.3006666666666667	0.288	0.29133333333333333	0.278	0.2826666666666667	0.2633333333333333	0.2633333333333333	0.266	0.262	0.24333333333333335	0.26666666666666666	0.23866666666666667	0.23333333333333334	0.21866666666666668	0.23333333333333334	0.22333333333333333	0.236	0.21533333333333332	0.224	0.198	0.17	0.19466666666666665	0.2	0.206	0.17533333333333334	0.19	0.17866666666666667	0.174	0.19333333333333333	0.17	0.16733333333333333	0.17666666666666667	0.14	0.14466666666666667	0.152	0.15333333333333332	0.15333333333333332	0.138	0.12933333333333333	0.12266666666666666	0.12733333333333333	0.12133333333333333	0.148	0.11266666666666666	0.128	0.12666666666666668	0.13733333333333334	0.10933333333333334	0.11133333333333334	0.116	0.118	0.096	0.09333333333333334	0.096	0.08266666666666667	0.08333333333333333	0.09266666666666666	0.08466666666666667	0.078	0.07666666666666666	0.078	0.068	0.086	0.07133333333333333	0.07533333333333334	0.07733333333333334	0.06	0.06666666666666667	0.06933333333333333	0.058	0.06333333333333334	0.06466666666666666	0.07333333333333333	0.076	0.05	0.056666666666666664	0.05466666666666667	0.05466666666666667	0.05333333333333334	0.052	0.05333333333333334	0.04533333333333334	0.051333333333333335	0.05	0.04933333333333333	0.044	0.03933333333333333	0.04933333333333333	0.028	0.034666666666666665	0.028	0.028666666666666667	0.03666666666666667	0.028666666666666667	0.034	0.03133333333333333	0.029333333333333333	
0.29933333333333334	0.30266666666666664	0.298	0.31266666666666665	0.30133333333333334	0.27266666666666667	0.252	0.262	0.27	0.26266666666666666	0.2753333333333333	0.25533333333333336	0.23333333333333334	0.238	0.24	0.23466666666666666	0.21666666666666667	0.23066666666666666	0.224	0.21933333333333332	0.23066666666666666	0.20333333333333334	0.20266666666666666	0.20666666666666667	0.214	0.21066666666666667	0.17866666666666667	0.19866666666666666	0.18333333333333332	0.16733333333333333	0.18666666666666668	0.16066666666666668	0.168	0.16333333333333333	0.14533333333333334	0.148	0.14533333333333334	0.148	0.15733333333333333	0.14533333333333334	0.12666666666666668	0.136	0.13	0.12666666666666668	0.132	0.12266666666666666	0.13466666666666666	0.128	0.12466666666666666	0.106	0.10333333333333333	0.11133333333333334	0.11466666666666667	0.104	0.102	0.11066666666666666	0.08933333333333333	0.11066666666666666	0.09066666666666667	0.08666666666666667	0.09533333333333334	0.08466666666666667	0.09666666666666666	0.07266666666666667	0.06666666666666667	0.08866666666666667	0.07333333333333333	0.08	0.076	0.076	0.07	0.07666666666666666	0.068	0.07066666666666667	0.06466666666666666	0.06266666666666666	0.050666666666666665	0.052	0.058666666666666666	0.05266666666666667	0.056666666666666664	0.048666666666666664	0.054	0.03933333333333333	0.043333333333333335	0.035333333333333335	0.037333333333333336	0.038	0.03933333333333333	0.04133333333333333	0.04533333333333334	0.02666666666666667	0.030666666666666665	0.04133333333333333	0.042666666666666665	0.030666666666666665	0.032	0.03133333333333333	0.02	
0.31066666666666665	0.30533333333333335	0.28733333333333333	0.2833333333333333	0.2926666666666667	0.2846666666666667	0.2773333333333333	0.25933333333333336	0.264	0.24866666666666667	0.24666666666666667	0.2633333333333333	0.23533333333333334	0.22866666666666666	0.20666666666666667	0.21733333333333332	0.23466666666666666	0.22133333333333333	0.21533333333333332	0.228	0.20666666666666667	0.19866666666666666	0.19533333333333333	0.19133333333333333	0.20066666666666666	0.17333333333333334	0.16666666666666666	0.16333333333333333	0.198	0.16733333333333333	0.15	0.15933333333333333	0.15133333333333332	0.14866666666666667	0.15333333333333332	0.138	0.146	0.154	0.16133333333333333	0.14133333333333334	0.134	0.14066666666666666	0.14866666666666667	0.12733333333333333	0.126	0.124	0.12266666666666666	0.13	0.11333333333333333	0.12733333333333333	0.11266666666666666	0.12	0.10333333333333333	0.10933333333333334	0.10133333333333333	0.094	0.09533333333333334	0.1	0.09066666666666667	0.09333333333333334	0.08666666666666667	0.07266666666666667	0.08	0.08066666666666666	0.084	0.07466666666666667	0.07066666666666667	0.07866666666666666	0.072	0.07666666666666666	0.068	0.07	0.058666666666666666	0.06466666666666666	0.050666666666666665	0.066	0.06066666666666667	0.06533333333333333	0.058666666666666666	0.056666666666666664	0.051333333333333335	0.048	0.04733333333333333	0.04733333333333333	0.043333333333333335	0.04466666666666667	0.03933333333333333	0.03666666666666667	0.043333333333333335	0.04	0.04533333333333334	0.03933333333333333	0.030666666666666665	0.04466666666666667	0.030666666666666665	0.03266666666666666	0.04	0.026	0.02666666666666667	
0.316	0.304	0.30933333333333335	0.27666666666666667	0.298	0.2773333333333333	0.27	0.25333333333333335	0.26866666666666666	0.25866666666666666	0.22666666666666666	0.262	0.24066666666666667	0.232	0.23066666666666666	0.23	0.22066666666666668	0.22066666666666668	0.21733333333333332	0.20466666666666666	0.2	0.198	0.206	0.22133333333333333	0.18266666666666667	0.19066666666666668	0.19933333333333333	0.18666666666666668	0.18266666666666667	0.17733333333333334	0.184	0.18	0.15533333333333332	0.168	0.176	0.16733333333333333	0.14133333333333334	0.14066666666666666	0.144	0.13066666666666665	0.14266666666666666	0.13	0.13266666666666665	0.128	0.13333333333333333	0.132	0.12533333333333332	0.11733333333333333	0.11866666666666667	0.10133333333333333	0.10733333333333334	0.11133333333333334	0.09533333333333334	0.108	0.10466666666666667	0.10466666666666667	0.096	0.08266666666666667	0.094	0.098	0.09466666666666666	0.08533333333333333	0.092	0.07733333333333334	0.078	0.078	0.06866666666666667	0.07933333333333334	0.068	0.06133333333333333	0.08066666666666666	0.064	0.05333333333333334	0.05266666666666667	0.06133333333333333	0.058	0.06866666666666667	0.056	0.06466666666666666	0.06266666666666666	0.04733333333333333	0.054	0.05266666666666667	0.05266666666666667	0.046	0.046	0.04533333333333334	0.04533333333333334	0.03933333333333333	0.03133333333333333	0.03333333333333333	0.037333333333333336	0.03666666666666667	0.029333333333333333	0.03133333333333333	0.038	0.028	0.03	0.030666666666666665	
0.312	0.308	0.30666666666666664	0.2673333333333333	0.31866666666666665	0.2753333333333333	0.266	0.26466666666666666	0.26466666666666666	0.2806666666666667	0.25933333333333336	0.248	0.23466666666666666	0.23533333333333334	0.25066666666666665	0.24066666666666667	0.21466666666666667	0.226	0.24133333333333334	0.20266666666666666	0.20066666666666666	0.202	0.20933333333333334	0.194	0.20666666666666667	0.194	0.19133333333333333	0.172	0.16133333333333333	0.17133333333333334	0.156	0.166	0.14733333333333334	0.17066666666666666	0.164	0.15	0.136	0.144	0.14666666666666667	0.13333333333333333	0.13933333333333334	0.14	0.148	0.134	0.13333333333333333	0.14066666666666666	0.12666666666666668	0.12666666666666668	0.11933333333333333	0.124	0.106	0.102	0.11866666666666667	0.09133333333333334	0.10466666666666667	0.11066666666666666	0.09466666666666666	0.092	0.09866666666666667	0.092	0.09133333333333334	0.074	0.094	0.09133333333333334	0.09933333333333333	0.08666666666666667	0.09066666666666667	0.06066666666666667	0.06266666666666666	0.064	0.07466666666666667	0.064	0.06733333333333333	0.058666666666666666	0.056666666666666664	0.06	0.06133333333333333	0.056	0.05733333333333333	0.05733333333333333	0.058	0.042666666666666665	0.06	0.04666666666666667	0.03266666666666666	0.046	0.044	0.035333333333333335	0.04133333333333333	0.04066666666666666	0.037333333333333336	0.03933333333333333	0.042	0.042	0.03666666666666667	0.034666666666666665	0.028	0.030666666666666665	0.022	
0.3333333333333333	0.2946666666666667	0.296	0.26	0.27266666666666667	0.2773333333333333	0.24733333333333332	0.29733333333333334	0.26666666666666666	0.26866666666666666	0.25133333333333335	0.25	0.25266666666666665	0.25066666666666665	0.2613333333333333	0.24533333333333332	0.238	0.23	0.22266666666666668	0.216	0.20333333333333334	0.19533333333333333	0.18866666666666668	0.19333333333333333	0.186	0.166	0.17666666666666667	0.18866666666666668	0.17	0.182	0.17933333333333334	0.17866666666666667	0.18	0.16733333333333333	0.16133333333333333	0.14933333333333335	0.138	0.144	0.13733333333333334	0.14533333333333334	0.13933333333333334	0.13266666666666665	0.138	0.14333333333333334	0.10533333333333333	0.11733333333333333	0.12	0.13066666666666665	0.11666666666666667	0.116	0.102	0.10666666666666667	0.08733333333333333	0.124	0.108	0.10866666666666666	0.09	0.10066666666666667	0.09733333333333333	0.09133333333333334	0.07666666666666666	0.08133333333333333	0.082	0.07533333333333334	0.07066666666666667	0.066	0.08666666666666667	0.07666666666666666	0.07466666666666667	0.062	0.059333333333333335	0.058666666666666666	0.07266666666666667	0.072	0.06066666666666667	0.05533333333333333	0.058	0.056	0.056666666666666664	0.04533333333333334	0.05333333333333334	0.051333333333333335	0.056666666666666664	0.044	0.044	0.04066666666666666	0.04466666666666667	0.038	0.03933333333333333	0.042	0.03866666666666667	0.036	0.03933333333333333	0.028666666666666667	0.036	0.026	0.030666666666666665	0.026	0.025333333333333333	
0.31133333333333335	0.31133333333333335	0.306	0.29533333333333334	0.282	0.29533333333333334	0.29533333333333334	0.266	0.2713333333333333	0.24733333333333332	0.23533333333333334	0.224	0.236	0.21266666666666667	0.232	0.224	0.22866666666666666	0.21	0.198	0.202	0.2	0.192	0.196	0.20333333333333334	0.18266666666666667	0.176	0.194	0.19466666666666665	0.17533333333333334	0.17066666666666666	0.18866666666666668	0.18666666666666668	0.158	0.17266666666666666	0.15133333333333332	0.164	0.154	0.14533333333333334	0.14333333333333334	0.136	0.132	0.14133333333333334	0.13866666666666666	0.14266666666666666	0.13533333333333333	0.11933333333333333	0.13466666666666666	0.10733333333333334	0.10866666666666666	0.11466666666666667	0.11066666666666666	0.11733333333333333	0.11533333333333333	0.11933333333333333	0.094	0.092	0.10533333333333333	0.10466666666666667	0.08866666666666667	0.08066666666666666	0.09533333333333334	0.08333333333333333	0.08733333333333333	0.07466666666666667	0.08	0.072	0.06666666666666667	0.07666666666666666	0.08533333333333333	0.07466666666666667	0.07733333333333334	0.082	0.06933333333333333	0.064	0.06333333333333334	0.06266666666666666	0.05333333333333334	0.06333333333333334	0.05	0.056	0.050666666666666665	0.064	0.05333333333333334	0.04666666666666667	0.048666666666666664	0.04133333333333333	0.04	0.044	0.044	0.03866666666666667	0.034	0.03666666666666667	0.036	0.03133333333333333	0.029333333333333333	0.03	0.032	0.028	0.022	
0.31266666666666665	0.2966666666666667	0.3006666666666667	0.2853333333333333	0.2866666666666667	0.30466666666666664	0.24933333333333332	0.2966666666666667	0.26066666666666666	0.252	0.272	0.262	0.26066666666666666	0.254	0.22866666666666666	0.21533333333333332	0.23666666666666666	0.232	0.21866666666666668	0.214	0.206	0.18466666666666667	0.196	0.194	0.2	0.17933333333333334	0.17533333333333334	0.198	0.18266666666666667	0.176	0.16333333333333333	0.15333333333333332	0.168	0.156	0.18333333333333332	0.13733333333333334	0.158	0.13333333333333333	0.15133333333333332	0.14	0.114	0.128	0.12666666666666668	0.13533333333333333	0.13133333333333333	0.116	0.13933333333333334	0.116	0.116	0.11266666666666666	0.102	0.13	0.10866666666666666	0.10066666666666667	0.10666666666666667	0.11	0.1	0.098	0.096	0.08733333333333333	0.08666666666666667	0.1	0.08933333333333333	0.07133333333333333	0.07466666666666667	0.076	0.07333333333333333	0.06733333333333333	0.07	0.07066666666666667	0.09133333333333334	0.066	0.06266666666666666	0.058666666666666666	0.058666666666666666	0.058666666666666666	0.04533333333333334	0.05733333333333333	0.06	0.06	0.052	0.054	0.05533333333333333	0.05	0.037333333333333336	0.034666666666666665	0.04933333333333333	0.04133333333333333	0.048	0.04466666666666667	0.034666666666666665	0.042666666666666665	0.028666666666666667	0.028666666666666667	0.034666666666666665	0.026	0.024666666666666667	0.023333333333333334	0.02266666666666667	
0.29533333333333334	0.328	0.2786666666666667	0.30666666666666664	0.29133333333333333	0.29	0.256	0.2813333333333333	0.2653333333333333	0.26466666666666666	0.25133333333333335	0.256	0.244	0.23466666666666666	0.20266666666666666	0.23466666666666666	0.22	0.21533333333333332	0.21666666666666667	0.22	0.21133333333333335	0.19133333333333333	0.20066666666666666	0.19933333333333333	0.20066666666666666	0.17866666666666667	0.188	0.184	0.196	0.166	0.17666666666666667	0.17066666666666666	0.17133333333333334	0.16866666666666666	0.15466666666666667	0.15266666666666667	0.166	0.15466666666666667	0.13533333333333333	0.15066666666666667	0.136	0.13333333333333333	0.116	0.12666666666666668	0.12333333333333334	0.12933333333333333	0.138	0.126	0.09533333333333334	0.11666666666666667	0.11333333333333333	0.10066666666666667	0.11	0.106	0.10666666666666667	0.11266666666666666	0.07466666666666667	0.08733333333333333	0.096	0.09133333333333334	0.092	0.1	0.09	0.088	0.08133333333333333	0.08133333333333333	0.08533333333333333	0.07866666666666666	0.072	0.082	0.08733333333333333	0.06733333333333333	0.06333333333333334	0.06333333333333334	0.066	0.066	0.052	0.05266666666666667	0.05733333333333333	0.05466666666666667	0.050666666666666665	0.048666666666666664	0.044	0.051333333333333335	0.06	0.04933333333333333	0.04933333333333333	0.03333333333333333	0.03933333333333333	0.04733333333333333	0.029333333333333333	0.034666666666666665	0.03133333333333333	0.028666666666666667	0.04	0.03133333333333333	0.03333333333333333	0.028666666666666667	0.026	
0.31133333333333335	0.2946666666666667	0.2853333333333333	0.276	0.27466666666666667	0.282	0.2786666666666667	0.26466666666666666	0.25133333333333335	0.27466666666666667	0.24733333333333332	0.25666666666666665	0.24333333333333335	0.242	0.246	0.236	0.24866666666666667	0.23266666666666666	0.228	0.21066666666666667	0.21	0.208	0.212	0.198	0.17733333333333334	0.18333333333333332	0.17133333333333334	0.19066666666666668	0.194	0.17	0.16866666666666666	0.162	0.15266666666666667	0.17866666666666667	0.164	0.164	0.13333333333333333	0.14466666666666667	0.14266666666666666	0.15933333333333333	0.13266666666666665	0.14733333333333334	0.12466666666666666	0.126	0.11866666666666667	0.11333333333333333	0.116	0.11733333333333333	0.10666666666666667	0.108	0.11	0.10333333333333333	0.102	0.112	0.10066666666666667	0.098	0.09533333333333334	0.082	0.104	0.096	0.104	0.08333333333333333	0.086	0.088	0.076	0.068	0.078	0.06266666666666666	0.064	0.08066666666666666	0.076	0.06666666666666667	0.06266666666666666	0.066	0.05333333333333334	0.056	0.048	0.058	0.058	0.048	0.062	0.042666666666666665	0.04066666666666666	0.04933333333333333	0.043333333333333335	0.04133333333333333	0.04066666666666666	0.051333333333333335	0.042	0.04533333333333334	0.03866666666666667	0.04	0.034	0.024666666666666667	0.028	0.042	0.037333333333333336	0.017333333333333333	0.034	
0.324	0.3253333333333333	0.3006666666666667	0.2806666666666667	0.27266666666666667	0.26866666666666666	0.272	0.284	0.24666666666666667	0.23866666666666667	0.26266666666666666	0.252	0.24266666666666667	0.23	0.242	0.21133333333333335	0.236	0.22066666666666668	0.20733333333333334	0.206	0.226	0.206	0.20666666666666667	0.19933333333333333	0.20533333333333334	0.18466666666666667	0.17666666666666667	0.184	0.19066666666666668	0.162	0.15733333333333333	0.176	0.172	0.15333333333333332	0.156	0.15733333333333333	0.15533333333333332	0.15	0.13066666666666665	0.15333333333333332	0.14333333333333334	0.13933333333333334	0.13333333333333333	0.13133333333333333	0.12933333333333333	0.12066666666666667	0.13266666666666665	0.112	0.11733333333333333	0.1	0.11133333333333334	0.106	0.11266666666666666	0.108	0.11	0.09266666666666666	0.102	0.09533333333333334	0.09866666666666667	0.07866666666666666	0.088	0.094	0.07333333333333333	0.07866666666666666	0.07666666666666666	0.09066666666666667	0.09	0.058	0.064	0.078	0.068	0.07	0.05733333333333333	0.06	0.058	0.064	0.06333333333333334	0.058666666666666666	0.054	0.06133333333333333	0.05	0.050666666666666665	0.03666666666666667	0.042	0.042666666666666665	0.046	0.034	0.044	0.042666666666666665	0.04	0.03666666666666667	0.04133333333333333	0.027333333333333334	0.034666666666666665	0.03933333333333333	0.03266666666666666	0.030666666666666665	0.03	0.027333333333333334	
0.31733333333333336	0.2866666666666667	0.28933333333333333	0.25733333333333336	0.278	0.2906666666666667	0.282	0.282	0.25066666666666665	0.25066666666666665	0.23466666666666666	0.25466666666666665	0.262	0.23866666666666667	0.23866666666666667	0.25133333333333335	0.23066666666666666	0.222	0.22733333333333333	0.21933333333333332	0.19533333333333333	0.196	0.18266666666666667	0.20133333333333334	0.17933333333333334	0.18733333333333332	0.178	0.158	0.178	0.178	0.17933333333333334	0.16266666666666665	0.14066666666666666	0.16933333333333334	0.16466666666666666	0.15666666666666668	0.14866666666666667	0.15733333333333333	0.16333333333333333	0.15533333333333332	0.14	0.14	0.142	0.142	0.122	0.13066666666666665	0.11866666666666667	0.1	0.104	0.11866666666666667	0.11133333333333334	0.11333333333333333	0.11133333333333334	0.09266666666666666	0.098	0.102	0.09066666666666667	0.08933333333333333	0.08133333333333333	0.09733333333333333	0.10333333333333333	0.08133333333333333	0.09933333333333333	0.06533333333333333	0.07	0.08733333333333333	0.06933333333333333	0.08466666666666667	0.07066666666666667	0.05466666666666667	0.08466666666666667	0.06666666666666667	0.06266666666666666	0.066	0.064	0.05266666666666667	0.05333333333333334	0.05333333333333334	0.056666666666666664	0.05333333333333334	0.04	0.04666666666666667	0.04	0.04733333333333333	0.035333333333333335	0.050666666666666665	0.03933333333333333	0.05	0.03933333333333333	0.04	0.035333333333333335	0.03933333333333333	0.029333333333333333	0.04466666666666667	0.03866666666666667	0.034666666666666665	0.034666666666666665	0.02666666666666667	0.02666666666666667	
0.29	0.2793333333333333	0.29533333333333334	0.2846666666666667	0.2926666666666667	0.29533333333333334	0.24866666666666667	0.264	0.256	0.27666666666666667	0.25133333333333335	0.24866666666666667	0.23466666666666666	0.248	0.24466666666666667	0.236	0.242	0.20466666666666666	0.204	0.21333333333333335	0.21266666666666667	0.212	0.19666666666666666	0.20333333333333334	0.184	0.19066666666666668	0.17733333333333334	0.17	0.18466666666666667	0.16866666666666666	0.174	0.15	0.16933333333333334	0.158	0.16066666666666668	0.15933333333333333	0.15333333333333332	0.12666666666666668	0.14	0.138	0.12666666666666668	0.13733333333333334	0.15266666666666667	0.164	0.11933333333333333	0.12533333333333332	0.13466666666666666	0.13666666666666666	0.11533333333333333	0.11533333333333333	0.11466666666666667	0.10933333333333334	0.106	0.104	0.08266666666666667	0.10533333333333333	0.09733333333333333	0.10866666666666666	0.102	0.088	0.082	0.09266666666666666	0.09466666666666666	0.07066666666666667	0.088	0.074	0.08666666666666667	0.076	0.07266666666666667	0.072	0.068	0.06133333333333333	0.06466666666666666	0.058666666666666666	0.05266666666666667	0.058	0.051333333333333335	0.06	0.062	0.05533333333333333	0.05466666666666667	0.048	0.042666666666666665	0.04133333333333333	0.050666666666666665	0.054	0.038	0.037333333333333336	0.03866666666666667	0.037333333333333336	0.028	0.03333333333333333	0.03	0.037333333333333336	0.04466666666666667	0.03133333333333333	0.021333333333333333	0.03	0.021333333333333333	
0.284	0.312	0.2673333333333333	0.28933333333333333	0.284	0.268	0.25733333333333336	0.25933333333333336	0.25666666666666665	0.246	0.26	0.24	0.23333333333333334	0.23333333333333334	0.24	0.216	0.22933333333333333	0.22533333333333333	0.20933333333333334	0.21466666666666667	0.212	0.21333333333333335	0.20733333333333334	0.2	0.212	0.176	0.182	0.17933333333333334	0.17733333333333334	0.18466666666666667	0.18733333333333332	0.17133333333333334	0.176	0.142	0.14933333333333335	0.13066666666666665	0.164	0.12	0.142	0.13266666666666665	0.14133333333333334	0.12533333333333332	0.13533333333333333	0.12333333333333334	0.13466666666666666	0.12066666666666667	0.13	0.13	0.10866666666666666	0.11133333333333334	0.11133333333333334	0.12	0.09866666666666667	0.10266666666666667	0.102	0.09666666666666666	0.09666666666666666	0.10466666666666667	0.10066666666666667	0.094	0.084	0.09266666666666666	0.076	0.08	0.07866666666666666	0.08933333333333333	0.082	0.08133333333333333	0.076	0.07666666666666666	0.06133333333333333	0.072	0.066	0.058666666666666666	0.066	0.054	0.058	0.059333333333333335	0.054	0.050666666666666665	0.05266666666666667	0.05333333333333334	0.05333333333333334	0.058666666666666666	0.04533333333333334	0.044	0.043333333333333335	0.037333333333333336	0.042666666666666665	0.029333333333333333	0.03933333333333333	0.03133333333333333	0.036	0.04533333333333334	0.036	0.03266666666666666	0.03933333333333333	0.028	0.030666666666666665	
0.29733333333333334	0.32066666666666666	0.30666666666666664	0.282	0.2966666666666667	0.2713333333333333	0.2613333333333333	0.25733333333333336	0.2773333333333333	0.23133333333333334	0.25733333333333336	0.25466666666666665	0.23866666666666667	0.23733333333333334	0.228	0.22	0.206	0.21066666666666667	0.228	0.20866666666666667	0.20066666666666666	0.212	0.21066666666666667	0.19866666666666666	0.19733333333333333	0.18	0.18933333333333333	0.18733333333333332	0.172	0.17533333333333334	0.18533333333333332	0.16533333333333333	0.14466666666666667	0.14133333333333334	0.152	0.16466666666666666	0.152	0.13666666666666666	0.13666666666666666	0.14466666666666667	0.13866666666666666	0.13533333333333333	0.132	0.12933333333333333	0.14	0.136	0.11066666666666666	0.11	0.11	0.12466666666666666	0.104	0.09066666666666667	0.08533333333333333	0.09466666666666666	0.10266666666666667	0.10066666666666667	0.09466666666666666	0.09733333333333333	0.10133333333333333	0.088	0.08666666666666667	0.08933333333333333	0.09066666666666667	0.078	0.07666666666666666	0.07733333333333334	0.08133333333333333	0.07666666666666666	0.07333333333333333	0.062	0.050666666666666665	0.064	0.054	0.06133333333333333	0.08133333333333333	0.056666666666666664	0.06666666666666667	0.058666666666666666	0.06133333333333333	0.05266666666666667	0.04533333333333334	0.04666666666666667	0.054	0.04933333333333333	0.04533333333333334	0.04733333333333333	0.050666666666666665	0.042	0.03933333333333333	0.04466666666666667	0.03666666666666667	0.037333333333333336	0.034666666666666665	0.035333333333333335	0.024	0.026	0.03266666666666666	0.027333333333333334	0.03333333333333333	
0.328	0.30266666666666664	0.2853333333333333	0.30933333333333335	0.278	0.27	0.2806666666666667	0.25066666666666665	0.28	0.25733333333333336	0.26	0.274	0.244	0.216	0.24533333333333332	0.22666666666666666	0.21933333333333332	0.23466666666666666	0.224	0.206	0.19266666666666668	0.204	0.20066666666666666	0.19733333333333333	0.17666666666666667	0.188	0.18066666666666667	0.17733333333333334	0.17333333333333334	0.17333333333333334	0.176	0.17333333333333334	0.17266666666666666	0.14466666666666667	0.14666666666666667	0.15933333333333333	0.15133333333333332	0.16266666666666665	0.15733333333333333	0.14333333333333334	0.14133333333333334	0.13933333333333334	0.13266666666666665	0.13333333333333333	0.13533333333333333	0.12933333333333333	0.11133333333333334	0.13133333333333333	0.11266666666666666	0.10733333333333334	0.104	0.10066666666666667	0.09733333333333333	0.112	0.11066666666666666	0.09933333333333333	0.10533333333333333	0.09466666666666666	0.09466666666666666	0.08733333333333333	0.09333333333333334	0.1	0.09066666666666667	0.08066666666666666	0.07533333333333334	0.07266666666666667	0.076	0.06866666666666667	0.07466666666666667	0.07266666666666667	0.06666666666666667	0.06933333333333333	0.07133333333333333	0.052	0.056	0.062	0.05466666666666667	0.06666666666666667	0.04666666666666667	0.06266666666666666	0.05733333333333333	0.05333333333333334	0.04	0.04133333333333333	0.04733333333333333	0.037333333333333336	0.042	0.042	0.03	0.032	0.03333333333333333	0.028666666666666667	0.032	0.04	0.03	0.04	0.028666666666666667	0.03	0.024	
0.31133333333333335	0.3313333333333333	0.2826666666666667	0.2833333333333333	0.2633333333333333	0.2906666666666667	0.266	0.26266666666666666	0.256	0.26466666666666666	0.234	0.24866666666666667	0.24133333333333334	0.24733333333333332	0.25266666666666665	0.24066666666666667	0.224	0.23333333333333334	0.226	0.23066666666666666	0.19	0.19466666666666665	0.18666666666666668	0.196	0.21	0.17333333333333334	0.17	0.186	0.18666666666666668	0.192	0.178	0.15866666666666668	0.16666666666666666	0.156	0.156	0.15866666666666668	0.16466666666666666	0.146	0.15666666666666668	0.134	0.13466666666666666	0.13333333333333333	0.12266666666666666	0.12333333333333334	0.11866666666666667	0.122	0.13333333333333333	0.10466666666666667	0.112	0.12666666666666668	0.12333333333333334	0.08733333333333333	0.106	0.09333333333333334	0.10333333333333333	0.104	0.09	0.11	0.084	0.08533333333333333	0.08533333333333333	0.07666666666666666	0.084	0.078	0.08533333333333333	0.072	0.07266666666666667	0.08133333333333333	0.07266666666666667	0.08333333333333333	0.068	0.058	0.06666666666666667	0.05466666666666667	0.06466666666666666	0.05733333333333333	0.056	0.050666666666666665	0.058	0.054	0.048666666666666664	0.06533333333333333	0.05	0.048666666666666664	0.03666666666666667	0.04133333333333333	0.042666666666666665	0.04133333333333333	0.043333333333333335	0.026	0.03866666666666667	0.04133333333333333	0.04066666666666666	0.04133333333333333	0.038	0.03666666666666667	0.034666666666666665	0.02666666666666667	0.032	
0.2886666666666667	0.314	0.2833333333333333	0.30666666666666664	0.31466666666666665	0.28933333333333333	0.2693333333333333	0.268	0.266	0.24133333333333334	0.25533333333333336	0.252	0.246	0.22733333333333333	0.24066666666666667	0.22733333333333333	0.24333333333333335	0.224	0.21333333333333335	0.216	0.206	0.22133333333333333	0.198	0.204	0.19866666666666666	0.19	0.18133333333333335	0.164	0.18133333333333335	0.176	0.15	0.16533333333333333	0.168	0.176	0.15533333333333332	0.14133333333333334	0.16133333333333333	0.16533333333333333	0.156	0.146	0.13666666666666666	0.15066666666666667	0.13	0.11133333333333334	0.13733333333333334	0.118	0.10333333333333333	0.118	0.124	0.11133333333333334	0.1	0.12	0.11466666666666667	0.094	0.09866666666666667	0.08733333333333333	0.09066666666666667	0.088	0.08866666666666667	0.09133333333333334	0.07933333333333334	0.08266666666666667	0.08066666666666666	0.07733333333333334	0.08133333333333333	0.068	0.08066666666666666	0.06533333333333333	0.078	0.072	0.05333333333333334	0.05533333333333333	0.066	0.062	0.066	0.06066666666666667	0.054	0.059333333333333335	0.06	0.051333333333333335	0.048	0.04533333333333334	0.051333333333333335	0.062	0.037333333333333336	0.04466666666666667	0.04466666666666667	0.03933333333333333	0.04	0.04733333333333333	0.038	0.037333333333333336	0.038	0.037333333333333336	0.03666666666666667	0.030666666666666665	0.030666666666666665	0.022	0.026	
0.30666666666666664	0.3	0.306	0.2786666666666667	0.2833333333333333	0.25733333333333336	0.2733333333333333	0.2813333333333333	0.262	0.24866666666666667	0.22666666666666666	0.25466666666666665	0.24	0.24933333333333332	0.24333333333333335	0.214	0.20066666666666666	0.228	0.20333333333333334	0.19733333333333333	0.228	0.20133333333333334	0.214	0.18933333333333333	0.188	0.19133333333333333	0.17933333333333334	0.17733333333333334	0.16533333333333333	0.17333333333333334	0.162	0.162	0.16	0.17	0.18133333333333335	0.15133333333333332	0.146	0.14266666666666666	0.15533333333333332	0.146	0.14333333333333334	0.14866666666666667	0.14266666666666666	0.132	0.13266666666666665	0.134	0.122	0.12133333333333333	0.12266666666666666	0.11266666666666666	0.11133333333333334	0.09666666666666666	0.1	0.112	0.10066666666666667	0.10866666666666666	0.07866666666666666	0.084	0.08533333333333333	0.09266666666666666	0.076	0.07933333333333334	0.08933333333333333	0.09333333333333334	0.06133333333333333	0.07933333333333334	0.078	0.08133333333333333	0.07	0.06066666666666667	0.06666666666666667	0.08133333333333333	0.066	0.06066666666666667	0.058666666666666666	0.062	0.056666666666666664	0.05266666666666667	0.05333333333333334	0.056666666666666664	0.05	0.059333333333333335	0.042	0.04533333333333334	0.05333333333333334	0.05266666666666667	0.032	0.03866666666666667	0.04133333333333333	0.03933333333333333	0.03933333333333333	0.03666666666666667	0.034	0.04466666666666667	0.028666666666666667	0.029333333333333333	0.030666666666666665	0.030666666666666665	0.023333333333333334	
0.30333333333333334	0.29	0.30533333333333335	0.2793333333333333	0.2853333333333333	0.2733333333333333	0.28933333333333333	0.278	0.27666666666666667	0.25733333333333336	0.27666666666666667	0.23266666666666666	0.23266666666666666	0.24866666666666667	0.24533333333333332	0.20866666666666667	0.218	0.23466666666666666	0.206	0.202	0.21133333333333335	0.19333333333333333	0.208	0.198	0.204	0.18666666666666668	0.2	0.18266666666666667	0.18666666666666668	0.15	0.16666666666666666	0.15666666666666668	0.15333333333333332	0.15533333333333332	0.16066666666666668	0.16	0.14	0.13666666666666666	0.13533333333333333	0.13933333333333334	0.134	0.15133333333333332	0.14066666666666666	0.12133333333333333	0.12733333333333333	0.13	0.13133333333333333	0.12733333333333333	0.11066666666666666	0.11666666666666667	0.11666666666666667	0.11066666666666666	0.10466666666666667	0.102	0.112	0.09866666666666667	0.09466666666666666	0.106	0.1	0.09066666666666667	0.086	0.08266666666666667	0.09266666666666666	0.08266666666666667	0.07666666666666666	0.08933333333333333	0.07066666666666667	0.08533333333333333	0.07133333333333333	0.06066666666666667	0.058	0.06733333333333333	0.07	0.07133333333333333	0.050666666666666665	0.050666666666666665	0.06333333333333334	0.05266666666666667	0.05266666666666667	0.03866666666666667	0.056	0.05	0.04533333333333334	0.048666666666666664	0.051333333333333335	0.05266666666666667	0.03333333333333333	0.048	0.04466666666666667	0.038	0.030666666666666665	0.03	0.037333333333333336	0.030666666666666665	0.04	0.034	0.034	0.028	0.022	
0.284	0.31066666666666665	0.31666666666666665	0.288	0.2886666666666667	0.2846666666666667	0.27	0.264	0.262	0.26466666666666666	0.26466666666666666	0.262	0.24066666666666667	0.24733333333333332	0.22733333333333333	0.21266666666666667	0.22133333333333333	0.21133333333333335	0.226	0.22733333333333333	0.20533333333333334	0.214	0.18933333333333333	0.196	0.17866666666666667	0.16666666666666666	0.166	0.20666666666666667	0.17866666666666667	0.16666666666666666	0.18	0.17733333333333334	0.16066666666666668	0.15666666666666668	0.154	0.15666666666666668	0.154	0.15466666666666667	0.13733333333333334	0.13866666666666666	0.15266666666666667	0.128	0.13866666666666666	0.11666666666666667	0.128	0.108	0.11133333333333334	0.10933333333333334	0.11466666666666667	0.11733333333333333	0.11266666666666666	0.10733333333333334	0.09866666666666667	0.08866666666666667	0.10066666666666667	0.08933333333333333	0.09866666666666667	0.084	0.10066666666666667	0.09666666666666666	0.084	0.09066666666666667	0.08266666666666667	0.088	0.08466666666666667	0.072	0.08666666666666667	0.07666666666666666	0.082	0.06866666666666667	0.06133333333333333	0.076	0.06466666666666666	0.06866666666666667	0.06866666666666667	0.05533333333333333	0.06066666666666667	0.04533333333333334	0.06266666666666666	0.052	0.048	0.056	0.06266666666666666	0.05466666666666667	0.048666666666666664	0.042666666666666665	0.044	0.029333333333333333	0.038	0.03333333333333333	0.03266666666666666	0.03666666666666667	0.032	0.030666666666666665	0.034	0.028666666666666667	0.029333333333333333	0.02666666666666667	0.022	
0.30933333333333335	0.3	0.26066666666666666	0.26	0.2786666666666667	0.2886666666666667	0.276	0.25933333333333336	0.27266666666666667	0.23933333333333334	0.25466666666666665	0.23066666666666666	0.234	0.266	0.2613333333333333	0.222	0.22733333333333333	0.21533333333333332	0.21266666666666667	0.20533333333333334	0.21466666666666667	0.18066666666666667	0.19333333333333333	0.20333333333333334	0.18733333333333332	0.16466666666666666	0.184	0.164	0.17733333333333334	0.16066666666666668	0.14466666666666667	0.17533333333333334	0.164	0.16066666666666668	0.16866666666666666	0.15133333333333332	0.14866666666666667	0.15	0.12866666666666668	0.12866666666666668	0.142	0.12466666666666666	0.14533333333333334	0.104	0.122	0.11466666666666667	0.126	0.12666666666666668	0.12533333333333332	0.098	0.114	0.11333333333333333	0.11866666666666667	0.09533333333333334	0.10466666666666667	0.098	0.10533333333333333	0.08733333333333333	0.108	0.092	0.09	0.08266666666666667	0.07	0.086	0.07733333333333334	0.08266666666666667	0.07933333333333334	0.07333333333333333	0.06066666666666667	0.06666666666666667	0.074	0.06	0.048666666666666664	0.07	0.05733333333333333	0.06266666666666666	0.06533333333333333	0.06066666666666667	0.05533333333333333	0.05533333333333333	0.04733333333333333	0.05266666666666667	0.046	0.05266666666666667	0.042666666666666665	0.03666666666666667	0.05	0.03933333333333333	0.03866666666666667	0.044	0.043333333333333335	0.036	0.03133333333333333	0.03266666666666666	0.03133333333333333	0.028	0.03	0.038	0.027333333333333334	
0.334	0.31666666666666665	0.30333333333333334	0.2906666666666667	0.258	0.3006666666666667	0.272	0.2786666666666667	0.28	0.24533333333333332	0.25133333333333335	0.25866666666666666	0.23266666666666666	0.254	0.226	0.23066666666666666	0.19733333333333333	0.21733333333333332	0.214	0.202	0.18533333333333332	0.216	0.196	0.184	0.17066666666666666	0.19533333333333333	0.16733333333333333	0.18133333333333335	0.17133333333333334	0.16866666666666666	0.17133333333333334	0.16133333333333333	0.16266666666666665	0.16933333333333334	0.16533333333333333	0.15066666666666667	0.15666666666666668	0.156	0.138	0.12733333333333333	0.15266666666666667	0.16133333333333333	0.14266666666666666	0.12733333333333333	0.11933333333333333	0.104	0.11333333333333333	0.11	0.12933333333333333	0.108	0.12266666666666666	0.11533333333333333	0.096	0.1	0.10933333333333334	0.09866666666666667	0.10133333333333333	0.082	0.1	0.09333333333333334	0.08733333333333333	0.08	0.092	0.08533333333333333	0.08333333333333333	0.07333333333333333	0.078	0.07333333333333333	0.09266666666666666	0.074	0.07133333333333333	0.06333333333333334	0.082	0.056	0.06066666666666667	0.05733333333333333	0.05333333333333334	0.05466666666666667	0.062	0.050666666666666665	0.048666666666666664	0.04733333333333333	0.058	0.03333333333333333	0.044	0.046	0.037333333333333336	0.037333333333333336	0.04133333333333333	0.035333333333333335	0.035333333333333335	0.034	0.04133333333333333	0.035333333333333335	0.028666666666666667	0.032	0.028666666666666667	0.028	0.027333333333333334	
0.32466666666666666	0.30466666666666664	0.2826666666666667	0.278	0.2786666666666667	0.27066666666666667	0.29	0.26266666666666666	0.2853333333333333	0.27266666666666667	0.24	0.224	0.24466666666666667	0.226	0.232	0.22066666666666668	0.22	0.21866666666666668	0.22133333333333333	0.20666666666666667	0.226	0.18266666666666667	0.20066666666666666	0.2	0.18666666666666668	0.15933333333333333	0.19133333333333333	0.18066666666666667	0.19466666666666665	0.164	0.16733333333333333	0.178	0.152	0.154	0.16266666666666665	0.15666666666666668	0.144	0.13066666666666665	0.12933333333333333	0.13933333333333334	0.134	0.13666666666666666	0.13466666666666666	0.13066666666666665	0.12866666666666668	0.122	0.13	0.12	0.124	0.12266666666666666	0.10866666666666666	0.10933333333333334	0.098	0.08666666666666667	0.09	0.1	0.09066666666666667	0.098	0.09133333333333334	0.10266666666666667	0.088	0.084	0.07933333333333334	0.07666666666666666	0.08066666666666666	0.06866666666666667	0.07266666666666667	0.07533333333333334	0.066	0.078	0.056	0.05733333333333333	0.07	0.07533333333333334	0.051333333333333335	0.054	0.05733333333333333	0.058666666666666666	0.050666666666666665	0.050666666666666665	0.056	0.05466666666666667	0.048666666666666664	0.05533333333333333	0.042666666666666665	0.051333333333333335	0.03933333333333333	0.048	0.03933333333333333	0.042	0.030666666666666665	0.037333333333333336	0.027333333333333334	0.027333333333333334	0.03133333333333333	0.032	0.017333333333333333	0.020666666666666667	0.025333333333333333	
0.30333333333333334	0.30666666666666664	0.29733333333333334	0.2773333333333333	0.2653333333333333	0.282	0.28	0.284	0.2753333333333333	0.2633333333333333	0.24666666666666667	0.23333333333333334	0.24333333333333335	0.22933333333333333	0.252	0.23866666666666667	0.212	0.21066666666666667	0.202	0.216	0.216	0.19333333333333333	0.20733333333333334	0.18133333333333335	0.18866666666666668	0.15466666666666667	0.19266666666666668	0.18266666666666667	0.18666666666666668	0.18666666666666668	0.15733333333333333	0.17333333333333334	0.17533333333333334	0.16466666666666666	0.16266666666666665	0.15933333333333333	0.13933333333333334	0.14533333333333334	0.134	0.14933333333333335	0.114	0.13066666666666665	0.13266666666666665	0.13533333333333333	0.138	0.11866666666666667	0.11666666666666667	0.12733333333333333	0.11	0.11733333333333333	0.11266666666666666	0.114	0.10933333333333334	0.09533333333333334	0.09866666666666667	0.10466666666666667	0.09266666666666666	0.09733333333333333	0.07666666666666666	0.088	0.078	0.09066666666666667	0.098	0.072	0.08133333333333333	0.08133333333333333	0.07266666666666667	0.07	0.068	0.07266666666666667	0.07266666666666667	0.06466666666666666	0.06133333333333333	0.04933333333333333	0.05533333333333333	0.06	0.056	0.058666666666666666	0.052	0.05733333333333333	0.048666666666666664	0.042666666666666665	0.04533333333333334	0.052	0.042	0.043333333333333335	0.052	0.03866666666666667	0.03933333333333333	0.03333333333333333	0.051333333333333335	0.048666666666666664	0.03266666666666666	0.03	0.03333333333333333	0.03666666666666667	0.03333333333333333	0.03133333333333333	0.03666666666666667	
0.2946666666666667	0.2886666666666667	0.2866666666666667	0.278	0.27466666666666667	0.274	0.268	0.272	0.254	0.25933333333333336	0.24866666666666667	0.2673333333333333	0.232	0.21333333333333335	0.21933333333333332	0.20466666666666666	0.21666666666666667	0.21933333333333332	0.21733333333333332	0.194	0.21	0.19066666666666668	0.20133333333333334	0.20666666666666667	0.18	0.17733333333333334	0.18466666666666667	0.21	0.176	0.17866666666666667	0.198	0.15333333333333332	0.16066666666666668	0.15	0.156	0.15	0.138	0.14933333333333335	0.14866666666666667	0.15466666666666667	0.13133333333333333	0.12866666666666668	0.12866666666666668	0.146	0.114	0.12466666666666666	0.122	0.124	0.11	0.122	0.12066666666666667	0.10466666666666667	0.108	0.10066666666666667	0.108	0.09466666666666666	0.10333333333333333	0.09533333333333334	0.10333333333333333	0.084	0.09266666666666666	0.08	0.08666666666666667	0.068	0.078	0.08533333333333333	0.08266666666666667	0.06466666666666666	0.07133333333333333	0.072	0.072	0.06866666666666667	0.06933333333333333	0.058666666666666666	0.06533333333333333	0.06266666666666666	0.06333333333333334	0.06	0.064	0.05533333333333333	0.048666666666666664	0.048	0.05266666666666667	0.043333333333333335	0.038	0.04	0.052	0.04933333333333333	0.03866666666666667	0.028	0.028666666666666667	0.034	0.036	0.032	0.030666666666666665	0.04	0.029333333333333333	0.030666666666666665	0.03266666666666666	
0.31733333333333336	0.3253333333333333	0.276	0.28933333333333333	0.25333333333333335	0.26266666666666666	0.2773333333333333	0.26666666666666666	0.2633333333333333	0.23333333333333334	0.25733333333333336	0.24533333333333332	0.23533333333333334	0.24933333333333332	0.228	0.23333333333333334	0.21266666666666667	0.196	0.20866666666666667	0.21	0.21066666666666667	0.21133333333333335	0.18333333333333332	0.18933333333333333	0.18333333333333332	0.196	0.19	0.18133333333333335	0.17666666666666667	0.17733333333333334	0.15733333333333333	0.158	0.156	0.158	0.16533333333333333	0.14866666666666667	0.16933333333333334	0.144	0.13333333333333333	0.142	0.128	0.15933333333333333	0.12866666666666668	0.12066666666666667	0.132	0.12333333333333334	0.112	0.11933333333333333	0.11266666666666666	0.112	0.10333333333333333	0.11	0.09733333333333333	0.092	0.09866666666666667	0.09133333333333334	0.09266666666666666	0.094	0.08333333333333333	0.07533333333333334	0.07533333333333334	0.07666666666666666	0.07066666666666667	0.08133333333333333	0.07066666666666667	0.072	0.078	0.078	0.058666666666666666	0.07866666666666666	0.076	0.072	0.072	0.05266666666666667	0.06533333333333333	0.05733333333333333	0.07133333333333333	0.056666666666666664	0.058666666666666666	0.05333333333333334	0.04933333333333333	0.038	0.04	0.05	0.04733333333333333	0.042666666666666665	0.03933333333333333	0.038	0.04733333333333333	0.035333333333333335	0.042	0.03666666666666667	0.03866666666666667	0.03266666666666666	0.034	0.030666666666666665	0.027333333333333334	0.03	0.02266666666666667	
0.31666666666666665	0.30666666666666664	0.29533333333333334	0.294	0.2793333333333333	0.258	0.282	0.2806666666666667	0.25266666666666665	0.24133333333333334	0.2693333333333333	0.22466666666666665	0.242	0.236	0.24133333333333334	0.21333333333333335	0.22	0.20066666666666666	0.21133333333333335	0.20533333333333334	0.19733333333333333	0.2	0.17133333333333334	0.19533333333333333	0.176	0.17466666666666666	0.186	0.17266666666666666	0.17266666666666666	0.172	0.18133333333333335	0.16533333333333333	0.158	0.17266666666666666	0.15	0.15866666666666668	0.154	0.13066666666666665	0.14333333333333334	0.136	0.134	0.138	0.12733333333333333	0.116	0.13333333333333333	0.11266666666666666	0.126	0.112	0.12266666666666666	0.10466666666666667	0.09533333333333334	0.10933333333333334	0.10333333333333333	0.11733333333333333	0.10733333333333334	0.102	0.098	0.096	0.09933333333333333	0.104	0.07933333333333334	0.082	0.08466666666666667	0.08066666666666666	0.08	0.076	0.08	0.066	0.064	0.076	0.06666666666666667	0.058666666666666666	0.07866666666666666	0.05266666666666667	0.062	0.05733333333333333	0.05333333333333334	0.05333333333333334	0.05	0.046	0.058	0.048	0.046	0.05333333333333334	0.05	0.044	0.042	0.04466666666666667	0.035333333333333335	0.035333333333333335	0.035333333333333335	0.03666666666666667	0.03333333333333333	0.03933333333333333	0.03	0.037333333333333336	0.027333333333333334	0.029333333333333333	0.024	
0.29	0.30933333333333335	0.28	0.274	0.294	0.25666666666666665	0.2866666666666667	0.2613333333333333	0.242	0.26	0.24066666666666667	0.25866666666666666	0.21	0.24466666666666667	0.23266666666666666	0.23466666666666666	0.24	0.204	0.22466666666666665	0.196	0.21933333333333332	0.21733333333333332	0.196	0.21333333333333335	0.19666666666666666	0.17933333333333334	0.19666666666666666	0.18666666666666668	0.188	0.16266666666666665	0.17	0.17933333333333334	0.18333333333333332	0.15933333333333333	0.148	0.17733333333333334	0.14266666666666666	0.15133333333333332	0.136	0.142	0.13333333333333333	0.13133333333333333	0.11866666666666667	0.122	0.132	0.12333333333333334	0.10466666666666667	0.112	0.11266666666666666	0.09933333333333333	0.114	0.11066666666666666	0.09466666666666666	0.10466666666666667	0.10866666666666666	0.09866666666666667	0.10266666666666667	0.098	0.08733333333333333	0.07666666666666666	0.09	0.08733333333333333	0.086	0.08466666666666667	0.072	0.06866666666666667	0.08466666666666667	0.064	0.07133333333333333	0.086	0.06666666666666667	0.06933333333333333	0.07333333333333333	0.06866666666666667	0.072	0.050666666666666665	0.054	0.056	0.05	0.05266666666666667	0.058666666666666666	0.05466666666666667	0.05466666666666667	0.04533333333333334	0.050666666666666665	0.04	0.04666666666666667	0.04	0.038	0.044	0.02666666666666667	0.03266666666666666	0.03266666666666666	0.026	0.03266666666666666	0.023333333333333334	0.024	0.034666666666666665	0.04066666666666666	
0.3	0.2926666666666667	0.2786666666666667	0.30533333333333335	0.2633333333333333	0.278	0.25266666666666665	0.26666666666666666	0.24933333333333332	0.274	0.256	0.2653333333333333	0.25466666666666665	0.25266666666666665	0.23266666666666666	0.23733333333333334	0.242	0.21	0.228	0.20466666666666666	0.22533333333333333	0.20333333333333334	0.204	0.196	0.198	0.19466666666666665	0.17066666666666666	0.18533333333333332	0.16266666666666665	0.19333333333333333	0.186	0.15666666666666668	0.16466666666666666	0.142	0.17466666666666666	0.15	0.14466666666666667	0.15066666666666667	0.15133333333333332	0.14333333333333334	0.126	0.126	0.142	0.12733333333333333	0.14333333333333334	0.11466666666666667	0.13	0.11	0.108	0.10666666666666667	0.11266666666666666	0.122	0.11333333333333333	0.09666666666666666	0.10066666666666667	0.08466666666666667	0.09133333333333334	0.108	0.08933333333333333	0.076	0.08533333333333333	0.08933333333333333	0.08933333333333333	0.07866666666666666	0.082	0.068	0.06866666666666667	0.072	0.072	0.07666666666666666	0.07	0.06733333333333333	0.07066666666666667	0.062	0.06133333333333333	0.05	0.05533333333333333	0.05733333333333333	0.056666666666666664	0.05333333333333334	0.056	0.04733333333333333	0.048666666666666664	0.04733333333333333	0.04533333333333334	0.054	0.03933333333333333	0.048666666666666664	0.042666666666666665	0.036	0.03933333333333333	0.030666666666666665	0.035333333333333335	0.024666666666666667	0.022	0.035333333333333335	0.034	0.035333333333333335	0.019333333333333334	
0.32066666666666666	0.31066666666666665	0.256	0.2926666666666667	0.30866666666666664	0.2846666666666667	0.268	0.28	0.26066666666666666	0.242	0.23866666666666667	0.23866666666666667	0.246	0.232	0.238	0.21266666666666667	0.22733333333333333	0.234	0.19533333333333333	0.22133333333333333	0.204	0.18666666666666668	0.18733333333333332	0.21666666666666667	0.19266666666666668	0.182	0.17533333333333334	0.19266666666666668	0.196	0.18133333333333335	0.17066666666666666	0.17066666666666666	0.16466666666666666	0.176	0.15066666666666667	0.14866666666666667	0.13533333333333333	0.13866666666666666	0.16666666666666666	0.136	0.146	0.142	0.14	0.11333333333333333	0.114	0.12066666666666667	0.11666666666666667	0.114	0.11133333333333334	0.098	0.10666666666666667	0.11	0.11133333333333334	0.10866666666666666	0.10466666666666667	0.10933333333333334	0.092	0.098	0.094	0.07666666666666666	0.08	0.08266666666666667	0.086	0.074	0.09066666666666667	0.07933333333333334	0.07933333333333334	0.07	0.07133333333333333	0.07133333333333333	0.07133333333333333	0.07266666666666667	0.058	0.058	0.06533333333333333	0.062	0.062	0.064	0.056666666666666664	0.043333333333333335	0.04933333333333333	0.042666666666666665	0.046	0.04733333333333333	0.04466666666666667	0.038	0.05	0.04733333333333333	0.021333333333333333	0.035333333333333335	0.04066666666666666	0.028	0.03133333333333333	0.03933333333333333	0.03866666666666667	0.03266666666666666	0.03266666666666666	0.029333333333333333	0.027333333333333334	
0.2986666666666667	0.29533333333333334	0.2833333333333333	0.284	0.274	0.268	0.2633333333333333	0.264	0.246	0.248	0.228	0.25466666666666665	0.26466666666666666	0.24533333333333332	0.20733333333333334	0.22733333333333333	0.22466666666666665	0.2	0.242	0.19933333333333333	0.23133333333333334	0.212	0.176	0.21066666666666667	0.176	0.18533333333333332	0.16933333333333334	0.16466666666666666	0.16866666666666666	0.168	0.15533333333333332	0.16266666666666665	0.16333333333333333	0.14733333333333334	0.15733333333333333	0.13733333333333334	0.13933333333333334	0.148	0.144	0.14533333333333334	0.14466666666666667	0.148	0.14333333333333334	0.13	0.12533333333333332	0.122	0.11066666666666666	0.126	0.11466666666666667	0.118	0.11	0.102	0.108	0.11666666666666667	0.092	0.11266666666666666	0.10333333333333333	0.09133333333333334	0.09	0.094	0.09333333333333334	0.09266666666666666	0.08266666666666667	0.07466666666666667	0.06733333333333333	0.09133333333333334	0.07533333333333334	0.082	0.064	0.068	0.06933333333333333	0.06866666666666667	0.062	0.05533333333333333	0.05533333333333333	0.064	0.054	0.056666666666666664	0.05266666666666667	0.059333333333333335	0.06333333333333334	0.056	0.04466666666666667	0.04533333333333334	0.048666666666666664	0.03666666666666667	0.04066666666666666	0.056666666666666664	0.03666666666666667	0.037333333333333336	0.044	0.03133333333333333	0.030666666666666665	0.036	0.027333333333333334	0.020666666666666667	0.025333333333333333	0.02666666666666667	0.019333333333333334	
0.294	0.30866666666666664	0.304	0.274	0.28933333333333333	0.26666666666666666	0.286	0.25066666666666665	0.248	0.244	0.22666666666666666	0.244	0.256	0.22933333333333333	0.25066666666666665	0.20133333333333334	0.22866666666666666	0.20333333333333334	0.21933333333333332	0.196	0.222	0.19733333333333333	0.20066666666666666	0.20066666666666666	0.174	0.18533333333333332	0.184	0.19	0.16133333333333333	0.17066666666666666	0.16333333333333333	0.17066666666666666	0.16733333333333333	0.16733333333333333	0.15333333333333332	0.16066666666666668	0.16066666666666668	0.13733333333333334	0.14	0.152	0.13466666666666666	0.13533333333333333	0.13333333333333333	0.13333333333333333	0.14333333333333334	0.126	0.124	0.12133333333333333	0.122	0.11466666666666667	0.114	0.10333333333333333	0.09533333333333334	0.09733333333333333	0.09933333333333333	0.102	0.10133333333333333	0.088	0.092	0.09266666666666666	0.084	0.10266666666666667	0.09066666666666667	0.08266666666666667	0.084	0.06666666666666667	0.076	0.06866666666666667	0.07066666666666667	0.058666666666666666	0.06733333333333333	0.06666666666666667	0.064	0.06866666666666667	0.058	0.05	0.058666666666666666	0.04933333333333333	0.062	0.05466666666666667	0.048666666666666664	0.042666666666666665	0.042	0.050666666666666665	0.042	0.04	0.04533333333333334	0.036	0.04533333333333334	0.042666666666666665	0.03933333333333333	0.032	0.03266666666666666	0.034	0.032	0.02666666666666667	0.03133333333333333	0.03333333333333333	0.020666666666666667	
0.306	0.30133333333333334	0.2826666666666667	0.296	0.28	0.2693333333333333	0.29333333333333333	0.26	0.2826666666666667	0.25666666666666665	0.2753333333333333	0.23533333333333334	0.23666666666666666	0.25	0.23066666666666666	0.24666666666666667	0.202	0.21	0.21466666666666667	0.19066666666666668	0.208	0.19333333333333333	0.18466666666666667	0.19466666666666665	0.18333333333333332	0.188	0.194	0.16133333333333333	0.18666666666666668	0.19933333333333333	0.174	0.158	0.162	0.172	0.142	0.16	0.14466666666666667	0.168	0.15533333333333332	0.13666666666666666	0.12666666666666668	0.13533333333333333	0.12666666666666668	0.14266666666666666	0.12466666666666666	0.13266666666666665	0.134	0.128	0.11466666666666667	0.10466666666666667	0.11333333333333333	0.102	0.11333333333333333	0.092	0.08666666666666667	0.09	0.10266666666666667	0.09	0.08666666666666667	0.08933333333333333	0.08133333333333333	0.08	0.08533333333333333	0.08266666666666667	0.088	0.07466666666666667	0.08133333333333333	0.06533333333333333	0.06666666666666667	0.07533333333333334	0.07466666666666667	0.054	0.06066666666666667	0.06	0.054	0.06066666666666667	0.05	0.048	0.056	0.056666666666666664	0.04666666666666667	0.042	0.056	0.042666666666666665	0.04733333333333333	0.04466666666666667	0.03666666666666667	0.04733333333333333	0.04466666666666667	0.034666666666666665	0.03133333333333333	0.035333333333333335	0.027333333333333334	0.02666666666666667	0.024	0.032	0.027333333333333334	0.026	0.02266666666666667	
0.28	0.27266666666666667	0.3006666666666667	0.2846666666666667	0.28	0.2653333333333333	0.25666666666666665	0.25733333333333336	0.252	0.26266666666666666	0.25466666666666665	0.25133333333333335	0.23266666666666666	0.24333333333333335	0.234	0.23266666666666666	0.206	0.22	0.19	0.192	0.21	0.21733333333333332	0.17733333333333334	0.19933333333333333	0.194	0.18266666666666667	0.18333333333333332	0.178	0.17533333333333334	0.168	0.15133333333333332	0.158	0.178	0.16533333333333333	0.156	0.15666666666666668	0.14133333333333334	0.13333333333333333	0.146	0.142	0.13266666666666665	0.12733333333333333	0.13466666666666666	0.12	0.13066666666666665	0.11666666666666667	0.132	0.13066666666666665	0.13666666666666666	0.104	0.112	0.104	0.108	0.094	0.09066666666666667	0.10266666666666667	0.08066666666666666	0.096	0.104	0.10133333333333333	0.09533333333333334	0.09266666666666666	0.086	0.08466666666666667	0.078	0.07666666666666666	0.06933333333333333	0.084	0.072	0.064	0.066	0.06666666666666667	0.07866666666666666	0.062	0.056666666666666664	0.068	0.06733333333333333	0.058	0.04733333333333333	0.059333333333333335	0.052	0.056666666666666664	0.05533333333333333	0.05266666666666667	0.04533333333333334	0.03333333333333333	0.03933333333333333	0.05	0.04066666666666666	0.034666666666666665	0.029333333333333333	0.030666666666666665	0.03133333333333333	0.035333333333333335	0.027333333333333334	0.036	0.026	0.021333333333333333	0.026	
0.27466666666666667	0.28933333333333333	0.2946666666666667	0.29933333333333334	0.2713333333333333	0.3006666666666667	0.26666666666666666	0.24933333333333332	0.24733333333333332	0.266	0.24	0.25	0.242	0.228	0.238	0.19666666666666666	0.22466666666666665	0.21733333333333332	0.21066666666666667	0.206	0.208	0.20466666666666666	0.182	0.19	0.22133333333333333	0.19133333333333333	0.18133333333333335	0.19333333333333333	0.18933333333333333	0.17266666666666666	0.17333333333333334	0.14066666666666666	0.154	0.144	0.15866666666666668	0.15133333333333332	0.14933333333333335	0.13733333333333334	0.15466666666666667	0.13466666666666666	0.13866666666666666	0.13666666666666666	0.13533333333333333	0.13466666666666666	0.116	0.126	0.12466666666666666	0.12066666666666667	0.11533333333333333	0.10466666666666667	0.10266666666666667	0.11333333333333333	0.09133333333333334	0.11266666666666666	0.10333333333333333	0.1	0.106	0.09733333333333333	0.06933333333333333	0.096	0.084	0.098	0.09266666666666666	0.09133333333333334	0.07666666666666666	0.07466666666666667	0.08533333333333333	0.07066666666666667	0.07	0.066	0.06933333333333333	0.07133333333333333	0.058	0.06533333333333333	0.074	0.05333333333333334	0.059333333333333335	0.05333333333333334	0.06133333333333333	0.050666666666666665	0.056	0.04466666666666667	0.050666666666666665	0.04066666666666666	0.048666666666666664	0.04533333333333334	0.048	0.03666666666666667	0.03933333333333333	0.03866666666666667	0.03666666666666667	0.046	0.034666666666666665	0.03333333333333333	0.032	0.03666666666666667	0.028	0.03	0.028666666666666667	
0.28933333333333333	0.318	0.2733333333333333	0.2906666666666667	0.2733333333333333	0.254	0.292	0.256	0.25133333333333335	0.27466666666666667	0.246	0.21466666666666667	0.25	0.23266666666666666	0.22	0.22733333333333333	0.23066666666666666	0.21866666666666668	0.20133333333333334	0.21266666666666667	0.20333333333333334	0.22466666666666665	0.18533333333333332	0.20466666666666666	0.17666666666666667	0.19	0.18066666666666667	0.18733333333333332	0.18466666666666667	0.16933333333333334	0.172	0.17133333333333334	0.15333333333333332	0.156	0.158	0.14933333333333335	0.15266666666666667	0.15533333333333332	0.13266666666666665	0.146	0.14733333333333334	0.144	0.124	0.132	0.10666666666666667	0.12333333333333334	0.126	0.116	0.10533333333333333	0.108	0.102	0.114	0.112	0.09333333333333334	0.09866666666666667	0.10133333333333333	0.09866666666666667	0.09933333333333333	0.09733333333333333	0.10133333333333333	0.102	0.09133333333333334	0.09	0.07733333333333334	0.06933333333333333	0.07933333333333334	0.06866666666666667	0.06666666666666667	0.06666666666666667	0.07066666666666667	0.066	0.06933333333333333	0.051333333333333335	0.054	0.06266666666666666	0.058666666666666666	0.058666666666666666	0.06533333333333333	0.056666666666666664	0.050666666666666665	0.050666666666666665	0.04933333333333333	0.04533333333333334	0.04133333333333333	0.044	0.04066666666666666	0.054	0.04133333333333333	0.04533333333333334	0.04133333333333333	0.03	0.027333333333333334	0.029333333333333333	0.032	0.04066666666666666	0.03933333333333333	0.03266666666666666	0.023333333333333334	0.024	
0.31333333333333335	0.312	0.2886666666666667	0.2806666666666667	0.2773333333333333	0.282	0.2733333333333333	0.25933333333333336	0.23866666666666667	0.25466666666666665	0.256	0.25266666666666665	0.26066666666666666	0.234	0.23266666666666666	0.20733333333333334	0.228	0.22133333333333333	0.204	0.21866666666666668	0.23533333333333334	0.20266666666666666	0.21266666666666667	0.18	0.18	0.20733333333333334	0.20933333333333334	0.18066666666666667	0.18933333333333333	0.152	0.17266666666666666	0.14666666666666667	0.16666666666666666	0.15933333333333333	0.166	0.13733333333333334	0.156	0.142	0.132	0.12133333333333333	0.138	0.15066666666666667	0.134	0.13133333333333333	0.13066666666666665	0.11933333333333333	0.11333333333333333	0.12066666666666667	0.12266666666666666	0.10533333333333333	0.09466666666666666	0.10733333333333334	0.114	0.09333333333333334	0.11066666666666666	0.08933333333333333	0.10133333333333333	0.086	0.09466666666666666	0.08933333333333333	0.09133333333333334	0.07866666666666666	0.08666666666666667	0.08266666666666667	0.07733333333333334	0.07266666666666667	0.07133333333333333	0.06666666666666667	0.07	0.06666666666666667	0.06266666666666666	0.056	0.05266666666666667	0.058666666666666666	0.059333333333333335	0.06066666666666667	0.05	0.062	0.048666666666666664	0.04733333333333333	0.03933333333333333	0.04666666666666667	0.042	0.052	0.04	0.038	0.052	0.03666666666666667	0.04133333333333333	0.03866666666666667	0.038	0.028666666666666667	0.034	0.03	0.025333333333333333	0.035333333333333335	0.03133333333333333	0.03333333333333333	0.02666666666666667	
0.28733333333333333	0.31933333333333336	0.2773333333333333	0.27666666666666667	0.25733333333333336	0.2673333333333333	0.27	0.252	0.25333333333333335	0.25133333333333335	0.24133333333333334	0.23066666666666666	0.22333333333333333	0.236	0.21333333333333335	0.21666666666666667	0.22733333333333333	0.206	0.22	0.23466666666666666	0.202	0.20733333333333334	0.19866666666666666	0.182	0.186	0.16	0.19133333333333333	0.176	0.174	0.18	0.15266666666666667	0.174	0.16	0.15333333333333332	0.14933333333333335	0.15066666666666667	0.14066666666666666	0.156	0.14	0.15	0.13	0.152	0.144	0.122	0.12733333333333333	0.11533333333333333	0.11066666666666666	0.12333333333333334	0.108	0.116	0.12533333333333332	0.11933333333333333	0.09266666666666666	0.10666666666666667	0.09533333333333334	0.08266666666666667	0.09066666666666667	0.08933333333333333	0.10266666666666667	0.088	0.09733333333333333	0.07466666666666667	0.076	0.08266666666666667	0.082	0.08133333333333333	0.076	0.06733333333333333	0.07066666666666667	0.05733333333333333	0.06733333333333333	0.06666666666666667	0.064	0.05733333333333333	0.058666666666666666	0.059333333333333335	0.048666666666666664	0.056666666666666664	0.05266666666666667	0.05333333333333334	0.052	0.04733333333333333	0.04	0.04666666666666667	0.042	0.042666666666666665	0.046	0.036	0.036	0.042666666666666665	0.034666666666666665	0.038	0.032	0.034666666666666665	0.038	0.03266666666666666	0.034666666666666665	0.03133333333333333	0.027333333333333334	
0.31666666666666665	0.31466666666666665	0.278	0.2733333333333333	0.274	0.26866666666666666	0.234	0.25133333333333335	0.2753333333333333	0.266	0.24733333333333332	0.23533333333333334	0.23066666666666666	0.23733333333333334	0.22466666666666665	0.24133333333333334	0.20933333333333334	0.19666666666666666	0.20733333333333334	0.21666666666666667	0.22	0.204	0.18866666666666668	0.20733333333333334	0.18466666666666667	0.186	0.16666666666666666	0.18666666666666668	0.18866666666666668	0.17866666666666667	0.158	0.15733333333333333	0.16666666666666666	0.15	0.15666666666666668	0.16066666666666668	0.14733333333333334	0.14133333333333334	0.14533333333333334	0.13866666666666666	0.13933333333333334	0.13	0.132	0.13666666666666666	0.126	0.10933333333333334	0.10933333333333334	0.11333333333333333	0.12	0.12	0.118	0.098	0.11533333333333333	0.096	0.096	0.09933333333333333	0.08733333333333333	0.084	0.09066666666666667	0.10266666666666667	0.08333333333333333	0.07333333333333333	0.078	0.068	0.06933333333333333	0.052	0.07266666666666667	0.07066666666666667	0.07466666666666667	0.066	0.05466666666666667	0.06533333333333333	0.082	0.074	0.06	0.043333333333333335	0.06333333333333334	0.066	0.048	0.04933333333333333	0.050666666666666665	0.05466666666666667	0.04066666666666666	0.062	0.043333333333333335	0.04933333333333333	0.048	0.04	0.034666666666666665	0.03266666666666666	0.03866666666666667	0.034666666666666665	0.032	0.035333333333333335	0.027333333333333334	0.03	0.02666666666666667	0.02666666666666667	0.03666666666666667	
0.296	0.3006666666666667	0.2966666666666667	0.29933333333333334	0.2806666666666667	0.2733333333333333	0.2833333333333333	0.26266666666666666	0.266	0.26866666666666666	0.24133333333333334	0.24066666666666667	0.23866666666666667	0.23266666666666666	0.228	0.212	0.23666666666666666	0.22866666666666666	0.206	0.20533333333333334	0.186	0.18666666666666668	0.19733333333333333	0.18333333333333332	0.17866666666666667	0.19066666666666668	0.176	0.184	0.18266666666666667	0.158	0.16733333333333333	0.17933333333333334	0.16266666666666665	0.17733333333333334	0.148	0.13733333333333334	0.15	0.12866666666666668	0.14266666666666666	0.12733333333333333	0.134	0.142	0.132	0.13066666666666665	0.12	0.10933333333333334	0.13933333333333334	0.12066666666666667	0.108	0.11466666666666667	0.108	0.1	0.104	0.10733333333333334	0.10933333333333334	0.10133333333333333	0.09933333333333333	0.10333333333333333	0.09133333333333334	0.082	0.08533333333333333	0.08066666666666666	0.08466666666666667	0.06866666666666667	0.08666666666666667	0.08066666666666666	0.06733333333333333	0.06666666666666667	0.07066666666666667	0.068	0.06066666666666667	0.06133333333333333	0.062	0.054	0.054	0.06	0.06466666666666666	0.06066666666666667	0.043333333333333335	0.051333333333333335	0.05266666666666667	0.05333333333333334	0.046	0.046	0.038	0.043333333333333335	0.035333333333333335	0.03933333333333333	0.03333333333333333	0.035333333333333335	0.030666666666666665	0.04066666666666666	0.028666666666666667	0.032	0.04	0.034	0.030666666666666665	0.038	0.029333333333333333	
0.30933333333333335	0.27466666666666667	0.31533333333333335	0.27266666666666667	0.28733333333333333	0.2633333333333333	0.252	0.268	0.2806666666666667	0.25733333333333336	0.238	0.25	0.27	0.25	0.24666666666666667	0.23533333333333334	0.22666666666666666	0.20133333333333334	0.23333333333333334	0.216	0.198	0.20133333333333334	0.17133333333333334	0.2	0.188	0.202	0.18	0.17266666666666666	0.19066666666666668	0.16666666666666666	0.18333333333333332	0.16933333333333334	0.16	0.144	0.168	0.15533333333333332	0.12733333333333333	0.15	0.16133333333333333	0.134	0.13666666666666666	0.14733333333333334	0.14266666666666666	0.11	0.11933333333333333	0.132	0.11533333333333333	0.116	0.10933333333333334	0.11533333333333333	0.122	0.104	0.098	0.11066666666666666	0.09	0.09133333333333334	0.08666666666666667	0.09266666666666666	0.09	0.09133333333333334	0.09	0.08266666666666667	0.08666666666666667	0.088	0.08133333333333333	0.08133333333333333	0.08	0.06733333333333333	0.072	0.06666666666666667	0.06933333333333333	0.059333333333333335	0.06266666666666666	0.052	0.05733333333333333	0.06733333333333333	0.058	0.06133333333333333	0.05533333333333333	0.04533333333333334	0.051333333333333335	0.048	0.042	0.04733333333333333	0.06	0.04533333333333334	0.04466666666666667	0.036	0.043333333333333335	0.03866666666666667	0.038	0.028	0.034666666666666665	0.03266666666666666	0.027333333333333334	0.03333333333333333	0.03333333333333333	0.038	0.034666666666666665	
0.30133333333333334	0.278	0.2926666666666667	0.2853333333333333	0.27	0.2886666666666667	0.2773333333333333	0.25066666666666665	0.24333333333333335	0.22533333333333333	0.23133333333333334	0.22	0.25866666666666666	0.24066666666666667	0.20266666666666666	0.214	0.226	0.22	0.20266666666666666	0.20333333333333334	0.21	0.206	0.198	0.186	0.184	0.196	0.186	0.15533333333333332	0.178	0.16	0.162	0.162	0.14866666666666667	0.178	0.16133333333333333	0.13933333333333334	0.13866666666666666	0.14666666666666667	0.13466666666666666	0.144	0.138	0.122	0.142	0.116	0.138	0.12066666666666667	0.12266666666666666	0.11	0.10666666666666667	0.11666666666666667	0.11266666666666666	0.10533333333333333	0.096	0.11533333333333333	0.10133333333333333	0.116	0.09533333333333334	0.09666666666666666	0.08666666666666667	0.08333333333333333	0.08066666666666666	0.08466666666666667	0.072	0.078	0.08133333333333333	0.07066666666666667	0.07733333333333334	0.08133333333333333	0.08066666666666666	0.064	0.07133333333333333	0.062	0.06266666666666666	0.058666666666666666	0.058	0.05333333333333334	0.048666666666666664	0.054	0.051333333333333335	0.062	0.05266666666666667	0.051333333333333335	0.04066666666666666	0.05266666666666667	0.046	0.04666666666666667	0.04066666666666666	0.04533333333333334	0.03666666666666667	0.03933333333333333	0.037333333333333336	0.026	0.04	0.038	0.036	0.028	0.02666666666666667	0.027333333333333334	0.03266666666666666	
0.2966666666666667	0.316	0.2786666666666667	0.2946666666666667	0.27266666666666667	0.2786666666666667	0.264	0.2786666666666667	0.226	0.252	0.25133333333333335	0.23266666666666666	0.236	0.23	0.24466666666666667	0.218	0.22266666666666668	0.202	0.21666666666666667	0.21	0.222	0.214	0.18733333333333332	0.182	0.188	0.17866666666666667	0.18333333333333332	0.192	0.156	0.16466666666666666	0.154	0.15733333333333333	0.16933333333333334	0.156	0.156	0.13266666666666665	0.158	0.136	0.142	0.14	0.14133333333333334	0.12666666666666668	0.11866666666666667	0.13066666666666665	0.12933333333333333	0.12066666666666667	0.142	0.14066666666666666	0.11533333333333333	0.10933333333333334	0.12666666666666668	0.10666666666666667	0.10733333333333334	0.094	0.08933333333333333	0.09733333333333333	0.096	0.10066666666666667	0.104	0.07533333333333334	0.08533333333333333	0.09266666666666666	0.06066666666666667	0.08866666666666667	0.09933333333333333	0.07666666666666666	0.084	0.05533333333333333	0.066	0.06666666666666667	0.07066666666666667	0.068	0.062	0.056666666666666664	0.05533333333333333	0.064	0.06133333333333333	0.04466666666666667	0.056666666666666664	0.04933333333333333	0.048666666666666664	0.052	0.062	0.04666666666666667	0.04933333333333333	0.04133333333333333	0.038	0.036	0.04066666666666666	0.037333333333333336	0.03333333333333333	0.038	0.034666666666666665	0.027333333333333334	0.03133333333333333	0.026	0.03933333333333333	0.036	0.020666666666666667	
0.2786666666666667	0.31333333333333335	0.282	0.2846666666666667	0.27666666666666667	0.25733333333333336	0.272	0.242	0.25666666666666665	0.24	0.258	0.244	0.222	0.228	0.21333333333333335	0.21133333333333335	0.222	0.20133333333333334	0.21933333333333332	0.22066666666666668	0.208	0.202	0.19066666666666668	0.202	0.176	0.194	0.172	0.174	0.16666666666666666	0.15266666666666667	0.162	0.17	0.14333333333333334	0.15933333333333333	0.16466666666666666	0.156	0.152	0.156	0.13733333333333334	0.128	0.132	0.14666666666666667	0.11866666666666667	0.12133333333333333	0.134	0.13533333333333333	0.12	0.11533333333333333	0.116	0.118	0.12333333333333334	0.10466666666666667	0.1	0.10666666666666667	0.08133333333333333	0.108	0.07866666666666666	0.07733333333333334	0.08666666666666667	0.07866666666666666	0.08	0.08	0.08133333333333333	0.07733333333333334	0.08533333333333333	0.082	0.06266666666666666	0.08266666666666667	0.07266666666666667	0.06066666666666667	0.07733333333333334	0.07066666666666667	0.06133333333333333	0.058	0.05	0.05466666666666667	0.06466666666666666	0.05266666666666667	0.04733333333333333	0.052	0.042	0.06	0.04666666666666667	0.048	0.04	0.052	0.048	0.036	0.03333333333333333	0.042	0.030666666666666665	0.03266666666666666	0.027333333333333334	0.03866666666666667	0.03	0.035333333333333335	0.029333333333333333	0.024666666666666667	0.03933333333333333	
0.316	0.31266666666666665	0.292	0.282	0.284	0.27666666666666667	0.268	0.258	0.24533333333333332	0.24533333333333332	0.25133333333333335	0.254	0.236	0.23533333333333334	0.22133333333333333	0.22333333333333333	0.21533333333333332	0.21266666666666667	0.21133333333333335	0.21733333333333332	0.21666666666666667	0.20333333333333334	0.21466666666666667	0.192	0.21533333333333332	0.18266666666666667	0.184	0.17133333333333334	0.17	0.17666666666666667	0.164	0.154	0.15066666666666667	0.162	0.14	0.152	0.16266666666666665	0.14066666666666666	0.138	0.14466666666666667	0.112	0.172	0.13066666666666665	0.13466666666666666	0.11533333333333333	0.09	0.118	0.12466666666666666	0.12133333333333333	0.11333333333333333	0.11266666666666666	0.10666666666666667	0.10066666666666667	0.106	0.09866666666666667	0.10133333333333333	0.10533333333333333	0.09	0.09066666666666667	0.09133333333333334	0.08533333333333333	0.07666666666666666	0.08666666666666667	0.06733333333333333	0.07666666666666666	0.06666666666666667	0.07466666666666667	0.06133333333333333	0.07	0.06733333333333333	0.06666666666666667	0.05333333333333334	0.06333333333333334	0.07133333333333333	0.06133333333333333	0.06	0.06	0.051333333333333335	0.04733333333333333	0.048666666666666664	0.05466666666666667	0.04733333333333333	0.056	0.05	0.04533333333333334	0.044	0.03333333333333333	0.04	0.037333333333333336	0.04733333333333333	0.04133333333333333	0.032	0.035333333333333335	0.034666666666666665	0.032	0.04	0.030666666666666665	0.02666666666666667	0.017333333333333333	
0.2946666666666667	0.2926666666666667	0.304	0.2613333333333333	0.304	0.2733333333333333	0.26866666666666666	0.24066666666666667	0.25	0.25	0.236	0.2733333333333333	0.23733333333333334	0.23666666666666666	0.21133333333333335	0.22266666666666668	0.21266666666666667	0.214	0.214	0.206	0.20733333333333334	0.19866666666666666	0.19466666666666665	0.192	0.198	0.18733333333333332	0.19533333333333333	0.16066666666666668	0.17866666666666667	0.17733333333333334	0.172	0.16	0.15533333333333332	0.162	0.16266666666666665	0.14733333333333334	0.15533333333333332	0.13866666666666666	0.14466666666666667	0.138	0.12666666666666668	0.144	0.11666666666666667	0.13466666666666666	0.12866666666666668	0.10533333333333333	0.122	0.114	0.128	0.11866666666666667	0.112	0.10733333333333334	0.10133333333333333	0.108	0.09333333333333334	0.08733333333333333	0.09066666666666667	0.096	0.09866666666666667	0.094	0.088	0.1	0.07933333333333334	0.078	0.076	0.062	0.084	0.062	0.074	0.078	0.072	0.07666666666666666	0.06866666666666667	0.052	0.054	0.05466666666666667	0.050666666666666665	0.04666666666666667	0.04066666666666666	0.05333333333333334	0.056	0.04466666666666667	0.05	0.04533333333333334	0.04666666666666667	0.042	0.034666666666666665	0.04	0.038	0.03333333333333333	0.034	0.03333333333333333	0.03333333333333333	0.028666666666666667	0.037333333333333336	0.030666666666666665	0.034	0.032	0.020666666666666667	
0.29933333333333334	0.30666666666666664	0.2833333333333333	0.2866666666666667	0.28933333333333333	0.2713333333333333	0.26666666666666666	0.27066666666666667	0.25133333333333335	0.23733333333333334	0.23133333333333334	0.24933333333333332	0.264	0.234	0.22666666666666666	0.218	0.234	0.21733333333333332	0.19133333333333333	0.19933333333333333	0.20333333333333334	0.20466666666666666	0.20066666666666666	0.18266666666666667	0.188	0.176	0.18333333333333332	0.15	0.16733333333333333	0.176	0.176	0.17266666666666666	0.14933333333333335	0.16666666666666666	0.14933333333333335	0.156	0.14666666666666667	0.13333333333333333	0.11666666666666667	0.12933333333333333	0.13733333333333334	0.13133333333333333	0.122	0.11466666666666667	0.122	0.13333333333333333	0.14266666666666666	0.12066666666666667	0.09666666666666666	0.10866666666666666	0.106	0.112	0.10933333333333334	0.08866666666666667	0.09866666666666667	0.08	0.08333333333333333	0.11333333333333333	0.07666666666666666	0.08866666666666667	0.08733333333333333	0.08866666666666667	0.092	0.082	0.086	0.07133333333333333	0.078	0.074	0.07866666666666666	0.06733333333333333	0.06133333333333333	0.066	0.05733333333333333	0.06466666666666666	0.06333333333333334	0.06066666666666667	0.054	0.05533333333333333	0.05533333333333333	0.042666666666666665	0.05266666666666667	0.04066666666666666	0.04666666666666667	0.048	0.04466666666666667	0.04066666666666666	0.04666666666666667	0.04733333333333333	0.05266666666666667	0.034	0.034666666666666665	0.030666666666666665	0.035333333333333335	0.032	0.03666666666666667	0.029333333333333333	0.028	0.018	0.022	
0.33	0.2866666666666667	0.268	0.2906666666666667	0.2946666666666667	0.25866666666666666	0.24533333333333332	0.25333333333333335	0.26666666666666666	0.234	0.25866666666666666	0.22133333333333333	0.23666666666666666	0.23466666666666666	0.234	0.23333333333333334	0.20666666666666667	0.20666666666666667	0.23066666666666666	0.202	0.21933333333333332	0.18266666666666667	0.22866666666666666	0.2	0.18866666666666668	0.17666666666666667	0.17733333333333334	0.19066666666666668	0.19333333333333333	0.16333333333333333	0.182	0.18	0.15266666666666667	0.14666666666666667	0.17533333333333334	0.134	0.14866666666666667	0.158	0.156	0.146	0.13666666666666666	0.136	0.118	0.11866666666666667	0.13266666666666665	0.134	0.12466666666666666	0.104	0.11666666666666667	0.096	0.10533333333333333	0.11333333333333333	0.09466666666666666	0.09	0.09133333333333334	0.10133333333333333	0.09466666666666666	0.09333333333333334	0.08733333333333333	0.09266666666666666	0.08333333333333333	0.084	0.074	0.08266666666666667	0.07866666666666666	0.062	0.066	0.056	0.066	0.06733333333333333	0.06533333333333333	0.07333333333333333	0.07	0.07	0.06	0.048	0.054	0.059333333333333335	0.05	0.050666666666666665	0.054	0.04066666666666666	0.048666666666666664	0.048666666666666664	0.04466666666666667	0.04933333333333333	0.04733333333333333	0.03866666666666667	0.038	0.034	0.03133333333333333	0.04066666666666666	0.028666666666666667	0.03333333333333333	0.028666666666666667	0.03266666666666666	0.037333333333333336	0.026	0.03	
0.30666666666666664	0.30733333333333335	0.2786666666666667	0.2806666666666667	0.26466666666666666	0.27	0.24666666666666667	0.2673333333333333	0.234	0.252	0.24266666666666667	0.23066666666666666	0.23133333333333334	0.23333333333333334	0.24266666666666667	0.218	0.22733333333333333	0.222	0.19733333333333333	0.218	0.232	0.20133333333333334	0.18866666666666668	0.18133333333333335	0.19	0.182	0.19133333333333333	0.184	0.19133333333333333	0.168	0.152	0.15066666666666667	0.14666666666666667	0.162	0.15266666666666667	0.14466666666666667	0.14066666666666666	0.126	0.15066666666666667	0.134	0.134	0.12133333333333333	0.12666666666666668	0.134	0.128	0.132	0.12266666666666666	0.10266666666666667	0.12933333333333333	0.10466666666666667	0.108	0.114	0.10866666666666666	0.09133333333333334	0.108	0.084	0.08266666666666667	0.106	0.09333333333333334	0.09066666666666667	0.08933333333333333	0.08933333333333333	0.07133333333333333	0.07133333333333333	0.078	0.08	0.06666666666666667	0.07466666666666667	0.07133333333333333	0.06466666666666666	0.05333333333333334	0.05266666666666667	0.068	0.066	0.06266666666666666	0.058666666666666666	0.058666666666666666	0.058	0.05733333333333333	0.048666666666666664	0.050666666666666665	0.04733333333333333	0.05333333333333334	0.03666666666666667	0.034666666666666665	0.03	0.042	0.034	0.04133333333333333	0.042666666666666665	0.043333333333333335	0.035333333333333335	0.03	0.032	0.038	0.028	0.03133333333333333	0.03	0.03133333333333333	
0.30733333333333335	0.296	0.26666666666666666	0.2813333333333333	0.2833333333333333	0.288	0.27066666666666667	0.27	0.244	0.23	0.25466666666666665	0.23333333333333334	0.24333333333333335	0.252	0.24333333333333335	0.24266666666666667	0.22066666666666668	0.20533333333333334	0.21133333333333335	0.208	0.22133333333333333	0.21066666666666667	0.18666666666666668	0.19266666666666668	0.18933333333333333	0.172	0.17933333333333334	0.178	0.18066666666666667	0.182	0.14266666666666666	0.176	0.15866666666666668	0.15466666666666667	0.15533333333333332	0.13466666666666666	0.14533333333333334	0.13	0.14666666666666667	0.14333333333333334	0.134	0.132	0.13133333333333333	0.12	0.11133333333333334	0.11933333333333333	0.108	0.116	0.12133333333333333	0.09266666666666666	0.112	0.12266666666666666	0.098	0.10133333333333333	0.10133333333333333	0.096	0.1	0.096	0.07533333333333334	0.07733333333333334	0.09266666666666666	0.086	0.082	0.07133333333333333	0.08	0.07066666666666667	0.06533333333333333	0.06333333333333334	0.07866666666666666	0.06266666666666666	0.062	0.072	0.064	0.064	0.06466666666666666	0.04733333333333333	0.05333333333333334	0.042666666666666665	0.052	0.046	0.05466666666666667	0.044	0.050666666666666665	0.05466666666666667	0.03666666666666667	0.04133333333333333	0.034	0.036	0.03133333333333333	0.042666666666666665	0.034666666666666665	0.029333333333333333	0.038	0.03933333333333333	0.03866666666666667	0.03133333333333333	0.029333333333333333	0.024666666666666667	0.02266666666666667	
0.30733333333333335	0.27466666666666667	0.28	0.29533333333333334	0.26866666666666666	0.2693333333333333	0.25733333333333336	0.2713333333333333	0.24533333333333332	0.25266666666666665	0.24	0.24133333333333334	0.23	0.24933333333333332	0.218	0.23666666666666666	0.22733333333333333	0.232	0.20533333333333334	0.22133333333333333	0.17666666666666667	0.20266666666666666	0.19133333333333333	0.18933333333333333	0.19933333333333333	0.198	0.216	0.174	0.156	0.192	0.16666666666666666	0.16533333333333333	0.14866666666666667	0.17733333333333334	0.162	0.142	0.14933333333333335	0.14933333333333335	0.128	0.138	0.13666666666666666	0.12066666666666667	0.12666666666666668	0.128	0.12533333333333332	0.13466666666666666	0.11266666666666666	0.11266666666666666	0.10533333333333333	0.12	0.11866666666666667	0.116	0.112	0.078	0.10533333333333333	0.10066666666666667	0.108	0.09	0.09133333333333334	0.084	0.092	0.09	0.09133333333333334	0.07066666666666667	0.066	0.07466666666666667	0.062	0.07266666666666667	0.06733333333333333	0.06533333333333333	0.06266666666666666	0.072	0.07066666666666667	0.07666666666666666	0.06733333333333333	0.062	0.05533333333333333	0.048	0.05266666666666667	0.05466666666666667	0.03933333333333333	0.048666666666666664	0.044	0.06	0.037333333333333336	0.03933333333333333	0.04533333333333334	0.03866666666666667	0.034	0.036	0.03333333333333333	0.035333333333333335	0.02666666666666667	0.032	0.03	0.03	0.026	0.029333333333333333	0.03133333333333333	
0.30466666666666664	0.296	0.2966666666666667	0.27466666666666667	0.282	0.2693333333333333	0.2733333333333333	0.25133333333333335	0.242	0.24133333333333334	0.2713333333333333	0.248	0.22666666666666666	0.23333333333333334	0.24733333333333332	0.21666666666666667	0.20666666666666667	0.22533333333333333	0.20933333333333334	0.216	0.19266666666666668	0.208	0.20533333333333334	0.18266666666666667	0.18733333333333332	0.18733333333333332	0.194	0.17	0.20133333333333334	0.15133333333333332	0.15133333333333332	0.162	0.14466666666666667	0.17533333333333334	0.154	0.148	0.13	0.13	0.136	0.13333333333333333	0.12666666666666668	0.13133333333333333	0.12266666666666666	0.14266666666666666	0.13733333333333334	0.134	0.12666666666666668	0.12066666666666667	0.114	0.09666666666666666	0.11333333333333333	0.11066666666666666	0.09933333333333333	0.09866666666666667	0.086	0.09066666666666667	0.082	0.08533333333333333	0.08266666666666667	0.08933333333333333	0.08933333333333333	0.09066666666666667	0.08533333333333333	0.07666666666666666	0.078	0.07333333333333333	0.07733333333333334	0.062	0.06066666666666667	0.06933333333333333	0.06533333333333333	0.07266666666666667	0.05733333333333333	0.06666666666666667	0.05533333333333333	0.06733333333333333	0.042666666666666665	0.05	0.06266666666666666	0.05466666666666667	0.048666666666666664	0.042	0.03333333333333333	0.042	0.04666666666666667	0.03933333333333333	0.034666666666666665	0.03933333333333333	0.03666666666666667	0.042	0.029333333333333333	0.03933333333333333	0.034	0.032	0.03666666666666667	0.027333333333333334	0.028	0.03	0.030666666666666665	
0.30933333333333335	0.30266666666666664	0.2846666666666667	0.2853333333333333	0.27466666666666667	0.24933333333333332	0.26466666666666666	0.27266666666666667	0.25733333333333336	0.248	0.264	0.24333333333333335	0.23533333333333334	0.25466666666666665	0.206	0.22466666666666665	0.20666666666666667	0.20666666666666667	0.22666666666666666	0.21933333333333332	0.23733333333333334	0.19733333333333333	0.192	0.184	0.18333333333333332	0.19133333333333333	0.18066666666666667	0.17533333333333334	0.16333333333333333	0.162	0.154	0.16933333333333334	0.16	0.16733333333333333	0.14933333333333335	0.15666666666666668	0.144	0.138	0.13533333333333333	0.136	0.128	0.118	0.124	0.11133333333333334	0.12	0.12266666666666666	0.11866666666666667	0.134	0.11466666666666667	0.09933333333333333	0.102	0.11333333333333333	0.082	0.11	0.1	0.09466666666666666	0.09	0.092	0.09666666666666666	0.088	0.08133333333333333	0.08733333333333333	0.10133333333333333	0.08533333333333333	0.08533333333333333	0.07333333333333333	0.07866666666666666	0.07533333333333334	0.06666666666666667	0.07133333333333333	0.066	0.066	0.066	0.05333333333333334	0.06533333333333333	0.058666666666666666	0.064	0.04933333333333333	0.044	0.06	0.05333333333333334	0.054	0.036	0.05266666666666667	0.03666666666666667	0.03333333333333333	0.03866666666666667	0.034666666666666665	0.034666666666666665	0.04466666666666667	0.04666666666666667	0.044	0.036	0.028	0.030666666666666665	0.030666666666666665	0.03666666666666667	0.029333333333333333	0.021333333333333333	
0.2773333333333333	0.296	0.25666666666666665	0.27666666666666667	0.274	0.27	0.24266666666666667	0.2753333333333333	0.26066666666666666	0.25466666666666665	0.27466666666666667	0.22066666666666668	0.26866666666666666	0.23466666666666666	0.212	0.23	0.202	0.21733333333333332	0.21066666666666667	0.20733333333333334	0.21733333333333332	0.17733333333333334	0.21266666666666667	0.17533333333333334	0.182	0.184	0.17933333333333334	0.188	0.14133333333333334	0.208	0.174	0.166	0.15	0.17	0.15533333333333332	0.156	0.14933333333333335	0.14266666666666666	0.14066666666666666	0.124	0.14666666666666667	0.13	0.13066666666666665	0.136	0.13933333333333334	0.11466666666666667	0.12533333333333332	0.124	0.11666666666666667	0.10933333333333334	0.10333333333333333	0.092	0.102	0.09866666666666667	0.092	0.088	0.08133333333333333	0.09666666666666666	0.08733333333333333	0.07733333333333334	0.07866666666666666	0.09133333333333334	0.06933333333333333	0.07666666666666666	0.07333333333333333	0.07466666666666667	0.072	0.06466666666666666	0.07666666666666666	0.08466666666666667	0.066	0.06333333333333334	0.062	0.062	0.043333333333333335	0.06933333333333333	0.050666666666666665	0.064	0.054	0.046	0.050666666666666665	0.056	0.052	0.043333333333333335	0.035333333333333335	0.04133333333333333	0.04133333333333333	0.04533333333333334	0.034	0.034	0.04	0.03133333333333333	0.03	0.03666666666666667	0.034666666666666665	0.030666666666666665	0.029333333333333333	0.02	0.02666666666666667	
0.286	0.30266666666666664	0.288	0.25533333333333336	0.2946666666666667	0.2846666666666667	0.27666666666666667	0.25533333333333336	0.25066666666666665	0.24533333333333332	0.234	0.2633333333333333	0.23866666666666667	0.2	0.21333333333333335	0.23066666666666666	0.21733333333333332	0.222	0.20733333333333334	0.21533333333333332	0.20733333333333334	0.19066666666666668	0.182	0.19466666666666665	0.18533333333333332	0.18333333333333332	0.168	0.18	0.16	0.15666666666666668	0.16066666666666668	0.162	0.15733333333333333	0.16533333333333333	0.14933333333333335	0.144	0.136	0.14666666666666667	0.13533333333333333	0.14066666666666666	0.13066666666666665	0.12266666666666666	0.132	0.132	0.12333333333333334	0.10866666666666666	0.11533333333333333	0.118	0.11933333333333333	0.11	0.106	0.098	0.108	0.1	0.09466666666666666	0.09333333333333334	0.07266666666666667	0.08333333333333333	0.084	0.08666666666666667	0.07133333333333333	0.08866666666666667	0.074	0.06266666666666666	0.07666666666666666	0.074	0.078	0.07266666666666667	0.07266666666666667	0.064	0.068	0.068	0.068	0.05533333333333333	0.05733333333333333	0.051333333333333335	0.051333333333333335	0.05733333333333333	0.05333333333333334	0.056	0.052	0.05	0.043333333333333335	0.03666666666666667	0.048666666666666664	0.04466666666666667	0.04133333333333333	0.04066666666666666	0.032	0.035333333333333335	0.026	0.042	0.04	0.03266666666666666	0.034666666666666665	0.028	0.03	0.028	0.028666666666666667	
0.3	0.29333333333333333	0.2733333333333333	0.29	0.286	0.248	0.27466666666666667	0.25733333333333336	0.258	0.25933333333333336	0.254	0.234	0.22933333333333333	0.25	0.202	0.22733333333333333	0.22133333333333333	0.22133333333333333	0.214	0.212	0.212	0.18933333333333333	0.19266666666666668	0.16466666666666666	0.19533333333333333	0.19	0.14866666666666667	0.158	0.18333333333333332	0.16333333333333333	0.16266666666666665	0.15866666666666668	0.164	0.156	0.156	0.14	0.156	0.15333333333333332	0.12933333333333333	0.136	0.12666666666666668	0.12333333333333334	0.13	0.13733333333333334	0.14066666666666666	0.12533333333333332	0.116	0.10933333333333334	0.11266666666666666	0.11933333333333333	0.10133333333333333	0.124	0.10333333333333333	0.11666666666666667	0.09733333333333333	0.096	0.082	0.10333333333333333	0.09533333333333334	0.07933333333333334	0.08933333333333333	0.08066666666666666	0.06866666666666667	0.08666666666666667	0.08533333333333333	0.088	0.07533333333333334	0.06933333333333333	0.068	0.066	0.06733333333333333	0.07733333333333334	0.05733333333333333	0.04933333333333333	0.05533333333333333	0.066	0.07133333333333333	0.05466666666666667	0.052	0.04933333333333333	0.052	0.04133333333333333	0.05266666666666667	0.048666666666666664	0.043333333333333335	0.051333333333333335	0.03866666666666667	0.04	0.04133333333333333	0.03933333333333333	0.030666666666666665	0.026	0.034666666666666665	0.03	0.038	0.03933333333333333	0.025333333333333333	0.030666666666666665	0.037333333333333336	
0.31533333333333335	0.27466666666666667	0.25066666666666665	0.27	0.2633333333333333	0.27666666666666667	0.2786666666666667	0.24666666666666667	0.25666666666666665	0.26266666666666666	0.2733333333333333	0.25	0.21	0.23933333333333334	0.234	0.20466666666666666	0.22133333333333333	0.20466666666666666	0.21066666666666667	0.206	0.204	0.18666666666666668	0.18733333333333332	0.19733333333333333	0.18333333333333332	0.17733333333333334	0.18066666666666667	0.15733333333333333	0.17933333333333334	0.178	0.158	0.13933333333333334	0.14733333333333334	0.15933333333333333	0.14733333333333334	0.13333333333333333	0.132	0.15533333333333332	0.148	0.13066666666666665	0.13	0.12733333333333333	0.13733333333333334	0.122	0.10333333333333333	0.12466666666666666	0.12133333333333333	0.122	0.116	0.11533333333333333	0.12266666666666666	0.10133333333333333	0.09733333333333333	0.106	0.08933333333333333	0.1	0.08533333333333333	0.09333333333333334	0.08466666666666667	0.086	0.07533333333333334	0.088	0.074	0.07133333333333333	0.07133333333333333	0.06666666666666667	0.06733333333333333	0.06933333333333333	0.07666666666666666	0.07666666666666666	0.06533333333333333	0.06866666666666667	0.059333333333333335	0.07266666666666667	0.05733333333333333	0.06066666666666667	0.06	0.044	0.050666666666666665	0.048	0.048666666666666664	0.051333333333333335	0.052	0.04466666666666667	0.04533333333333334	0.046	0.037333333333333336	0.036	0.042666666666666665	0.038	0.028	0.034666666666666665	0.035333333333333335	0.03333333333333333	0.028666666666666667	0.024	0.028666666666666667	0.024666666666666667	0.016666666666666666	
0.30333333333333334	0.2946666666666667	0.2673333333333333	0.2846666666666667	0.2733333333333333	0.25133333333333335	0.266	0.2926666666666667	0.232	0.25266666666666665	0.25333333333333335	0.25133333333333335	0.226	0.234	0.22733333333333333	0.21933333333333332	0.228	0.202	0.206	0.20866666666666667	0.18466666666666667	0.20533333333333334	0.196	0.20733333333333334	0.198	0.184	0.17666666666666667	0.172	0.17533333333333334	0.16866666666666666	0.15266666666666667	0.16133333333333333	0.162	0.15866666666666668	0.14933333333333335	0.14466666666666667	0.14133333333333334	0.12733333333333333	0.164	0.144	0.12733333333333333	0.14	0.13866666666666666	0.11466666666666667	0.13333333333333333	0.12133333333333333	0.124	0.10733333333333334	0.10066666666666667	0.09133333333333334	0.11	0.10333333333333333	0.10333333333333333	0.1	0.10066666666666667	0.09266666666666666	0.09333333333333334	0.09866666666666667	0.09066666666666667	0.084	0.09266666666666666	0.072	0.082	0.09	0.08133333333333333	0.08	0.06733333333333333	0.066	0.07533333333333334	0.06866666666666667	0.068	0.06333333333333334	0.066	0.06266666666666666	0.058	0.05333333333333334	0.05333333333333334	0.056	0.04933333333333333	0.04933333333333333	0.044	0.06	0.04133333333333333	0.05	0.03933333333333333	0.044	0.03866666666666667	0.029333333333333333	0.038	0.043333333333333335	0.035333333333333335	0.03	0.030666666666666665	0.03133333333333333	0.025333333333333333	0.028666666666666667	0.023333333333333334	0.029333333333333333	0.02666666666666667	
0.3006666666666667	0.31933333333333336	0.294	0.29333333333333333	0.29333333333333333	0.25733333333333336	0.2633333333333333	0.24866666666666667	0.268	0.21133333333333335	0.26266666666666666	0.24133333333333334	0.25866666666666666	0.22933333333333333	0.21533333333333332	0.224	0.22466666666666665	0.18	0.214	0.182	0.19666666666666666	0.19866666666666666	0.18533333333333332	0.20933333333333334	0.174	0.176	0.17866666666666667	0.158	0.16466666666666666	0.16733333333333333	0.16333333333333333	0.158	0.14266666666666666	0.16866666666666666	0.15	0.15933333333333333	0.16733333333333333	0.13733333333333334	0.148	0.12933333333333333	0.126	0.14733333333333334	0.13066666666666665	0.11333333333333333	0.138	0.114	0.11266666666666666	0.10666666666666667	0.11333333333333333	0.10333333333333333	0.096	0.10733333333333334	0.10533333333333333	0.10266666666666667	0.09466666666666666	0.09333333333333334	0.09333333333333334	0.09533333333333334	0.09266666666666666	0.09133333333333334	0.08266666666666667	0.09133333333333334	0.07866666666666666	0.07066666666666667	0.07466666666666667	0.064	0.07133333333333333	0.068	0.06933333333333333	0.066	0.066	0.06333333333333334	0.06266666666666666	0.06066666666666667	0.058	0.048666666666666664	0.05333333333333334	0.06	0.043333333333333335	0.04666666666666667	0.04666666666666667	0.042666666666666665	0.046	0.04	0.042666666666666665	0.04466666666666667	0.03866666666666667	0.04066666666666666	0.038	0.034666666666666665	0.034	0.036	0.034	0.04	0.03333333333333333	0.030666666666666665	0.034	0.025333333333333333	0.028666666666666667	
0.3006666666666667	0.27266666666666667	0.2866666666666667	0.2853333333333333	0.254	0.274	0.25266666666666665	0.256	0.2633333333333333	0.24133333333333334	0.26666666666666666	0.24133333333333334	0.228	0.21066666666666667	0.21266666666666667	0.22	0.21466666666666667	0.21666666666666667	0.21733333333333332	0.204	0.20666666666666667	0.208	0.17266666666666666	0.19733333333333333	0.188	0.18533333333333332	0.17266666666666666	0.17	0.17733333333333334	0.178	0.166	0.14133333333333334	0.15533333333333332	0.16733333333333333	0.17	0.15	0.13933333333333334	0.136	0.13	0.13733333333333334	0.144	0.126	0.11866666666666667	0.13266666666666665	0.13666666666666666	0.122	0.12466666666666666	0.12	0.128	0.12	0.10666666666666667	0.11	0.10666666666666667	0.10466666666666667	0.094	0.09133333333333334	0.086	0.09533333333333334	0.08533333333333333	0.08066666666666666	0.06866666666666667	0.078	0.09466666666666666	0.072	0.09266666666666666	0.08533333333333333	0.06666666666666667	0.07266666666666667	0.072	0.078	0.06933333333333333	0.064	0.058	0.05466666666666667	0.05333333333333334	0.05333333333333334	0.043333333333333335	0.044	0.04933333333333333	0.051333333333333335	0.046	0.04933333333333333	0.04733333333333333	0.05	0.04466666666666667	0.042666666666666665	0.03333333333333333	0.03666666666666667	0.032	0.044	0.03666666666666667	0.03666666666666667	0.038	0.036	0.03133333333333333	0.03333333333333333	0.027333333333333334	0.03133333333333333	0.034	
0.3233333333333333	0.2826666666666667	0.302	0.2793333333333333	0.282	0.25733333333333336	0.26066666666666666	0.25666666666666665	0.24333333333333335	0.2653333333333333	0.24666666666666667	0.24066666666666667	0.21666666666666667	0.21	0.222	0.19133333333333333	0.21133333333333335	0.202	0.21866666666666668	0.20533333333333334	0.21	0.16333333333333333	0.212	0.18933333333333333	0.20666666666666667	0.182	0.17133333333333334	0.19266666666666668	0.156	0.17866666666666667	0.166	0.182	0.17333333333333334	0.17533333333333334	0.158	0.144	0.13866666666666666	0.15266666666666667	0.14666666666666667	0.13266666666666665	0.14266666666666666	0.13266666666666665	0.11	0.12066666666666667	0.11933333333333333	0.122	0.10666666666666667	0.124	0.108	0.10266666666666667	0.09066666666666667	0.11	0.10266666666666667	0.09866666666666667	0.09533333333333334	0.08133333333333333	0.08466666666666667	0.092	0.08533333333333333	0.08933333333333333	0.08	0.07266666666666667	0.074	0.06533333333333333	0.082	0.07733333333333334	0.07666666666666666	0.07533333333333334	0.06533333333333333	0.07466666666666667	0.06533333333333333	0.062	0.06733333333333333	0.06533333333333333	0.06066666666666667	0.05	0.056666666666666664	0.048	0.058	0.059333333333333335	0.048666666666666664	0.037333333333333336	0.04933333333333333	0.043333333333333335	0.03866666666666667	0.042	0.04733333333333333	0.038	0.03866666666666667	0.04666666666666667	0.028	0.034	0.043333333333333335	0.03266666666666666	0.044	0.03333333333333333	0.03	0.028	0.028666666666666667	
0.28933333333333333	0.31266666666666665	0.2613333333333333	0.2693333333333333	0.2733333333333333	0.26	0.2806666666666667	0.278	0.246	0.25866666666666666	0.24133333333333334	0.27	0.23333333333333334	0.22733333333333333	0.23666666666666666	0.20733333333333334	0.226	0.21133333333333335	0.21133333333333335	0.18933333333333333	0.20933333333333334	0.19466666666666665	0.20666666666666667	0.18933333333333333	0.17733333333333334	0.17133333333333334	0.17466666666666666	0.17333333333333334	0.17466666666666666	0.15866666666666668	0.162	0.164	0.156	0.164	0.15333333333333332	0.15333333333333332	0.14066666666666666	0.13666666666666666	0.14	0.12733333333333333	0.13466666666666666	0.12333333333333334	0.144	0.12666666666666668	0.11133333333333334	0.12333333333333334	0.11666666666666667	0.12266666666666666	0.11733333333333333	0.10733333333333334	0.09866666666666667	0.102	0.10466666666666667	0.09666666666666666	0.08533333333333333	0.10666666666666667	0.098	0.08333333333333333	0.086	0.08866666666666667	0.09	0.074	0.06866666666666667	0.072	0.06733333333333333	0.06933333333333333	0.06666666666666667	0.06466666666666666	0.06666666666666667	0.06733333333333333	0.07533333333333334	0.06533333333333333	0.052	0.054	0.05533333333333333	0.06	0.056666666666666664	0.059333333333333335	0.054	0.05	0.04733333333333333	0.043333333333333335	0.043333333333333335	0.04466666666666667	0.036	0.05	0.04466666666666667	0.042	0.037333333333333336	0.034666666666666665	0.03333333333333333	0.04066666666666666	0.044	0.028666666666666667	0.03933333333333333	0.029333333333333333	0.02266666666666667	0.022	0.03266666666666666	
0.29333333333333333	0.29333333333333333	0.2633333333333333	0.2753333333333333	0.2773333333333333	0.25533333333333336	0.25066666666666665	0.21066666666666667	0.2633333333333333	0.25466666666666665	0.238	0.256	0.21866666666666668	0.22933333333333333	0.22466666666666665	0.21	0.236	0.22266666666666668	0.19733333333333333	0.21066666666666667	0.20133333333333334	0.19333333333333333	0.20466666666666666	0.18466666666666667	0.17533333333333334	0.182	0.20066666666666666	0.198	0.17666666666666667	0.164	0.17	0.152	0.16733333333333333	0.152	0.134	0.15	0.16	0.128	0.13266666666666665	0.118	0.148	0.138	0.14266666666666666	0.13333333333333333	0.12733333333333333	0.116	0.12	0.13	0.10533333333333333	0.12	0.102	0.10333333333333333	0.11	0.09866666666666667	0.104	0.092	0.07666666666666666	0.09133333333333334	0.082	0.09266666666666666	0.09333333333333334	0.08333333333333333	0.08666666666666667	0.08666666666666667	0.06933333333333333	0.07866666666666666	0.07133333333333333	0.08733333333333333	0.06733333333333333	0.07266666666666667	0.064	0.06333333333333334	0.058	0.06	0.058	0.050666666666666665	0.05466666666666667	0.052	0.056	0.05266666666666667	0.05266666666666667	0.042	0.04933333333333333	0.042	0.03333333333333333	0.04666666666666667	0.037333333333333336	0.042	0.032	0.050666666666666665	0.032	0.038	0.029333333333333333	0.034666666666666665	0.027333333333333334	0.03266666666666666	0.028666666666666667	0.021333333333333333	0.036	
0.2906666666666667	0.2886666666666667	0.2813333333333333	0.28	0.27666666666666667	0.2653333333333333	0.25266666666666665	0.256	0.24533333333333332	0.26	0.264	0.22733333333333333	0.22466666666666665	0.234	0.22533333333333333	0.224	0.23133333333333334	0.21133333333333335	0.19933333333333333	0.21666666666666667	0.18733333333333332	0.21466666666666667	0.17466666666666666	0.182	0.16866666666666666	0.18266666666666667	0.17466666666666666	0.17266666666666666	0.18466666666666667	0.15933333333333333	0.17533333333333334	0.154	0.16466666666666666	0.13733333333333334	0.158	0.14066666666666666	0.136	0.14866666666666667	0.12933333333333333	0.126	0.13733333333333334	0.13733333333333334	0.12866666666666668	0.14733333333333334	0.12666666666666668	0.11733333333333333	0.12333333333333334	0.116	0.10866666666666666	0.11	0.11466666666666667	0.09933333333333333	0.1	0.09	0.09866666666666667	0.09066666666666667	0.08733333333333333	0.08333333333333333	0.088	0.09266666666666666	0.08266666666666667	0.09133333333333334	0.07866666666666666	0.07466666666666667	0.07	0.08	0.06066666666666667	0.07866666666666666	0.072	0.064	0.06666666666666667	0.058666666666666666	0.05333333333333334	0.06333333333333334	0.05266666666666667	0.056	0.06333333333333334	0.06133333333333333	0.05333333333333334	0.048666666666666664	0.05533333333333333	0.05466666666666667	0.042	0.048	0.04666666666666667	0.043333333333333335	0.043333333333333335	0.05	0.04133333333333333	0.036	0.038	0.029333333333333333	0.03133333333333333	0.026	0.028666666666666667	0.03333333333333333	0.026	0.020666666666666667	0.027333333333333334	
0.26866666666666666	0.2906666666666667	0.282	0.2806666666666667	0.27266666666666667	0.284	0.27466666666666667	0.262	0.276	0.244	0.238	0.228	0.23733333333333334	0.22333333333333333	0.22866666666666666	0.22733333333333333	0.224	0.214	0.21866666666666668	0.20533333333333334	0.20733333333333334	0.194	0.18066666666666667	0.18133333333333335	0.178	0.17866666666666667	0.19266666666666668	0.18333333333333332	0.18133333333333335	0.168	0.16133333333333333	0.17066666666666666	0.16333333333333333	0.15	0.146	0.14666666666666667	0.138	0.12	0.134	0.132	0.14866666666666667	0.12466666666666666	0.12866666666666668	0.12866666666666668	0.12933333333333333	0.12133333333333333	0.118	0.11133333333333334	0.10733333333333334	0.09733333333333333	0.10933333333333334	0.11066666666666666	0.102	0.114	0.092	0.09533333333333334	0.08866666666666667	0.09933333333333333	0.09466666666666666	0.07133333333333333	0.08666666666666667	0.07733333333333334	0.08266666666666667	0.07733333333333334	0.066	0.06533333333333333	0.07466666666666667	0.06133333333333333	0.066	0.07266666666666667	0.068	0.064	0.06666666666666667	0.06	0.05466666666666667	0.056	0.05533333333333333	0.054	0.05733333333333333	0.05	0.058	0.05	0.04933333333333333	0.044	0.038	0.044	0.036	0.042666666666666665	0.036	0.03933333333333333	0.035333333333333335	0.038	0.04	0.029333333333333333	0.018666666666666668	0.036	0.028	0.037333333333333336	0.026	
0.284	0.2926666666666667	0.26666666666666666	0.282	0.24666666666666667	0.2693333333333333	0.24733333333333332	0.25533333333333336	0.242	0.24133333333333334	0.24333333333333335	0.24666666666666667	0.23	0.24133333333333334	0.20733333333333334	0.22533333333333333	0.20266666666666666	0.2	0.21133333333333335	0.21533333333333332	0.19866666666666666	0.182	0.2	0.19666666666666666	0.18866666666666668	0.16466666666666666	0.188	0.18266666666666667	0.178	0.16066666666666668	0.16	0.17333333333333334	0.15733333333333333	0.15866666666666668	0.16133333333333333	0.14266666666666666	0.13066666666666665	0.13066666666666665	0.13666666666666666	0.14333333333333334	0.126	0.128	0.12533333333333332	0.122	0.12333333333333334	0.11133333333333334	0.10733333333333334	0.128	0.10866666666666666	0.10866666666666666	0.09933333333333333	0.09733333333333333	0.09733333333333333	0.09333333333333334	0.094	0.08666666666666667	0.10333333333333333	0.08866666666666667	0.08933333333333333	0.09333333333333334	0.09066666666666667	0.084	0.06866666666666667	0.07666666666666666	0.08133333333333333	0.07733333333333334	0.07133333333333333	0.08	0.058666666666666666	0.05533333333333333	0.05266666666666667	0.06533333333333333	0.05533333333333333	0.051333333333333335	0.072	0.050666666666666665	0.05266666666666667	0.048	0.04933333333333333	0.04	0.05733333333333333	0.05266666666666667	0.044	0.04666666666666667	0.04	0.042	0.034666666666666665	0.042	0.04466666666666667	0.042	0.030666666666666665	0.035333333333333335	0.035333333333333335	0.034666666666666665	0.02666666666666667	0.03266666666666666	0.029333333333333333	0.025333333333333333	0.030666666666666665	
0.29733333333333334	0.29333333333333333	0.25666666666666665	0.292	0.25	0.244	0.2673333333333333	0.2713333333333333	0.25133333333333335	0.23133333333333334	0.24266666666666667	0.21866666666666668	0.24066666666666667	0.232	0.24	0.22733333333333333	0.20933333333333334	0.19866666666666666	0.21733333333333332	0.20266666666666666	0.22533333333333333	0.20933333333333334	0.188	0.21866666666666668	0.202	0.182	0.17466666666666666	0.17	0.18133333333333335	0.15266666666666667	0.15533333333333332	0.172	0.15533333333333332	0.16	0.15	0.132	0.15466666666666667	0.148	0.136	0.132	0.12533333333333332	0.128	0.11666666666666667	0.11666666666666667	0.112	0.12133333333333333	0.12866666666666668	0.128	0.11466666666666667	0.11333333333333333	0.108	0.09733333333333333	0.09733333333333333	0.102	0.09933333333333333	0.104	0.098	0.08	0.07733333333333334	0.084	0.09266666666666666	0.07933333333333334	0.09066666666666667	0.072	0.06533333333333333	0.08	0.06866666666666667	0.078	0.07066666666666667	0.05533333333333333	0.06866666666666667	0.058	0.056666666666666664	0.048666666666666664	0.06933333333333333	0.064	0.044	0.06533333333333333	0.059333333333333335	0.052	0.04666666666666667	0.042	0.046	0.04533333333333334	0.043333333333333335	0.04133333333333333	0.04066666666666666	0.034	0.03666666666666667	0.03866666666666667	0.03666666666666667	0.030666666666666665	0.028	0.038	0.03266666666666666	0.035333333333333335	0.03133333333333333	0.023333333333333334	0.024	
0.306	0.286	0.2773333333333333	0.284	0.27666666666666667	0.2826666666666667	0.26266666666666666	0.25866666666666666	0.26466666666666666	0.24	0.24	0.25466666666666665	0.24333333333333335	0.21733333333333332	0.228	0.222	0.21133333333333335	0.192	0.212	0.196	0.22466666666666665	0.20133333333333334	0.202	0.19333333333333333	0.18333333333333332	0.18666666666666668	0.194	0.16933333333333334	0.17133333333333334	0.18266666666666667	0.15733333333333333	0.15	0.142	0.152	0.138	0.15933333333333333	0.144	0.13866666666666666	0.12933333333333333	0.15	0.14533333333333334	0.142	0.12933333333333333	0.12866666666666668	0.12133333333333333	0.11066666666666666	0.11666666666666667	0.122	0.10533333333333333	0.12	0.12466666666666666	0.10066666666666667	0.10866666666666666	0.114	0.10133333333333333	0.09933333333333333	0.10866666666666666	0.09933333333333333	0.08666666666666667	0.094	0.076	0.084	0.08733333333333333	0.07133333333333333	0.08133333333333333	0.06866666666666667	0.07133333333333333	0.07533333333333334	0.059333333333333335	0.06333333333333334	0.05733333333333333	0.06666666666666667	0.05466666666666667	0.07133333333333333	0.064	0.06666666666666667	0.056666666666666664	0.058	0.050666666666666665	0.04	0.059333333333333335	0.05733333333333333	0.051333333333333335	0.03133333333333333	0.044	0.037333333333333336	0.037333333333333336	0.03866666666666667	0.03333333333333333	0.032	0.03866666666666667	0.030666666666666665	0.034	0.025333333333333333	0.034666666666666665	0.024666666666666667	0.032	0.032	0.019333333333333334	
0.30333333333333334	0.30466666666666664	0.27666666666666667	0.27066666666666667	0.2793333333333333	0.276	0.22466666666666665	0.25666666666666665	0.23733333333333334	0.23933333333333334	0.23333333333333334	0.234	0.22733333333333333	0.25	0.23933333333333334	0.22666666666666666	0.234	0.208	0.214	0.218	0.198	0.17466666666666666	0.19266666666666668	0.18733333333333332	0.184	0.18666666666666668	0.182	0.16333333333333333	0.154	0.15866666666666668	0.14866666666666667	0.14533333333333334	0.17	0.16133333333333333	0.15666666666666668	0.15933333333333333	0.13733333333333334	0.138	0.15	0.14466666666666667	0.132	0.13533333333333333	0.13333333333333333	0.118	0.11133333333333334	0.11066666666666666	0.12933333333333333	0.12466666666666666	0.10333333333333333	0.11333333333333333	0.10866666666666666	0.11866666666666667	0.11333333333333333	0.09266666666666666	0.09533333333333334	0.094	0.10266666666666667	0.098	0.08866666666666667	0.084	0.08933333333333333	0.07466666666666667	0.08133333333333333	0.08066666666666666	0.07733333333333334	0.068	0.06866666666666667	0.08733333333333333	0.06466666666666666	0.06	0.06933333333333333	0.048666666666666664	0.074	0.074	0.056666666666666664	0.052	0.056	0.066	0.058	0.048	0.056666666666666664	0.048	0.05	0.04	0.048666666666666664	0.04133333333333333	0.04133333333333333	0.048	0.03666666666666667	0.04066666666666666	0.038	0.030666666666666665	0.03133333333333333	0.028666666666666667	0.026	0.03133333333333333	0.024666666666666667	0.029333333333333333	0.024666666666666667	
0.302	0.31	0.2926666666666667	0.25933333333333336	0.286	0.284	0.248	0.24066666666666667	0.24733333333333332	0.25933333333333336	0.25933333333333336	0.23533333333333334	0.22533333333333333	0.20533333333333334	0.248	0.214	0.25	0.19533333333333333	0.224	0.208	0.192	0.18666666666666668	0.20066666666666666	0.18333333333333332	0.19333333333333333	0.17866666666666667	0.17866666666666667	0.17866666666666667	0.16333333333333333	0.166	0.15933333333333333	0.15933333333333333	0.15466666666666667	0.15333333333333332	0.14333333333333334	0.158	0.15133333333333332	0.15333333333333332	0.15466666666666667	0.14933333333333335	0.12266666666666666	0.13733333333333334	0.12866666666666668	0.132	0.136	0.11466666666666667	0.11733333333333333	0.12666666666666668	0.09466666666666666	0.11933333333333333	0.10933333333333334	0.114	0.08866666666666667	0.09533333333333334	0.09	0.08	0.09066666666666667	0.078	0.09666666666666666	0.08866666666666667	0.08	0.08066666666666666	0.08866666666666667	0.08733333333333333	0.07066666666666667	0.08333333333333333	0.06	0.058666666666666666	0.056	0.07333333333333333	0.06533333333333333	0.064	0.078	0.06133333333333333	0.06533333333333333	0.06	0.056666666666666664	0.06	0.050666666666666665	0.046	0.05533333333333333	0.043333333333333335	0.05	0.04533333333333334	0.04	0.037333333333333336	0.03933333333333333	0.04133333333333333	0.044	0.03333333333333333	0.03266666666666666	0.044	0.032	0.023333333333333334	0.030666666666666665	0.032	0.03266666666666666	0.026	0.020666666666666667	
0.2886666666666667	0.2886666666666667	0.258	0.286	0.26066666666666666	0.284	0.25133333333333335	0.24266666666666667	0.256	0.254	0.252	0.236	0.22333333333333333	0.242	0.21533333333333332	0.23266666666666666	0.20933333333333334	0.21266666666666667	0.22333333333333333	0.18066666666666667	0.20533333333333334	0.194	0.18133333333333335	0.188	0.18133333333333335	0.17066666666666666	0.17666666666666667	0.17	0.17	0.16133333333333333	0.16666666666666666	0.14733333333333334	0.14666666666666667	0.14466666666666667	0.15733333333333333	0.15666666666666668	0.166	0.14866666666666667	0.14	0.132	0.13733333333333334	0.12	0.146	0.12133333333333333	0.12333333333333334	0.11066666666666666	0.13666666666666666	0.11333333333333333	0.11066666666666666	0.10533333333333333	0.11666666666666667	0.10066666666666667	0.10066666666666667	0.10066666666666667	0.10266666666666667	0.08866666666666667	0.08866666666666667	0.09933333333333333	0.09266666666666666	0.09133333333333334	0.08066666666666666	0.10266666666666667	0.074	0.06	0.06533333333333333	0.07866666666666666	0.084	0.076	0.06	0.07733333333333334	0.058	0.051333333333333335	0.06466666666666666	0.06066666666666667	0.058	0.056	0.05733333333333333	0.062	0.052	0.04133333333333333	0.050666666666666665	0.054	0.048666666666666664	0.048666666666666664	0.04466666666666667	0.054	0.036	0.03933333333333333	0.04733333333333333	0.03	0.03866666666666667	0.034	0.03	0.030666666666666665	0.03	0.034	0.018666666666666668	0.026	0.023333333333333334	
0.294	0.318	0.2653333333333333	0.25533333333333336	0.264	0.25733333333333336	0.2673333333333333	0.25466666666666665	0.25133333333333335	0.226	0.256	0.25066666666666665	0.24266666666666667	0.23066666666666666	0.21333333333333335	0.19666666666666666	0.19333333333333333	0.21333333333333335	0.222	0.20333333333333334	0.22066666666666668	0.20333333333333334	0.19333333333333333	0.19466666666666665	0.18933333333333333	0.17466666666666666	0.16	0.17266666666666666	0.16333333333333333	0.16133333333333333	0.178	0.152	0.15666666666666668	0.144	0.146	0.14666666666666667	0.14	0.14	0.13933333333333334	0.14333333333333334	0.13666666666666666	0.13533333333333333	0.116	0.12066666666666667	0.12733333333333333	0.11866666666666667	0.10866666666666666	0.128	0.12066666666666667	0.10266666666666667	0.11	0.10733333333333334	0.09133333333333334	0.09266666666666666	0.084	0.10533333333333333	0.09	0.08466666666666667	0.09266666666666666	0.08	0.07066666666666667	0.06733333333333333	0.09133333333333334	0.078	0.08	0.07066666666666667	0.072	0.08	0.06866666666666667	0.06933333333333333	0.06266666666666666	0.058666666666666666	0.056	0.056666666666666664	0.05466666666666667	0.042666666666666665	0.05	0.04466666666666667	0.04666666666666667	0.048	0.062	0.048	0.044	0.03333333333333333	0.04666666666666667	0.036	0.04533333333333334	0.037333333333333336	0.03933333333333333	0.034666666666666665	0.023333333333333334	0.03266666666666666	0.029333333333333333	0.032	0.042	0.04	0.02266666666666667	0.029333333333333333	0.03333333333333333	
0.28933333333333333	0.29333333333333333	0.2653333333333333	0.26866666666666666	0.25733333333333336	0.2826666666666667	0.26666666666666666	0.23333333333333334	0.25466666666666665	0.23733333333333334	0.238	0.234	0.22933333333333333	0.23	0.21133333333333335	0.20066666666666666	0.20733333333333334	0.19733333333333333	0.21	0.20066666666666666	0.222	0.182	0.18866666666666668	0.19466666666666665	0.16666666666666666	0.18466666666666667	0.176	0.16933333333333334	0.158	0.176	0.172	0.16266666666666665	0.14666666666666667	0.15533333333333332	0.15866666666666668	0.15	0.14933333333333335	0.12133333333333333	0.13733333333333334	0.15866666666666668	0.15333333333333332	0.138	0.14266666666666666	0.13466666666666666	0.128	0.11866666666666667	0.102	0.12066666666666667	0.098	0.11066666666666666	0.09866666666666667	0.11466666666666667	0.08933333333333333	0.092	0.08666666666666667	0.09533333333333334	0.098	0.092	0.094	0.092	0.092	0.08133333333333333	0.084	0.07733333333333334	0.068	0.076	0.082	0.07666666666666666	0.06466666666666666	0.062	0.058666666666666666	0.05333333333333334	0.06	0.058666666666666666	0.06333333333333334	0.056666666666666664	0.058666666666666666	0.05	0.059333333333333335	0.056666666666666664	0.042666666666666665	0.04733333333333333	0.04933333333333333	0.048	0.05	0.04466666666666667	0.034	0.04133333333333333	0.028666666666666667	0.03933333333333333	0.03266666666666666	0.03333333333333333	0.03333333333333333	0.03666666666666667	0.029333333333333333	0.02666666666666667	0.030666666666666665	0.026	0.024666666666666667	
0.29933333333333334	0.2773333333333333	0.30466666666666664	0.304	0.28933333333333333	0.26	0.254	0.23866666666666667	0.25733333333333336	0.25333333333333335	0.25333333333333335	0.25333333333333335	0.216	0.22733333333333333	0.216	0.214	0.18666666666666668	0.208	0.20466666666666666	0.20733333333333334	0.192	0.194	0.192	0.178	0.18866666666666668	0.18	0.18666666666666668	0.16733333333333333	0.17866666666666667	0.174	0.166	0.14666666666666667	0.158	0.156	0.15733333333333333	0.14066666666666666	0.14466666666666667	0.14466666666666667	0.12466666666666666	0.14133333333333334	0.124	0.13933333333333334	0.12266666666666666	0.128	0.122	0.128	0.11733333333333333	0.096	0.112	0.11266666666666666	0.114	0.09666666666666666	0.10666666666666667	0.10066666666666667	0.09333333333333334	0.106	0.09333333333333334	0.08266666666666667	0.08666666666666667	0.07866666666666666	0.08666666666666667	0.09266666666666666	0.07133333333333333	0.07666666666666666	0.07533333333333334	0.068	0.06933333333333333	0.07866666666666666	0.06733333333333333	0.06066666666666667	0.06933333333333333	0.056	0.058666666666666666	0.05333333333333334	0.056666666666666664	0.054	0.06333333333333334	0.054	0.05533333333333333	0.052	0.04	0.04466666666666667	0.04666666666666667	0.048666666666666664	0.037333333333333336	0.03666666666666667	0.04533333333333334	0.03933333333333333	0.037333333333333336	0.04733333333333333	0.036	0.044	0.03333333333333333	0.038	0.03	0.02666666666666667	0.028666666666666667	0.027333333333333334	0.023333333333333334	
0.30533333333333335	0.278	0.28733333333333333	0.26866666666666666	0.27	0.26866666666666666	0.24	0.27066666666666667	0.26266666666666666	0.232	0.242	0.21533333333333332	0.23933333333333334	0.24266666666666667	0.232	0.22	0.22466666666666665	0.198	0.22466666666666665	0.174	0.20666666666666667	0.19533333333333333	0.17866666666666667	0.18066666666666667	0.17666666666666667	0.18866666666666668	0.178	0.18533333333333332	0.17933333333333334	0.16333333333333333	0.15066666666666667	0.158	0.142	0.15333333333333332	0.15266666666666667	0.154	0.13333333333333333	0.13533333333333333	0.142	0.144	0.13133333333333333	0.116	0.124	0.134	0.13666666666666666	0.124	0.11666666666666667	0.11	0.11533333333333333	0.11466666666666667	0.10666666666666667	0.11	0.10466666666666667	0.09266666666666666	0.092	0.09133333333333334	0.09266666666666666	0.07066666666666667	0.09066666666666667	0.076	0.09066666666666667	0.076	0.07	0.078	0.07333333333333333	0.06733333333333333	0.06533333333333333	0.06666666666666667	0.064	0.059333333333333335	0.06466666666666666	0.06533333333333333	0.07266666666666667	0.05466666666666667	0.056666666666666664	0.059333333333333335	0.06133333333333333	0.04933333333333333	0.059333333333333335	0.05533333333333333	0.06133333333333333	0.046	0.04	0.04533333333333334	0.044	0.04666666666666667	0.037333333333333336	0.04533333333333334	0.028	0.04	0.042	0.03333333333333333	0.036	0.03	0.03266666666666666	0.025333333333333333	0.03666666666666667	0.028666666666666667	0.020666666666666667	
0.296	0.292	0.262	0.2846666666666667	0.274	0.24333333333333335	0.27066666666666667	0.272	0.23066666666666666	0.23	0.254	0.22066666666666668	0.23133333333333334	0.21066666666666667	0.222	0.232	0.212	0.19133333333333333	0.20733333333333334	0.196	0.19933333333333333	0.22733333333333333	0.18333333333333332	0.18133333333333335	0.19933333333333333	0.18866666666666668	0.188	0.18066666666666667	0.18466666666666667	0.18066666666666667	0.168	0.17266666666666666	0.15266666666666667	0.14533333333333334	0.148	0.13133333333333333	0.13733333333333334	0.14333333333333334	0.14066666666666666	0.12466666666666666	0.118	0.13333333333333333	0.14933333333333335	0.114	0.14133333333333334	0.10933333333333334	0.12733333333333333	0.122	0.102	0.09533333333333334	0.11066666666666666	0.10466666666666667	0.10266666666666667	0.09533333333333334	0.09466666666666666	0.1	0.106	0.08666666666666667	0.09266666666666666	0.08933333333333333	0.09	0.08333333333333333	0.07266666666666667	0.08133333333333333	0.072	0.07266666666666667	0.07733333333333334	0.06666666666666667	0.07933333333333334	0.07533333333333334	0.07466666666666667	0.058	0.058	0.06933333333333333	0.054	0.062	0.06666666666666667	0.064	0.04533333333333334	0.05266666666666667	0.048666666666666664	0.058	0.058	0.03933333333333333	0.04066666666666666	0.04666666666666667	0.042666666666666665	0.038	0.036	0.038	0.028666666666666667	0.028666666666666667	0.03	0.03866666666666667	0.025333333333333333	0.023333333333333334	0.03266666666666666	0.03	0.03266666666666666	
0.31333333333333335	0.27466666666666667	0.27266666666666667	0.282	0.28733333333333333	0.254	0.254	0.23933333333333334	0.244	0.22933333333333333	0.256	0.234	0.21533333333333332	0.234	0.22666666666666666	0.216	0.222	0.192	0.20533333333333334	0.20533333333333334	0.214	0.19866666666666666	0.20733333333333334	0.17666666666666667	0.18533333333333332	0.17933333333333334	0.162	0.18733333333333332	0.152	0.18066666666666667	0.15933333333333333	0.15466666666666667	0.144	0.138	0.134	0.142	0.13466666666666666	0.15466666666666667	0.14266666666666666	0.13466666666666666	0.13866666666666666	0.126	0.126	0.12533333333333332	0.12933333333333333	0.12	0.10733333333333334	0.11933333333333333	0.106	0.10133333333333333	0.11533333333333333	0.094	0.106	0.11	0.09133333333333334	0.09466666666666666	0.08133333333333333	0.08266666666666667	0.08066666666666666	0.08466666666666667	0.08466666666666667	0.08466666666666667	0.08733333333333333	0.08333333333333333	0.06933333333333333	0.07466666666666667	0.072	0.06666666666666667	0.056666666666666664	0.06	0.06333333333333334	0.06866666666666667	0.06466666666666666	0.058	0.059333333333333335	0.050666666666666665	0.05733333333333333	0.058	0.048	0.054	0.051333333333333335	0.04666666666666667	0.04733333333333333	0.050666666666666665	0.042	0.03933333333333333	0.043333333333333335	0.034	0.04133333333333333	0.03666666666666667	0.028	0.03333333333333333	0.037333333333333336	0.028666666666666667	0.03	0.032	0.024666666666666667	0.028	0.02	
0.28933333333333333	0.29733333333333334	0.262	0.3	0.2806666666666667	0.26	0.27666666666666667	0.22133333333333333	0.24933333333333332	0.24	0.25466666666666665	0.24733333333333332	0.216	0.22866666666666666	0.218	0.19733333333333333	0.22466666666666665	0.192	0.20666666666666667	0.19466666666666665	0.19133333333333333	0.20933333333333334	0.19333333333333333	0.184	0.18666666666666668	0.18066666666666667	0.176	0.18266666666666667	0.16533333333333333	0.16933333333333334	0.148	0.168	0.15	0.17	0.15066666666666667	0.14333333333333334	0.14	0.14	0.142	0.134	0.13066666666666665	0.13533333333333333	0.118	0.09933333333333333	0.12866666666666668	0.11133333333333334	0.10933333333333334	0.11	0.118	0.11666666666666667	0.11266666666666666	0.114	0.10466666666666667	0.11533333333333333	0.08866666666666667	0.10133333333333333	0.08466666666666667	0.082	0.08	0.08	0.09133333333333334	0.07266666666666667	0.096	0.07266666666666667	0.07466666666666667	0.08533333333333333	0.06666666666666667	0.07266666666666667	0.06	0.074	0.05733333333333333	0.05266666666666667	0.050666666666666665	0.050666666666666665	0.06133333333333333	0.05333333333333334	0.048666666666666664	0.046	0.042666666666666665	0.048	0.04933333333333333	0.058	0.046	0.051333333333333335	0.044	0.042666666666666665	0.03866666666666667	0.04466666666666667	0.029333333333333333	0.03666666666666667	0.042	0.03266666666666666	0.02666666666666667	0.03333333333333333	0.032	0.025333333333333333	0.034	0.03266666666666666	0.022	
0.2793333333333333	0.304	0.2733333333333333	0.268	0.2806666666666667	0.2613333333333333	0.25466666666666665	0.25333333333333335	0.25533333333333336	0.246	0.22933333333333333	0.226	0.23866666666666667	0.21133333333333335	0.19933333333333333	0.226	0.228	0.202	0.20866666666666667	0.20666666666666667	0.19733333333333333	0.20533333333333334	0.19866666666666666	0.19666666666666666	0.22066666666666668	0.17333333333333334	0.174	0.14666666666666667	0.16733333333333333	0.17933333333333334	0.14733333333333334	0.17466666666666666	0.16	0.154	0.15666666666666668	0.164	0.13933333333333334	0.15066666666666667	0.14333333333333334	0.146	0.13666666666666666	0.134	0.13466666666666666	0.12933333333333333	0.10466666666666667	0.11533333333333333	0.116	0.12	0.11466666666666667	0.10666666666666667	0.112	0.10466666666666667	0.098	0.118	0.10133333333333333	0.092	0.106	0.094	0.09533333333333334	0.09333333333333334	0.07333333333333333	0.08	0.08466666666666667	0.06333333333333334	0.07066666666666667	0.07533333333333334	0.056666666666666664	0.066	0.07533333333333334	0.066	0.07	0.07066666666666667	0.072	0.059333333333333335	0.050666666666666665	0.05	0.056666666666666664	0.05533333333333333	0.05266666666666667	0.059333333333333335	0.05533333333333333	0.052	0.04533333333333334	0.04533333333333334	0.04133333333333333	0.046	0.04466666666666667	0.042	0.03266666666666666	0.04733333333333333	0.03933333333333333	0.046	0.030666666666666665	0.026	0.02666666666666667	0.029333333333333333	0.03266666666666666	0.03	0.02666666666666667	
0.302	0.2986666666666667	0.2966666666666667	0.2613333333333333	0.276	0.248	0.25	0.248	0.24133333333333334	0.222	0.23866666666666667	0.232	0.24133333333333334	0.256	0.23933333333333334	0.22733333333333333	0.204	0.22133333333333333	0.216	0.21466666666666667	0.198	0.19333333333333333	0.17466666666666666	0.18266666666666667	0.178	0.16866666666666666	0.16666666666666666	0.19933333333333333	0.15666666666666668	0.156	0.15533333333333332	0.15266666666666667	0.16466666666666666	0.15733333333333333	0.15466666666666667	0.15333333333333332	0.13733333333333334	0.15066666666666667	0.134	0.136	0.134	0.13533333333333333	0.13533333333333333	0.112	0.144	0.10533333333333333	0.112	0.12666666666666668	0.112	0.11266666666666666	0.11266666666666666	0.10666666666666667	0.09666666666666666	0.10866666666666666	0.096	0.106	0.088	0.10133333333333333	0.086	0.076	0.07733333333333334	0.08666666666666667	0.07333333333333333	0.076	0.076	0.07133333333333333	0.064	0.07	0.06666666666666667	0.07533333333333334	0.062	0.07066666666666667	0.06066666666666667	0.058	0.05733333333333333	0.056666666666666664	0.054	0.058666666666666666	0.05	0.056666666666666664	0.04	0.050666666666666665	0.04733333333333333	0.050666666666666665	0.054	0.05333333333333334	0.04	0.036	0.029333333333333333	0.03866666666666667	0.028666666666666667	0.03	0.029333333333333333	0.03666666666666667	0.03	0.04066666666666666	0.032	0.03133333333333333	0.030666666666666665	
0.2866666666666667	0.282	0.2806666666666667	0.2673333333333333	0.2673333333333333	0.25933333333333336	0.2673333333333333	0.23533333333333334	0.244	0.24	0.24333333333333335	0.23133333333333334	0.242	0.22666666666666666	0.21733333333333332	0.216	0.20266666666666666	0.224	0.22333333333333333	0.20133333333333334	0.19133333333333333	0.184	0.17333333333333334	0.184	0.186	0.166	0.19	0.18466666666666667	0.15533333333333332	0.16933333333333334	0.16333333333333333	0.17733333333333334	0.174	0.15466666666666667	0.16466666666666666	0.13733333333333334	0.14066666666666666	0.15866666666666668	0.13	0.126	0.13133333333333333	0.132	0.13333333333333333	0.12666666666666668	0.10533333333333333	0.11666666666666667	0.11666666666666667	0.12933333333333333	0.11066666666666666	0.11933333333333333	0.106	0.10066666666666667	0.08066666666666666	0.10066666666666667	0.09	0.08466666666666667	0.10533333333333333	0.08933333333333333	0.08133333333333333	0.094	0.07	0.08466666666666667	0.07733333333333334	0.08333333333333333	0.078	0.076	0.066	0.07333333333333333	0.05466666666666667	0.046	0.062	0.07	0.056666666666666664	0.04666666666666667	0.06333333333333334	0.06666666666666667	0.054	0.05733333333333333	0.056666666666666664	0.058	0.03866666666666667	0.05266666666666667	0.05266666666666667	0.04466666666666667	0.037333333333333336	0.03266666666666666	0.04	0.036	0.035333333333333335	0.044	0.03333333333333333	0.029333333333333333	0.037333333333333336	0.02666666666666667	0.03	0.03333333333333333	0.028	0.02266666666666667	0.028	
0.284	0.282	0.26666666666666666	0.2846666666666667	0.268	0.28	0.24133333333333334	0.25466666666666665	0.24666666666666667	0.25266666666666665	0.276	0.23333333333333334	0.23133333333333334	0.22066666666666668	0.212	0.22933333333333333	0.212	0.182	0.21133333333333335	0.20066666666666666	0.18066666666666667	0.17866666666666667	0.19266666666666668	0.17466666666666666	0.16933333333333334	0.19666666666666666	0.16066666666666668	0.16066666666666668	0.156	0.15866666666666668	0.16466666666666666	0.16266666666666665	0.14133333333333334	0.14266666666666666	0.15	0.16333333333333333	0.14533333333333334	0.15	0.144	0.12533333333333332	0.136	0.12133333333333333	0.13266666666666665	0.12466666666666666	0.116	0.12866666666666668	0.10933333333333334	0.12733333333333333	0.104	0.114	0.1	0.11533333333333333	0.098	0.09933333333333333	0.09333333333333334	0.09666666666666666	0.08133333333333333	0.09	0.11533333333333333	0.07866666666666666	0.08	0.08266666666666667	0.082	0.06666666666666667	0.08	0.07266666666666667	0.072	0.074	0.074	0.06333333333333334	0.062	0.059333333333333335	0.06733333333333333	0.05733333333333333	0.056666666666666664	0.04666666666666667	0.051333333333333335	0.05733333333333333	0.03933333333333333	0.052	0.04133333333333333	0.05	0.046	0.04733333333333333	0.04	0.03866666666666667	0.03866666666666667	0.03666666666666667	0.04466666666666667	0.04133333333333333	0.04066666666666666	0.04066666666666666	0.029333333333333333	0.028666666666666667	0.028666666666666667	0.02266666666666667	0.027333333333333334	0.027333333333333334	0.028	
0.296	0.2986666666666667	0.254	0.294	0.276	0.25733333333333336	0.26466666666666666	0.25	0.23066666666666666	0.23133333333333334	0.232	0.25533333333333336	0.214	0.24533333333333332	0.23133333333333334	0.23866666666666667	0.24333333333333335	0.194	0.20333333333333334	0.21133333333333335	0.194	0.188	0.192	0.18733333333333332	0.16866666666666666	0.17933333333333334	0.18066666666666667	0.182	0.17666666666666667	0.172	0.16266666666666665	0.16466666666666666	0.15933333333333333	0.144	0.15333333333333332	0.15466666666666667	0.152	0.13333333333333333	0.142	0.14133333333333334	0.118	0.138	0.12533333333333332	0.144	0.10666666666666667	0.11666666666666667	0.11533333333333333	0.12666666666666668	0.09933333333333333	0.10466666666666667	0.1	0.09866666666666667	0.11933333333333333	0.104	0.09133333333333334	0.092	0.10133333333333333	0.09	0.08133333333333333	0.082	0.08933333333333333	0.074	0.05466666666666667	0.064	0.08066666666666666	0.06533333333333333	0.072	0.07266666666666667	0.06733333333333333	0.06466666666666666	0.058	0.056666666666666664	0.056666666666666664	0.07466666666666667	0.056	0.05533333333333333	0.068	0.04533333333333334	0.05533333333333333	0.05533333333333333	0.046	0.044	0.042666666666666665	0.044	0.036	0.043333333333333335	0.04	0.032	0.035333333333333335	0.032	0.04133333333333333	0.029333333333333333	0.030666666666666665	0.028666666666666667	0.03	0.023333333333333334	0.03666666666666667	0.026	0.032	
0.2833333333333333	0.2793333333333333	0.2786666666666667	0.282	0.26066666666666666	0.27	0.27	0.276	0.25333333333333335	0.248	0.236	0.25266666666666665	0.212	0.23	0.22	0.224	0.22466666666666665	0.21133333333333335	0.19333333333333333	0.21866666666666668	0.198	0.19	0.21933333333333332	0.18066666666666667	0.18933333333333333	0.17066666666666666	0.17066666666666666	0.19133333333333333	0.188	0.172	0.174	0.132	0.156	0.162	0.168	0.15266666666666667	0.13066666666666665	0.142	0.13	0.14066666666666666	0.12133333333333333	0.11933333333333333	0.11133333333333334	0.122	0.11733333333333333	0.1	0.118	0.10933333333333334	0.10333333333333333	0.104	0.1	0.09866666666666667	0.10333333333333333	0.104	0.10533333333333333	0.09266666666666666	0.08	0.10333333333333333	0.09066666666666667	0.086	0.07333333333333333	0.08	0.06866666666666667	0.07066666666666667	0.08066666666666666	0.07	0.08266666666666667	0.07133333333333333	0.068	0.059333333333333335	0.06133333333333333	0.056666666666666664	0.059333333333333335	0.068	0.06066666666666667	0.05466666666666667	0.06733333333333333	0.048666666666666664	0.05333333333333334	0.06266666666666666	0.04666666666666667	0.042666666666666665	0.042666666666666665	0.04066666666666666	0.042666666666666665	0.038	0.034	0.028666666666666667	0.042666666666666665	0.037333333333333336	0.03866666666666667	0.042	0.02666666666666667	0.028666666666666667	0.038	0.03333333333333333	0.032	0.020666666666666667	0.024666666666666667	
0.2826666666666667	0.27666666666666667	0.2786666666666667	0.29733333333333334	0.26866666666666666	0.25066666666666665	0.25466666666666665	0.27	0.2673333333333333	0.22333333333333333	0.222	0.248	0.2613333333333333	0.20666666666666667	0.22933333333333333	0.208	0.18866666666666668	0.20933333333333334	0.216	0.204	0.194	0.19066666666666668	0.18533333333333332	0.18266666666666667	0.17933333333333334	0.158	0.188	0.18066666666666667	0.166	0.19333333333333333	0.152	0.166	0.15866666666666668	0.15266666666666667	0.13266666666666665	0.14533333333333334	0.14333333333333334	0.15533333333333332	0.13133333333333333	0.124	0.13933333333333334	0.13266666666666665	0.13733333333333334	0.13	0.11866666666666667	0.13	0.11733333333333333	0.126	0.10533333333333333	0.106	0.09333333333333334	0.10266666666666667	0.10066666666666667	0.096	0.09933333333333333	0.09066666666666667	0.09866666666666667	0.092	0.076	0.076	0.07866666666666666	0.082	0.08333333333333333	0.082	0.086	0.06866666666666667	0.072	0.07066666666666667	0.06866666666666667	0.06	0.072	0.06533333333333333	0.06533333333333333	0.062	0.058	0.06	0.042	0.042666666666666665	0.050666666666666665	0.05733333333333333	0.054	0.051333333333333335	0.05266666666666667	0.044	0.042666666666666665	0.051333333333333335	0.03666666666666667	0.034666666666666665	0.038	0.03666666666666667	0.037333333333333336	0.036	0.03333333333333333	0.029333333333333333	0.032	0.024	0.029333333333333333	0.027333333333333334	0.03	
0.2906666666666667	0.27266666666666667	0.2966666666666667	0.2946666666666667	0.2713333333333333	0.25133333333333335	0.256	0.24333333333333335	0.23533333333333334	0.248	0.24066666666666667	0.246	0.22333333333333333	0.214	0.20533333333333334	0.23266666666666666	0.21266666666666667	0.228	0.206	0.206	0.20733333333333334	0.19133333333333333	0.184	0.17666666666666667	0.19066666666666668	0.17066666666666666	0.16266666666666665	0.16533333333333333	0.17666666666666667	0.18133333333333335	0.15066666666666667	0.154	0.15933333333333333	0.15266666666666667	0.14533333333333334	0.122	0.148	0.15466666666666667	0.13733333333333334	0.14333333333333334	0.11666666666666667	0.15066666666666667	0.13533333333333333	0.12333333333333334	0.12933333333333333	0.11866666666666667	0.106	0.11133333333333334	0.11733333333333333	0.09466666666666666	0.114	0.09066666666666667	0.09733333333333333	0.108	0.10066666666666667	0.10866666666666666	0.08266666666666667	0.09466666666666666	0.08533333333333333	0.08266666666666667	0.088	0.084	0.08533333333333333	0.07133333333333333	0.084	0.086	0.07466666666666667	0.06466666666666666	0.072	0.06	0.054	0.07933333333333334	0.059333333333333335	0.06266666666666666	0.054	0.03933333333333333	0.05	0.046	0.046	0.046	0.04933333333333333	0.052	0.044	0.04066666666666666	0.048666666666666664	0.036	0.03933333333333333	0.036	0.037333333333333336	0.03666666666666667	0.04	0.024666666666666667	0.03	0.03666666666666667	0.037333333333333336	0.03266666666666666	0.028666666666666667	0.027333333333333334	0.03	
0.27666666666666667	0.27666666666666667	0.26066666666666666	0.31333333333333335	0.29733333333333334	0.25866666666666666	0.2613333333333333	0.26866666666666666	0.23666666666666666	0.25133333333333335	0.24066666666666667	0.226	0.252	0.22066666666666668	0.23333333333333334	0.216	0.19666666666666666	0.22133333333333333	0.18933333333333333	0.19466666666666665	0.20733333333333334	0.19333333333333333	0.20066666666666666	0.18866666666666668	0.18866666666666668	0.176	0.16533333333333333	0.176	0.15	0.16133333333333333	0.15933333333333333	0.16933333333333334	0.17133333333333334	0.14666666666666667	0.156	0.128	0.124	0.13666666666666666	0.124	0.13466666666666666	0.12266666666666666	0.12866666666666668	0.112	0.12733333333333333	0.12733333333333333	0.11533333333333333	0.11933333333333333	0.12133333333333333	0.09133333333333334	0.09866666666666667	0.10733333333333334	0.09466666666666666	0.09733333333333333	0.08866666666666667	0.10133333333333333	0.102	0.07466666666666667	0.10066666666666667	0.07266666666666667	0.086	0.074	0.07866666666666666	0.07266666666666667	0.07066666666666667	0.09333333333333334	0.06866666666666667	0.07933333333333334	0.064	0.059333333333333335	0.04733333333333333	0.058	0.05333333333333334	0.05266666666666667	0.051333333333333335	0.04666666666666667	0.05	0.054	0.05466666666666667	0.059333333333333335	0.050666666666666665	0.04733333333333333	0.042666666666666665	0.04066666666666666	0.05	0.042	0.04533333333333334	0.03666666666666667	0.036	0.03266666666666666	0.03866666666666667	0.03866666666666667	0.027333333333333334	0.03266666666666666	0.038	0.03	0.03133333333333333	0.024666666666666667	0.028666666666666667	0.025333333333333333	
0.2986666666666667	0.2886666666666667	0.2773333333333333	0.292	0.264	0.24333333333333335	0.23866666666666667	0.24933333333333332	0.24333333333333335	0.248	0.24	0.23066666666666666	0.23533333333333334	0.216	0.224	0.19466666666666665	0.22	0.21533333333333332	0.19666666666666666	0.202	0.19333333333333333	0.19466666666666665	0.19333333333333333	0.2	0.182	0.18533333333333332	0.15266666666666667	0.174	0.17466666666666666	0.158	0.158	0.14866666666666667	0.152	0.168	0.13533333333333333	0.13533333333333333	0.144	0.13466666666666666	0.138	0.13066666666666665	0.14933333333333335	0.126	0.12466666666666666	0.12866666666666668	0.124	0.12066666666666667	0.12	0.10866666666666666	0.112	0.09933333333333333	0.11266666666666666	0.10866666666666666	0.098	0.098	0.106	0.08666666666666667	0.092	0.088	0.09533333333333334	0.074	0.08133333333333333	0.09133333333333334	0.066	0.07	0.06866666666666667	0.07733333333333334	0.07666666666666666	0.062	0.074	0.068	0.058666666666666666	0.064	0.050666666666666665	0.058666666666666666	0.05466666666666667	0.056	0.05466666666666667	0.04666666666666667	0.04933333333333333	0.054	0.04933333333333333	0.06	0.042	0.04733333333333333	0.03666666666666667	0.038	0.03866666666666667	0.04	0.034666666666666665	0.03133333333333333	0.035333333333333335	0.030666666666666665	0.028	0.034	0.04	0.021333333333333333	0.026	0.035333333333333335	0.024	
0.2986666666666667	0.282	0.2946666666666667	0.26666666666666666	0.25866666666666666	0.2806666666666667	0.25733333333333336	0.26	0.244	0.26666666666666666	0.226	0.218	0.21933333333333332	0.22733333333333333	0.21533333333333332	0.208	0.21066666666666667	0.19866666666666666	0.208	0.19866666666666666	0.19666666666666666	0.17133333333333334	0.18666666666666668	0.18066666666666667	0.182	0.178	0.18533333333333332	0.15533333333333332	0.17466666666666666	0.16066666666666668	0.15333333333333332	0.15933333333333333	0.15066666666666667	0.148	0.158	0.164	0.12866666666666668	0.142	0.12666666666666668	0.122	0.12933333333333333	0.11933333333333333	0.13133333333333333	0.12733333333333333	0.122	0.12533333333333332	0.12	0.114	0.11666666666666667	0.09266666666666666	0.08066666666666666	0.10933333333333334	0.09533333333333334	0.10666666666666667	0.09666666666666666	0.086	0.09	0.09266666666666666	0.098	0.09266666666666666	0.07333333333333333	0.06266666666666666	0.07666666666666666	0.082	0.07066666666666667	0.07133333333333333	0.07266666666666667	0.06866666666666667	0.064	0.06533333333333333	0.06666666666666667	0.06466666666666666	0.06266666666666666	0.06733333333333333	0.052	0.058	0.05	0.04933333333333333	0.054	0.052	0.05266666666666667	0.03866666666666667	0.050666666666666665	0.050666666666666665	0.037333333333333336	0.042666666666666665	0.04533333333333334	0.035333333333333335	0.034666666666666665	0.04133333333333333	0.03266666666666666	0.04	0.038	0.028666666666666667	0.03266666666666666	0.023333333333333334	0.027333333333333334	0.025333333333333333	0.024666666666666667	
0.294	0.28933333333333333	0.2866666666666667	0.302	0.274	0.2693333333333333	0.262	0.246	0.22866666666666666	0.248	0.24466666666666667	0.22133333333333333	0.22266666666666668	0.21666666666666667	0.21666666666666667	0.218	0.21333333333333335	0.20666666666666667	0.20866666666666667	0.18733333333333332	0.18933333333333333	0.184	0.19333333333333333	0.19533333333333333	0.17733333333333334	0.17266666666666666	0.17866666666666667	0.17066666666666666	0.18066666666666667	0.17866666666666667	0.17466666666666666	0.17	0.15266666666666667	0.16133333333333333	0.152	0.15066666666666667	0.13133333333333333	0.15	0.14066666666666666	0.13333333333333333	0.13666666666666666	0.136	0.152	0.124	0.106	0.09666666666666666	0.09533333333333334	0.118	0.12733333333333333	0.106	0.114	0.082	0.094	0.106	0.08133333333333333	0.09466666666666666	0.098	0.09666666666666666	0.07533333333333334	0.07933333333333334	0.09733333333333333	0.07466666666666667	0.07866666666666666	0.088	0.07733333333333334	0.07066666666666667	0.06666666666666667	0.076	0.06266666666666666	0.06266666666666666	0.05333333333333334	0.06333333333333334	0.06266666666666666	0.06466666666666666	0.058	0.056	0.06133333333333333	0.04733333333333333	0.054	0.04	0.050666666666666665	0.054	0.051333333333333335	0.04466666666666667	0.04066666666666666	0.042	0.03	0.034666666666666665	0.03666666666666667	0.02666666666666667	0.044	0.03133333333333333	0.03	0.026	0.034	0.034666666666666665	0.028666666666666667	0.028	0.035333333333333335	
0.298	0.28933333333333333	0.27666666666666667	0.246	0.2733333333333333	0.28733333333333333	0.25666666666666665	0.23466666666666666	0.2713333333333333	0.24733333333333332	0.23866666666666667	0.25466666666666665	0.20866666666666667	0.21533333333333332	0.228	0.224	0.19733333333333333	0.20133333333333334	0.21066666666666667	0.19866666666666666	0.19466666666666665	0.17866666666666667	0.2	0.18	0.19333333333333333	0.178	0.16333333333333333	0.16866666666666666	0.15733333333333333	0.15933333333333333	0.15933333333333333	0.14866666666666667	0.14733333333333334	0.172	0.16133333333333333	0.15466666666666667	0.144	0.13066666666666665	0.138	0.13866666666666666	0.114	0.11866666666666667	0.14266666666666666	0.12866666666666668	0.118	0.11466666666666667	0.10133333333333333	0.11066666666666666	0.11066666666666666	0.10133333333333333	0.106	0.1	0.10333333333333333	0.09933333333333333	0.08466666666666667	0.09133333333333334	0.08733333333333333	0.09	0.08	0.07666666666666666	0.08133333333333333	0.08666666666666667	0.07066666666666667	0.07333333333333333	0.08333333333333333	0.08133333333333333	0.068	0.07	0.06333333333333334	0.072	0.06133333333333333	0.072	0.062	0.05733333333333333	0.050666666666666665	0.05	0.052	0.051333333333333335	0.056	0.046	0.05533333333333333	0.04	0.044	0.048	0.04533333333333334	0.036	0.042	0.04	0.03933333333333333	0.042666666666666665	0.034666666666666665	0.028	0.03933333333333333	0.03133333333333333	0.037333333333333336	0.027333333333333334	0.022	0.025333333333333333	0.02266666666666667	
0.28733333333333333	0.2753333333333333	0.26266666666666666	0.27266666666666667	0.26666666666666666	0.25933333333333336	0.278	0.25533333333333336	0.24266666666666667	0.22666666666666666	0.2713333333333333	0.234	0.242	0.21733333333333332	0.22266666666666668	0.21866666666666668	0.19933333333333333	0.204	0.18733333333333332	0.18866666666666668	0.186	0.17933333333333334	0.17466666666666666	0.172	0.18466666666666667	0.19666666666666666	0.188	0.176	0.15466666666666667	0.17466666666666666	0.158	0.15866666666666668	0.14	0.13266666666666665	0.13666666666666666	0.15666666666666668	0.14133333333333334	0.14933333333333335	0.13733333333333334	0.13666666666666666	0.126	0.12533333333333332	0.134	0.11733333333333333	0.112	0.11266666666666666	0.11666666666666667	0.11933333333333333	0.1	0.09133333333333334	0.10533333333333333	0.10666666666666667	0.098	0.10133333333333333	0.08466666666666667	0.098	0.092	0.07266666666666667	0.08733333333333333	0.08733333333333333	0.08933333333333333	0.08133333333333333	0.092	0.06866666666666667	0.06933333333333333	0.06533333333333333	0.06466666666666666	0.056666666666666664	0.068	0.06133333333333333	0.06866666666666667	0.06333333333333334	0.05266666666666667	0.06133333333333333	0.05333333333333334	0.04933333333333333	0.056666666666666664	0.04666666666666667	0.064	0.04466666666666667	0.037333333333333336	0.048666666666666664	0.04933333333333333	0.044	0.04466666666666667	0.035333333333333335	0.03866666666666667	0.038	0.03	0.03666666666666667	0.037333333333333336	0.025333333333333333	0.03666666666666667	0.03266666666666666	0.03666666666666667	0.022	0.030666666666666665	0.028666666666666667	0.02	
0.2926666666666667	0.28	0.2693333333333333	0.27466666666666667	0.278	0.274	0.2753333333333333	0.24533333333333332	0.238	0.25666666666666665	0.23933333333333334	0.24533333333333332	0.25133333333333335	0.23	0.21666666666666667	0.23	0.20533333333333334	0.18266666666666667	0.19066666666666668	0.188	0.20866666666666667	0.19933333333333333	0.18266666666666667	0.18933333333333333	0.18066666666666667	0.17133333333333334	0.178	0.17066666666666666	0.156	0.15333333333333332	0.15666666666666668	0.15733333333333333	0.142	0.146	0.15266666666666667	0.156	0.13133333333333333	0.12266666666666666	0.132	0.13066666666666665	0.124	0.13933333333333334	0.13266666666666665	0.10933333333333334	0.12466666666666666	0.13466666666666666	0.13066666666666665	0.10666666666666667	0.11266666666666666	0.09866666666666667	0.10466666666666667	0.10133333333333333	0.10533333333333333	0.09933333333333333	0.09	0.09933333333333333	0.08333333333333333	0.09333333333333334	0.07933333333333334	0.10866666666666666	0.092	0.07866666666666666	0.09266666666666666	0.08066666666666666	0.06533333333333333	0.072	0.07466666666666667	0.07	0.06333333333333334	0.06333333333333334	0.08	0.06066666666666667	0.03866666666666667	0.06266666666666666	0.062	0.054	0.062	0.052	0.05533333333333333	0.056666666666666664	0.04733333333333333	0.050666666666666665	0.04	0.04	0.04	0.042	0.038	0.038	0.04666666666666667	0.034666666666666665	0.034	0.029333333333333333	0.034	0.028666666666666667	0.023333333333333334	0.030666666666666665	0.028	0.03	0.026	
0.29	0.30933333333333335	0.272	0.2733333333333333	0.25133333333333335	0.2613333333333333	0.248	0.268	0.254	0.24066666666666667	0.234	0.23266666666666666	0.236	0.23866666666666667	0.23066666666666666	0.198	0.21733333333333332	0.21333333333333335	0.20466666666666666	0.18533333333333332	0.19333333333333333	0.18333333333333332	0.206	0.18333333333333332	0.18733333333333332	0.174	0.176	0.17066666666666666	0.15866666666666668	0.16	0.156	0.17666666666666667	0.16066666666666668	0.16266666666666665	0.14733333333333334	0.144	0.13733333333333334	0.12866666666666668	0.12933333333333333	0.13133333333333333	0.128	0.11866666666666667	0.13066666666666665	0.13933333333333334	0.11933333333333333	0.126	0.11266666666666666	0.124	0.124	0.114	0.10533333333333333	0.10533333333333333	0.10066666666666667	0.09866666666666667	0.09866666666666667	0.08266666666666667	0.08733333333333333	0.08066666666666666	0.086	0.09266666666666666	0.09066666666666667	0.08266666666666667	0.07066666666666667	0.088	0.07866666666666666	0.076	0.07333333333333333	0.07333333333333333	0.06933333333333333	0.06133333333333333	0.06266666666666666	0.05733333333333333	0.064	0.04933333333333333	0.06133333333333333	0.072	0.056	0.059333333333333335	0.05333333333333334	0.051333333333333335	0.05466666666666667	0.034	0.04133333333333333	0.04533333333333334	0.052	0.050666666666666665	0.044	0.042	0.044	0.034	0.03866666666666667	0.04066666666666666	0.028666666666666667	0.030666666666666665	0.028	0.028666666666666667	0.03133333333333333	0.022	0.02666666666666667	
0.286	0.276	0.266	0.264	0.25666666666666665	0.27066666666666667	0.25733333333333336	0.266	0.228	0.236	0.24066666666666667	0.23266666666666666	0.24	0.234	0.21866666666666668	0.228	0.194	0.21533333333333332	0.22266666666666668	0.18066666666666667	0.23	0.18333333333333332	0.19733333333333333	0.206	0.17733333333333334	0.16133333333333333	0.18466666666666667	0.16066666666666668	0.17066666666666666	0.17066666666666666	0.16066666666666668	0.15933333333333333	0.172	0.156	0.14333333333333334	0.15733333333333333	0.15733333333333333	0.14533333333333334	0.13266666666666665	0.12266666666666666	0.13133333333333333	0.132	0.13333333333333333	0.13733333333333334	0.10333333333333333	0.112	0.11333333333333333	0.10866666666666666	0.122	0.10266666666666667	0.102	0.10466666666666667	0.086	0.108	0.09733333333333333	0.10666666666666667	0.098	0.09733333333333333	0.08733333333333333	0.07866666666666666	0.08066666666666666	0.07933333333333334	0.07933333333333334	0.08066666666666666	0.06933333333333333	0.07266666666666667	0.07466666666666667	0.06466666666666666	0.07	0.07333333333333333	0.04933333333333333	0.058	0.07466666666666667	0.064	0.064	0.048	0.05466666666666667	0.05466666666666667	0.04466666666666667	0.05	0.042666666666666665	0.05333333333333334	0.04733333333333333	0.04466666666666667	0.043333333333333335	0.04066666666666666	0.037333333333333336	0.029333333333333333	0.028666666666666667	0.027333333333333334	0.034666666666666665	0.037333333333333336	0.03666666666666667	0.030666666666666665	0.03133333333333333	0.027333333333333334	0.034666666666666665	0.02666666666666667	0.02266666666666667	
0.30866666666666664	0.266	0.254	0.2786666666666667	0.27666666666666667	0.244	0.24533333333333332	0.236	0.272	0.23533333333333334	0.22333333333333333	0.252	0.21666666666666667	0.24	0.212	0.22466666666666665	0.20533333333333334	0.20733333333333334	0.218	0.212	0.19133333333333333	0.198	0.18933333333333333	0.188	0.18933333333333333	0.166	0.17533333333333334	0.17333333333333334	0.172	0.16466666666666666	0.15666666666666668	0.15466666666666667	0.15866666666666668	0.16266666666666665	0.14666666666666667	0.14533333333333334	0.15066666666666667	0.12666666666666668	0.13066666666666665	0.12933333333333333	0.11466666666666667	0.13	0.106	0.13266666666666665	0.12133333333333333	0.13066666666666665	0.104	0.12266666666666666	0.108	0.08666666666666667	0.10066666666666667	0.09933333333333333	0.10133333333333333	0.09933333333333333	0.10533333333333333	0.08333333333333333	0.1	0.09	0.08	0.084	0.076	0.086	0.07266666666666667	0.08533333333333333	0.07133333333333333	0.07466666666666667	0.06666666666666667	0.07133333333333333	0.06666666666666667	0.074	0.06066666666666667	0.07066666666666667	0.058	0.058666666666666666	0.06466666666666666	0.05733333333333333	0.05733333333333333	0.05733333333333333	0.06066666666666667	0.04733333333333333	0.04066666666666666	0.048	0.04733333333333333	0.046	0.050666666666666665	0.038	0.042	0.028666666666666667	0.03333333333333333	0.037333333333333336	0.034666666666666665	0.034	0.028666666666666667	0.04133333333333333	0.03266666666666666	0.036	0.032	0.036	0.023333333333333334	
0.2693333333333333	0.2906666666666667	0.2693333333333333	0.26266666666666666	0.24933333333333332	0.2633333333333333	0.262	0.274	0.24266666666666667	0.234	0.21866666666666668	0.252	0.218	0.22733333333333333	0.23466666666666666	0.216	0.21	0.22066666666666668	0.22	0.17733333333333334	0.19466666666666665	0.19666666666666666	0.20133333333333334	0.18466666666666667	0.182	0.18533333333333332	0.15733333333333333	0.16266666666666665	0.15933333333333333	0.16933333333333334	0.162	0.14266666666666666	0.16733333333333333	0.13666666666666666	0.15466666666666667	0.14933333333333335	0.13133333333333333	0.15466666666666667	0.14666666666666667	0.13266666666666665	0.11933333333333333	0.15	0.13	0.122	0.13533333333333333	0.12266666666666666	0.12266666666666666	0.11266666666666666	0.10333333333333333	0.11466666666666667	0.10866666666666666	0.10866666666666666	0.09466666666666666	0.10266666666666667	0.11133333333333334	0.09	0.09933333333333333	0.08066666666666666	0.09466666666666666	0.08933333333333333	0.08466666666666667	0.07066666666666667	0.08066666666666666	0.07533333333333334	0.094	0.072	0.07266666666666667	0.062	0.06066666666666667	0.06133333333333333	0.06666666666666667	0.07133333333333333	0.058	0.058666666666666666	0.058	0.06333333333333334	0.044	0.05333333333333334	0.04933333333333333	0.05533333333333333	0.04666666666666667	0.04133333333333333	0.03933333333333333	0.03866666666666667	0.04	0.030666666666666665	0.042	0.034666666666666665	0.036	0.03133333333333333	0.042666666666666665	0.03266666666666666	0.035333333333333335	0.034666666666666665	0.032	0.03666666666666667	0.025333333333333333	0.027333333333333334	0.020666666666666667	
