0.01	0.5149494949494949	1.0198989898989899	1.5248484848484847	2.0297979797979795	2.5347474747474745	3.039696969696969	3.544646464646464	4.049595959595959	4.554545454545454	5.059494949494949	5.564444444444444	6.0693939393939385	6.574343434343434	7.0792929292929285	7.584242424242424	8.089191919191919	8.594141414141413	9.099090909090908	9.604040404040404	10.108989898989899	10.613939393939393	11.118888888888888	11.623838383838383	12.128787878787877	12.633737373737373	13.138686868686868	13.643636363636363	14.148585858585857	14.653535353535352	15.158484848484848	15.663434343434343	16.16838383838384	16.673333333333336	17.17828282828283	17.683232323232325	18.188181818181818	18.693131313131314	19.19808080808081	19.703030303030303	20.2079797979798	20.712929292929292	21.21787878787879	21.722828282828285	22.227777777777778	22.732727272727274	23.237676767676767	23.742626262626263	24.247575757575756	24.752525252525253	25.25747474747475	25.762424242424242	26.267373737373738	26.77232323232323	27.277272727272727	27.782222222222224	28.287171717171717	28.792121212121213	29.297070707070706	29.802020202020202	30.3069696969697	30.81191919191919	31.316868686868688	31.82181818181818	32.32676767676767	32.831717171717166	33.336666666666666	33.84161616161616	34.34656565656565	34.851515151515144	35.356464646464644	35.86141414141414	36.36636363636363	36.87131313131313	37.37626262626262	37.881212121212116	38.386161616161615	38.89111111111111	39.3960606060606	39.901010101010094	40.405959595959594	40.91090909090909	41.41585858585858	41.92080808080808	42.42575757575757	42.930707070707065	43.435656565656565	43.94060606060606	44.44555555555555	44.95050505050504	45.45545454545454	45.960404040404036	46.46535353535353	46.97030303030303	47.47525252525252	47.980202020202015	48.48515151515151	48.99010101010101	49.4950505050505	50.0	
0.0006666666666666666	0.0013333333333333333	0.0006666666666666666	0.0	0.0	0.0	0.0	0.0006666666666666666	0.0	0.0	0.0013333333333333333	0.0	0.0006666666666666666	0.0	0.0006666666666666666	0.0	0.0	0.0	0.0006666666666666666	0.0	0.0006666666666666666	0.0	0.0006666666666666666	0.002	0.0006666666666666666	0.0006666666666666666	0.0	0.0006666666666666666	0.0006666666666666666	0.0	0.0006666666666666666	0.0	0.0	0.0	0.0	0.0	0.0	0.0	0.0	0.0	0.0006666666666666666	0.0013333333333333333	0.0	0.0	0.0006666666666666666	0.0	0.0	0.0	0.0	0.0	0.0	0.0013333333333333333	0.0	0.002	0.0	0.0	0.0006666666666666666	0.0	0.0006666666666666666	0.0	0.0	0.0	0.0	0.0	0.0	0.0006666666666666666	0.0	0.0	0.0	0.0	0.0	0.0006666666666666666	0.0006666666666666666	0.0	0.0	0.0	0.0	0.0006666666666666666	0.0	0.0	0.0	0.0	0.0	0.0	0.0	0.0	0.0	0.0	0.0	0.0	0.0	0.0	0.0	0.0	0.0006666666666666666	0.0006666666666666666	0.0	0.0	0.0	
0.0013333333333333333	0.0013333333333333333	0.0006666666666666666	0.0006666666666666666	0.0	0.0	0.002	0.0	0.0013333333333333333	0.0006666666666666666	0.0006666666666666666	0.002	0.0	0.0006666666666666666	0.0	0.0013333333333333333	0.0	0.0006666666666666666	0.0013333333333333333	0.0013333333333333333	0.0	0.0006666666666666666	0.0006666666666666666	0.0	0.0	0.0	0.0	0.0	0.0	0.0	0.0006666666666666666	0.0013333333333333333	0.0	0.0	0.0	0.0006666666666666666	0.0	0.0	0.0	0.0	0.0	0.0	0.0006666666666666666	0.0006666666666666666	0.0	0.0006666666666666666	0.0	0.0	0.0	0.0	0.0	0.0	0.0	0.0	0.0	0.0	0.0	0.0	0.0	0.0	0.0	0.0	0.0	0.0	0.0	0.0	0.0006666666666666666	0.0	0.0006666666666666666	0.0	0.0	0.0006666666666666666	0.0	0.0	0.0	0.0006666666666666666	0.0	0.0	0.0	0.0	0.0	0.0	0.0	0.0	0.0	0.0	0.0	0.0	0.0	0.0	0.0	0.0	0.0	0.0	0.0	0.0	0.0	0.0006666666666666666	0.0	
0.0006666666666666666	0.0013333333333333333	0.0006666666666666666	0.0006666666666666666	0.0013333333333333333	0.002	0.0006666666666666666	0.0006666666666666666	0.0013333333333333333	0.0	0.0006666666666666666	0.0013333333333333333	0.0013333333333333333	0.0	0.0	0.0	0.0013333333333333333	0.0013333333333333333	0.0013333333333333333	0.0026666666666666666	0.002	0.0006666666666666666	0.0006666666666666666	0.0	0.0006666666666666666	0.0006666666666666666	0.0	0.0	0.0006666666666666666	0.0	0.002	0.0	0.0	0.0	0.0006666666666666666	0.0006666666666666666	0.0	0.0	0.0	0.0	0.0006666666666666666	0.0006666666666666666	0.0	0.0	0.0	0.002	0.0006666666666666666	0.0	0.0	0.0	0.0006666666666666666	0.0	0.0	0.0006666666666666666	0.0006666666666666666	0.0006666666666666666	0.0	0.0	0.0	0.0	0.0006666666666666666	0.0	0.0013333333333333333	0.0	0.0013333333333333333	0.0	0.0006666666666666666	0.0	0.0006666666666666666	0.0006666666666666666	0.0	0.0	0.0	0.0	0.0006666666666666666	0.0	0.0	0.0006666666666666666	0.0	0.0	0.0	0.0	0.0	0.0	0.002	0.0	0.0	0.0	0.0	0.0	0.0	0.0	0.0	0.0	0.0013333333333333333	0.0	0.0	0.0	0.0	
0.0033333333333333335	0.0013333333333333333	0.002	0.002	0.0	0.0013333333333333333	0.0013333333333333333	0.0013333333333333333	0.002	0.0006666666666666666	0.0013333333333333333	0.0006666666666666666	0.0	0.0	0.0013333333333333333	0.0006666666666666666	0.0006666666666666666	0.0013333333333333333	0.0	0.0	0.0	0.0006666666666666666	0.002	0.0006666666666666666	0.0	0.0033333333333333335	0.0006666666666666666	0.0006666666666666666	0.0	0.0006666666666666666	0.0006666666666666666	0.0013333333333333333	0.0	0.0	0.0	0.0006666666666666666	0.0013333333333333333	0.0006666666666666666	0.0006666666666666666	0.0013333333333333333	0.0013333333333333333	0.0006666666666666666	0.0	0.0013333333333333333	0.0	0.0013333333333333333	0.0	0.0	0.0013333333333333333	0.0	0.0	0.0006666666666666666	0.0	0.0006666666666666666	0.0	0.0006666666666666666	0.0013333333333333333	0.0006666666666666666	0.0	0.0006666666666666666	0.0006666666666666666	0.0	0.0	0.0	0.0	0.0	0.0	0.0013333333333333333	0.0	0.0	0.0	0.0006666666666666666	0.0006666666666666666	0.0	0.0	0.0	0.0006666666666666666	0.0	0.0	0.0	0.0	0.0	0.0	0.0006666666666666666	0.0006666666666666666	0.0	0.0	0.0	0.0	0.0	0.0	0.0	0.0	0.0	0.0006666666666666666	0.0	0.0	0.0	0.0	
0.01	0.007333333333333333	0.009333333333333334	0.012666666666666666	0.008666666666666666	0.014	0.008	0.016	0.007333333333333333	0.008666666666666666	0.011333333333333334	0.008666666666666666	0.010666666666666666	0.012	0.007333333333333333	0.005333333333333333	0.009333333333333334	0.014	0.01	0.009333333333333334	0.008666666666666666	0.006666666666666667	0.008666666666666666	0.005333333333333333	0.008666666666666666	0.008	0.007333333333333333	0.006	0.005333333333333333	0.006666666666666667	0.01	0.008666666666666666	0.004666666666666667	0.006666666666666667	0.007333333333333333	0.007333333333333333	0.004666666666666667	0.007333333333333333	0.006666666666666667	0.005333333333333333	0.004666666666666667	0.005333333333333333	0.007333333333333333	0.006	0.004666666666666667	0.006	0.005333333333333333	0.002	0.005333333333333333	0.0033333333333333335	0.004	0.008	0.002	0.004	0.006666666666666667	0.0026666666666666666	0.002	0.0033333333333333335	0.0013333333333333333	0.002	0.002	0.0026666666666666666	0.002	0.0026666666666666666	0.002	0.002	0.005333333333333333	0.0013333333333333333	0.0026666666666666666	0.0013333333333333333	0.0033333333333333335	0.0013333333333333333	0.002	0.0033333333333333335	0.004666666666666667	0.0006666666666666666	0.0026666666666666666	0.004666666666666667	0.004666666666666667	0.002	0.0033333333333333335	0.0013333333333333333	0.002	0.0026666666666666666	0.004	0.004	0.0033333333333333335	0.0	0.002	0.0006666666666666666	0.0013333333333333333	0.0	0.0006666666666666666	0.002	0.002	0.0013333333333333333	0.0013333333333333333	0.0006666666666666666	0.0013333333333333333	
0.07266666666666667	0.06533333333333333	0.07266666666666667	0.06	0.068	0.05266666666666667	0.06866666666666667	0.05466666666666667	0.062	0.04733333333333333	0.058666666666666666	0.05333333333333334	0.050666666666666665	0.05	0.046	0.058	0.050666666666666665	0.038	0.04933333333333333	0.050666666666666665	0.048	0.035333333333333335	0.05	0.04133333333333333	0.03933333333333333	0.03666666666666667	0.03266666666666666	0.04066666666666666	0.03266666666666666	0.04	0.03866666666666667	0.027333333333333334	0.032	0.032	0.030666666666666665	0.03333333333333333	0.03	0.032	0.034666666666666665	0.03933333333333333	0.034	0.02666666666666667	0.022	0.03266666666666666	0.023333333333333334	0.027333333333333334	0.029333333333333333	0.030666666666666665	0.028	0.022	0.028666666666666667	0.026	0.02	0.018666666666666668	0.025333333333333333	0.016	0.018666666666666668	0.018666666666666668	0.02266666666666667	0.014666666666666666	0.023333333333333334	0.019333333333333334	0.018	0.021333333333333333	0.022	0.013333333333333334	0.018	0.012666666666666666	0.017333333333333333	0.017333333333333333	0.014	0.015333333333333332	0.017333333333333333	0.012666666666666666	0.018	0.013333333333333334	0.016	0.012	0.011333333333333334	0.011333333333333334	0.012	0.012	0.009333333333333334	0.01	0.005333333333333333	0.006666666666666667	0.012	0.01	0.008666666666666666	0.004	0.008	0.007333333333333333	0.004	0.005333333333333333	0.008666666666666666	0.006	0.006	0.0026666666666666666	0.006666666666666667	
0.11266666666666666	0.112	0.10466666666666667	0.12466666666666666	0.11666666666666667	0.10866666666666666	0.11	0.09333333333333334	0.10666666666666667	0.09933333333333333	0.10133333333333333	0.10133333333333333	0.09333333333333334	0.08933333333333333	0.08866666666666667	0.09333333333333334	0.09933333333333333	0.078	0.08533333333333333	0.09533333333333334	0.088	0.08466666666666667	0.07733333333333334	0.08333333333333333	0.07666666666666666	0.07866666666666666	0.08066666666666666	0.07066666666666667	0.068	0.08	0.07333333333333333	0.076	0.064	0.05733333333333333	0.072	0.07266666666666667	0.056666666666666664	0.05466666666666667	0.074	0.058	0.056666666666666664	0.05266666666666667	0.06266666666666666	0.05466666666666667	0.046	0.042	0.056666666666666664	0.044	0.037333333333333336	0.036	0.042666666666666665	0.046	0.03866666666666667	0.04466666666666667	0.04733333333333333	0.043333333333333335	0.03	0.03266666666666666	0.034666666666666665	0.034666666666666665	0.034	0.04733333333333333	0.03933333333333333	0.03333333333333333	0.024	0.02666666666666667	0.032	0.023333333333333334	0.028666666666666667	0.023333333333333334	0.028	0.028	0.022	0.02	0.028	0.027333333333333334	0.023333333333333334	0.024666666666666667	0.022	0.016666666666666666	0.012666666666666666	0.017333333333333333	0.015333333333333332	0.026	0.017333333333333333	0.021333333333333333	0.014	0.019333333333333334	0.025333333333333333	0.019333333333333334	0.017333333333333333	0.012	0.014666666666666666	0.009333333333333334	0.008666666666666666	0.012	0.008	0.009333333333333334	0.008666666666666666	
0.17	0.156	0.19533333333333333	0.18333333333333332	0.158	0.154	0.15933333333333333	0.17	0.16266666666666665	0.15933333333333333	0.13666666666666666	0.15466666666666667	0.12466666666666666	0.136	0.13866666666666666	0.12333333333333334	0.12866666666666668	0.13733333333333334	0.13666666666666666	0.11333333333333333	0.11333333333333333	0.10933333333333334	0.11	0.13133333333333333	0.10866666666666666	0.11666666666666667	0.10266666666666667	0.10066666666666667	0.10533333333333333	0.104	0.104	0.09	0.09333333333333334	0.09066666666666667	0.09	0.09266666666666666	0.082	0.076	0.08866666666666667	0.06933333333333333	0.09466666666666666	0.07866666666666666	0.08466666666666667	0.07	0.07333333333333333	0.096	0.07133333333333333	0.06133333333333333	0.06866666666666667	0.06666666666666667	0.06066666666666667	0.07266666666666667	0.06266666666666666	0.054	0.052	0.05266666666666667	0.056	0.06933333333333333	0.06	0.04066666666666666	0.044	0.048666666666666664	0.048666666666666664	0.048666666666666664	0.04733333333333333	0.05266666666666667	0.05	0.046	0.03933333333333333	0.04133333333333333	0.032	0.044	0.044	0.03333333333333333	0.04066666666666666	0.036	0.035333333333333335	0.027333333333333334	0.023333333333333334	0.026	0.025333333333333333	0.034	0.024666666666666667	0.028	0.028666666666666667	0.026	0.024666666666666667	0.024666666666666667	0.018666666666666668	0.026	0.024	0.017333333333333333	0.016666666666666666	0.020666666666666667	0.022	0.018	0.018	0.014666666666666666	0.022	
0.25333333333333335	0.22	0.22933333333333333	0.20866666666666667	0.22133333333333333	0.23	0.21733333333333332	0.21333333333333335	0.19	0.20066666666666666	0.17533333333333334	0.19466666666666665	0.184	0.18	0.16666666666666666	0.17866666666666667	0.166	0.17933333333333334	0.18533333333333332	0.16733333333333333	0.164	0.13333333333333333	0.136	0.15466666666666667	0.15266666666666667	0.13533333333333333	0.14666666666666667	0.162	0.12533333333333332	0.14266666666666666	0.13133333333333333	0.13133333333333333	0.14066666666666666	0.12066666666666667	0.13	0.12466666666666666	0.10466666666666667	0.102	0.09133333333333334	0.104	0.09333333333333334	0.10333333333333333	0.09533333333333334	0.11133333333333334	0.088	0.09066666666666667	0.08933333333333333	0.09533333333333334	0.08333333333333333	0.084	0.07866666666666666	0.08	0.07533333333333334	0.09066666666666667	0.07733333333333334	0.07866666666666666	0.072	0.07133333333333333	0.068	0.07666666666666666	0.07533333333333334	0.06933333333333333	0.074	0.06266666666666666	0.06066666666666667	0.05333333333333334	0.06066666666666667	0.05466666666666667	0.04933333333333333	0.058666666666666666	0.064	0.04466666666666667	0.04666666666666667	0.04533333333333334	0.04533333333333334	0.037333333333333336	0.04666666666666667	0.048	0.046	0.034666666666666665	0.04666666666666667	0.042	0.03333333333333333	0.03333333333333333	0.034666666666666665	0.034	0.03333333333333333	0.026	0.024666666666666667	0.02266666666666667	0.030666666666666665	0.024666666666666667	0.025333333333333333	0.029333333333333333	0.026	0.024666666666666667	0.013333333333333334	0.018666666666666668	0.018666666666666668	
0.276	0.306	0.2926666666666667	0.2946666666666667	0.296	0.25733333333333336	0.25133333333333335	0.25	0.2753333333333333	0.252	0.24333333333333335	0.226	0.21733333333333332	0.244	0.23066666666666666	0.23666666666666666	0.22	0.21866666666666668	0.20533333333333334	0.20933333333333334	0.218	0.212	0.18533333333333332	0.19866666666666666	0.19066666666666668	0.17666666666666667	0.18133333333333335	0.18266666666666667	0.164	0.17466666666666666	0.15333333333333332	0.15333333333333332	0.13466666666666666	0.13866666666666666	0.146	0.17	0.14866666666666667	0.14133333333333334	0.13066666666666665	0.15133333333333332	0.128	0.14266666666666666	0.11133333333333334	0.128	0.14333333333333334	0.10133333333333333	0.116	0.12666666666666668	0.12	0.112	0.11466666666666667	0.09266666666666666	0.10133333333333333	0.096	0.09466666666666666	0.1	0.106	0.08533333333333333	0.09	0.08266666666666667	0.084	0.094	0.08066666666666666	0.06733333333333333	0.07933333333333334	0.07733333333333334	0.08933333333333333	0.072	0.076	0.07	0.07133333333333333	0.06533333333333333	0.058666666666666666	0.062	0.06466666666666666	0.064	0.05466666666666667	0.05533333333333333	0.056666666666666664	0.04533333333333334	0.042666666666666665	0.038	0.05533333333333333	0.04466666666666667	0.04533333333333334	0.04533333333333334	0.03266666666666666	0.03933333333333333	0.037333333333333336	0.038	0.04133333333333333	0.03866666666666667	0.042	0.03266666666666666	0.028	0.030666666666666665	0.024666666666666667	0.022	0.027333333333333334	
0.3546666666666667	0.3586666666666667	0.322	0.3253333333333333	0.3606666666666667	0.356	0.31533333333333335	0.332	0.31733333333333336	0.28733333333333333	0.31133333333333335	0.28933333333333333	0.28	0.2833333333333333	0.264	0.25533333333333336	0.26666666666666666	0.24733333333333332	0.2633333333333333	0.24266666666666667	0.24133333333333334	0.226	0.20933333333333334	0.23466666666666666	0.23866666666666667	0.22133333333333333	0.22533333333333333	0.214	0.21666666666666667	0.228	0.206	0.19133333333333333	0.198	0.20733333333333334	0.16733333333333333	0.178	0.17866666666666667	0.18133333333333335	0.17733333333333334	0.186	0.13933333333333334	0.16066666666666668	0.16533333333333333	0.15533333333333332	0.13333333333333333	0.14866666666666667	0.132	0.12733333333333333	0.13066666666666665	0.14466666666666667	0.11266666666666666	0.11	0.13666666666666666	0.11666666666666667	0.11533333333333333	0.13333333333333333	0.134	0.10733333333333334	0.10466666666666667	0.10533333333333333	0.10266666666666667	0.10066666666666667	0.09933333333333333	0.08733333333333333	0.09666666666666666	0.08666666666666667	0.08533333333333333	0.08133333333333333	0.09066666666666667	0.076	0.09266666666666666	0.072	0.08	0.078	0.07666666666666666	0.06733333333333333	0.06333333333333334	0.076	0.06266666666666666	0.05266666666666667	0.06666666666666667	0.07733333333333334	0.066	0.058	0.056	0.048	0.05	0.05	0.04666666666666667	0.044	0.042	0.04666666666666667	0.04666666666666667	0.03266666666666666	0.038	0.028	0.04133333333333333	0.029333333333333333	0.03133333333333333	
0.7846666666666666	0.798	0.772	0.802	0.7393333333333333	0.706	0.7133333333333334	0.686	0.6846666666666666	0.6893333333333334	0.6693333333333333	0.6226666666666667	0.6453333333333333	0.5873333333333334	0.6493333333333333	0.6266666666666667	0.5973333333333334	0.598	0.5613333333333334	0.532	0.5693333333333334	0.5113333333333333	0.5006666666666667	0.5046666666666667	0.5186666666666667	0.508	0.47733333333333333	0.4713333333333333	0.4513333333333333	0.45066666666666666	0.422	0.42133333333333334	0.38533333333333336	0.4166666666666667	0.384	0.38066666666666665	0.374	0.37	0.37733333333333335	0.3413333333333333	0.3546666666666667	0.352	0.36	0.32066666666666666	0.3426666666666667	0.3233333333333333	0.29333333333333333	0.304	0.30333333333333334	0.312	0.2753333333333333	0.2886666666666667	0.26466666666666666	0.2826666666666667	0.2673333333333333	0.26066666666666666	0.264	0.24066666666666667	0.234	0.23466666666666666	0.22066666666666668	0.228	0.20666666666666667	0.22466666666666665	0.20933333333333334	0.19866666666666666	0.19933333333333333	0.18266666666666667	0.16866666666666666	0.17733333333333334	0.18466666666666667	0.18533333333333332	0.164	0.17866666666666667	0.154	0.16333333333333333	0.16333333333333333	0.13266666666666665	0.15	0.12666666666666668	0.10733333333333334	0.13	0.118	0.13	0.10466666666666667	0.108	0.11133333333333334	0.09533333333333334	0.09733333333333333	0.09133333333333334	0.094	0.08733333333333333	0.09066666666666667	0.07866666666666666	0.07	0.07266666666666667	0.07133333333333333	0.07666666666666666	0.072	
0.5473333333333333	0.5893333333333334	0.596	0.5446666666666666	0.5093333333333333	0.4766666666666667	0.528	0.5213333333333333	0.5293333333333333	0.522	0.48733333333333334	0.4633333333333333	0.446	0.484	0.4246666666666667	0.4206666666666667	0.43	0.416	0.4266666666666667	0.4	0.38466666666666666	0.398	0.38466666666666666	0.38333333333333336	0.382	0.3626666666666667	0.358	0.356	0.3373333333333333	0.30333333333333334	0.33266666666666667	0.31733333333333336	0.32	0.33466666666666667	0.31133333333333335	0.2813333333333333	0.312	0.29933333333333334	0.2826666666666667	0.2786666666666667	0.254	0.24066666666666667	0.23666666666666666	0.236	0.24	0.25866666666666666	0.208	0.21733333333333332	0.202	0.22666666666666666	0.21	0.206	0.214	0.21333333333333335	0.20133333333333334	0.18933333333333333	0.18266666666666667	0.19133333333333333	0.17533333333333334	0.18666666666666668	0.17533333333333334	0.146	0.16133333333333333	0.164	0.136	0.14933333333333335	0.14266666666666666	0.12866666666666668	0.14133333333333334	0.138	0.13666666666666666	0.11133333333333334	0.116	0.11133333333333334	0.11	0.104	0.10533333333333333	0.10666666666666667	0.09266666666666666	0.09333333333333334	0.092	0.08866666666666667	0.092	0.082	0.086	0.08266666666666667	0.082	0.07666666666666666	0.074	0.07	0.07066666666666667	0.072	0.072	0.066	0.04933333333333333	0.05533333333333333	0.04666666666666667	0.06066666666666667	0.04533333333333334	
0.6013333333333334	0.5813333333333334	0.5706666666666667	0.5286666666666666	0.5253333333333333	0.49866666666666665	0.5286666666666666	0.5453333333333333	0.5106666666666667	0.5073333333333333	0.47933333333333333	0.5066666666666667	0.492	0.4693333333333333	0.4573333333333333	0.4666666666666667	0.44866666666666666	0.446	0.41533333333333333	0.442	0.378	0.39	0.42333333333333334	0.3606666666666667	0.38533333333333336	0.36666666666666664	0.37466666666666665	0.332	0.33266666666666667	0.3373333333333333	0.33666666666666667	0.312	0.30866666666666664	0.29733333333333334	0.31266666666666665	0.328	0.29133333333333333	0.298	0.264	0.26666666666666666	0.282	0.24533333333333332	0.25866666666666666	0.23666666666666666	0.256	0.258	0.23733333333333334	0.21466666666666667	0.19733333333333333	0.22733333333333333	0.208	0.20933333333333334	0.20066666666666666	0.21666666666666667	0.20133333333333334	0.18466666666666667	0.17266666666666666	0.18933333333333333	0.17266666666666666	0.176	0.148	0.182	0.168	0.17666666666666667	0.15066666666666667	0.14133333333333334	0.146	0.142	0.13133333333333333	0.13266666666666665	0.13933333333333334	0.12133333333333333	0.14666666666666667	0.11666666666666667	0.106	0.12133333333333333	0.098	0.12066666666666667	0.102	0.10733333333333334	0.09333333333333334	0.09133333333333334	0.08066666666666666	0.09	0.08666666666666667	0.084	0.08066666666666666	0.076	0.086	0.08066666666666666	0.068	0.05733333333333333	0.06533333333333333	0.062	0.04466666666666667	0.06533333333333333	0.052	0.048	0.052	
0.698	0.662	0.6386666666666667	0.6366666666666667	0.6133333333333333	0.638	0.598	0.604	0.5726666666666667	0.5606666666666666	0.5393333333333333	0.536	0.5333333333333333	0.55	0.4866666666666667	0.486	0.49533333333333335	0.46066666666666667	0.4653333333333333	0.4686666666666667	0.4573333333333333	0.4493333333333333	0.44066666666666665	0.4186666666666667	0.42933333333333334	0.432	0.4093333333333333	0.4026666666666667	0.38266666666666665	0.374	0.382	0.36733333333333335	0.39666666666666667	0.356	0.30866666666666664	0.34933333333333333	0.33266666666666667	0.32466666666666666	0.318	0.32133333333333336	0.31866666666666665	0.272	0.2733333333333333	0.278	0.2773333333333333	0.26866666666666666	0.28	0.27666666666666667	0.25666666666666665	0.228	0.25666666666666665	0.226	0.24	0.23266666666666666	0.20933333333333334	0.22933333333333333	0.19066666666666668	0.21133333333333335	0.18333333333333332	0.202	0.17933333333333334	0.18	0.17066666666666666	0.18733333333333332	0.166	0.158	0.16	0.188	0.13333333333333333	0.13266666666666665	0.16133333333333333	0.13466666666666666	0.13333333333333333	0.12066666666666667	0.122	0.12666666666666668	0.12	0.14666666666666667	0.11666666666666667	0.124	0.106	0.10666666666666667	0.09333333333333334	0.09533333333333334	0.10266666666666667	0.092	0.078	0.07733333333333334	0.072	0.07533333333333334	0.07466666666666667	0.06733333333333333	0.06866666666666667	0.06466666666666666	0.07466666666666667	0.07133333333333333	0.058	0.06666666666666667	0.066	
0.7286666666666667	0.712	0.716	0.6846666666666666	0.6666666666666666	0.68	0.6213333333333333	0.6066666666666667	0.634	0.6513333333333333	0.5526666666666666	0.5686666666666667	0.588	0.5633333333333334	0.5593333333333333	0.51	0.542	0.5313333333333333	0.4826666666666667	0.45	0.4866666666666667	0.45266666666666666	0.456	0.4533333333333333	0.458	0.4493333333333333	0.41933333333333334	0.41733333333333333	0.42733333333333334	0.416	0.378	0.3993333333333333	0.394	0.372	0.362	0.358	0.36466666666666664	0.3393333333333333	0.30266666666666664	0.35733333333333334	0.31133333333333335	0.31133333333333335	0.31466666666666665	0.30333333333333334	0.268	0.2966666666666667	0.282	0.28	0.27266666666666667	0.25466666666666665	0.252	0.24733333333333332	0.2613333333333333	0.24533333333333332	0.234	0.23733333333333334	0.21866666666666668	0.23733333333333334	0.21733333333333332	0.20733333333333334	0.21933333333333332	0.18	0.19933333333333333	0.19333333333333333	0.188	0.176	0.17666666666666667	0.17066666666666666	0.176	0.164	0.154	0.15533333333333332	0.15066666666666667	0.13666666666666666	0.14466666666666667	0.134	0.138	0.14333333333333334	0.13	0.09866666666666667	0.11666666666666667	0.11466666666666667	0.11333333333333333	0.08733333333333333	0.09266666666666666	0.09266666666666666	0.09733333333333333	0.08533333333333333	0.084	0.08933333333333333	0.086	0.084	0.07533333333333334	0.086	0.06466666666666666	0.07133333333333333	0.07533333333333334	0.058	0.06666666666666667	
0.796	0.81	0.7313333333333333	0.762	0.7466666666666667	0.6506666666666666	0.7093333333333334	0.6806666666666666	0.6766666666666666	0.6366666666666667	0.6226666666666667	0.6126666666666667	0.606	0.6086666666666667	0.5593333333333333	0.5966666666666667	0.5353333333333333	0.57	0.5513333333333333	0.544	0.5266666666666666	0.49466666666666664	0.5033333333333333	0.49666666666666665	0.5013333333333333	0.4726666666666667	0.44866666666666666	0.44533333333333336	0.46266666666666667	0.434	0.4146666666666667	0.4166666666666667	0.3993333333333333	0.4126666666666667	0.4073333333333333	0.41133333333333333	0.37133333333333335	0.37133333333333335	0.386	0.3333333333333333	0.3453333333333333	0.344	0.32133333333333336	0.324	0.3313333333333333	0.344	0.3	0.3006666666666667	0.29333333333333333	0.27466666666666667	0.2793333333333333	0.292	0.256	0.2613333333333333	0.258	0.22466666666666665	0.24533333333333332	0.226	0.234	0.21666666666666667	0.224	0.22466666666666665	0.22466666666666665	0.20466666666666666	0.21533333333333332	0.188	0.18133333333333335	0.17333333333333334	0.16933333333333334	0.18133333333333335	0.16333333333333333	0.17866666666666667	0.15133333333333332	0.15333333333333332	0.15733333333333333	0.144	0.144	0.134	0.15466666666666667	0.138	0.13866666666666666	0.11466666666666667	0.11333333333333333	0.11333333333333333	0.09866666666666667	0.094	0.11533333333333333	0.10333333333333333	0.09466666666666666	0.10266666666666667	0.08733333333333333	0.08066666666666666	0.08733333333333333	0.078	0.08933333333333333	0.07466666666666667	0.07066666666666667	0.07133333333333333	0.06733333333333333	
0.8426666666666667	0.8066666666666666	0.814	0.762	0.7433333333333333	0.7853333333333333	0.758	0.7046666666666667	0.6793333333333333	0.7093333333333334	0.7346666666666667	0.6673333333333333	0.65	0.6413333333333333	0.6646666666666666	0.6053333333333333	0.5886666666666667	0.616	0.5893333333333334	0.578	0.5566666666666666	0.5493333333333333	0.5686666666666667	0.53	0.5006666666666667	0.5146666666666667	0.49466666666666664	0.5153333333333333	0.4746666666666667	0.48	0.5026666666666667	0.47533333333333333	0.43733333333333335	0.4653333333333333	0.418	0.4186666666666667	0.3873333333333333	0.36733333333333335	0.416	0.42533333333333334	0.3586666666666667	0.37866666666666665	0.364	0.36466666666666664	0.32	0.326	0.33266666666666667	0.33666666666666667	0.32133333333333336	0.28733333333333333	0.306	0.2986666666666667	0.304	0.2786666666666667	0.306	0.276	0.25266666666666665	0.24066666666666667	0.236	0.246	0.212	0.21933333333333332	0.21333333333333335	0.236	0.22533333333333333	0.19466666666666665	0.196	0.19466666666666665	0.192	0.17866666666666667	0.18266666666666667	0.176	0.172	0.166	0.156	0.15466666666666667	0.144	0.14933333333333335	0.138	0.13	0.11933333333333333	0.13933333333333334	0.11533333333333333	0.124	0.11333333333333333	0.102	0.10266666666666667	0.10733333333333334	0.09066666666666667	0.08733333333333333	0.10133333333333333	0.102	0.08133333333333333	0.084	0.09	0.08333333333333333	0.082	0.07066666666666667	0.076	
0.878	0.8766666666666667	0.87	0.8493333333333334	0.8426666666666667	0.83	0.7886666666666666	0.7513333333333333	0.74	0.778	0.73	0.726	0.7506666666666667	0.7226666666666667	0.6346666666666667	0.6393333333333333	0.6593333333333333	0.6353333333333333	0.6153333333333333	0.5553333333333333	0.6033333333333334	0.5906666666666667	0.5873333333333334	0.5766666666666667	0.5506666666666666	0.5486666666666666	0.526	0.53	0.532	0.49466666666666664	0.4886666666666667	0.47933333333333333	0.468	0.45266666666666666	0.4866666666666667	0.43733333333333335	0.45066666666666666	0.45066666666666666	0.4046666666666667	0.43133333333333335	0.41533333333333333	0.388	0.412	0.37666666666666665	0.352	0.3526666666666667	0.3253333333333333	0.342	0.328	0.358	0.31933333333333336	0.29933333333333334	0.27666666666666667	0.29933333333333334	0.27466666666666667	0.282	0.2733333333333333	0.272	0.2733333333333333	0.262	0.2793333333333333	0.258	0.232	0.236	0.22933333333333333	0.21533333333333332	0.22666666666666666	0.19666666666666666	0.18533333333333332	0.18666666666666668	0.204	0.178	0.196	0.16733333333333333	0.18533333333333332	0.17933333333333334	0.14866666666666667	0.16	0.14933333333333335	0.144	0.15733333333333333	0.158	0.14733333333333334	0.12933333333333333	0.12666666666666668	0.12466666666666666	0.106	0.124	0.09533333333333334	0.092	0.11533333333333333	0.098	0.08466666666666667	0.08333333333333333	0.09866666666666667	0.07466666666666667	0.08533333333333333	0.09	0.07933333333333334	
0.9286666666666666	0.9613333333333334	0.912	0.8993333333333333	0.874	0.8573333333333333	0.84	0.8093333333333333	0.8093333333333333	0.8093333333333333	0.8146666666666667	0.7593333333333333	0.776	0.7413333333333333	0.734	0.688	0.728	0.6553333333333333	0.648	0.6753333333333333	0.6273333333333333	0.6693333333333333	0.662	0.6246666666666667	0.6126666666666667	0.5846666666666667	0.6006666666666667	0.54	0.536	0.5326666666666666	0.532	0.5246666666666666	0.4693333333333333	0.5013333333333333	0.49466666666666664	0.49733333333333335	0.44266666666666665	0.4533333333333333	0.4693333333333333	0.414	0.414	0.43333333333333335	0.4206666666666667	0.402	0.38333333333333336	0.4066666666666667	0.394	0.38066666666666665	0.3313333333333333	0.34	0.33266666666666667	0.3586666666666667	0.304	0.316	0.31866666666666665	0.344	0.2853333333333333	0.25533333333333336	0.2853333333333333	0.2753333333333333	0.2693333333333333	0.25933333333333336	0.25533333333333336	0.256	0.254	0.23066666666666666	0.22333333333333333	0.234	0.22	0.20533333333333334	0.21266666666666667	0.20733333333333334	0.20533333333333334	0.174	0.19266666666666668	0.16866666666666666	0.176	0.162	0.18266666666666667	0.16666666666666666	0.15733333333333333	0.14866666666666667	0.13933333333333334	0.14266666666666666	0.13533333333333333	0.12533333333333332	0.13133333333333333	0.12266666666666666	0.12466666666666666	0.09933333333333333	0.10133333333333333	0.12133333333333333	0.10866666666666666	0.10066666666666667	0.086	0.08866666666666667	0.098	0.08933333333333333	0.08333333333333333	
0.9666666666666667	0.992	0.9186666666666666	0.9386666666666666	0.922	0.8953333333333333	0.8913333333333333	0.8753333333333333	0.816	0.82	0.8073333333333333	0.7906666666666666	0.8346666666666667	0.7646666666666667	0.752	0.714	0.7293333333333333	0.752	0.7173333333333334	0.6666666666666666	0.6633333333333333	0.6593333333333333	0.668	0.636	0.626	0.64	0.6006666666666667	0.6186666666666667	0.5953333333333334	0.5573333333333333	0.556	0.522	0.5106666666666667	0.51	0.5086666666666667	0.474	0.4653333333333333	0.4666666666666667	0.48333333333333334	0.44733333333333336	0.46	0.45	0.39266666666666666	0.4053333333333333	0.408	0.39666666666666667	0.4033333333333333	0.374	0.36	0.3606666666666667	0.3406666666666667	0.36666666666666664	0.34	0.32466666666666666	0.31733333333333336	0.294	0.31	0.2886666666666667	0.30866666666666664	0.27	0.2733333333333333	0.274	0.26866666666666666	0.246	0.2826666666666667	0.288	0.23333333333333334	0.22866666666666666	0.226	0.21466666666666667	0.21133333333333335	0.212	0.19733333333333333	0.19333333333333333	0.19733333333333333	0.18933333333333333	0.17066666666666666	0.188	0.17066666666666666	0.15133333333333332	0.16533333333333333	0.16133333333333333	0.15733333333333333	0.14533333333333334	0.13533333333333333	0.14133333333333334	0.14133333333333334	0.11266666666666666	0.11866666666666667	0.10533333333333333	0.11933333333333333	0.11	0.10133333333333333	0.1	0.09	0.092	0.088	0.086	0.08866666666666667	
0.966	1.0033333333333334	0.9433333333333334	0.9846666666666667	0.9413333333333334	0.926	0.904	0.8793333333333333	0.8853333333333333	0.832	0.812	0.8153333333333334	0.7986666666666666	0.7733333333333333	0.7833333333333333	0.7526666666666667	0.726	0.7526666666666667	0.7006666666666667	0.706	0.708	0.6786666666666666	0.6213333333333333	0.674	0.6886666666666666	0.626	0.6353333333333333	0.6146666666666667	0.568	0.5653333333333334	0.556	0.5593333333333333	0.5346666666666666	0.536	0.4866666666666667	0.544	0.48133333333333334	0.5006666666666667	0.4593333333333333	0.4886666666666667	0.492	0.44466666666666665	0.42933333333333334	0.41133333333333333	0.414	0.434	0.37733333333333335	0.41533333333333333	0.36466666666666664	0.368	0.3606666666666667	0.3433333333333333	0.3473333333333333	0.29333333333333333	0.322	0.3273333333333333	0.31466666666666665	0.346	0.2786666666666667	0.316	0.2853333333333333	0.276	0.276	0.282	0.272	0.268	0.222	0.23866666666666667	0.23533333333333334	0.23933333333333334	0.22533333333333333	0.21333333333333335	0.20866666666666667	0.19133333333333333	0.19	0.22333333333333333	0.18733333333333332	0.19733333333333333	0.18533333333333332	0.17333333333333334	0.162	0.168	0.16866666666666666	0.14133333333333334	0.14666666666666667	0.13866666666666666	0.13466666666666666	0.13533333333333333	0.13933333333333334	0.12333333333333334	0.11666666666666667	0.10866666666666666	0.10333333333333333	0.10133333333333333	0.11666666666666667	0.096	0.09866666666666667	0.10866666666666666	0.08733333333333333	
1.0613333333333332	1.0566666666666666	0.9973333333333333	1.0146666666666666	0.9653333333333334	0.9206666666666666	0.896	0.9233333333333333	0.91	0.8926666666666667	0.824	0.7926666666666666	0.828	0.778	0.8246666666666667	0.7453333333333333	0.7813333333333333	0.736	0.7526666666666667	0.7353333333333333	0.704	0.6906666666666667	0.7033333333333334	0.6353333333333333	0.638	0.6586666666666666	0.6166666666666667	0.6046666666666667	0.592	0.5866666666666667	0.576	0.5773333333333334	0.5433333333333333	0.5426666666666666	0.54	0.52	0.5326666666666666	0.4646666666666667	0.5046666666666667	0.47333333333333333	0.48	0.43333333333333335	0.454	0.442	0.44533333333333336	0.406	0.43266666666666664	0.44466666666666665	0.39	0.366	0.39066666666666666	0.38	0.38266666666666665	0.3466666666666667	0.33666666666666667	0.32066666666666666	0.318	0.32866666666666666	0.31533333333333335	0.32066666666666666	0.2833333333333333	0.26266666666666666	0.302	0.25666666666666665	0.26266666666666666	0.25533333333333336	0.25933333333333336	0.248	0.25866666666666666	0.24533333333333332	0.20333333333333334	0.222	0.21533333333333332	0.18733333333333332	0.20266666666666666	0.19133333333333333	0.21666666666666667	0.196	0.166	0.18933333333333333	0.15133333333333332	0.158	0.166	0.168	0.13133333333333333	0.15466666666666667	0.134	0.14	0.14933333333333335	0.11133333333333334	0.11733333333333333	0.11066666666666666	0.11866666666666667	0.10533333333333333	0.108	0.10666666666666667	0.09066666666666667	0.09866666666666667	0.10066666666666667	
1.0686666666666667	1.054	0.9933333333333333	0.9973333333333333	1.0033333333333334	0.9413333333333334	0.8953333333333333	0.9546666666666667	0.884	0.8746666666666667	0.8506666666666667	0.8546666666666667	0.8346666666666667	0.7806666666666666	0.7926666666666666	0.8046666666666666	0.764	0.7813333333333333	0.6853333333333333	0.7486666666666667	0.704	0.694	0.6853333333333333	0.668	0.6386666666666667	0.65	0.6126666666666667	0.5706666666666667	0.6286666666666667	0.6006666666666667	0.6026666666666667	0.5806666666666667	0.5733333333333334	0.5146666666666667	0.568	0.5513333333333333	0.522	0.5126666666666667	0.512	0.494	0.484	0.47533333333333333	0.464	0.45	0.43933333333333335	0.4146666666666667	0.466	0.408	0.37133333333333335	0.3933333333333333	0.374	0.38	0.3586666666666667	0.382	0.3393333333333333	0.33666666666666667	0.31666666666666665	0.32133333333333336	0.2966666666666667	0.314	0.3006666666666667	0.3273333333333333	0.274	0.288	0.29	0.26466666666666666	0.256	0.23933333333333334	0.262	0.23866666666666667	0.22266666666666668	0.226	0.20933333333333334	0.208	0.20466666666666666	0.21133333333333335	0.18466666666666667	0.198	0.18733333333333332	0.18266666666666667	0.17266666666666666	0.178	0.16133333333333333	0.15866666666666668	0.154	0.13333333333333333	0.132	0.13866666666666666	0.13066666666666665	0.13533333333333333	0.12333333333333334	0.13866666666666666	0.11933333333333333	0.12133333333333333	0.1	0.1	0.10266666666666667	0.094	0.07533333333333334	
1.0853333333333333	1.09	0.9953333333333333	1.0366666666666666	1.008	0.986	0.9593333333333334	0.98	0.9233333333333333	0.858	0.862	0.8506666666666667	0.87	0.7966666666666666	0.8153333333333334	0.764	0.7606666666666667	0.7926666666666666	0.7646666666666667	0.7926666666666666	0.732	0.706	0.6773333333333333	0.698	0.6653333333333333	0.668	0.664	0.6213333333333333	0.618	0.626	0.6053333333333333	0.5833333333333334	0.5586666666666666	0.568	0.5366666666666666	0.536	0.5173333333333333	0.53	0.476	0.494	0.4706666666666667	0.4746666666666667	0.4686666666666667	0.4593333333333333	0.43666666666666665	0.42533333333333334	0.4093333333333333	0.43533333333333335	0.3606666666666667	0.392	0.38333333333333336	0.38533333333333336	0.35133333333333333	0.37133333333333335	0.37	0.32866666666666666	0.31266666666666665	0.3293333333333333	0.3233333333333333	0.31733333333333336	0.314	0.284	0.31133333333333335	0.288	0.27066666666666667	0.27666666666666667	0.24466666666666667	0.2713333333333333	0.24933333333333332	0.266	0.23466666666666666	0.214	0.22533333333333333	0.21466666666666667	0.20666666666666667	0.20266666666666666	0.21066666666666667	0.22133333333333333	0.21	0.17533333333333334	0.17466666666666666	0.18133333333333335	0.17533333333333334	0.16266666666666665	0.138	0.14866666666666667	0.15266666666666667	0.13933333333333334	0.13466666666666666	0.13666666666666666	0.122	0.12933333333333333	0.112	0.12133333333333333	0.10866666666666666	0.108	0.09666666666666666	0.10133333333333333	0.07733333333333334	
1.1046666666666667	1.1	1.0266666666666666	1.0193333333333334	0.984	1.03	0.9993333333333333	0.9206666666666666	0.964	0.912	0.8733333333333333	0.9213333333333333	0.8513333333333334	0.8626666666666667	0.8166666666666667	0.81	0.76	0.784	0.7606666666666667	0.7166666666666667	0.7933333333333333	0.734	0.7266666666666667	0.7186666666666667	0.7066666666666667	0.6726666666666666	0.6773333333333333	0.652	0.6566666666666666	0.652	0.656	0.612	0.616	0.6326666666666667	0.556	0.534	0.5273333333333333	0.5406666666666666	0.49866666666666665	0.5233333333333333	0.4746666666666667	0.464	0.46	0.452	0.4646666666666667	0.45066666666666666	0.42	0.43133333333333335	0.422	0.38266666666666665	0.41	0.366	0.38	0.36933333333333335	0.33266666666666667	0.3406666666666667	0.3433333333333333	0.334	0.348	0.30333333333333334	0.2773333333333333	0.294	0.294	0.302	0.2613333333333333	0.286	0.2613333333333333	0.2613333333333333	0.236	0.23133333333333334	0.25733333333333336	0.23666666666666666	0.20066666666666666	0.23733333333333334	0.22066666666666668	0.18666666666666668	0.19933333333333333	0.21466666666666667	0.18066666666666667	0.18333333333333332	0.186	0.172	0.158	0.182	0.15666666666666668	0.16866666666666666	0.15866666666666668	0.14	0.14866666666666667	0.13266666666666665	0.11866666666666667	0.10933333333333334	0.13133333333333333	0.11133333333333334	0.11066666666666666	0.11866666666666667	0.09866666666666667	0.096	0.094	
1.1306666666666667	1.1393333333333333	1.0813333333333333	1.0573333333333332	1.0266666666666666	1.048	0.956	0.9713333333333334	0.9326666666666666	0.9873333333333333	0.9346666666666666	0.9006666666666666	0.876	0.8006666666666666	0.8866666666666667	0.7553333333333333	0.8253333333333334	0.836	0.768	0.7606666666666667	0.7333333333333333	0.7733333333333333	0.7173333333333334	0.6793333333333333	0.6886666666666666	0.6633333333333333	0.6946666666666667	0.6873333333333334	0.664	0.636	0.6213333333333333	0.5813333333333334	0.574	0.5506666666666666	0.584	0.53	0.564	0.5586666666666666	0.518	0.5086666666666667	0.5186666666666667	0.4826666666666667	0.47533333333333333	0.496	0.44466666666666665	0.48333333333333334	0.4186666666666667	0.43866666666666665	0.4046666666666667	0.406	0.3993333333333333	0.3933333333333333	0.38066666666666665	0.37666666666666665	0.352	0.3626666666666667	0.37	0.31533333333333335	0.31533333333333335	0.31333333333333335	0.336	0.2986666666666667	0.3	0.32	0.2693333333333333	0.2773333333333333	0.27266666666666667	0.2713333333333333	0.25733333333333336	0.246	0.228	0.256	0.238	0.216	0.21333333333333335	0.206	0.194	0.22266666666666668	0.21066666666666667	0.194	0.18533333333333332	0.17266666666666666	0.16533333333333333	0.17333333333333334	0.15866666666666668	0.148	0.15466666666666667	0.152	0.14866666666666667	0.13533333333333333	0.12866666666666668	0.13266666666666665	0.12466666666666666	0.118	0.11533333333333333	0.11466666666666667	0.11533333333333333	0.098	0.10066666666666667	
1.162	1.13	1.1246666666666667	1.0613333333333332	1.0173333333333334	1.0746666666666667	1.0126666666666666	1.0153333333333334	1.014	0.97	0.95	0.9346666666666666	0.936	0.8773333333333333	0.9026666666666666	0.808	0.8553333333333333	0.8413333333333334	0.7906666666666666	0.7793333333333333	0.776	0.7553333333333333	0.7406666666666667	0.7466666666666667	0.708	0.684	0.706	0.6646666666666666	0.6486666666666666	0.6633333333333333	0.624	0.6166666666666667	0.5773333333333334	0.6166666666666667	0.62	0.6113333333333333	0.5833333333333334	0.5566666666666666	0.5433333333333333	0.5713333333333334	0.504	0.49466666666666664	0.5033333333333333	0.498	0.4706666666666667	0.4786666666666667	0.4126666666666667	0.44866666666666666	0.43533333333333335	0.43466666666666665	0.4146666666666667	0.39466666666666667	0.394	0.35933333333333334	0.35533333333333333	0.37266666666666665	0.36333333333333334	0.35333333333333333	0.3273333333333333	0.338	0.306	0.3233333333333333	0.31533333333333335	0.3253333333333333	0.2826666666666667	0.27066666666666667	0.2773333333333333	0.272	0.26466666666666666	0.2693333333333333	0.26266666666666666	0.248	0.23733333333333334	0.21333333333333335	0.22533333333333333	0.23333333333333334	0.23533333333333334	0.19333333333333333	0.18933333333333333	0.19066666666666668	0.19133333333333333	0.16666666666666666	0.17733333333333334	0.168	0.17666666666666667	0.142	0.15733333333333333	0.15866666666666668	0.134	0.144	0.12533333333333332	0.12266666666666666	0.124	0.12133333333333333	0.12333333333333334	0.11466666666666667	0.09666666666666666	0.096	0.09533333333333334	
1.1506666666666667	1.2166666666666666	1.142	1.0753333333333333	1.1473333333333333	1.034	1.0386666666666666	1.03	1.0366666666666666	0.982	0.9613333333333334	0.9873333333333333	0.928	0.8913333333333333	0.9013333333333333	0.8813333333333333	0.882	0.832	0.8526666666666667	0.79	0.8113333333333334	0.7893333333333333	0.766	0.76	0.7653333333333333	0.7326666666666667	0.6826666666666666	0.6866666666666666	0.7286666666666667	0.6606666666666666	0.62	0.6133333333333333	0.646	0.6273333333333333	0.5913333333333334	0.6086666666666667	0.5406666666666666	0.556	0.5486666666666666	0.5706666666666667	0.508	0.508	0.49866666666666665	0.47333333333333333	0.4673333333333333	0.46266666666666667	0.48333333333333334	0.4593333333333333	0.4226666666666667	0.41733333333333333	0.44866666666666666	0.38866666666666666	0.4206666666666667	0.38	0.37733333333333335	0.37733333333333335	0.3626666666666667	0.36133333333333334	0.3333333333333333	0.35533333333333333	0.3293333333333333	0.314	0.32	0.298	0.29933333333333334	0.31266666666666665	0.284	0.29	0.266	0.2833333333333333	0.24266666666666667	0.2653333333333333	0.25933333333333336	0.19733333333333333	0.26466666666666666	0.224	0.20666666666666667	0.22	0.24333333333333335	0.21	0.202	0.194	0.16933333333333334	0.16266666666666665	0.172	0.15266666666666667	0.16933333333333334	0.15466666666666667	0.158	0.138	0.13666666666666666	0.14266666666666666	0.12133333333333333	0.114	0.11	0.116	0.11266666666666666	0.10333333333333333	0.09266666666666666	
1.1886666666666668	1.19	1.1586666666666667	1.164	1.1753333333333333	1.0833333333333333	1.0726666666666667	1.0646666666666667	1.0513333333333332	1.05	1.0093333333333334	0.968	0.9313333333333333	0.9146666666666666	0.93	0.8953333333333333	0.8993333333333333	0.8973333333333333	0.8693333333333333	0.8286666666666667	0.8266666666666667	0.8126666666666666	0.7726666666666666	0.7433333333333333	0.7746666666666666	0.7513333333333333	0.744	0.7186666666666667	0.6933333333333334	0.7086666666666667	0.674	0.6733333333333333	0.6306666666666667	0.636	0.6453333333333333	0.6	0.582	0.5946666666666667	0.5566666666666666	0.5333333333333333	0.5113333333333333	0.5233333333333333	0.49933333333333335	0.5313333333333333	0.518	0.472	0.4673333333333333	0.4613333333333333	0.42733333333333334	0.43333333333333335	0.43066666666666664	0.394	0.44	0.44266666666666665	0.36466666666666664	0.38866666666666666	0.3426666666666667	0.36333333333333334	0.3426666666666667	0.3453333333333333	0.34	0.322	0.3233333333333333	0.308	0.31333333333333335	0.30933333333333335	0.286	0.25466666666666665	0.284	0.272	0.25666666666666665	0.232	0.242	0.23533333333333334	0.21866666666666668	0.244	0.22133333333333333	0.19	0.19533333333333333	0.202	0.21066666666666667	0.19933333333333333	0.186	0.17866666666666667	0.18533333333333332	0.156	0.152	0.15866666666666668	0.152	0.14666666666666667	0.10933333333333334	0.134	0.132	0.13866666666666666	0.11933333333333333	0.116	0.10733333333333334	0.10933333333333334	0.1	
1.2646666666666666	1.218	1.1746666666666667	1.1386666666666667	1.178	1.098	1.088	1.082	1.0353333333333334	1.0653333333333332	0.998	0.9986666666666667	1.0306666666666666	0.9566666666666667	0.9473333333333334	0.8486666666666667	0.884	0.8733333333333333	0.8733333333333333	0.8313333333333334	0.8353333333333334	0.8313333333333334	0.7826666666666666	0.7613333333333333	0.7633333333333333	0.7433333333333333	0.6933333333333334	0.708	0.7106666666666667	0.686	0.6766666666666666	0.6833333333333333	0.6686666666666666	0.6793333333333333	0.6333333333333333	0.6006666666666667	0.5806666666666667	0.6166666666666667	0.5806666666666667	0.52	0.5046666666666667	0.552	0.5093333333333333	0.5166666666666667	0.5146666666666667	0.4886666666666667	0.476	0.504	0.4493333333333333	0.42133333333333334	0.4206666666666667	0.44733333333333336	0.44066666666666665	0.41	0.3893333333333333	0.394	0.36866666666666664	0.36866666666666664	0.396	0.37266666666666665	0.35733333333333334	0.35	0.3453333333333333	0.33	0.306	0.302	0.2793333333333333	0.308	0.29	0.29333333333333333	0.27466666666666667	0.24666666666666667	0.254	0.24266666666666667	0.224	0.236	0.24733333333333332	0.21533333333333332	0.20466666666666666	0.18866666666666668	0.202	0.17866666666666667	0.186	0.18466666666666667	0.16666666666666666	0.17733333333333334	0.17	0.14733333333333334	0.154	0.14266666666666666	0.154	0.14	0.13266666666666665	0.132	0.11333333333333333	0.124	0.102	0.122	0.098	
1.2346666666666666	1.2133333333333334	1.1946666666666668	1.186	1.168	1.1406666666666667	1.158	1.1246666666666667	1.082	1.048	1.0653333333333332	1.0293333333333334	0.9933333333333333	0.9873333333333333	0.958	0.9473333333333334	0.914	0.936	0.862	0.892	0.8773333333333333	0.834	0.8393333333333334	0.7833333333333333	0.7993333333333333	0.7773333333333333	0.7366666666666667	0.7466666666666667	0.7233333333333334	0.7206666666666667	0.6833333333333333	0.6986666666666667	0.672	0.6553333333333333	0.616	0.64	0.604	0.6266666666666667	0.5946666666666667	0.604	0.5513333333333333	0.5586666666666666	0.5373333333333333	0.536	0.5113333333333333	0.5193333333333333	0.506	0.4653333333333333	0.41733333333333333	0.452	0.4513333333333333	0.44333333333333336	0.43266666666666664	0.4266666666666667	0.41533333333333333	0.4166666666666667	0.416	0.3526666666666667	0.394	0.38333333333333336	0.37133333333333335	0.36466666666666664	0.3466666666666667	0.31266666666666665	0.3426666666666667	0.31866666666666665	0.28933333333333333	0.3	0.29533333333333334	0.282	0.256	0.252	0.242	0.24466666666666667	0.24333333333333335	0.248	0.23066666666666666	0.24	0.22466666666666665	0.23333333333333334	0.17933333333333334	0.20333333333333334	0.19133333333333333	0.18066666666666667	0.15466666666666667	0.16666666666666666	0.16533333333333333	0.14733333333333334	0.16133333333333333	0.15133333333333332	0.154	0.134	0.13933333333333334	0.14066666666666666	0.12333333333333334	0.112	0.11066666666666666	0.13133333333333333	0.09333333333333334	
1.3193333333333332	1.2793333333333334	1.1986666666666668	1.216	1.2433333333333334	1.1353333333333333	1.1426666666666667	1.118	1.1193333333333333	1.0933333333333333	1.0033333333333334	1.0453333333333332	1.024	0.9846666666666667	0.9693333333333334	0.9633333333333334	0.9866666666666667	0.934	0.9366666666666666	0.8746666666666667	0.8373333333333334	0.864	0.8753333333333333	0.79	0.7966666666666666	0.828	0.8186666666666667	0.7753333333333333	0.7566666666666667	0.722	0.7086666666666667	0.68	0.634	0.6913333333333334	0.6366666666666667	0.6433333333333333	0.6433333333333333	0.63	0.604	0.6006666666666667	0.5693333333333334	0.5646666666666667	0.5733333333333334	0.526	0.5126666666666667	0.544	0.4806666666666667	0.49866666666666665	0.486	0.446	0.44466666666666665	0.44866666666666666	0.4613333333333333	0.438	0.428	0.41133333333333333	0.404	0.428	0.402	0.36666666666666664	0.35333333333333333	0.3433333333333333	0.33266666666666667	0.31266666666666665	0.34	0.3433333333333333	0.31333333333333335	0.306	0.276	0.27466666666666667	0.282	0.238	0.2786666666666667	0.24866666666666667	0.24733333333333332	0.272	0.24533333333333332	0.22933333333333333	0.218	0.182	0.20533333333333334	0.20133333333333334	0.19666666666666666	0.202	0.16733333333333333	0.176	0.18666666666666668	0.16466666666666666	0.17333333333333334	0.14333333333333334	0.13933333333333334	0.14466666666666667	0.13066666666666665	0.144	0.124	0.134	0.11466666666666667	0.10533333333333333	0.112	
1.3266666666666667	1.2693333333333334	1.2353333333333334	1.2373333333333334	1.2013333333333334	1.2046666666666668	1.1793333333333333	1.152	1.112	1.0913333333333333	1.0613333333333332	1.0673333333333332	1.0526666666666666	1.0126666666666666	0.998	0.9753333333333334	0.9386666666666666	0.9793333333333333	0.924	0.892	0.906	0.872	0.8873333333333333	0.8146666666666667	0.8193333333333334	0.806	0.81	0.7866666666666666	0.7686666666666667	0.7286666666666667	0.748	0.7246666666666667	0.69	0.6973333333333334	0.6953333333333334	0.64	0.6173333333333333	0.6413333333333333	0.6173333333333333	0.6033333333333334	0.5913333333333334	0.6026666666666667	0.5346666666666666	0.546	0.508	0.516	0.5493333333333333	0.5213333333333333	0.47933333333333333	0.5206666666666667	0.4573333333333333	0.45266666666666666	0.42533333333333334	0.44866666666666666	0.3953333333333333	0.41933333333333334	0.43066666666666664	0.374	0.37666666666666665	0.3546666666666667	0.38	0.36533333333333334	0.33	0.35133333333333333	0.344	0.326	0.33	0.31	0.2693333333333333	0.2786666666666667	0.2693333333333333	0.2886666666666667	0.24466666666666667	0.27066666666666667	0.25866666666666666	0.24933333333333332	0.24266666666666667	0.23733333333333334	0.24533333333333332	0.22066666666666668	0.21533333333333332	0.19866666666666666	0.20133333333333334	0.20666666666666667	0.19333333333333333	0.172	0.17333333333333334	0.17533333333333334	0.16066666666666668	0.15066666666666667	0.16333333333333333	0.152	0.14466666666666667	0.12066666666666667	0.12733333333333333	0.126	0.112	0.13533333333333333	0.12266666666666666	
1.38	1.2906666666666666	1.286	1.2446666666666666	1.2753333333333334	1.208	1.1673333333333333	1.204	1.148	1.126	1.0593333333333332	1.084	1.0866666666666667	1.0593333333333332	1.03	1.0033333333333334	0.9766666666666667	0.9993333333333333	0.928	0.896	0.9353333333333333	0.8806666666666667	0.8966666666666666	0.8486666666666667	0.89	0.8453333333333334	0.8066666666666666	0.8046666666666666	0.7866666666666666	0.7566666666666667	0.7546666666666667	0.7206666666666667	0.7513333333333333	0.73	0.7113333333333334	0.6626666666666666	0.6293333333333333	0.656	0.588	0.6033333333333334	0.6013333333333334	0.6073333333333333	0.5946666666666667	0.5653333333333334	0.5266666666666666	0.49666666666666665	0.5446666666666666	0.526	0.4686666666666667	0.47	0.47933333333333333	0.4553333333333333	0.45866666666666667	0.452	0.4266666666666667	0.44066666666666665	0.4186666666666667	0.4093333333333333	0.42533333333333334	0.36666666666666664	0.386	0.36533333333333334	0.37133333333333335	0.3293333333333333	0.31733333333333336	0.3426666666666667	0.36133333333333334	0.326	0.31066666666666665	0.2986666666666667	0.2886666666666667	0.2633333333333333	0.27266666666666667	0.27466666666666667	0.28	0.25533333333333336	0.23533333333333334	0.25066666666666665	0.23333333333333334	0.226	0.22666666666666666	0.21666666666666667	0.20333333333333334	0.19266666666666668	0.19133333333333333	0.16666666666666666	0.18466666666666667	0.18066666666666667	0.15066666666666667	0.15533333333333332	0.17533333333333334	0.14866666666666667	0.142	0.134	0.14266666666666666	0.128	0.142	0.118	0.102	
1.424	1.3593333333333333	1.3086666666666666	1.282	1.3093333333333332	1.258	1.2253333333333334	1.23	1.2066666666666668	1.162	1.102	1.0893333333333333	1.0973333333333333	1.0613333333333332	1.036	0.994	1.03	0.9693333333333334	0.9966666666666667	0.936	0.9233333333333333	0.9233333333333333	0.892	0.8613333333333333	0.894	0.7953333333333333	0.8353333333333334	0.838	0.794	0.8106666666666666	0.758	0.74	0.7193333333333334	0.7393333333333333	0.7133333333333334	0.6673333333333333	0.6706666666666666	0.6613333333333333	0.6553333333333333	0.6333333333333333	0.6206666666666667	0.6046666666666667	0.6166666666666667	0.578	0.562	0.5833333333333334	0.5246666666666666	0.49266666666666664	0.5406666666666666	0.5	0.4846666666666667	0.474	0.4593333333333333	0.46266666666666667	0.4726666666666667	0.4533333333333333	0.40066666666666667	0.4226666666666667	0.40066666666666667	0.392	0.39066666666666666	0.38	0.4073333333333333	0.364	0.3486666666666667	0.322	0.31266666666666665	0.3333333333333333	0.30133333333333334	0.294	0.2793333333333333	0.302	0.264	0.272	0.27	0.27266666666666667	0.242	0.22733333333333333	0.242	0.21933333333333332	0.22333333333333333	0.21933333333333332	0.19933333333333333	0.22466666666666665	0.19	0.18866666666666668	0.20133333333333334	0.20133333333333334	0.138	0.16933333333333334	0.15266666666666667	0.15	0.14466666666666667	0.13333333333333333	0.114	0.14	0.142	0.12533333333333332	0.11466666666666667	
1.422	1.3966666666666667	1.3886666666666667	1.3486666666666667	1.242	1.304	1.246	1.2673333333333334	1.1686666666666667	1.1673333333333333	1.1533333333333333	1.1126666666666667	1.0973333333333333	1.0986666666666667	1.078	1.0193333333333334	1.038	0.986	0.9686666666666667	0.974	0.9786666666666667	0.9406666666666667	0.872	0.8893333333333333	0.8826666666666667	0.8473333333333334	0.868	0.812	0.8606666666666667	0.8153333333333334	0.7646666666666667	0.752	0.7153333333333334	0.7013333333333334	0.7346666666666667	0.6873333333333334	0.702	0.632	0.692	0.65	0.622	0.6466666666666666	0.6286666666666667	0.5953333333333334	0.582	0.5626666666666666	0.538	0.5346666666666666	0.542	0.49866666666666665	0.48333333333333334	0.49266666666666664	0.48133333333333334	0.45	0.4553333333333333	0.44	0.44333333333333336	0.39866666666666667	0.43	0.416	0.384	0.346	0.35933333333333334	0.3486666666666667	0.36533333333333334	0.36533333333333334	0.32866666666666666	0.3446666666666667	0.31666666666666665	0.31866666666666665	0.31733333333333336	0.284	0.266	0.32066666666666666	0.2693333333333333	0.26266666666666666	0.26866666666666666	0.234	0.25	0.20933333333333334	0.24933333333333332	0.21866666666666668	0.21066666666666667	0.21	0.202	0.19333333333333333	0.18333333333333332	0.20666666666666667	0.168	0.15133333333333332	0.166	0.142	0.14266666666666666	0.17933333333333334	0.146	0.13733333333333334	0.116	0.128	0.112	
1.434	1.3846666666666667	1.3473333333333333	1.3426666666666667	1.322	1.276	1.2466666666666666	1.24	1.2206666666666666	1.2473333333333334	1.1933333333333334	1.1406666666666667	1.1326666666666667	1.0366666666666666	1.0546666666666666	1.0573333333333332	1.038	1.0046666666666666	1.0453333333333332	0.972	0.9366666666666666	0.942	0.9473333333333334	0.882	0.8873333333333333	0.8713333333333333	0.8726666666666667	0.8046666666666666	0.864	0.7986666666666666	0.794	0.764	0.7513333333333333	0.7553333333333333	0.676	0.7266666666666667	0.6926666666666667	0.6486666666666666	0.7033333333333334	0.654	0.6446666666666667	0.644	0.644	0.606	0.5573333333333333	0.5733333333333334	0.556	0.5513333333333333	0.5486666666666666	0.504	0.536	0.5213333333333333	0.526	0.48333333333333334	0.49666666666666665	0.48333333333333334	0.4693333333333333	0.42133333333333334	0.422	0.43866666666666665	0.4126666666666667	0.386	0.37066666666666664	0.38533333333333336	0.3566666666666667	0.334	0.36	0.33	0.3333333333333333	0.31066666666666665	0.33	0.2853333333333333	0.288	0.264	0.2853333333333333	0.29	0.2733333333333333	0.258	0.2613333333333333	0.23066666666666666	0.22733333333333333	0.23133333333333334	0.21666666666666667	0.19866666666666666	0.22066666666666668	0.204	0.18866666666666668	0.18533333333333332	0.18733333333333332	0.18866666666666668	0.17333333333333334	0.154	0.16066666666666668	0.154	0.14	0.14466666666666667	0.146	0.114	0.12266666666666666	
1.482	1.4913333333333334	1.4393333333333334	1.37	1.2986666666666666	1.2873333333333334	1.3146666666666667	1.272	1.2386666666666666	1.1573333333333333	1.2526666666666666	1.14	1.1686666666666667	1.156	1.152	1.11	1.0706666666666667	1.1033333333333333	1.032	1.0313333333333334	1.0073333333333334	0.9793333333333333	0.976	0.9653333333333334	0.9293333333333333	0.89	0.8486666666666667	0.862	0.8526666666666667	0.8846666666666667	0.8526666666666667	0.796	0.8246666666666667	0.7906666666666666	0.7426666666666667	0.754	0.6886666666666666	0.718	0.7026666666666667	0.6813333333333333	0.666	0.6426666666666667	0.6113333333333333	0.6166666666666667	0.5933333333333334	0.56	0.596	0.568	0.5353333333333333	0.5446666666666666	0.544	0.49666666666666665	0.542	0.518	0.478	0.4646666666666667	0.44466666666666665	0.43066666666666664	0.44533333333333336	0.44266666666666665	0.45	0.388	0.41333333333333333	0.368	0.36333333333333334	0.358	0.38333333333333336	0.338	0.31	0.34	0.30666666666666664	0.328	0.2846666666666667	0.30533333333333335	0.29333333333333333	0.2633333333333333	0.294	0.246	0.2653333333333333	0.24	0.226	0.21866666666666668	0.222	0.21666666666666667	0.20333333333333334	0.20666666666666667	0.20266666666666666	0.17933333333333334	0.166	0.192	0.16666666666666666	0.17	0.154	0.148	0.146	0.134	0.13533333333333333	0.128	0.116	
1.518	1.528	1.4066666666666667	1.4293333333333333	1.4173333333333333	1.3833333333333333	1.3633333333333333	1.3026666666666666	1.2406666666666666	1.2626666666666666	1.2546666666666666	1.1486666666666667	1.144	1.1553333333333333	1.1166666666666667	1.098	1.0846666666666667	0.9753333333333334	1.014	1.072	1.0466666666666666	1.03	0.992	0.9606666666666667	0.9066666666666666	0.936	0.878	0.9153333333333333	0.9066666666666666	0.832	0.7886666666666666	0.8146666666666667	0.77	0.7826666666666666	0.7766666666666666	0.7226666666666667	0.728	0.7086666666666667	0.6893333333333334	0.6613333333333333	0.67	0.6793333333333333	0.6346666666666667	0.6426666666666667	0.616	0.644	0.5533333333333333	0.572	0.5626666666666666	0.5526666666666666	0.5566666666666666	0.5233333333333333	0.49733333333333335	0.4846666666666667	0.4706666666666667	0.5	0.454	0.4746666666666667	0.46266666666666667	0.42933333333333334	0.43666666666666665	0.444	0.3993333333333333	0.39666666666666667	0.4033333333333333	0.384	0.3586666666666667	0.3446666666666667	0.33066666666666666	0.31866666666666665	0.312	0.29133333333333333	0.3	0.28933333333333333	0.2946666666666667	0.2793333333333333	0.2633333333333333	0.272	0.26	0.25133333333333335	0.24533333333333332	0.242	0.23933333333333334	0.21266666666666667	0.21066666666666667	0.21333333333333335	0.208	0.206	0.2	0.16333333333333333	0.17066666666666666	0.15533333333333332	0.166	0.156	0.15466666666666667	0.15	0.13866666666666666	0.12466666666666666	0.12333333333333334	
1.5633333333333332	1.4946666666666666	1.46	1.4566666666666668	1.424	1.4026666666666667	1.332	1.3613333333333333	1.302	1.2806666666666666	1.236	1.2653333333333334	1.2033333333333334	1.204	1.1393333333333333	1.1493333333333333	1.1393333333333333	1.096	1.0666666666666667	1.0193333333333334	1.06	1.0366666666666666	0.9933333333333333	0.9393333333333334	0.9433333333333334	0.938	0.9266666666666666	0.9246666666666666	0.8793333333333333	0.8566666666666667	0.84	0.8833333333333333	0.8193333333333334	0.8013333333333333	0.7733333333333333	0.748	0.7466666666666667	0.7433333333333333	0.7086666666666667	0.726	0.6933333333333334	0.6633333333333333	0.65	0.6493333333333333	0.612	0.6226666666666667	0.64	0.6093333333333333	0.58	0.54	0.5733333333333334	0.5586666666666666	0.5133333333333333	0.5066666666666667	0.534	0.49333333333333335	0.4713333333333333	0.46066666666666667	0.4646666666666667	0.47	0.4206666666666667	0.44	0.4106666666666667	0.42533333333333334	0.386	0.36333333333333334	0.372	0.338	0.366	0.3506666666666667	0.32466666666666666	0.318	0.298	0.31733333333333336	0.31266666666666665	0.28733333333333333	0.256	0.254	0.2773333333333333	0.238	0.246	0.22933333333333333	0.224	0.23	0.22533333333333333	0.21866666666666668	0.21666666666666667	0.202	0.18866666666666668	0.17333333333333334	0.17733333333333334	0.166	0.182	0.16266666666666665	0.15533333333333332	0.164	0.148	0.14866666666666667	0.11866666666666667	
1.6933333333333334	1.6826666666666668	1.6173333333333333	1.5886666666666667	1.544	1.5653333333333332	1.5	1.4933333333333334	1.4793333333333334	1.41	1.3953333333333333	1.3966666666666667	1.3173333333333332	1.3153333333333332	1.3353333333333333	1.2566666666666666	1.252	1.2086666666666666	1.226	1.15	1.146	1.0753333333333333	1.1266666666666667	1.07	1.0933333333333333	1.0773333333333333	1.034	1.0013333333333334	0.9493333333333334	0.9786666666666667	0.9426666666666667	0.9026666666666666	0.896	0.9053333333333333	0.8526666666666667	0.808	0.8073333333333333	0.824	0.7993333333333333	0.784	0.7466666666666667	0.744	0.71	0.728	0.6666666666666666	0.6833333333333333	0.6773333333333333	0.662	0.6273333333333333	0.6353333333333333	0.6346666666666667	0.5873333333333334	0.5766666666666667	0.584	0.544	0.52	0.5446666666666666	0.518	0.5353333333333333	0.5093333333333333	0.49533333333333335	0.4653333333333333	0.48	0.476	0.4533333333333333	0.43666666666666665	0.414	0.39	0.378	0.38866666666666666	0.376	0.35333333333333333	0.33666666666666667	0.37333333333333335	0.324	0.32666666666666666	0.308	0.2886666666666667	0.2926666666666667	0.2786666666666667	0.284	0.278	0.25533333333333336	0.25466666666666665	0.23933333333333334	0.23933333333333334	0.226	0.23066666666666666	0.22333333333333333	0.192	0.19066666666666668	0.178	0.186	0.188	0.18533333333333332	0.16933333333333334	0.15533333333333332	0.14733333333333334	0.14333333333333334	
1.8686666666666667	1.796	1.7213333333333334	1.7413333333333334	1.7106666666666666	1.738	1.6213333333333333	1.6706666666666667	1.5973333333333333	1.572	1.5546666666666666	1.4393333333333334	1.4733333333333334	1.418	1.4386666666666668	1.4173333333333333	1.3273333333333333	1.368	1.3473333333333333	1.236	1.2646666666666666	1.2566666666666666	1.24	1.1126666666666667	1.15	1.1506666666666667	1.0593333333333332	1.0653333333333332	1.1153333333333333	1.0713333333333332	0.998	1.036	0.9913333333333333	0.9446666666666667	0.9473333333333334	0.9506666666666667	0.8866666666666667	0.9033333333333333	0.8593333333333333	0.8146666666666667	0.8006666666666666	0.7946666666666666	0.7993333333333333	0.794	0.7686666666666667	0.7453333333333333	0.688	0.7166666666666667	0.6946666666666667	0.688	0.6706666666666666	0.6233333333333333	0.6606666666666666	0.6153333333333333	0.6273333333333333	0.5286666666666666	0.5646666666666667	0.5946666666666667	0.55	0.562	0.5253333333333333	0.5153333333333333	0.49466666666666664	0.49666666666666665	0.45266666666666666	0.462	0.45666666666666667	0.4146666666666667	0.4146666666666667	0.4	0.4066666666666667	0.386	0.378	0.3446666666666667	0.366	0.32266666666666666	0.332	0.32266666666666666	0.31466666666666665	0.316	0.288	0.298	0.28933333333333333	0.2773333333333333	0.26666666666666666	0.26066666666666666	0.23866666666666667	0.25533333333333336	0.23266666666666666	0.228	0.20066666666666666	0.19266666666666668	0.21533333333333332	0.19933333333333333	0.186	0.176	0.16533333333333333	0.18666666666666668	0.166	
2.004	2.0086666666666666	1.9133333333333333	1.9133333333333333	1.8713333333333333	1.804	1.7886666666666666	1.7073333333333334	1.6726666666666667	1.6686666666666667	1.6753333333333333	1.6193333333333333	1.5886666666666667	1.574	1.4986666666666666	1.5006666666666666	1.51	1.388	1.392	1.362	1.4146666666666667	1.3206666666666667	1.3326666666666667	1.2946666666666666	1.2133333333333334	1.2146666666666666	1.206	1.1226666666666667	1.084	1.154	1.096	1.0426666666666666	1.0973333333333333	1.0826666666666667	1.0353333333333334	1.0246666666666666	0.9513333333333334	0.9993333333333333	0.952	0.9133333333333333	0.8986666666666666	0.878	0.858	0.818	0.786	0.8206666666666667	0.726	0.8126666666666666	0.744	0.7233333333333334	0.7186666666666667	0.7013333333333334	0.706	0.64	0.646	0.6546666666666666	0.62	0.5913333333333334	0.5793333333333334	0.566	0.5646666666666667	0.5526666666666666	0.5606666666666666	0.5366666666666666	0.49733333333333335	0.508	0.4533333333333333	0.454	0.4713333333333333	0.45066666666666666	0.4493333333333333	0.43533333333333335	0.3993333333333333	0.414	0.39066666666666666	0.38333333333333336	0.364	0.35333333333333333	0.334	0.3373333333333333	0.31	0.348	0.304	0.2826666666666667	0.2886666666666667	0.2986666666666667	0.25866666666666666	0.25266666666666665	0.268	0.25666666666666665	0.22533333333333333	0.24666666666666667	0.21533333333333332	0.22	0.204	0.182	0.18	0.18333333333333332	0.154	
2.1566666666666667	2.0833333333333335	2.062666666666667	2.0446666666666666	1.9806666666666666	1.946	1.9573333333333334	1.8826666666666667	1.8393333333333333	1.7686666666666666	1.766	1.7426666666666666	1.7593333333333334	1.658	1.67	1.6413333333333333	1.5766666666666667	1.54	1.4813333333333334	1.5426666666666666	1.4993333333333334	1.3753333333333333	1.4173333333333333	1.3846666666666667	1.3366666666666667	1.3506666666666667	1.306	1.2206666666666666	1.2253333333333334	1.2326666666666666	1.2066666666666668	1.1866666666666668	1.1286666666666667	1.16	1.102	1.128	1.048	1.0666666666666667	0.9853333333333333	0.992	1.0313333333333334	0.9833333333333333	0.974	0.9086666666666666	0.864	0.892	0.836	0.8293333333333334	0.836	0.7993333333333333	0.8226666666666667	0.7786666666666666	0.7353333333333333	0.7313333333333333	0.7746666666666666	0.6733333333333333	0.6893333333333334	0.6873333333333334	0.646	0.6326666666666667	0.616	0.616	0.6053333333333333	0.5646666666666667	0.5346666666666666	0.5573333333333333	0.5093333333333333	0.45666666666666667	0.49866666666666665	0.47933333333333333	0.4686666666666667	0.484	0.4246666666666667	0.43866666666666665	0.42133333333333334	0.404	0.4066666666666667	0.38333333333333336	0.38666666666666666	0.352	0.35933333333333334	0.356	0.35533333333333333	0.3313333333333333	0.31	0.30866666666666664	0.2853333333333333	0.25466666666666665	0.26666666666666666	0.268	0.25	0.25266666666666665	0.24333333333333335	0.23333333333333334	0.22666666666666666	0.21733333333333332	0.20866666666666667	0.20066666666666666	0.17	
2.3826666666666667	2.2866666666666666	2.216	2.227333333333333	2.164	2.1106666666666665	2.118	2.0686666666666667	1.9513333333333334	1.9553333333333334	1.9226666666666667	1.8706666666666667	1.7853333333333334	1.8086666666666666	1.77	1.768	1.7253333333333334	1.646	1.5893333333333333	1.614	1.644	1.5066666666666666	1.5006666666666666	1.5506666666666666	1.4606666666666666	1.4633333333333334	1.4053333333333333	1.3773333333333333	1.368	1.2573333333333334	1.3433333333333333	1.2926666666666666	1.2366666666666666	1.256	1.198	1.1773333333333333	1.14	1.15	1.1066666666666667	1.0646666666666667	1.0886666666666667	0.9833333333333333	1.0226666666666666	0.972	0.9366666666666666	0.962	0.88	0.924	0.8866666666666667	0.8913333333333333	0.8393333333333334	0.7953333333333333	0.8133333333333334	0.7433333333333333	0.7653333333333333	0.7346666666666667	0.7633333333333333	0.7526666666666667	0.6866666666666666	0.66	0.6586666666666666	0.656	0.586	0.6433333333333333	0.6026666666666667	0.568	0.5646666666666667	0.5666666666666667	0.5026666666666667	0.5273333333333333	0.5086666666666667	0.5186666666666667	0.5046666666666667	0.45666666666666667	0.456	0.446	0.43933333333333335	0.45666666666666667	0.43466666666666665	0.4026666666666667	0.39066666666666666	0.3626666666666667	0.376	0.342	0.33266666666666667	0.3233333333333333	0.3	0.314	0.2853333333333333	0.27	0.2846666666666667	0.258	0.24266666666666667	0.262	0.21733333333333332	0.23133333333333334	0.212	0.208	0.20466666666666666	
2.604	2.542666666666667	2.43	2.437333333333333	2.3366666666666664	2.3353333333333333	2.2946666666666666	2.2973333333333334	2.1553333333333335	2.168	2.1173333333333333	2.0646666666666667	2.0473333333333334	1.9606666666666666	1.992	1.8613333333333333	1.8626666666666667	1.828	1.7646666666666666	1.6953333333333334	1.726	1.6633333333333333	1.69	1.622	1.5613333333333332	1.5393333333333334	1.574	1.5073333333333334	1.452	1.376	1.4006666666666667	1.348	1.3173333333333332	1.328	1.3013333333333332	1.2973333333333332	1.222	1.2326666666666666	1.1506666666666667	1.208	1.1653333333333333	1.1233333333333333	1.126	1.0473333333333332	1.0246666666666666	0.9946666666666667	0.994	0.988	0.978	0.958	0.916	0.9053333333333333	0.856	0.8966666666666666	0.8173333333333334	0.7926666666666666	0.7933333333333333	0.782	0.7446666666666667	0.6986666666666667	0.7313333333333333	0.6693333333333333	0.6693333333333333	0.6706666666666666	0.664	0.6286666666666667	0.6206666666666667	0.588	0.6233333333333333	0.5433333333333333	0.562	0.5633333333333334	0.512	0.5166666666666667	0.518	0.5126666666666667	0.47533333333333333	0.4126666666666667	0.44733333333333336	0.4086666666666667	0.42133333333333334	0.4066666666666667	0.4013333333333333	0.38333333333333336	0.38866666666666666	0.346	0.338	0.3313333333333333	0.31333333333333335	0.2926666666666667	0.29933333333333334	0.2986666666666667	0.26866666666666666	0.26	0.2613333333333333	0.25333333333333335	0.23933333333333334	0.22666666666666666	0.22	
2.6806666666666668	2.708	2.6553333333333335	2.5453333333333332	2.4993333333333334	2.501333333333333	2.4033333333333333	2.3386666666666667	2.37	2.251333333333333	2.264666666666667	2.1493333333333333	2.168	2.1	2.0473333333333334	2.01	2.0673333333333335	1.93	1.892	1.8473333333333333	1.8293333333333333	1.7653333333333334	1.846	1.748	1.646	1.684	1.6433333333333333	1.598	1.554	1.526	1.5606666666666666	1.422	1.4893333333333334	1.4406666666666668	1.394	1.3986666666666667	1.2946666666666666	1.286	1.3173333333333332	1.2506666666666666	1.1973333333333334	1.21	1.1153333333333333	1.1546666666666667	1.1013333333333333	1.0886666666666667	1.0793333333333333	1.0646666666666667	1.0446666666666666	1.046	1.004	0.9333333333333333	0.9626666666666667	0.9386666666666666	0.9	0.866	0.8326666666666667	0.844	0.7813333333333333	0.7886666666666666	0.7806666666666666	0.7653333333333333	0.682	0.6986666666666667	0.7613333333333333	0.686	0.652	0.6493333333333333	0.66	0.64	0.5946666666666667	0.5886666666666667	0.554	0.5486666666666666	0.5586666666666666	0.49933333333333335	0.5153333333333333	0.49333333333333335	0.492	0.4013333333333333	0.44333333333333336	0.5066666666666667	0.41133333333333333	0.38133333333333336	0.38266666666666665	0.37866666666666665	0.368	0.348	0.3426666666666667	0.3433333333333333	0.30266666666666664	0.28933333333333333	0.302	0.30933333333333335	0.2693333333333333	0.27666666666666667	0.244	0.23333333333333334	0.22466666666666665	
2.846	2.8306666666666667	2.783333333333333	2.6813333333333333	2.6153333333333335	2.624	2.562	2.4646666666666666	2.470666666666667	2.4013333333333335	2.3233333333333333	2.24	2.176	2.218	2.202	2.1773333333333333	2.096	2.0113333333333334	2.044	1.9973333333333334	1.9726666666666666	1.8453333333333333	1.8946666666666667	1.7826666666666666	1.784	1.7646666666666666	1.8066666666666666	1.6953333333333334	1.626	1.6633333333333333	1.5893333333333333	1.5293333333333334	1.5306666666666666	1.4313333333333333	1.464	1.4446666666666668	1.3653333333333333	1.398	1.336	1.3206666666666667	1.2253333333333334	1.2706666666666666	1.212	1.2366666666666666	1.222	1.186	1.154	1.1366666666666667	1.1046666666666667	1.056	1.0866666666666667	1.012	0.9946666666666667	0.9526666666666667	0.9286666666666666	0.9106666666666666	0.9233333333333333	0.872	0.876	0.8226666666666667	0.8186666666666667	0.842	0.78	0.7806666666666666	0.7146666666666667	0.7033333333333334	0.6806666666666666	0.6713333333333333	0.6726666666666666	0.6253333333333333	0.6146666666666667	0.6046666666666667	0.6233333333333333	0.55	0.5506666666666666	0.566	0.546	0.5253333333333333	0.5026666666666667	0.478	0.43933333333333335	0.466	0.45	0.44266666666666665	0.41133333333333333	0.41533333333333333	0.3973333333333333	0.4046666666666667	0.342	0.38	0.3453333333333333	0.3253333333333333	0.318	0.3006666666666667	0.294	0.27066666666666667	0.27666666666666667	0.26	0.2613333333333333	
2.993333333333333	3.0006666666666666	2.888	2.8853333333333335	2.814	2.679333333333333	2.724	2.5646666666666667	2.622	2.504	2.481333333333333	2.3833333333333333	2.4066666666666667	2.336	2.3153333333333332	2.2573333333333334	2.208666666666667	2.1206666666666667	2.1546666666666665	2.1126666666666667	2.042666666666667	1.9566666666666668	1.9113333333333333	1.9413333333333334	1.876	1.856	1.7686666666666666	1.7733333333333334	1.7066666666666668	1.6593333333333333	1.6846666666666668	1.6326666666666667	1.548	1.586	1.5793333333333333	1.4913333333333334	1.484	1.434	1.3393333333333333	1.4406666666666668	1.37	1.35	1.338	1.2713333333333334	1.2366666666666666	1.19	1.17	1.1586666666666667	1.1706666666666667	1.0946666666666667	1.0873333333333333	1.0893333333333333	0.9953333333333333	1.0206666666666666	0.9786666666666667	0.9673333333333334	0.916	0.886	0.876	0.884	0.866	0.8286666666666667	0.804	0.7713333333333333	0.7726666666666666	0.7873333333333333	0.7126666666666667	0.69	0.676	0.708	0.666	0.666	0.63	0.592	0.55	0.5766666666666667	0.546	0.558	0.53	0.508	0.5013333333333333	0.442	0.4766666666666667	0.43066666666666664	0.4086666666666667	0.42	0.414	0.39466666666666667	0.36333333333333334	0.37133333333333335	0.3413333333333333	0.37	0.31866666666666665	0.316	0.34	0.286	0.28	0.27	0.25933333333333336	
3.16	3.106	3.046666666666667	2.9926666666666666	2.9526666666666666	2.8233333333333333	2.8	2.800666666666667	2.703333333333333	2.6446666666666667	2.622	2.5526666666666666	2.5653333333333332	2.4406666666666665	2.4366666666666665	2.3913333333333333	2.316	2.308	2.1946666666666665	2.182	2.206	2.0846666666666667	2.128	2.0406666666666666	1.9506666666666668	1.9473333333333334	1.89	1.9433333333333334	1.8466666666666667	1.8286666666666667	1.7313333333333334	1.784	1.6926666666666668	1.664	1.606	1.5606666666666666	1.5106666666666666	1.536	1.4633333333333334	1.46	1.392	1.4193333333333333	1.3666666666666667	1.4186666666666667	1.3613333333333333	1.256	1.284	1.2253333333333334	1.1946666666666668	1.1893333333333334	1.1306666666666667	1.1093333333333333	1.0606666666666666	1.0666666666666667	1.048	0.9646666666666667	0.992	0.998	0.9566666666666667	0.928	0.9153333333333333	0.8653333333333333	0.8866666666666667	0.8466666666666667	0.8393333333333334	0.8193333333333334	0.7506666666666667	0.7213333333333334	0.7213333333333334	0.7286666666666667	0.7333333333333333	0.66	0.6306666666666667	0.622	0.6413333333333333	0.5986666666666667	0.5666666666666667	0.5826666666666667	0.5713333333333334	0.5306666666666666	0.514	0.5173333333333333	0.49933333333333335	0.452	0.43066666666666664	0.396	0.47	0.416	0.39	0.41333333333333333	0.38866666666666666	0.372	0.33266666666666667	0.3373333333333333	0.344	0.30733333333333335	0.278	0.298	0.2653333333333333	
3.3646666666666665	3.324	3.231333333333333	3.1653333333333333	3.0193333333333334	3.0793333333333335	2.9366666666666665	2.962	2.9133333333333336	2.791333333333333	2.7093333333333334	2.65	2.616	2.558666666666667	2.5773333333333333	2.4673333333333334	2.3746666666666667	2.4053333333333335	2.3926666666666665	2.264	2.23	2.254	2.248	2.132	2.1046666666666667	2.078	2.037333333333333	1.93	1.946	1.9373333333333334	1.8686666666666667	1.8326666666666667	1.7873333333333334	1.788	1.692	1.6106666666666667	1.64	1.6926666666666668	1.494	1.554	1.5293333333333334	1.5186666666666666	1.4653333333333334	1.412	1.4086666666666667	1.4386666666666668	1.362	1.2766666666666666	1.2793333333333334	1.2126666666666666	1.1526666666666667	1.1926666666666668	1.1786666666666668	1.148	1.1046666666666667	1.076	1.026	1.0446666666666666	0.958	0.9853333333333333	0.9773333333333334	0.9186666666666666	0.94	0.9046666666666666	0.864	0.8693333333333333	0.8206666666666667	0.8393333333333334	0.7786666666666666	0.7926666666666666	0.7346666666666667	0.6853333333333333	0.72	0.7013333333333334	0.6506666666666666	0.668	0.634	0.6113333333333333	0.6033333333333334	0.5926666666666667	0.5206666666666667	0.548	0.5346666666666666	0.518	0.47533333333333333	0.43666666666666665	0.4673333333333333	0.42533333333333334	0.44	0.37	0.42	0.39066666666666666	0.376	0.364	0.33666666666666667	0.33666666666666667	0.318	0.304	0.30466666666666664	
3.546	3.502666666666667	3.3386666666666667	3.29	3.2573333333333334	3.1646666666666667	3.058666666666667	3.1046666666666667	3.033333333333333	2.928	3.0613333333333332	2.868	2.738	2.748	2.6453333333333333	2.554666666666667	2.6053333333333333	2.576	2.462666666666667	2.4306666666666668	2.466666666666667	2.2626666666666666	2.346	2.1586666666666665	2.284	2.2106666666666666	2.0993333333333335	2.1313333333333335	1.976	2.0046666666666666	1.9546666666666668	1.86	1.8346666666666667	1.8553333333333333	1.8013333333333332	1.7546666666666666	1.8093333333333332	1.6846666666666668	1.728	1.632	1.5726666666666667	1.5753333333333333	1.5666666666666667	1.5493333333333332	1.462	1.3746666666666667	1.362	1.3886666666666667	1.3353333333333333	1.322	1.2646666666666666	1.274	1.2506666666666666	1.1766666666666667	1.1833333333333333	1.1093333333333333	1.108	1.1106666666666667	1.0406666666666666	1.016	0.99	0.9626666666666667	0.9613333333333334	0.8926666666666667	0.9166666666666666	0.8993333333333333	0.824	0.822	0.8133333333333334	0.8233333333333334	0.772	0.726	0.7433333333333333	0.6993333333333334	0.656	0.6713333333333333	0.6673333333333333	0.606	0.594	0.602	0.6106666666666667	0.5906666666666667	0.5353333333333333	0.5393333333333333	0.498	0.5233333333333333	0.464	0.4686666666666667	0.4573333333333333	0.44533333333333336	0.38333333333333336	0.39066666666666666	0.416	0.366	0.3873333333333333	0.332	0.3333333333333333	0.312	0.31333333333333335	
3.5933333333333333	3.612	3.497333333333333	3.421333333333333	3.2333333333333334	3.243333333333333	3.184	3.1573333333333333	2.9953333333333334	2.946	2.9093333333333335	2.8733333333333335	2.88	2.736	2.7693333333333334	2.686	2.6486666666666667	2.524	2.58	2.4646666666666666	2.4326666666666665	2.39	2.3186666666666667	2.326	2.264	2.220666666666667	2.215333333333333	2.1266666666666665	2.1966666666666668	2.03	1.9953333333333334	1.94	1.8253333333333333	1.8786666666666667	1.8113333333333332	1.8053333333333332	1.784	1.7133333333333334	1.678	1.644	1.654	1.5706666666666667	1.5993333333333333	1.556	1.4726666666666666	1.4393333333333334	1.41	1.4353333333333333	1.328	1.3066666666666666	1.252	1.3186666666666667	1.276	1.166	1.1666666666666667	1.1286666666666667	1.0833333333333333	1.068	1.0873333333333333	1.0526666666666666	1.0546666666666666	1.0086666666666666	0.9566666666666667	0.9553333333333334	0.9166666666666666	0.8866666666666667	0.9033333333333333	0.8533333333333334	0.8233333333333334	0.7933333333333333	0.7853333333333333	0.81	0.8126666666666666	0.676	0.7006666666666667	0.704	0.6873333333333334	0.6306666666666667	0.6253333333333333	0.562	0.5933333333333334	0.5353333333333333	0.5793333333333334	0.5386666666666666	0.5346666666666666	0.512	0.4593333333333333	0.424	0.45866666666666667	0.43266666666666664	0.41933333333333334	0.4186666666666667	0.4046666666666667	0.4053333333333333	0.35933333333333334	0.36733333333333335	0.3406666666666667	0.33466666666666667	0.32666666666666666	
3.5553333333333335	3.4153333333333333	3.4593333333333334	3.3353333333333333	3.2933333333333334	3.2293333333333334	3.158	3.054	2.978	2.9506666666666668	2.968	2.894	2.832666666666667	2.746	2.671333333333333	2.6226666666666665	2.6273333333333335	2.646	2.558666666666667	2.4306666666666668	2.3766666666666665	2.374	2.296666666666667	2.300666666666667	2.232666666666667	2.1193333333333335	2.1286666666666667	2.1093333333333333	2.13	1.9606666666666666	2.012	1.934	1.8546666666666667	1.8573333333333333	1.8053333333333332	1.8193333333333332	1.692	1.6306666666666667	1.6886666666666668	1.636	1.5773333333333333	1.544	1.5773333333333333	1.542	1.4566666666666668	1.4046666666666667	1.4133333333333333	1.42	1.344	1.322	1.2693333333333334	1.2653333333333334	1.2266666666666666	1.2066666666666668	1.1873333333333334	1.1673333333333333	1.056	1.114	1.0786666666666667	1.0346666666666666	1.014	0.9806666666666667	0.9773333333333334	0.9193333333333333	0.9273333333333333	0.888	0.8833333333333333	0.8373333333333334	0.8253333333333334	0.828	0.7993333333333333	0.784	0.7586666666666667	0.7413333333333333	0.7126666666666667	0.6966666666666667	0.632	0.648	0.6546666666666666	0.616	0.58	0.584	0.5246666666666666	0.56	0.5093333333333333	0.498	0.5	0.45666666666666667	0.4613333333333333	0.4266666666666667	0.43466666666666665	0.406	0.396	0.38466666666666666	0.378	0.372	0.36133333333333334	0.34933333333333333	0.2946666666666667	
3.5533333333333332	3.446	3.408	3.3913333333333333	3.34	3.260666666666667	3.126	3.070666666666667	3.042666666666667	3.0633333333333335	2.9006666666666665	2.8913333333333333	2.771333333333333	2.716	2.740666666666667	2.6866666666666665	2.6246666666666667	2.5166666666666666	2.478	2.406	2.4133333333333336	2.3253333333333335	2.2826666666666666	2.296	2.1773333333333333	2.136	2.134	2.0353333333333334	2.1186666666666665	1.9746666666666666	1.9426666666666668	1.9086666666666667	1.872	1.8473333333333333	1.8266666666666667	1.7626666666666666	1.692	1.7613333333333334	1.67	1.6206666666666667	1.63	1.5446666666666666	1.5093333333333334	1.518	1.4613333333333334	1.4246666666666667	1.3533333333333333	1.4366666666666668	1.336	1.3133333333333332	1.2733333333333334	1.2593333333333334	1.2486666666666666	1.21	1.1913333333333334	1.1646666666666667	1.1713333333333333	1.1213333333333333	1.1	1.0593333333333332	1.0113333333333334	0.9733333333333334	0.9626666666666667	0.9333333333333333	0.9046666666666666	0.8713333333333333	0.846	0.8626666666666667	0.8213333333333334	0.7986666666666666	0.8086666666666666	0.75	0.7393333333333333	0.6853333333333333	0.6906666666666667	0.6746666666666666	0.628	0.6706666666666666	0.6073333333333333	0.612	0.6146666666666667	0.5806666666666667	0.5453333333333333	0.528	0.536	0.49	0.474	0.47333333333333333	0.4573333333333333	0.43466666666666665	0.42	0.38333333333333336	0.4013333333333333	0.38	0.35333333333333333	0.35133333333333333	0.324	0.32666666666666666	0.30333333333333334	
3.48	3.6253333333333333	3.332666666666667	3.376	3.278	3.2093333333333334	3.1773333333333333	3.058666666666667	3.1086666666666667	2.9086666666666665	2.9026666666666667	2.834	2.836	2.7146666666666666	2.772666666666667	2.6206666666666667	2.5833333333333335	2.518	2.53	2.4806666666666666	2.362	2.3666666666666667	2.283333333333333	2.202	2.220666666666667	2.1933333333333334	2.1446666666666667	2.102	2.0233333333333334	2.0393333333333334	1.928	1.8706666666666667	1.8533333333333333	1.8086666666666666	1.8486666666666667	1.7973333333333332	1.7753333333333334	1.718	1.6546666666666667	1.64	1.5706666666666667	1.576	1.5066666666666666	1.4653333333333334	1.5073333333333334	1.41	1.3833333333333333	1.3906666666666667	1.292	1.2373333333333334	1.3226666666666667	1.2753333333333334	1.1993333333333334	1.2373333333333334	1.1353333333333333	1.0766666666666667	1.1106666666666667	1.0973333333333333	1.0553333333333332	1.0306666666666666	1.0533333333333332	0.9806666666666667	0.97	0.8953333333333333	0.9046666666666666	0.894	0.8326666666666667	0.8933333333333333	0.8786666666666667	0.7993333333333333	0.778	0.7593333333333333	0.7746666666666666	0.7313333333333333	0.7006666666666667	0.6793333333333333	0.6413333333333333	0.6546666666666666	0.646	0.5853333333333334	0.578	0.5626666666666666	0.53	0.54	0.5126666666666667	0.512	0.4766666666666667	0.4613333333333333	0.4493333333333333	0.44333333333333336	0.42133333333333334	0.4026666666666667	0.41	0.364	0.35	0.37066666666666664	0.304	0.3506666666666667	0.30333333333333334	
3.452	3.438	3.3546666666666667	3.260666666666667	3.226	3.1413333333333333	3.092	3.0673333333333335	2.964	2.9246666666666665	2.929333333333333	2.8293333333333335	2.824	2.77	2.732666666666667	2.5633333333333335	2.5733333333333333	2.482666666666667	2.4646666666666666	2.3653333333333335	2.404	2.304666666666667	2.300666666666667	2.226	2.2466666666666666	2.054666666666667	2.162	2.0973333333333333	2.0813333333333333	1.9886666666666666	1.9773333333333334	1.9366666666666668	1.8986666666666667	1.8486666666666667	1.7713333333333334	1.7386666666666666	1.7093333333333334	1.6986666666666668	1.6873333333333334	1.5666666666666667	1.518	1.5513333333333332	1.532	1.4646666666666666	1.442	1.4206666666666667	1.4026666666666667	1.3593333333333333	1.2886666666666666	1.2533333333333334	1.314	1.2613333333333334	1.2166666666666666	1.1966666666666668	1.1573333333333333	1.1346666666666667	1.052	1.0646666666666667	1.0713333333333332	1.0586666666666666	0.974	0.9593333333333334	0.9413333333333334	0.922	0.864	0.896	0.9153333333333333	0.8833333333333333	0.814	0.81	0.728	0.746	0.7113333333333334	0.7066666666666667	0.7093333333333334	0.668	0.6193333333333333	0.6306666666666667	0.6133333333333333	0.6186666666666667	0.5433333333333333	0.5526666666666666	0.5346666666666666	0.5126666666666667	0.5093333333333333	0.5053333333333333	0.5066666666666667	0.4653333333333333	0.438	0.448	0.42533333333333334	0.422	0.374	0.35933333333333334	0.36666666666666664	0.33466666666666667	0.3406666666666667	0.31333333333333335	0.338	
3.4466666666666668	3.4013333333333335	3.3653333333333335	3.243333333333333	3.126	3.1646666666666667	3.0853333333333333	2.945333333333333	2.9306666666666668	2.9713333333333334	2.8053333333333335	2.84	2.7953333333333332	2.6773333333333333	2.5866666666666664	2.6346666666666665	2.6906666666666665	2.5006666666666666	2.4486666666666665	2.386	2.4326666666666665	2.2573333333333334	2.23	2.219333333333333	2.191333333333333	2.175333333333333	2.144	2.0653333333333332	2.021333333333333	1.9653333333333334	1.9186666666666667	1.8526666666666667	1.8426666666666667	1.9213333333333333	1.79	1.7606666666666666	1.728	1.6913333333333334	1.616	1.606	1.6006666666666667	1.5353333333333334	1.488	1.4873333333333334	1.462	1.3893333333333333	1.3826666666666667	1.3846666666666667	1.2966666666666666	1.222	1.256	1.1933333333333334	1.2106666666666666	1.142	1.1726666666666667	1.1353333333333333	1.0953333333333333	1.0446666666666666	1.0006666666666666	1.0213333333333334	0.974	0.9653333333333334	0.942	0.9053333333333333	0.8833333333333333	0.8753333333333333	0.8666666666666667	0.8233333333333334	0.7653333333333333	0.764	0.7833333333333333	0.7513333333333333	0.7066666666666667	0.72	0.6726666666666666	0.6613333333333333	0.6813333333333333	0.6506666666666666	0.574	0.626	0.5626666666666666	0.5346666666666666	0.5433333333333333	0.5166666666666667	0.5353333333333333	0.5133333333333333	0.458	0.4513333333333333	0.44866666666666666	0.398	0.44266666666666665	0.4033333333333333	0.36533333333333334	0.38133333333333336	0.3586666666666667	0.32866666666666666	0.338	0.31666666666666665	0.2926666666666667	
3.456	3.424	3.294	3.2946666666666666	3.215333333333333	3.082	2.9393333333333334	3.0366666666666666	2.922	2.8593333333333333	2.8666666666666667	2.8066666666666666	2.804	2.722	2.626	2.521333333333333	2.6453333333333333	2.5086666666666666	2.394	2.33	2.402	2.268666666666667	2.240666666666667	2.207333333333333	2.204	2.116	2.082	2.0433333333333334	1.9846666666666666	1.952	1.93	1.884	1.8513333333333333	1.78	1.7793333333333334	1.7606666666666666	1.67	1.6393333333333333	1.684	1.586	1.536	1.496	1.492	1.528	1.402	1.3986666666666667	1.364	1.3406666666666667	1.3026666666666666	1.3333333333333333	1.2666666666666666	1.254	1.1746666666666667	1.1766666666666667	1.1653333333333333	1.106	1.108	1.0726666666666667	1.0946666666666667	1.0093333333333334	0.9926666666666667	0.9626666666666667	0.9046666666666666	0.898	0.8893333333333333	0.8613333333333333	0.8313333333333334	0.8206666666666667	0.7693333333333333	0.79	0.808	0.7526666666666667	0.7246666666666667	0.6806666666666666	0.6913333333333334	0.658	0.634	0.6013333333333334	0.61	0.5973333333333334	0.546	0.5053333333333333	0.5313333333333333	0.5326666666666666	0.4846666666666667	0.49066666666666664	0.4786666666666667	0.44133333333333336	0.4573333333333333	0.416	0.408	0.428	0.39066666666666666	0.37066666666666664	0.3973333333333333	0.3626666666666667	0.33066666666666666	0.31066666666666665	0.32666666666666666	
3.482	3.354	3.2426666666666666	3.1326666666666667	3.1306666666666665	3.102	3.0646666666666667	3.022666666666667	2.9966666666666666	2.8653333333333335	2.764666666666667	2.767333333333333	2.782	2.6	2.6646666666666667	2.6006666666666667	2.498	2.442	2.482666666666667	2.35	2.3613333333333335	2.348	2.2993333333333332	2.186	2.2013333333333334	2.1093333333333333	2.124	2.029333333333333	1.948	2.032	1.948	1.882	1.8226666666666667	1.7993333333333332	1.786	1.7153333333333334	1.6286666666666667	1.6226666666666667	1.6413333333333333	1.5633333333333332	1.578	1.4953333333333334	1.4806666666666666	1.4833333333333334	1.4106666666666667	1.4166666666666667	1.3326666666666667	1.2933333333333332	1.2866666666666666	1.2346666666666666	1.3273333333333333	1.21	1.1653333333333333	1.1426666666666667	1.14	1.0726666666666667	1.0386666666666666	1.0673333333333332	1.042	1.0533333333333332	0.956	0.9126666666666666	0.9226666666666666	0.8886666666666667	0.9066666666666666	0.862	0.8273333333333334	0.7633333333333333	0.8066666666666666	0.8246666666666667	0.7846666666666666	0.7313333333333333	0.74	0.6873333333333334	0.6893333333333334	0.6353333333333333	0.6426666666666667	0.6626666666666666	0.5793333333333334	0.53	0.5586666666666666	0.5213333333333333	0.514	0.5253333333333333	0.4866666666666667	0.4746666666666667	0.4846666666666667	0.48333333333333334	0.426	0.452	0.4053333333333333	0.384	0.37266666666666665	0.36533333333333334	0.36933333333333335	0.344	0.316	0.3393333333333333	0.30333333333333334	
3.4466666666666668	3.2973333333333334	3.248	3.1906666666666665	3.104	3.08	2.986666666666667	2.9146666666666667	2.9233333333333333	2.8633333333333333	2.739333333333333	2.7146666666666666	2.7293333333333334	2.6073333333333335	2.466	2.602	2.458	2.4233333333333333	2.3746666666666667	2.2586666666666666	2.294	2.2426666666666666	2.244666666666667	2.1193333333333335	2.1326666666666667	2.0513333333333335	2.1073333333333335	2.012	1.9186666666666667	1.8993333333333333	1.858	1.8146666666666667	1.844	1.8	1.692	1.6893333333333334	1.7333333333333334	1.682	1.53	1.566	1.5726666666666667	1.5313333333333334	1.486	1.4226666666666667	1.3593333333333333	1.3613333333333333	1.3286666666666667	1.308	1.2646666666666666	1.3053333333333332	1.2033333333333334	1.262	1.1286666666666667	1.1213333333333333	1.1313333333333333	1.05	1.0766666666666667	1.0453333333333332	1.0333333333333334	0.9793333333333333	0.966	0.9586666666666667	0.922	0.8773333333333333	0.902	0.816	0.8286666666666667	0.796	0.838	0.7313333333333333	0.72	0.6866666666666666	0.7046666666666667	0.668	0.666	0.6313333333333333	0.6326666666666667	0.5986666666666667	0.6046666666666667	0.5453333333333333	0.5353333333333333	0.5486666666666666	0.55	0.49533333333333335	0.5006666666666667	0.488	0.45	0.44266666666666665	0.43533333333333335	0.43666666666666665	0.38466666666666666	0.37	0.38133333333333336	0.36933333333333335	0.35933333333333334	0.33866666666666667	0.31533333333333335	0.322	0.2986666666666667	
3.477333333333333	3.332666666666667	3.215333333333333	3.1573333333333333	3.086	2.990666666666667	2.9713333333333334	2.8646666666666665	2.8906666666666667	2.772666666666667	2.764	2.6466666666666665	2.5566666666666666	2.537333333333333	2.588	2.5686666666666667	2.484	2.417333333333333	2.404	2.2946666666666666	2.236	2.2306666666666666	2.2693333333333334	2.1133333333333333	2.0866666666666664	2.0886666666666667	2.04	2.010666666666667	1.92	1.932	1.824	1.8353333333333333	1.7473333333333334	1.6913333333333334	1.6666666666666667	1.7246666666666666	1.59	1.6233333333333333	1.5553333333333332	1.5453333333333332	1.52	1.4513333333333334	1.446	1.4246666666666667	1.346	1.37	1.2926666666666666	1.328	1.2433333333333334	1.1773333333333333	1.1986666666666668	1.1626666666666667	1.182	1.0926666666666667	1.1206666666666667	1.0626666666666666	1.0366666666666666	1.0326666666666666	1.008	0.9873333333333333	0.9406666666666667	0.8613333333333333	0.868	0.85	0.938	0.8406666666666667	0.854	0.7886666666666666	0.7573333333333333	0.74	0.6886666666666666	0.6953333333333334	0.7286666666666667	0.6913333333333334	0.632	0.654	0.6453333333333333	0.6126666666666667	0.5986666666666667	0.572	0.5693333333333334	0.5373333333333333	0.5086666666666667	0.5046666666666667	0.49466666666666664	0.49533333333333335	0.44733333333333336	0.43666666666666665	0.45066666666666666	0.4533333333333333	0.426	0.362	0.39266666666666666	0.3406666666666667	0.332	0.3393333333333333	0.31666666666666665	0.29	0.28933333333333333	
3.288	3.3313333333333333	3.1133333333333333	3.202	2.9646666666666666	2.966	2.882	2.8593333333333333	2.8033333333333332	2.8233333333333333	2.69	2.65	2.5806666666666667	2.56	2.4633333333333334	2.492	2.47	2.3753333333333333	2.4	2.3473333333333333	2.2993333333333332	2.1533333333333333	2.138	2.0433333333333334	2.054	1.9706666666666666	2.017333333333333	1.9886666666666666	1.9513333333333334	1.878	1.816	1.8313333333333333	1.746	1.7186666666666666	1.7213333333333334	1.7073333333333334	1.6413333333333333	1.5853333333333333	1.5906666666666667	1.4713333333333334	1.4673333333333334	1.4973333333333334	1.3846666666666667	1.36	1.422	1.368	1.3166666666666667	1.2766666666666666	1.2813333333333334	1.216	1.2126666666666666	1.1553333333333333	1.1066666666666667	1.1433333333333333	1.0913333333333333	1.0733333333333333	1.0506666666666666	0.966	1.0166666666666666	0.9486666666666667	0.906	0.952	0.9073333333333333	0.848	0.856	0.8653333333333333	0.81	0.7766666666666666	0.764	0.7606666666666667	0.6926666666666667	0.6813333333333333	0.6506666666666666	0.664	0.6713333333333333	0.646	0.624	0.614	0.574	0.5806666666666667	0.53	0.5273333333333333	0.5406666666666666	0.474	0.4706666666666667	0.4553333333333333	0.44533333333333336	0.408	0.43466666666666665	0.432	0.38133333333333336	0.37066666666666664	0.35733333333333334	0.336	0.338	0.3393333333333333	0.318	0.2853333333333333	0.2806666666666667	
3.226	3.1426666666666665	3.092	2.98	2.9873333333333334	2.8853333333333335	2.904	2.894	2.696	2.7493333333333334	2.727333333333333	2.6093333333333333	2.6186666666666665	2.5166666666666666	2.498	2.441333333333333	2.3693333333333335	2.2946666666666666	2.3093333333333335	2.1973333333333334	2.224666666666667	2.175333333333333	2.1213333333333333	2.038	2.054	1.9873333333333334	1.9793333333333334	1.8966666666666667	1.9166666666666667	1.8573333333333333	1.8313333333333333	1.762	1.752	1.718	1.682	1.624	1.596	1.5266666666666666	1.5373333333333334	1.4746666666666666	1.4833333333333334	1.4473333333333334	1.3926666666666667	1.3866666666666667	1.3206666666666667	1.2566666666666666	1.2786666666666666	1.3133333333333332	1.208	1.1886666666666668	1.1453333333333333	1.082	1.164	1.086	1.054	1.0126666666666666	1.026	1.0166666666666666	1.0	0.97	0.9626666666666667	0.86	0.8213333333333334	0.8353333333333334	0.7766666666666666	0.838	0.7826666666666666	0.7713333333333333	0.7546666666666667	0.7246666666666667	0.7106666666666667	0.736	0.6906666666666667	0.686	0.6706666666666666	0.596	0.596	0.5906666666666667	0.5846666666666667	0.5266666666666666	0.5446666666666666	0.5173333333333333	0.496	0.49933333333333335	0.4653333333333333	0.43333333333333335	0.43333333333333335	0.4106666666666667	0.432	0.4046666666666667	0.412	0.3893333333333333	0.348	0.33866666666666667	0.312	0.3373333333333333	0.2946666666666667	0.302	0.2613333333333333	
3.224666666666667	3.1166666666666667	3.054	3.0406666666666666	2.934	2.9306666666666668	2.8386666666666667	2.767333333333333	2.6593333333333335	2.5713333333333335	2.578666666666667	2.5	2.5073333333333334	2.52	2.4046666666666665	2.306	2.314	2.3146666666666667	2.283333333333333	2.239333333333333	2.1186666666666665	2.1146666666666665	2.0926666666666667	2.1046666666666667	2.021333333333333	1.962	1.9233333333333333	1.8666666666666667	1.8353333333333333	1.8026666666666666	1.702	1.7026666666666668	1.7133333333333334	1.6346666666666667	1.618	1.5593333333333332	1.536	1.508	1.518	1.5353333333333334	1.3826666666666667	1.4426666666666668	1.4013333333333333	1.358	1.4026666666666667	1.2686666666666666	1.294	1.2513333333333334	1.192	1.1586666666666667	1.134	1.1833333333333333	1.1113333333333333	1.1166666666666667	1.0426666666666666	0.9973333333333333	1.016	0.9726666666666667	0.962	0.9446666666666667	0.8626666666666667	0.878	0.8866666666666667	0.8686666666666667	0.8226666666666667	0.7626666666666667	0.748	0.7326666666666667	0.738	0.7286666666666667	0.7006666666666667	0.6926666666666667	0.6653333333333333	0.674	0.63	0.6153333333333333	0.5733333333333334	0.5726666666666667	0.544	0.558	0.5333333333333333	0.5126666666666667	0.48133333333333334	0.47933333333333333	0.44466666666666665	0.4593333333333333	0.4766666666666667	0.43333333333333335	0.4266666666666667	0.404	0.3953333333333333	0.376	0.33866666666666667	0.3546666666666667	0.3293333333333333	0.2926666666666667	0.30533333333333335	0.2946666666666667	0.25733333333333336	
3.1853333333333333	3.0793333333333335	3.0	2.9726666666666666	2.8713333333333333	2.774	2.743333333333333	2.703333333333333	2.5806666666666667	2.576	2.5653333333333332	2.5313333333333334	2.4646666666666666	2.3793333333333333	2.426	2.263333333333333	2.291333333333333	2.168	2.2046666666666668	2.1406666666666667	2.23	2.064	2.004	1.9646666666666666	1.916	1.8046666666666666	1.8693333333333333	1.8353333333333333	1.8446666666666667	1.7853333333333334	1.6926666666666668	1.6726666666666667	1.6913333333333334	1.664	1.6526666666666667	1.548	1.4933333333333334	1.5513333333333332	1.4186666666666667	1.4086666666666667	1.416	1.3793333333333333	1.3033333333333332	1.2786666666666666	1.264	1.2493333333333334	1.1773333333333333	1.158	1.14	1.1213333333333333	1.116	1.1306666666666667	1.082	1.0493333333333332	1.04	0.9926666666666667	0.982	0.9553333333333334	0.924	0.9253333333333333	0.9613333333333334	0.8633333333333333	0.8373333333333334	0.804	0.7713333333333333	0.8146666666666667	0.7633333333333333	0.74	0.726	0.694	0.6773333333333333	0.69	0.656	0.5973333333333334	0.5953333333333334	0.5866666666666667	0.6353333333333333	0.5606666666666666	0.5713333333333334	0.518	0.5106666666666667	0.48733333333333334	0.49266666666666664	0.456	0.4766666666666667	0.424	0.444	0.404	0.376	0.38466666666666666	0.382	0.33866666666666667	0.35	0.33266666666666667	0.344	0.31733333333333336	0.3233333333333333	0.2786666666666667	0.28933333333333333	
2.9	2.972	2.8626666666666667	2.8926666666666665	2.7733333333333334	2.6293333333333333	2.6286666666666667	2.636	2.6333333333333333	2.4793333333333334	2.474666666666667	2.4133333333333336	2.4073333333333333	2.3413333333333335	2.38	2.203333333333333	2.2533333333333334	2.1666666666666665	2.1346666666666665	2.038666666666667	2.116	2.086	1.976	1.9913333333333334	1.89	1.8326666666666667	1.8293333333333333	1.7706666666666666	1.7326666666666666	1.7086666666666666	1.6746666666666667	1.6466666666666667	1.5933333333333333	1.6006666666666667	1.5486666666666666	1.508	1.454	1.4713333333333334	1.4206666666666667	1.4046666666666667	1.2926666666666666	1.3373333333333333	1.3086666666666666	1.268	1.3033333333333332	1.1826666666666668	1.1946666666666668	1.18	1.136	1.16	1.1213333333333333	1.0946666666666667	1.0793333333333333	1.0353333333333334	0.988	0.986	0.9266666666666666	0.904	0.8453333333333334	0.8826666666666667	0.8366666666666667	0.8493333333333334	0.836	0.816	0.7886666666666666	0.782	0.74	0.7146666666666667	0.7133333333333334	0.6753333333333333	0.6173333333333333	0.6426666666666667	0.662	0.6113333333333333	0.632	0.572	0.5506666666666666	0.53	0.526	0.5353333333333333	0.4633333333333333	0.48933333333333334	0.4646666666666667	0.4266666666666667	0.41133333333333333	0.42733333333333334	0.42333333333333334	0.4186666666666667	0.384	0.37733333333333335	0.37	0.3526666666666667	0.31133333333333335	0.33266666666666667	0.30533333333333335	0.30866666666666664	0.28733333333333333	0.28	0.2613333333333333	
2.9246666666666665	2.878	2.81	2.760666666666667	2.6786666666666665	2.6333333333333333	2.5933333333333333	2.528	2.492	2.496	2.4106666666666667	2.34	2.3533333333333335	2.2333333333333334	2.2146666666666666	2.1506666666666665	2.1726666666666667	2.068	2.094	2.0313333333333334	2.0046666666666666	1.908	1.9193333333333333	1.8986666666666667	1.8306666666666667	1.8206666666666667	1.7053333333333334	1.694	1.6826666666666668	1.7013333333333334	1.574	1.6066666666666667	1.5466666666666666	1.5806666666666667	1.5006666666666666	1.4506666666666668	1.4193333333333333	1.388	1.4073333333333333	1.3286666666666667	1.3653333333333333	1.3113333333333332	1.29	1.2446666666666666	1.2226666666666666	1.1746666666666667	1.1753333333333333	1.1286666666666667	1.1086666666666667	1.1053333333333333	1.048	1.036	1.0506666666666666	0.9693333333333334	0.9493333333333334	0.9486666666666667	0.9186666666666666	0.9066666666666666	0.868	0.8013333333333333	0.8353333333333334	0.8153333333333334	0.768	0.8173333333333334	0.7913333333333333	0.7286666666666667	0.744	0.696	0.6593333333333333	0.634	0.6293333333333333	0.6213333333333333	0.6226666666666667	0.5913333333333334	0.594	0.544	0.56	0.54	0.5326666666666666	0.49066666666666664	0.4826666666666667	0.4746666666666667	0.4573333333333333	0.4146666666666667	0.402	0.4093333333333333	0.3873333333333333	0.372	0.372	0.37533333333333335	0.3273333333333333	0.334	0.342	0.30733333333333335	0.30733333333333335	0.2733333333333333	0.2773333333333333	0.25466666666666665	0.2713333333333333	
2.8186666666666667	2.716666666666667	2.6806666666666668	2.7026666666666666	2.5893333333333333	2.4993333333333334	2.4073333333333333	2.4953333333333334	2.485333333333333	2.3626666666666667	2.3546666666666667	2.223333333333333	2.238	2.1506666666666665	2.084	2.1206666666666667	2.1306666666666665	2.0733333333333333	2.07	1.954	1.9613333333333334	1.9353333333333333	1.8606666666666667	1.7433333333333334	1.8073333333333332	1.7253333333333334	1.716	1.7086666666666666	1.6773333333333333	1.6193333333333333	1.5893333333333333	1.5106666666666666	1.5353333333333334	1.4913333333333334	1.482	1.3933333333333333	1.3873333333333333	1.3806666666666667	1.234	1.294	1.3033333333333332	1.266	1.222	1.138	1.1886666666666668	1.142	1.0886666666666667	1.0993333333333333	1.0413333333333334	1.0366666666666666	1.0606666666666666	0.9966666666666667	1.0026666666666666	0.9213333333333333	0.964	0.8926666666666667	0.8873333333333333	0.8706666666666667	0.84	0.7746666666666666	0.798	0.8066666666666666	0.7726666666666666	0.7506666666666667	0.7226666666666667	0.75	0.7226666666666667	0.66	0.6106666666666667	0.6266666666666667	0.6126666666666667	0.5666666666666667	0.5626666666666666	0.5666666666666667	0.5493333333333333	0.4726666666666667	0.5133333333333333	0.498	0.47733333333333333	0.466	0.482	0.438	0.43733333333333335	0.45	0.4053333333333333	0.41133333333333333	0.3873333333333333	0.39066666666666666	0.30933333333333335	0.30933333333333335	0.31466666666666665	0.32466666666666666	0.304	0.316	0.30466666666666664	0.2786666666666667	0.24466666666666667	0.26466666666666666	0.23266666666666666	
2.7786666666666666	2.628	2.59	2.5513333333333335	2.4686666666666666	2.56	2.3486666666666665	2.328666666666667	2.342	2.2373333333333334	2.28	2.206	2.106	2.0953333333333335	2.054666666666667	2.018666666666667	1.9693333333333334	1.9386666666666668	1.8826666666666667	1.8806666666666667	1.8806666666666667	1.7686666666666666	1.7586666666666666	1.706	1.65	1.6626666666666667	1.6473333333333333	1.6166666666666667	1.6473333333333333	1.502	1.4693333333333334	1.4866666666666666	1.4313333333333333	1.366	1.386	1.318	1.3073333333333332	1.3066666666666666	1.2506666666666666	1.2346666666666666	1.2526666666666666	1.2113333333333334	1.162	1.144	1.1653333333333333	1.0773333333333333	1.074	1.0393333333333334	1.0193333333333334	1.0073333333333334	0.9946666666666667	0.956	0.9186666666666666	0.9426666666666667	0.876	0.8526666666666667	0.846	0.8173333333333334	0.8266666666666667	0.796	0.7786666666666666	0.7333333333333333	0.7493333333333333	0.694	0.714	0.6553333333333333	0.6733333333333333	0.6573333333333333	0.634	0.5993333333333334	0.6073333333333333	0.5766666666666667	0.5773333333333334	0.546	0.54	0.5086666666666667	0.5093333333333333	0.49266666666666664	0.4706666666666667	0.42	0.424	0.43733333333333335	0.448	0.39066666666666666	0.4146666666666667	0.38333333333333336	0.3426666666666667	0.3466666666666667	0.3393333333333333	0.32066666666666666	0.3406666666666667	0.298	0.29933333333333334	0.28	0.2966666666666667	0.29933333333333334	0.25133333333333335	0.27266666666666667	0.22733333333333333	
2.642	2.6333333333333333	2.4513333333333334	2.4466666666666668	2.4513333333333334	2.3393333333333333	2.271333333333333	2.286	2.178	2.164	2.0773333333333333	2.074666666666667	2.108	1.9906666666666666	1.9686666666666666	1.8693333333333333	1.9046666666666667	1.8353333333333333	1.7466666666666666	1.7193333333333334	1.738	1.6993333333333334	1.718	1.5806666666666667	1.6553333333333333	1.5413333333333334	1.496	1.546	1.5093333333333334	1.4653333333333334	1.448	1.418	1.4253333333333333	1.3553333333333333	1.2873333333333334	1.2686666666666666	1.334	1.2786666666666666	1.188	1.1866666666666668	1.1646666666666667	1.176	1.11	1.1053333333333333	1.036	1.0246666666666666	0.9986666666666667	0.9366666666666666	1.0093333333333334	0.9466666666666667	0.938	0.9093333333333333	0.888	0.8473333333333334	0.854	0.7906666666666666	0.808	0.78	0.7813333333333333	0.7693333333333333	0.7046666666666667	0.7286666666666667	0.7313333333333333	0.6926666666666667	0.6746666666666666	0.6626666666666666	0.6386666666666667	0.58	0.588	0.5793333333333334	0.5446666666666666	0.5553333333333333	0.5206666666666667	0.5026666666666667	0.51	0.4613333333333333	0.45666666666666667	0.49533333333333335	0.44866666666666666	0.452	0.452	0.442	0.4053333333333333	0.4053333333333333	0.36733333333333335	0.374	0.37333333333333335	0.348	0.32466666666666666	0.33866666666666667	0.28	0.2906666666666667	0.2693333333333333	0.276	0.262	0.24466666666666667	0.236	0.246	0.24733333333333332	
2.433333333333333	2.4246666666666665	2.332	2.312666666666667	2.256	2.2386666666666666	2.1626666666666665	2.146	2.1326666666666667	2.010666666666667	2.033333333333333	1.9453333333333334	1.896	1.904	1.87	1.8046666666666666	1.834	1.7206666666666666	1.7193333333333334	1.66	1.648	1.6	1.578	1.56	1.5126666666666666	1.4573333333333334	1.4913333333333334	1.4553333333333334	1.4406666666666668	1.3933333333333333	1.328	1.2813333333333334	1.298	1.284	1.2086666666666666	1.264	1.2426666666666666	1.1553333333333333	1.1113333333333333	1.13	1.1413333333333333	1.078	1.078	1.0566666666666666	1.034	0.9773333333333334	0.958	0.9546666666666667	0.964	0.8833333333333333	0.8953333333333333	0.8426666666666667	0.8233333333333334	0.8513333333333334	0.8173333333333334	0.8086666666666666	0.7933333333333333	0.7366666666666667	0.7186666666666667	0.7193333333333334	0.686	0.7213333333333334	0.686	0.6373333333333333	0.632	0.6033333333333334	0.5886666666666667	0.594	0.5626666666666666	0.5273333333333333	0.534	0.5273333333333333	0.524	0.49666666666666665	0.47333333333333333	0.48733333333333334	0.442	0.438	0.4146666666666667	0.4186666666666667	0.3873333333333333	0.412	0.394	0.36666666666666664	0.3626666666666667	0.354	0.316	0.31466666666666665	0.32266666666666666	0.3	0.28733333333333333	0.288	0.2693333333333333	0.26866666666666666	0.2813333333333333	0.244	0.23666666666666666	0.23866666666666667	0.20866666666666667	
2.302	2.2266666666666666	2.171333333333333	2.184	2.1153333333333335	2.038	2.0486666666666666	2.0153333333333334	1.9233333333333333	2.0006666666666666	1.8913333333333333	1.8346666666666667	1.8306666666666667	1.7353333333333334	1.7853333333333334	1.7326666666666666	1.7526666666666666	1.6413333333333333	1.6373333333333333	1.5966666666666667	1.538	1.5286666666666666	1.4173333333333333	1.4446666666666668	1.4713333333333334	1.4013333333333333	1.392	1.4066666666666667	1.3526666666666667	1.2813333333333334	1.2673333333333334	1.2566666666666666	1.1806666666666668	1.24	1.1913333333333334	1.1653333333333333	1.1666666666666667	1.098	1.0873333333333333	1.0953333333333333	1.0406666666666666	1.042	0.9806666666666667	0.98	0.95	0.9406666666666667	0.952	0.892	0.9046666666666666	0.8646666666666667	0.8493333333333334	0.8366666666666667	0.7773333333333333	0.792	0.8173333333333334	0.768	0.698	0.7426666666666667	0.6953333333333334	0.678	0.6653333333333333	0.6266666666666667	0.6446666666666667	0.6086666666666667	0.59	0.618	0.5433333333333333	0.5673333333333334	0.554	0.5226666666666666	0.5293333333333333	0.47733333333333333	0.44066666666666665	0.49066666666666664	0.4673333333333333	0.434	0.464	0.42733333333333334	0.4066666666666667	0.40066666666666667	0.37066666666666664	0.37066666666666664	0.37066666666666664	0.362	0.318	0.31066666666666665	0.326	0.31866666666666665	0.30933333333333335	0.294	0.2653333333333333	0.28733333333333333	0.24466666666666667	0.234	0.21533333333333332	0.24	0.22466666666666665	0.23666666666666666	0.202	
2.266	2.1986666666666665	2.243333333333333	2.182	2.0593333333333335	2.038	1.9933333333333334	1.9693333333333334	1.9266666666666667	1.8573333333333333	1.9446666666666668	1.7626666666666666	1.8613333333333333	1.7233333333333334	1.7406666666666666	1.674	1.6773333333333333	1.6213333333333333	1.6113333333333333	1.548	1.546	1.5333333333333334	1.5006666666666666	1.424	1.4046666666666667	1.3153333333333332	1.368	1.3493333333333333	1.3253333333333333	1.284	1.21	1.232	1.212	1.1846666666666668	1.17	1.1546666666666667	1.0873333333333333	1.0906666666666667	1.074	1.0746666666666667	1.006	0.9766666666666667	0.98	0.936	0.9453333333333334	0.9266666666666666	0.9266666666666666	0.8553333333333333	0.9206666666666666	0.8306666666666667	0.8566666666666667	0.8113333333333334	0.786	0.7946666666666666	0.7126666666666667	0.7413333333333333	0.6806666666666666	0.6913333333333334	0.6793333333333333	0.6213333333333333	0.6773333333333333	0.6173333333333333	0.5806666666666667	0.5986666666666667	0.598	0.5886666666666667	0.5366666666666666	0.5373333333333333	0.5093333333333333	0.5113333333333333	0.4846666666666667	0.46066666666666667	0.4653333333333333	0.44133333333333336	0.43	0.44866666666666666	0.43	0.3993333333333333	0.4106666666666667	0.4026666666666667	0.38266666666666665	0.35133333333333333	0.334	0.3426666666666667	0.31933333333333336	0.29133333333333333	0.2946666666666667	0.31333333333333335	0.286	0.272	0.25733333333333336	0.282	0.25066666666666665	0.24533333333333332	0.22666666666666666	0.23066666666666666	0.194	0.208	0.192	
2.1986666666666665	2.1333333333333333	2.138	2.0986666666666665	1.9833333333333334	1.962	1.988	1.9693333333333334	1.9253333333333333	1.8146666666666667	1.8373333333333333	1.806	1.7173333333333334	1.7146666666666666	1.688	1.6913333333333334	1.6493333333333333	1.5533333333333332	1.6253333333333333	1.5	1.5073333333333334	1.4833333333333334	1.4413333333333334	1.4613333333333334	1.3906666666666667	1.322	1.3253333333333333	1.2926666666666666	1.2506666666666666	1.2433333333333334	1.238	1.166	1.2013333333333334	1.162	1.1326666666666667	1.1026666666666667	1.076	1.0206666666666666	1.012	1.0513333333333332	0.9606666666666667	0.9686666666666667	0.896	0.9413333333333334	0.8966666666666666	0.8486666666666667	0.85	0.8586666666666667	0.8326666666666667	0.842	0.7893333333333333	0.7853333333333333	0.7906666666666666	0.6986666666666667	0.7693333333333333	0.69	0.72	0.638	0.656	0.668	0.612	0.5673333333333334	0.6226666666666667	0.5853333333333334	0.5986666666666667	0.5166666666666667	0.58	0.524	0.5066666666666667	0.486	0.49466666666666664	0.466	0.4653333333333333	0.476	0.444	0.42533333333333334	0.444	0.398	0.3933333333333333	0.35333333333333333	0.37133333333333335	0.3546666666666667	0.3546666666666667	0.338	0.3273333333333333	0.32266666666666666	0.31533333333333335	0.288	0.27466666666666667	0.266	0.25533333333333336	0.23266666666666666	0.232	0.23	0.24733333333333332	0.20866666666666667	0.22	0.19266666666666668	0.184	
2.14	2.013333333333333	2.0453333333333332	2.006	1.9593333333333334	1.9573333333333334	1.874	1.85	1.7813333333333334	1.7913333333333334	1.7686666666666666	1.674	1.69	1.6733333333333333	1.626	1.5993333333333333	1.5873333333333333	1.566	1.4406666666666668	1.4293333333333333	1.5026666666666666	1.4213333333333333	1.3866666666666667	1.3866666666666667	1.376	1.2713333333333334	1.2966666666666666	1.2366666666666666	1.2466666666666666	1.2413333333333334	1.2093333333333334	1.1753333333333333	1.1186666666666667	1.106	1.0966666666666667	1.056	1.058	1.038	1.002	0.974	0.9746666666666667	0.9573333333333334	0.8766666666666667	0.926	0.8993333333333333	0.8406666666666667	0.8473333333333334	0.85	0.8006666666666666	0.7853333333333333	0.7273333333333334	0.7453333333333333	0.7213333333333334	0.6793333333333333	0.68	0.7173333333333334	0.6766666666666666	0.6606666666666666	0.6533333333333333	0.6193333333333333	0.6226666666666667	0.62	0.576	0.5553333333333333	0.54	0.564	0.5173333333333333	0.528	0.5066666666666667	0.4633333333333333	0.482	0.4746666666666667	0.45066666666666666	0.43266666666666664	0.418	0.38866666666666666	0.386	0.414	0.39	0.38666666666666666	0.35133333333333333	0.3453333333333333	0.32266666666666666	0.31266666666666665	0.298	0.296	0.286	0.276	0.25933333333333336	0.24933333333333332	0.2806666666666667	0.26466666666666666	0.23533333333333334	0.22	0.24133333333333334	0.22133333333333333	0.21	0.19	0.196	
2.0646666666666667	2.024	1.9473333333333334	1.9353333333333333	1.8873333333333333	1.7926666666666666	1.8153333333333332	1.802	1.766	1.698	1.744	1.6926666666666668	1.6133333333333333	1.6066666666666667	1.534	1.5353333333333334	1.5273333333333334	1.4786666666666666	1.4126666666666667	1.3586666666666667	1.4366666666666668	1.3846666666666667	1.3286666666666667	1.2713333333333334	1.258	1.2893333333333334	1.2653333333333334	1.2006666666666668	1.1526666666666667	1.1826666666666668	1.1853333333333333	1.1273333333333333	1.0966666666666667	1.0353333333333334	1.0033333333333334	1.04	1.0246666666666666	1.0146666666666666	0.9853333333333333	0.95	0.8873333333333333	0.938	0.9086666666666666	0.88	0.866	0.8486666666666667	0.7773333333333333	0.81	0.754	0.7246666666666667	0.7513333333333333	0.7113333333333334	0.7	0.6613333333333333	0.6806666666666666	0.6426666666666667	0.6526666666666666	0.6166666666666667	0.6053333333333333	0.6026666666666667	0.5646666666666667	0.5753333333333334	0.5506666666666666	0.5646666666666667	0.504	0.492	0.504	0.502	0.4633333333333333	0.45466666666666666	0.4146666666666667	0.44866666666666666	0.4166666666666667	0.41333333333333333	0.4086666666666667	0.4053333333333333	0.38133333333333336	0.37133333333333335	0.34	0.33866666666666667	0.3626666666666667	0.344	0.2966666666666667	0.28933333333333333	0.28733333333333333	0.278	0.26666666666666666	0.278	0.244	0.23066666666666666	0.24933333333333332	0.246	0.25066666666666665	0.20133333333333334	0.20333333333333334	0.204	0.18	0.168	0.164	
1.9566666666666668	1.9006666666666667	1.8733333333333333	1.91	1.8566666666666667	1.8373333333333333	1.7526666666666666	1.7253333333333334	1.678	1.6486666666666667	1.6633333333333333	1.5586666666666666	1.5513333333333332	1.5086666666666666	1.4813333333333334	1.4406666666666668	1.4566666666666668	1.3486666666666667	1.4066666666666667	1.4066666666666667	1.33	1.326	1.2826666666666666	1.246	1.2513333333333334	1.2173333333333334	1.1386666666666667	1.156	1.146	1.1086666666666667	1.1086666666666667	1.0993333333333333	1.0093333333333334	1.0506666666666666	0.9966666666666667	0.974	0.952	0.9466666666666667	0.8986666666666666	0.9153333333333333	0.9073333333333333	0.8866666666666667	0.8326666666666667	0.8233333333333334	0.808	0.7873333333333333	0.7726666666666666	0.786	0.7453333333333333	0.7126666666666667	0.682	0.7226666666666667	0.7133333333333334	0.6673333333333333	0.6346666666666667	0.6506666666666666	0.626	0.6273333333333333	0.57	0.5913333333333334	0.52	0.5393333333333333	0.5193333333333333	0.5506666666666666	0.48133333333333334	0.49133333333333334	0.49	0.4533333333333333	0.4673333333333333	0.4573333333333333	0.44666666666666666	0.41133333333333333	0.418	0.42733333333333334	0.38	0.374	0.38	0.344	0.38266666666666665	0.3233333333333333	0.3393333333333333	0.326	0.3486666666666667	0.30466666666666664	0.258	0.2866666666666667	0.2633333333333333	0.25533333333333336	0.26066666666666666	0.2826666666666667	0.236	0.218	0.22266666666666668	0.20866666666666667	0.20733333333333334	0.18933333333333333	0.19866666666666666	0.20466666666666666	0.16466666666666666	
1.936	1.82	1.7733333333333334	1.7506666666666666	1.776	1.7246666666666666	1.66	1.684	1.6346666666666667	1.5993333333333333	1.556	1.5306666666666666	1.4606666666666666	1.4386666666666668	1.472	1.4266666666666667	1.3366666666666667	1.3226666666666667	1.3773333333333333	1.2366666666666666	1.2953333333333332	1.2113333333333334	1.2173333333333334	1.2146666666666666	1.1853333333333333	1.1446666666666667	1.1586666666666667	1.098	1.1226666666666667	1.0513333333333332	1.0553333333333332	1.0453333333333332	1.022	1.028	0.9533333333333334	0.976	0.9226666666666666	0.9453333333333334	0.888	0.896	0.8513333333333334	0.858	0.7833333333333333	0.8106666666666666	0.794	0.7586666666666667	0.7553333333333333	0.7373333333333333	0.7746666666666666	0.7293333333333333	0.6533333333333333	0.6766666666666666	0.65	0.6353333333333333	0.6793333333333333	0.6066666666666667	0.63	0.5926666666666667	0.56	0.5726666666666667	0.594	0.522	0.49866666666666665	0.478	0.5	0.49066666666666664	0.468	0.44466666666666665	0.47533333333333333	0.40066666666666667	0.38866666666666666	0.39	0.416	0.412	0.376	0.36	0.338	0.3293333333333333	0.31266666666666665	0.30533333333333335	0.2853333333333333	0.3233333333333333	0.30266666666666664	0.25666666666666665	0.2813333333333333	0.2906666666666667	0.24933333333333332	0.23733333333333334	0.222	0.22666666666666666	0.22733333333333333	0.21933333333333332	0.22066666666666668	0.18733333333333332	0.19333333333333333	0.19733333333333333	0.18866666666666668	0.15933333333333333	0.17533333333333334	
1.8713333333333333	1.8153333333333332	1.716	1.6766666666666667	1.6306666666666667	1.6573333333333333	1.656	1.5513333333333332	1.6146666666666667	1.4486666666666668	1.4933333333333334	1.4306666666666668	1.462	1.3566666666666667	1.4013333333333333	1.3853333333333333	1.3933333333333333	1.3053333333333332	1.2533333333333334	1.224	1.2426666666666666	1.228	1.16	1.118	1.1053333333333333	1.0813333333333333	1.1146666666666667	1.06	1.0066666666666666	1.0313333333333334	1.0413333333333334	0.9726666666666667	0.9593333333333334	0.9486666666666667	0.9213333333333333	0.9033333333333333	0.8846666666666667	0.8193333333333334	0.8533333333333334	0.8413333333333334	0.834	0.7906666666666666	0.7626666666666667	0.7486666666666667	0.7686666666666667	0.732	0.72	0.706	0.7006666666666667	0.6826666666666666	0.6646666666666666	0.6246666666666667	0.5873333333333334	0.592	0.5866666666666667	0.5826666666666667	0.5686666666666667	0.5253333333333333	0.5413333333333333	0.544	0.52	0.4846666666666667	0.5073333333333333	0.4513333333333333	0.484	0.47	0.44133333333333336	0.44533333333333336	0.4126666666666667	0.38666666666666666	0.3873333333333333	0.3893333333333333	0.3913333333333333	0.3453333333333333	0.334	0.36133333333333334	0.30866666666666664	0.3253333333333333	0.31666666666666665	0.30466666666666664	0.2906666666666667	0.29933333333333334	0.296	0.27466666666666667	0.2773333333333333	0.24066666666666667	0.25333333333333335	0.23933333333333334	0.22333333333333333	0.226	0.21333333333333335	0.19666666666666666	0.19333333333333333	0.20466666666666666	0.18666666666666668	0.17466666666666666	0.17466666666666666	0.162	0.176	
1.754	1.7453333333333334	1.644	1.63	1.6186666666666667	1.5793333333333333	1.5326666666666666	1.5033333333333334	1.4346666666666668	1.454	1.44	1.4186666666666667	1.3926666666666667	1.3666666666666667	1.3046666666666666	1.3113333333333332	1.274	1.2466666666666666	1.29	1.2	1.2153333333333334	1.0933333333333333	1.104	1.134	1.0886666666666667	1.0333333333333334	1.032	1.004	1.056	0.996	0.976	0.9413333333333334	0.91	0.9206666666666666	0.8893333333333333	0.8766666666666667	0.87	0.8506666666666667	0.8486666666666667	0.7993333333333333	0.7793333333333333	0.786	0.7286666666666667	0.744	0.7073333333333334	0.6613333333333333	0.7093333333333334	0.692	0.702	0.6326666666666667	0.6433333333333333	0.6006666666666667	0.602	0.5546666666666666	0.5533333333333333	0.5413333333333333	0.5346666666666666	0.5766666666666667	0.5133333333333333	0.5326666666666666	0.49266666666666664	0.48	0.48	0.4653333333333333	0.4553333333333333	0.442	0.4146666666666667	0.4053333333333333	0.402	0.396	0.39066666666666666	0.382	0.37266666666666665	0.37666666666666665	0.33466666666666667	0.31733333333333336	0.352	0.338	0.2946666666666667	0.29533333333333334	0.26666666666666666	0.26866666666666666	0.2633333333333333	0.278	0.262	0.2793333333333333	0.248	0.23733333333333334	0.23333333333333334	0.22733333333333333	0.198	0.19533333333333333	0.17666666666666667	0.19333333333333333	0.17066666666666666	0.16333333333333333	0.14933333333333335	0.14866666666666667	0.164	
1.7313333333333334	1.6346666666666667	1.646	1.5933333333333333	1.4953333333333334	1.5453333333333332	1.4986666666666666	1.3973333333333333	1.4133333333333333	1.3946666666666667	1.384	1.34	1.342	1.33	1.2953333333333332	1.2766666666666666	1.272	1.146	1.1653333333333333	1.1686666666666667	1.1513333333333333	1.0806666666666667	1.0786666666666667	1.0713333333333332	1.054	1.0366666666666666	1.0153333333333334	1.0206666666666666	0.9453333333333334	0.97	0.9153333333333333	0.9773333333333334	0.8386666666666667	0.868	0.8446666666666667	0.806	0.8306666666666667	0.804	0.782	0.7626666666666667	0.6986666666666667	0.762	0.6986666666666667	0.7593333333333333	0.6693333333333333	0.6606666666666666	0.636	0.61	0.6186666666666667	0.572	0.6153333333333333	0.5833333333333334	0.5913333333333334	0.578	0.5773333333333334	0.552	0.5186666666666667	0.486	0.49066666666666664	0.474	0.49066666666666664	0.4533333333333333	0.414	0.418	0.42866666666666664	0.43466666666666665	0.434	0.37666666666666665	0.388	0.41733333333333333	0.34933333333333333	0.35133333333333333	0.356	0.31266666666666665	0.32266666666666666	0.32866666666666666	0.31333333333333335	0.30266666666666664	0.2806666666666667	0.27666666666666667	0.24733333333333332	0.2813333333333333	0.23466666666666666	0.25933333333333336	0.2806666666666667	0.24933333333333332	0.23133333333333334	0.216	0.21266666666666667	0.208	0.22333333333333333	0.18733333333333332	0.17733333333333334	0.16866666666666666	0.172	0.16466666666666666	0.154	0.168	0.14	
1.5246666666666666	1.5733333333333333	1.534	1.494	1.4453333333333334	1.4626666666666666	1.392	1.4	1.3573333333333333	1.3386666666666667	1.3	1.2353333333333334	1.236	1.2773333333333334	1.2333333333333334	1.2206666666666666	1.1626666666666667	1.1366666666666667	1.0966666666666667	1.066	1.052	1.074	1.0393333333333334	1.032	0.9713333333333334	0.9613333333333334	0.9773333333333334	0.9853333333333333	0.944	0.8853333333333333	0.8953333333333333	0.8433333333333334	0.8233333333333334	0.8253333333333334	0.8126666666666666	0.7673333333333333	0.7826666666666666	0.7773333333333333	0.73	0.7406666666666667	0.7513333333333333	0.706	0.658	0.6733333333333333	0.6686666666666666	0.6266666666666667	0.6326666666666667	0.6006666666666667	0.57	0.612	0.56	0.5486666666666666	0.5113333333333333	0.5546666666666666	0.5246666666666666	0.542	0.504	0.5006666666666667	0.4706666666666667	0.47733333333333333	0.4666666666666667	0.42733333333333334	0.47733333333333333	0.37733333333333335	0.44333333333333336	0.3993333333333333	0.3953333333333333	0.4073333333333333	0.39	0.36533333333333334	0.3353333333333333	0.3413333333333333	0.31466666666666665	0.348	0.30333333333333334	0.296	0.292	0.28	0.2806666666666667	0.2713333333333333	0.24733333333333332	0.25133333333333335	0.242	0.238	0.218	0.21733333333333332	0.22733333333333333	0.216	0.22	0.2	0.20666666666666667	0.16933333333333334	0.17666666666666667	0.16533333333333333	0.15866666666666668	0.16666666666666666	0.148	0.14466666666666667	0.14733333333333334	
1.514	1.5153333333333334	1.4066666666666667	1.4246666666666667	1.38	1.3253333333333333	1.312	1.2946666666666666	1.2966666666666666	1.2673333333333334	1.236	1.282	1.2546666666666666	1.1453333333333333	1.1806666666666668	1.1813333333333333	1.1053333333333333	1.0306666666666666	1.1126666666666667	0.9986666666666667	1.0746666666666667	1.0066666666666666	1.014	0.9953333333333333	0.9226666666666666	0.9293333333333333	0.918	0.9133333333333333	0.8593333333333333	0.83	0.8406666666666667	0.81	0.828	0.8006666666666666	0.786	0.8053333333333333	0.7126666666666667	0.74	0.7313333333333333	0.7113333333333334	0.6973333333333334	0.6826666666666666	0.6273333333333333	0.6713333333333333	0.6053333333333333	0.6153333333333333	0.6113333333333333	0.5866666666666667	0.528	0.552	0.548	0.5446666666666666	0.5146666666666667	0.546	0.5066666666666667	0.48533333333333334	0.4806666666666667	0.45866666666666667	0.4846666666666667	0.43866666666666665	0.432	0.4126666666666667	0.422	0.426	0.382	0.3893333333333333	0.346	0.328	0.3626666666666667	0.3293333333333333	0.314	0.326	0.31266666666666665	0.312	0.3006666666666667	0.31666666666666665	0.25066666666666665	0.2773333333333333	0.27	0.24933333333333332	0.23	0.24666666666666667	0.20733333333333334	0.24066666666666667	0.21133333333333335	0.22066666666666668	0.21066666666666667	0.20333333333333334	0.19666666666666666	0.214	0.19	0.19933333333333333	0.15933333333333333	0.172	0.15266666666666667	0.15133333333333332	0.16133333333333333	0.13666666666666666	0.12266666666666666	
1.4426666666666668	1.4853333333333334	1.442	1.3986666666666667	1.3233333333333333	1.3493333333333333	1.3086666666666666	1.2946666666666666	1.3233333333333333	1.2586666666666666	1.1953333333333334	1.2026666666666668	1.1386666666666667	1.1646666666666667	1.124	1.118	1.1113333333333333	1.094	1.0546666666666666	1.0046666666666666	0.974	0.9726666666666667	0.968	0.9706666666666667	0.9093333333333333	0.9313333333333333	0.8986666666666666	0.858	0.85	0.7853333333333333	0.786	0.814	0.7566666666666667	0.7893333333333333	0.7673333333333333	0.7353333333333333	0.7173333333333334	0.7473333333333333	0.708	0.7113333333333334	0.6693333333333333	0.6373333333333333	0.642	0.6013333333333334	0.6253333333333333	0.5866666666666667	0.5693333333333334	0.586	0.5466666666666666	0.5413333333333333	0.5353333333333333	0.5366666666666666	0.5353333333333333	0.5213333333333333	0.482	0.484	0.444	0.448	0.446	0.43866666666666665	0.426	0.382	0.424	0.37933333333333336	0.388	0.436	0.37866666666666665	0.36133333333333334	0.328	0.3486666666666667	0.33066666666666666	0.31266666666666665	0.30733333333333335	0.30866666666666664	0.292	0.286	0.2833333333333333	0.2673333333333333	0.23933333333333334	0.242	0.246	0.23533333333333334	0.25066666666666665	0.23	0.242	0.20133333333333334	0.182	0.20533333333333334	0.19066666666666668	0.168	0.19866666666666666	0.17466666666666666	0.17266666666666666	0.154	0.152	0.13466666666666666	0.13133333333333333	0.134	0.13333333333333333	
1.496	1.4366666666666668	1.4326666666666668	1.3906666666666667	1.396	1.334	1.3046666666666666	1.2306666666666666	1.274	1.2293333333333334	1.22	1.124	1.1486666666666667	1.1426666666666667	1.1226666666666667	1.0533333333333332	1.0773333333333333	1.078	1.024	1.016	1.0133333333333334	1.032	0.9426666666666667	0.9686666666666667	0.9173333333333333	0.9106666666666666	0.892	0.8506666666666667	0.864	0.834	0.8353333333333334	0.8286666666666667	0.8053333333333333	0.7553333333333333	0.7726666666666666	0.762	0.722	0.696	0.7013333333333334	0.6886666666666666	0.6566666666666666	0.6846666666666666	0.642	0.6233333333333333	0.61	0.5653333333333334	0.5906666666666667	0.598	0.566	0.548	0.52	0.514	0.5246666666666666	0.49266666666666664	0.47533333333333333	0.43666666666666665	0.448	0.47933333333333333	0.456	0.42533333333333334	0.424	0.39866666666666667	0.3893333333333333	0.42	0.36933333333333335	0.3933333333333333	0.3426666666666667	0.38133333333333336	0.3626666666666667	0.36666666666666664	0.31266666666666665	0.296	0.302	0.318	0.308	0.27266666666666667	0.27666666666666667	0.282	0.25066666666666665	0.24733333333333332	0.25066666666666665	0.236	0.23133333333333334	0.198	0.20533333333333334	0.23066666666666666	0.18266666666666667	0.18733333333333332	0.19	0.176	0.17666666666666667	0.15533333333333332	0.17466666666666666	0.14866666666666667	0.154	0.146	0.13866666666666666	0.13066666666666665	0.12066666666666667	
1.566	1.46	1.4893333333333334	1.38	1.3233333333333333	1.322	1.2913333333333334	1.2846666666666666	1.232	1.206	1.16	1.1593333333333333	1.1213333333333333	1.1486666666666667	1.1433333333333333	1.122	1.1133333333333333	1.082	1.0206666666666666	1.004	0.966	0.968	0.982	0.9633333333333334	0.9573333333333334	0.924	0.9313333333333333	0.9246666666666666	0.836	0.8486666666666667	0.8293333333333334	0.7906666666666666	0.8	0.7726666666666666	0.718	0.7206666666666667	0.706	0.7046666666666667	0.6886666666666666	0.6873333333333334	0.6973333333333334	0.668	0.648	0.616	0.6126666666666667	0.594	0.5286666666666666	0.6093333333333333	0.546	0.5433333333333333	0.5133333333333333	0.5313333333333333	0.496	0.512	0.49266666666666664	0.4846666666666667	0.45866666666666667	0.41333333333333333	0.43466666666666665	0.44	0.4126666666666667	0.382	0.38	0.37733333333333335	0.36533333333333334	0.37266666666666665	0.3873333333333333	0.36333333333333334	0.312	0.3406666666666667	0.31933333333333336	0.328	0.3006666666666667	0.304	0.294	0.2813333333333333	0.24333333333333335	0.258	0.25933333333333336	0.288	0.242	0.24266666666666667	0.22866666666666666	0.224	0.22	0.19533333333333333	0.19933333333333333	0.188	0.222	0.17733333333333334	0.18066666666666667	0.16266666666666665	0.17866666666666667	0.168	0.15733333333333333	0.14	0.14	0.13866666666666666	0.12466666666666666	
1.46	1.4153333333333333	1.45	1.444	1.3506666666666667	1.3293333333333333	1.3233333333333333	1.2973333333333332	1.2406666666666666	1.224	1.2013333333333334	1.1873333333333334	1.1633333333333333	1.1353333333333333	1.1573333333333333	1.088	1.1106666666666667	1.0986666666666667	1.078	1.006	1.0053333333333334	0.9653333333333334	0.9773333333333334	0.9433333333333334	0.9046666666666666	0.8973333333333333	0.8913333333333333	0.8686666666666667	0.8333333333333334	0.8193333333333334	0.7993333333333333	0.7493333333333333	0.8086666666666666	0.776	0.7726666666666666	0.7433333333333333	0.704	0.716	0.7106666666666667	0.678	0.6486666666666666	0.6333333333333333	0.5973333333333334	0.6506666666666666	0.614	0.6006666666666667	0.5806666666666667	0.5673333333333334	0.5166666666666667	0.5513333333333333	0.514	0.526	0.532	0.538	0.47	0.47333333333333333	0.438	0.44533333333333336	0.444	0.44	0.39066666666666666	0.4246666666666667	0.43733333333333335	0.3566666666666667	0.3546666666666667	0.35333333333333333	0.37266666666666665	0.36866666666666664	0.3433333333333333	0.3453333333333333	0.3293333333333333	0.30466666666666664	0.31933333333333336	0.32066666666666666	0.29	0.25533333333333336	0.3006666666666667	0.2826666666666667	0.25866666666666666	0.25133333333333335	0.254	0.25066666666666665	0.22666666666666666	0.22466666666666665	0.21066666666666667	0.24133333333333334	0.174	0.20533333333333334	0.20733333333333334	0.18066666666666667	0.17933333333333334	0.17866666666666667	0.158	0.148	0.14933333333333335	0.15	0.136	0.13466666666666666	0.132	
1.5286666666666666	1.4273333333333333	1.4113333333333333	1.3746666666666667	1.356	1.3526666666666667	1.284	1.286	1.242	1.246	1.1893333333333334	1.1766666666666667	1.2026666666666668	1.0853333333333333	1.1166666666666667	1.078	1.1153333333333333	1.0273333333333334	1.0366666666666666	1.0586666666666666	1.0053333333333334	0.9713333333333334	0.9886666666666667	0.9126666666666666	0.9173333333333333	0.9086666666666666	0.8726666666666667	0.8893333333333333	0.8506666666666667	0.7853333333333333	0.8293333333333334	0.7753333333333333	0.7946666666666666	0.7746666666666666	0.7386666666666667	0.7266666666666667	0.7013333333333334	0.6893333333333334	0.6866666666666666	0.6646666666666666	0.6613333333333333	0.6293333333333333	0.6273333333333333	0.598	0.6026666666666667	0.592	0.5806666666666667	0.5753333333333334	0.5726666666666667	0.5186666666666667	0.5786666666666667	0.5593333333333333	0.48733333333333334	0.5126666666666667	0.484	0.48333333333333334	0.4786666666666667	0.458	0.452	0.418	0.422	0.40066666666666667	0.404	0.39466666666666667	0.36333333333333334	0.36666666666666664	0.36866666666666664	0.356	0.3426666666666667	0.326	0.3426666666666667	0.31266666666666665	0.2833333333333333	0.28733333333333333	0.29733333333333334	0.2813333333333333	0.30133333333333334	0.28	0.26266666666666666	0.26	0.252	0.21	0.23666666666666666	0.24066666666666667	0.202	0.21066666666666667	0.22333333333333333	0.196	0.16666666666666666	0.184	0.166	0.19266666666666668	0.14466666666666667	0.152	0.14666666666666667	0.16533333333333333	0.14	0.14266666666666666	0.138	
1.5033333333333334	1.4713333333333334	1.4113333333333333	1.4	1.3133333333333332	1.3753333333333333	1.284	1.3106666666666666	1.2893333333333334	1.204	1.294	1.208	1.178	1.0926666666666667	1.114	1.064	1.082	1.066	1.03	1.0366666666666666	1.048	0.9673333333333334	1.006	0.956	0.9286666666666666	0.8906666666666667	0.9093333333333333	0.8966666666666666	0.8766666666666667	0.8526666666666667	0.86	0.7693333333333333	0.768	0.7493333333333333	0.756	0.7446666666666667	0.744	0.714	0.6826666666666666	0.644	0.6406666666666667	0.6393333333333333	0.624	0.6073333333333333	0.578	0.5706666666666667	0.6013333333333334	0.6073333333333333	0.552	0.5246666666666666	0.518	0.5253333333333333	0.4846666666666667	0.49266666666666664	0.476	0.494	0.4686666666666667	0.448	0.43733333333333335	0.422	0.4026666666666667	0.4033333333333333	0.388	0.38333333333333336	0.35733333333333334	0.37933333333333336	0.35	0.39466666666666667	0.36333333333333334	0.334	0.34933333333333333	0.31866666666666665	0.33	0.308	0.2966666666666667	0.258	0.2853333333333333	0.2693333333333333	0.258	0.244	0.25266666666666665	0.22266666666666668	0.238	0.23866666666666667	0.21266666666666667	0.212	0.20733333333333334	0.19533333333333333	0.18466666666666667	0.19466666666666665	0.18133333333333335	0.16666666666666666	0.16466666666666666	0.14133333333333334	0.174	0.156	0.13333333333333333	0.142	0.13933333333333334	
1.452	1.4706666666666666	1.4206666666666667	1.3653333333333333	1.332	1.2646666666666666	1.2853333333333334	1.2953333333333332	1.288	1.2386666666666666	1.2486666666666666	1.154	1.2006666666666668	1.1266666666666667	1.098	1.066	1.0446666666666666	1.094	1.0866666666666667	0.9886666666666667	1.0033333333333334	0.9786666666666667	0.93	0.898	0.9173333333333333	0.8893333333333333	0.902	0.8573333333333333	0.8593333333333333	0.8886666666666667	0.7926666666666666	0.8173333333333334	0.7453333333333333	0.8206666666666667	0.7373333333333333	0.728	0.7433333333333333	0.7	0.7146666666666667	0.6933333333333334	0.652	0.6266666666666667	0.6473333333333333	0.6546666666666666	0.6013333333333334	0.6053333333333333	0.5646666666666667	0.5953333333333334	0.526	0.5413333333333333	0.5473333333333333	0.494	0.5	0.5086666666666667	0.49866666666666665	0.468	0.45866666666666667	0.448	0.46066666666666667	0.4226666666666667	0.4126666666666667	0.38666666666666666	0.40066666666666667	0.388	0.36466666666666664	0.384	0.39066666666666666	0.344	0.33666666666666667	0.3353333333333333	0.3313333333333333	0.30466666666666664	0.32133333333333336	0.29333333333333333	0.306	0.26866666666666666	0.258	0.27066666666666667	0.268	0.25466666666666665	0.24533333333333332	0.23266666666666666	0.232	0.21933333333333332	0.22866666666666666	0.19133333333333333	0.174	0.178	0.20133333333333334	0.18466666666666667	0.16466666666666666	0.16666666666666666	0.16733333333333333	0.15733333333333333	0.15533333333333332	0.13666666666666666	0.136	0.13	0.12933333333333333	
1.5426666666666666	1.4253333333333333	1.344	1.4013333333333333	1.33	1.3486666666666667	1.29	1.202	1.2626666666666666	1.2646666666666666	1.2286666666666666	1.206	1.1313333333333333	1.108	1.0933333333333333	1.1133333333333333	1.0666666666666667	1.1113333333333333	1.038	1.048	0.9733333333333334	0.9446666666666667	0.9306666666666666	0.922	0.9186666666666666	0.8533333333333334	0.8946666666666667	0.8653333333333333	0.8213333333333334	0.7706666666666667	0.8053333333333333	0.7646666666666667	0.786	0.7546666666666667	0.7473333333333333	0.7473333333333333	0.7313333333333333	0.72	0.6626666666666666	0.6933333333333334	0.6413333333333333	0.656	0.646	0.6113333333333333	0.608	0.5746666666666667	0.5846666666666667	0.5426666666666666	0.558	0.5406666666666666	0.5293333333333333	0.4866666666666667	0.49133333333333334	0.49533333333333335	0.49933333333333335	0.4633333333333333	0.4806666666666667	0.446	0.44066666666666665	0.41933333333333334	0.38	0.444	0.39666666666666667	0.38533333333333336	0.36666666666666664	0.326	0.3373333333333333	0.34	0.3406666666666667	0.32266666666666666	0.32	0.316	0.29133333333333333	0.2806666666666667	0.276	0.2633333333333333	0.2793333333333333	0.272	0.25533333333333336	0.21533333333333332	0.22733333333333333	0.21	0.23933333333333334	0.21533333333333332	0.20533333333333334	0.198	0.19533333333333333	0.208	0.17866666666666667	0.16866666666666666	0.186	0.156	0.15266666666666667	0.15933333333333333	0.15333333333333332	0.14333333333333334	0.13466666666666666	0.14133333333333334	0.14533333333333334	
1.4386666666666668	1.4213333333333333	1.3553333333333333	1.392	1.3653333333333333	1.3366666666666667	1.3793333333333333	1.286	1.24	1.2406666666666666	1.1966666666666668	1.1526666666666667	1.128	1.1313333333333333	1.104	1.0726666666666667	1.138	1.0213333333333334	1.104	0.9853333333333333	1.014	0.9433333333333334	0.9693333333333334	0.9486666666666667	0.9366666666666666	0.918	0.8693333333333333	0.83	0.8793333333333333	0.8186666666666667	0.7693333333333333	0.8066666666666666	0.7713333333333333	0.7706666666666667	0.7933333333333333	0.788	0.7273333333333334	0.7406666666666667	0.69	0.6593333333333333	0.662	0.6053333333333333	0.6426666666666667	0.6353333333333333	0.594	0.604	0.578	0.5793333333333334	0.5786666666666667	0.5506666666666666	0.5126666666666667	0.5073333333333333	0.4866666666666667	0.454	0.492	0.476	0.4766666666666667	0.43866666666666665	0.43066666666666664	0.4206666666666667	0.4206666666666667	0.4033333333333333	0.37733333333333335	0.38133333333333336	0.37466666666666665	0.36733333333333335	0.36666666666666664	0.346	0.3433333333333333	0.33466666666666667	0.318	0.30466666666666664	0.308	0.3006666666666667	0.2866666666666667	0.25666666666666665	0.294	0.27266666666666667	0.24533333333333332	0.25933333333333336	0.25066666666666665	0.22933333333333333	0.23666666666666666	0.21866666666666668	0.216	0.19266666666666668	0.204	0.19	0.18466666666666667	0.194	0.182	0.16133333333333333	0.16066666666666668	0.17	0.16133333333333333	0.158	0.13066666666666665	0.13333333333333333	0.136	
1.5106666666666666	1.46	1.4073333333333333	1.38	1.3666666666666667	1.38	1.3133333333333332	1.2813333333333334	1.2926666666666666	1.2226666666666666	1.1893333333333334	1.1273333333333333	1.1166666666666667	1.1353333333333333	1.1066666666666667	1.0806666666666667	1.1226666666666667	1.078	1.0513333333333332	0.9906666666666667	0.964	0.9786666666666667	0.9613333333333334	0.9726666666666667	0.904	0.9273333333333333	0.9	0.8753333333333333	0.8546666666666667	0.828	0.8153333333333334	0.7506666666666667	0.7753333333333333	0.764	0.7453333333333333	0.692	0.692	0.7073333333333334	0.6873333333333334	0.7086666666666667	0.69	0.654	0.6353333333333333	0.6233333333333333	0.6253333333333333	0.574	0.568	0.602	0.5833333333333334	0.5233333333333333	0.5086666666666667	0.5633333333333334	0.492	0.49866666666666665	0.4766666666666667	0.49533333333333335	0.49333333333333335	0.434	0.46266666666666667	0.412	0.404	0.4186666666666667	0.4066666666666667	0.376	0.4	0.4033333333333333	0.3526666666666667	0.3413333333333333	0.34	0.3413333333333333	0.31133333333333335	0.322	0.2966666666666667	0.2946666666666667	0.29333333333333333	0.26266666666666666	0.278	0.28733333333333333	0.27666666666666667	0.25266666666666665	0.24466666666666667	0.228	0.236	0.22933333333333333	0.234	0.214	0.19133333333333333	0.17133333333333334	0.19266666666666668	0.19466666666666665	0.16	0.184	0.16733333333333333	0.164	0.12866666666666668	0.16133333333333333	0.14	0.124	0.12733333333333333	
1.4373333333333334	1.44	1.4286666666666668	1.404	1.392	1.3553333333333333	1.2773333333333334	1.2906666666666666	1.2233333333333334	1.1913333333333334	1.2173333333333334	1.2033333333333334	1.1906666666666668	1.1453333333333333	1.1086666666666667	1.0613333333333332	1.0873333333333333	1.0853333333333333	1.0426666666666666	0.9653333333333334	1.0166666666666666	0.9713333333333334	1.002	0.916	0.9373333333333334	0.904	0.9273333333333333	0.866	0.8606666666666667	0.8133333333333334	0.8493333333333334	0.8286666666666667	0.7506666666666667	0.76	0.7813333333333333	0.7246666666666667	0.7106666666666667	0.7246666666666667	0.69	0.6713333333333333	0.684	0.6526666666666666	0.6453333333333333	0.6173333333333333	0.6166666666666667	0.6026666666666667	0.5786666666666667	0.598	0.5633333333333334	0.552	0.5386666666666666	0.528	0.5026666666666667	0.524	0.4593333333333333	0.468	0.4646666666666667	0.4673333333333333	0.4553333333333333	0.444	0.402	0.4226666666666667	0.4066666666666667	0.416	0.368	0.37666666666666665	0.36666666666666664	0.36733333333333335	0.3353333333333333	0.3333333333333333	0.314	0.30933333333333335	0.31933333333333336	0.306	0.29133333333333333	0.2846666666666667	0.288	0.2753333333333333	0.22933333333333333	0.23933333333333334	0.24533333333333332	0.23466666666666666	0.25666666666666665	0.226	0.19866666666666666	0.21733333333333332	0.182	0.202	0.18266666666666667	0.18466666666666667	0.156	0.16733333333333333	0.16266666666666665	0.14933333333333335	0.158	0.15133333333333332	0.132	0.13533333333333333	0.12466666666666666	
1.4786666666666666	1.4806666666666666	1.4393333333333334	1.3386666666666667	1.3413333333333333	1.356	1.31	1.2746666666666666	1.2286666666666666	1.2693333333333334	1.1913333333333334	1.1846666666666668	1.182	1.148	1.1146666666666667	1.0933333333333333	1.104	1.0646666666666667	1.0	0.9686666666666667	0.992	0.9733333333333334	0.9526666666666667	0.9046666666666666	0.9386666666666666	0.9273333333333333	0.9006666666666666	0.8646666666666667	0.858	0.8586666666666667	0.7673333333333333	0.7766666666666666	0.8046666666666666	0.7553333333333333	0.7526666666666667	0.7706666666666667	0.7586666666666667	0.6933333333333334	0.6913333333333334	0.648	0.696	0.6346666666666667	0.616	0.614	0.628	0.634	0.6013333333333334	0.566	0.574	0.546	0.518	0.482	0.5273333333333333	0.49066666666666664	0.4866666666666667	0.502	0.4533333333333333	0.4706666666666667	0.4206666666666667	0.422	0.422	0.37666666666666665	0.374	0.38866666666666666	0.368	0.36	0.37533333333333335	0.30466666666666664	0.35133333333333333	0.372	0.356	0.32466666666666666	0.292	0.324	0.292	0.28733333333333333	0.282	0.29533333333333334	0.262	0.25933333333333336	0.25266666666666665	0.25533333333333336	0.242	0.20866666666666667	0.21466666666666667	0.2	0.21	0.18666666666666668	0.18066666666666667	0.174	0.17866666666666667	0.174	0.15733333333333333	0.162	0.15933333333333333	0.15333333333333332	0.14133333333333334	0.14666666666666667	0.12066666666666667	
1.4973333333333334	1.4546666666666668	1.4066666666666667	1.374	1.3646666666666667	1.306	1.2953333333333332	1.2766666666666666	1.29	1.3213333333333332	1.202	1.1886666666666668	1.1633333333333333	1.164	1.106	1.0886666666666667	1.122	1.08	1.014	1.0146666666666666	1.0266666666666666	1.0086666666666666	0.9693333333333334	0.944	0.9406666666666667	0.8953333333333333	0.8973333333333333	0.8793333333333333	0.838	0.8653333333333333	0.808	0.82	0.7786666666666666	0.7773333333333333	0.7666666666666667	0.7073333333333334	0.7086666666666667	0.738	0.678	0.6933333333333334	0.6666666666666666	0.6506666666666666	0.6013333333333334	0.654	0.5926666666666667	0.6106666666666667	0.576	0.6046666666666667	0.5346666666666666	0.5673333333333334	0.5266666666666666	0.5253333333333333	0.5066666666666667	0.5313333333333333	0.4826666666666667	0.4513333333333333	0.45866666666666667	0.4826666666666667	0.43533333333333335	0.456	0.4226666666666667	0.41133333333333333	0.38533333333333336	0.3486666666666667	0.38333333333333336	0.3506666666666667	0.342	0.35133333333333333	0.3473333333333333	0.3433333333333333	0.3233333333333333	0.318	0.32	0.28733333333333333	0.29933333333333334	0.298	0.27466666666666667	0.24866666666666667	0.26	0.262	0.25	0.20866666666666667	0.22533333333333333	0.208	0.214	0.18933333333333333	0.19933333333333333	0.16866666666666666	0.18933333333333333	0.17066666666666666	0.164	0.14733333333333334	0.16866666666666666	0.16	0.16933333333333334	0.15866666666666668	0.13533333333333333	0.12933333333333333	0.13533333333333333	
1.5226666666666666	1.4573333333333334	1.4513333333333334	1.4093333333333333	1.376	1.354	1.278	1.326	1.2106666666666666	1.2366666666666666	1.2026666666666668	1.2533333333333334	1.1926666666666668	1.1113333333333333	1.106	1.1066666666666667	1.0786666666666667	1.1066666666666667	1.048	1.018	1.0406666666666666	0.926	0.9893333333333333	0.9833333333333333	0.928	0.9026666666666666	0.9353333333333333	0.9013333333333333	0.84	0.7806666666666666	0.8333333333333334	0.77	0.7673333333333333	0.7766666666666666	0.73	0.7893333333333333	0.722	0.7166666666666667	0.7233333333333334	0.6706666666666666	0.6886666666666666	0.6413333333333333	0.644	0.6553333333333333	0.6233333333333333	0.612	0.562	0.6013333333333334	0.55	0.55	0.5573333333333333	0.5286666666666666	0.574	0.4713333333333333	0.502	0.51	0.4666666666666667	0.46	0.434	0.436	0.44333333333333336	0.4206666666666667	0.414	0.39066666666666666	0.3913333333333333	0.3473333333333333	0.35133333333333333	0.36933333333333335	0.352	0.332	0.308	0.314	0.31066666666666665	0.29533333333333334	0.2733333333333333	0.2926666666666667	0.27066666666666667	0.282	0.24066666666666667	0.2753333333333333	0.24333333333333335	0.22866666666666666	0.232	0.214	0.212	0.214	0.212	0.19333333333333333	0.19933333333333333	0.17466666666666666	0.16866666666666666	0.18	0.16333333333333333	0.154	0.15333333333333332	0.14066666666666666	0.15266666666666667	0.138	0.14133333333333334	
1.5053333333333334	1.452	1.3866666666666667	1.4106666666666667	1.392	1.392	1.2893333333333334	1.2733333333333334	1.318	1.202	1.1853333333333333	1.188	1.1913333333333334	1.148	1.172	1.088	1.056	1.05	1.0233333333333334	1.044	1.0106666666666666	0.9666666666666667	0.9866666666666667	0.886	0.9786666666666667	0.9306666666666666	0.8593333333333333	0.85	0.858	0.7893333333333333	0.8193333333333334	0.8166666666666667	0.7806666666666666	0.8453333333333334	0.7546666666666667	0.7646666666666667	0.714	0.7	0.7166666666666667	0.704	0.6453333333333333	0.6386666666666667	0.624	0.616	0.596	0.6106666666666667	0.5886666666666667	0.5846666666666667	0.5546666666666666	0.54	0.5466666666666666	0.5233333333333333	0.4693333333333333	0.486	0.47533333333333333	0.49	0.4746666666666667	0.42733333333333334	0.4513333333333333	0.4013333333333333	0.4246666666666667	0.4013333333333333	0.39666666666666667	0.4086666666666667	0.4013333333333333	0.398	0.39066666666666666	0.38	0.35133333333333333	0.33866666666666667	0.336	0.308	0.30533333333333335	0.284	0.2886666666666667	0.256	0.2693333333333333	0.278	0.23866666666666667	0.25866666666666666	0.25	0.226	0.244	0.24466666666666667	0.21066666666666667	0.20866666666666667	0.19666666666666666	0.19333333333333333	0.20066666666666666	0.16333333333333333	0.16	0.184	0.15733333333333333	0.15533333333333332	0.172	0.14733333333333334	0.14733333333333334	0.148	0.12133333333333333	
1.4546666666666668	1.4966666666666666	1.442	1.3813333333333333	1.3606666666666667	1.368	1.2966666666666666	1.2786666666666666	1.232	1.2753333333333334	1.2093333333333334	1.2153333333333334	1.1553333333333333	1.1426666666666667	1.1746666666666667	1.12	1.0813333333333333	1.0926666666666667	1.064	1.018	0.9913333333333333	0.976	0.9293333333333333	0.9366666666666666	0.9226666666666666	0.94	0.908	0.8526666666666667	0.8513333333333334	0.8733333333333333	0.83	0.816	0.7793333333333333	0.7826666666666666	0.7586666666666667	0.7166666666666667	0.6926666666666667	0.6993333333333334	0.6993333333333334	0.6793333333333333	0.654	0.662	0.6466666666666666	0.6233333333333333	0.598	0.6253333333333333	0.576	0.5813333333333334	0.554	0.558	0.5266666666666666	0.49333333333333335	0.5126666666666667	0.494	0.5093333333333333	0.49	0.4633333333333333	0.444	0.428	0.43133333333333335	0.436	0.4093333333333333	0.4206666666666667	0.4026666666666667	0.39866666666666667	0.37133333333333335	0.36733333333333335	0.344	0.36533333333333334	0.3406666666666667	0.30866666666666664	0.316	0.324	0.31133333333333335	0.294	0.25266666666666665	0.2946666666666667	0.254	0.248	0.24733333333333332	0.242	0.22733333333333333	0.27266666666666667	0.22933333333333333	0.21333333333333335	0.20466666666666666	0.19533333333333333	0.20133333333333334	0.19266666666666668	0.19266666666666668	0.18733333333333332	0.172	0.16933333333333334	0.16	0.14933333333333335	0.14266666666666666	0.146	0.124	0.13533333333333333	
1.5506666666666666	1.4806666666666666	1.424	1.3726666666666667	1.3986666666666667	1.32	1.3733333333333333	1.2486666666666666	1.2753333333333334	1.3	1.2566666666666666	1.2506666666666666	1.1786666666666668	1.1526666666666667	1.1746666666666667	1.0806666666666667	1.0973333333333333	1.0706666666666667	1.0786666666666667	1.042	1.05	0.9626666666666667	0.968	0.9066666666666666	0.9366666666666666	0.9046666666666666	0.9573333333333334	0.8926666666666667	0.8893333333333333	0.87	0.8946666666666667	0.8033333333333333	0.796	0.7753333333333333	0.7753333333333333	0.7486666666666667	0.728	0.7106666666666667	0.7313333333333333	0.6693333333333333	0.676	0.6933333333333334	0.628	0.63	0.626	0.6046666666666667	0.598	0.5806666666666667	0.586	0.5906666666666667	0.516	0.5413333333333333	0.522	0.49933333333333335	0.48733333333333334	0.48933333333333334	0.45466666666666666	0.4766666666666667	0.44533333333333336	0.43466666666666665	0.446	0.4	0.4126666666666667	0.39	0.412	0.39266666666666666	0.36133333333333334	0.35533333333333333	0.32666666666666666	0.32466666666666666	0.32133333333333336	0.32	0.304	0.292	0.3233333333333333	0.28933333333333333	0.2753333333333333	0.2653333333333333	0.27466666666666667	0.248	0.254	0.21266666666666667	0.242	0.222	0.218	0.22533333333333333	0.202	0.21066666666666667	0.18733333333333332	0.164	0.16666666666666666	0.18066666666666667	0.16666666666666666	0.16266666666666665	0.164	0.15866666666666668	0.134	0.126	0.11666666666666667	
1.4653333333333334	1.408	1.4706666666666666	1.4133333333333333	1.346	1.35	1.364	1.2666666666666666	1.2633333333333334	1.2386666666666666	1.2253333333333334	1.2093333333333334	1.1833333333333333	1.104	1.1986666666666668	1.06	1.0426666666666666	1.06	1.0746666666666667	1.004	1.0026666666666666	1.0313333333333334	0.9986666666666667	0.958	0.9333333333333333	0.9126666666666666	0.926	0.8406666666666667	0.8166666666666667	0.7993333333333333	0.848	0.8473333333333334	0.7553333333333333	0.7926666666666666	0.7206666666666667	0.7813333333333333	0.7493333333333333	0.7273333333333334	0.7126666666666667	0.6866666666666666	0.666	0.654	0.6526666666666666	0.646	0.6193333333333333	0.614	0.5853333333333334	0.5546666666666666	0.5786666666666667	0.5473333333333333	0.5473333333333333	0.554	0.5006666666666667	0.544	0.532	0.508	0.4633333333333333	0.444	0.4766666666666667	0.4653333333333333	0.4166666666666667	0.41	0.4013333333333333	0.38333333333333336	0.392	0.3626666666666667	0.3546666666666667	0.36	0.38866666666666666	0.31533333333333335	0.30133333333333334	0.318	0.288	0.2926666666666667	0.30933333333333335	0.29733333333333334	0.30133333333333334	0.24933333333333332	0.272	0.25866666666666666	0.24466666666666667	0.22733333333333333	0.23133333333333334	0.19733333333333333	0.22066666666666668	0.212	0.19533333333333333	0.20666666666666667	0.18466666666666667	0.17733333333333334	0.18866666666666668	0.15333333333333332	0.15866666666666668	0.16733333333333333	0.15933333333333333	0.15	0.13133333333333333	0.144	0.11466666666666667	
1.5	1.4233333333333333	1.3926666666666667	1.4566666666666668	1.3366666666666667	1.318	1.3306666666666667	1.2993333333333332	1.268	1.2173333333333334	1.2513333333333334	1.2126666666666666	1.1813333333333333	1.1646666666666667	1.1486666666666667	1.102	1.0833333333333333	1.0566666666666666	1.1006666666666667	0.9846666666666667	1.0286666666666666	1.0133333333333334	1.0086666666666666	0.9466666666666667	0.958	0.9033333333333333	0.8833333333333333	0.89	0.858	0.8413333333333334	0.83	0.828	0.766	0.8026666666666666	0.7473333333333333	0.7113333333333334	0.754	0.6886666666666666	0.708	0.6673333333333333	0.712	0.7053333333333334	0.6386666666666667	0.6533333333333333	0.6153333333333333	0.5913333333333334	0.57	0.604	0.582	0.532	0.5266666666666666	0.5133333333333333	0.518	0.49666666666666665	0.4846666666666667	0.458	0.5053333333333333	0.444	0.44	0.4573333333333333	0.42866666666666664	0.43266666666666664	0.4066666666666667	0.37733333333333335	0.41333333333333333	0.37733333333333335	0.3586666666666667	0.3586666666666667	0.3446666666666667	0.334	0.3606666666666667	0.31266666666666665	0.30466666666666664	0.288	0.2786666666666667	0.2813333333333333	0.26466666666666666	0.2713333333333333	0.256	0.25133333333333335	0.25133333333333335	0.24333333333333335	0.24466666666666667	0.25733333333333336	0.22666666666666666	0.19	0.20933333333333334	0.21133333333333335	0.206	0.18466666666666667	0.186	0.16866666666666666	0.16733333333333333	0.14533333333333334	0.15666666666666668	0.138	0.13466666666666666	0.154	0.12333333333333334	
1.4393333333333334	1.4833333333333334	1.3953333333333333	1.3553333333333333	1.386	1.3646666666666667	1.3446666666666667	1.2773333333333334	1.2573333333333334	1.2726666666666666	1.2626666666666666	1.204	1.1986666666666668	1.1686666666666667	1.1846666666666668	1.076	1.1146666666666667	1.0973333333333333	1.02	1.0373333333333334	1.0093333333333334	1.002	0.972	0.9626666666666667	0.9273333333333333	0.922	0.9	0.896	0.8086666666666666	0.894	0.806	0.8453333333333334	0.79	0.7766666666666666	0.7453333333333333	0.736	0.724	0.7466666666666667	0.6386666666666667	0.68	0.66	0.6853333333333333	0.6486666666666666	0.612	0.6046666666666667	0.6106666666666667	0.642	0.5913333333333334	0.5393333333333333	0.5386666666666666	0.5266666666666666	0.5386666666666666	0.524	0.48333333333333334	0.4866666666666667	0.482	0.4573333333333333	0.4686666666666667	0.442	0.41733333333333333	0.464	0.42	0.42733333333333334	0.4013333333333333	0.39066666666666666	0.3913333333333333	0.37533333333333335	0.3506666666666667	0.3433333333333333	0.32666666666666666	0.29533333333333334	0.312	0.322	0.2926666666666667	0.30866666666666664	0.2786666666666667	0.2613333333333333	0.2733333333333333	0.26066666666666666	0.25733333333333336	0.24266666666666667	0.246	0.21466666666666667	0.21266666666666667	0.218	0.238	0.21666666666666667	0.20466666666666666	0.19333333333333333	0.182	0.17333333333333334	0.14733333333333334	0.15533333333333332	0.18133333333333335	0.15933333333333333	0.16066666666666668	0.14	0.14266666666666666	0.13133333333333333	
1.5526666666666666	1.4433333333333334	1.4433333333333334	1.4193333333333333	1.3906666666666667	1.39	1.3786666666666667	1.28	1.29	1.2333333333333334	1.224	1.1473333333333333	1.1313333333333333	1.162	1.1293333333333333	1.0966666666666667	1.1513333333333333	1.0946666666666667	1.07	1.038	1.03	0.9826666666666667	1.0013333333333334	0.9206666666666666	0.9633333333333334	0.8773333333333333	0.9273333333333333	0.9373333333333334	0.908	0.912	0.81	0.8186666666666667	0.7693333333333333	0.7446666666666667	0.762	0.7406666666666667	0.7453333333333333	0.76	0.75	0.726	0.674	0.6566666666666666	0.624	0.6406666666666667	0.6113333333333333	0.6313333333333333	0.582	0.5833333333333334	0.5846666666666667	0.532	0.5726666666666667	0.5293333333333333	0.5313333333333333	0.5133333333333333	0.486	0.4513333333333333	0.45666666666666667	0.472	0.446	0.42	0.42933333333333334	0.424	0.394	0.39	0.382	0.37266666666666665	0.37866666666666665	0.342	0.3546666666666667	0.358	0.32866666666666666	0.328	0.31933333333333336	0.29133333333333333	0.2846666666666667	0.2966666666666667	0.284	0.2753333333333333	0.2833333333333333	0.236	0.2613333333333333	0.22666666666666666	0.23533333333333334	0.22733333333333333	0.23333333333333334	0.216	0.19733333333333333	0.21	0.19266666666666668	0.17933333333333334	0.18733333333333332	0.16533333333333333	0.16666666666666666	0.15	0.148	0.14933333333333335	0.14133333333333334	0.13733333333333334	0.13333333333333333	
1.5053333333333334	1.4926666666666666	1.4526666666666668	1.4286666666666668	1.4146666666666667	1.328	1.344	1.268	1.302	1.2533333333333334	1.206	1.2126666666666666	1.2	1.1406666666666667	1.1666666666666667	1.1006666666666667	1.0653333333333332	1.0606666666666666	1.096	1.0533333333333332	1.0206666666666666	1.0153333333333334	1.002	0.9946666666666667	0.9446666666666667	0.9233333333333333	0.894	0.8886666666666667	0.8833333333333333	0.8173333333333334	0.8513333333333334	0.8066666666666666	0.764	0.7686666666666667	0.7786666666666666	0.7693333333333333	0.7666666666666667	0.7773333333333333	0.7266666666666667	0.686	0.692	0.6446666666666667	0.6433333333333333	0.66	0.6506666666666666	0.5973333333333334	0.5853333333333334	0.6133333333333333	0.5786666666666667	0.564	0.5053333333333333	0.5393333333333333	0.5433333333333333	0.508	0.504	0.46266666666666667	0.4713333333333333	0.4653333333333333	0.4106666666666667	0.47	0.398	0.4146666666666667	0.38666666666666666	0.38666666666666666	0.37133333333333335	0.3626666666666667	0.3586666666666667	0.35733333333333334	0.338	0.35733333333333334	0.3466666666666667	0.31533333333333335	0.3006666666666667	0.2966666666666667	0.30266666666666664	0.292	0.26666666666666666	0.2786666666666667	0.274	0.25533333333333336	0.238	0.23133333333333334	0.23066666666666666	0.212	0.222	0.21533333333333332	0.22133333333333333	0.19733333333333333	0.184	0.17133333333333334	0.20066666666666666	0.19266666666666668	0.18266666666666667	0.152	0.17	0.16333333333333333	0.15133333333333332	0.138	0.12733333333333333	
1.5013333333333334	1.518	1.3786666666666667	1.478	1.4413333333333334	1.3853333333333333	1.3686666666666667	1.344	1.3113333333333332	1.2306666666666666	1.1866666666666668	1.2666666666666666	1.2106666666666666	1.206	1.144	1.1013333333333333	1.1346666666666667	1.0953333333333333	1.08	1.0153333333333334	0.996	1.0453333333333332	0.996	0.9986666666666667	0.9173333333333333	0.9313333333333333	0.9586666666666667	0.8726666666666667	0.8786666666666667	0.8766666666666667	0.8113333333333334	0.8246666666666667	0.8253333333333334	0.806	0.7773333333333333	0.7713333333333333	0.7446666666666667	0.72	0.7193333333333334	0.6846666666666666	0.6733333333333333	0.65	0.644	0.668	0.6386666666666667	0.65	0.5993333333333334	0.612	0.59	0.5726666666666667	0.5373333333333333	0.542	0.526	0.5086666666666667	0.48333333333333334	0.45666666666666667	0.478	0.442	0.45466666666666666	0.428	0.43066666666666664	0.436	0.38333333333333336	0.4013333333333333	0.37333333333333335	0.3486666666666667	0.3546666666666667	0.376	0.33066666666666666	0.3626666666666667	0.332	0.32866666666666666	0.306	0.31333333333333335	0.29333333333333333	0.278	0.2926666666666667	0.26266666666666666	0.2813333333333333	0.23266666666666666	0.26266666666666666	0.24333333333333335	0.25533333333333336	0.218	0.25133333333333335	0.20066666666666666	0.19133333333333333	0.20333333333333334	0.16933333333333334	0.18933333333333333	0.18733333333333332	0.16	0.168	0.15933333333333333	0.146	0.14066666666666666	0.14866666666666667	0.13533333333333333	0.138	
1.57	1.4373333333333334	1.4406666666666668	1.384	1.3813333333333333	1.3906666666666667	1.3626666666666667	1.36	1.33	1.2353333333333334	1.2533333333333334	1.2346666666666666	1.1713333333333333	1.154	1.1713333333333333	1.1346666666666667	1.1693333333333333	1.076	1.08	1.008	1.014	1.0186666666666666	1.0273333333333334	0.9593333333333334	0.998	0.9566666666666667	0.942	0.8953333333333333	0.8633333333333333	0.828	0.8553333333333333	0.7586666666666667	0.7906666666666666	0.768	0.7866666666666666	0.7826666666666666	0.7446666666666667	0.7313333333333333	0.7433333333333333	0.67	0.6673333333333333	0.7026666666666667	0.6493333333333333	0.674	0.622	0.5973333333333334	0.582	0.5926666666666667	0.54	0.586	0.5433333333333333	0.5346666666666666	0.5266666666666666	0.514	0.4786666666666667	0.49866666666666665	0.48733333333333334	0.504	0.4646666666666667	0.44533333333333336	0.45466666666666666	0.43866666666666665	0.396	0.4106666666666667	0.378	0.3973333333333333	0.344	0.3606666666666667	0.3446666666666667	0.326	0.3473333333333333	0.3313333333333333	0.31066666666666665	0.30466666666666664	0.29733333333333334	0.2733333333333333	0.3006666666666667	0.2753333333333333	0.27	0.26866666666666666	0.272	0.22266666666666668	0.25133333333333335	0.22933333333333333	0.236	0.20866666666666667	0.24	0.22533333333333333	0.22066666666666668	0.20133333333333334	0.196	0.15933333333333333	0.18666666666666668	0.158	0.15266666666666667	0.164	0.152	0.136	0.156	
1.558	1.514	1.3746666666666667	1.456	1.392	1.342	1.3713333333333333	1.35	1.3126666666666666	1.27	1.2686666666666666	1.2246666666666666	1.2346666666666666	1.1913333333333334	1.19	1.104	1.126	1.1346666666666667	1.0826666666666667	1.0266666666666666	1.0326666666666666	1.022	1.0086666666666666	0.954	0.9746666666666667	0.9593333333333334	0.9413333333333334	0.9693333333333334	0.8606666666666667	0.848	0.822	0.82	0.786	0.804	0.7873333333333333	0.776	0.746	0.7313333333333333	0.7466666666666667	0.7193333333333334	0.6986666666666667	0.6813333333333333	0.6666666666666666	0.6706666666666666	0.6693333333333333	0.6366666666666667	0.61	0.5933333333333334	0.59	0.5673333333333334	0.5646666666666667	0.552	0.5226666666666666	0.512	0.49133333333333334	0.49	0.49466666666666664	0.48533333333333334	0.45	0.4653333333333333	0.458	0.43533333333333335	0.422	0.41	0.39666666666666667	0.39	0.392	0.358	0.3433333333333333	0.35133333333333333	0.3453333333333333	0.346	0.302	0.2853333333333333	0.31866666666666665	0.28933333333333333	0.29133333333333333	0.27266666666666667	0.26066666666666666	0.24066666666666667	0.2653333333333333	0.256	0.242	0.224	0.24066666666666667	0.19333333333333333	0.184	0.20333333333333334	0.20266666666666666	0.19533333333333333	0.16533333333333333	0.18	0.156	0.17733333333333334	0.14933333333333335	0.15666666666666668	0.15066666666666667	0.13933333333333334	0.12133333333333333	
1.5693333333333332	1.468	1.4273333333333333	1.4006666666666667	1.4246666666666667	1.4353333333333333	1.324	1.3606666666666667	1.3053333333333332	1.3106666666666666	1.302	1.2126666666666666	1.246	1.2166666666666666	1.1773333333333333	1.1713333333333333	1.1086666666666667	1.118	1.106	1.056	1.012	1.0366666666666666	0.9913333333333333	0.9906666666666667	0.9646666666666667	0.962	0.9186666666666666	0.91	0.9306666666666666	0.868	0.8546666666666667	0.8226666666666667	0.854	0.786	0.8293333333333334	0.79	0.7253333333333334	0.752	0.7246666666666667	0.6906666666666667	0.7006666666666667	0.676	0.692	0.6793333333333333	0.634	0.6573333333333333	0.662	0.596	0.5713333333333334	0.56	0.5506666666666666	0.5226666666666666	0.548	0.5426666666666666	0.5186666666666667	0.498	0.46266666666666667	0.5266666666666666	0.4766666666666667	0.454	0.48333333333333334	0.4026666666666667	0.44266666666666665	0.4093333333333333	0.37533333333333335	0.4046666666666667	0.37533333333333335	0.36733333333333335	0.3526666666666667	0.37466666666666665	0.3586666666666667	0.36533333333333334	0.3473333333333333	0.31533333333333335	0.29533333333333334	0.33666666666666667	0.31133333333333335	0.2733333333333333	0.268	0.26666666666666666	0.27266666666666667	0.25266666666666665	0.22466666666666665	0.22	0.23933333333333334	0.20133333333333334	0.19866666666666666	0.21533333333333332	0.20866666666666667	0.21	0.19466666666666665	0.20333333333333334	0.18266666666666667	0.176	0.13866666666666666	0.16066666666666668	0.14866666666666667	0.15866666666666668	0.12333333333333334	
1.634	1.5066666666666666	1.4773333333333334	1.4866666666666666	1.412	1.446	1.362	1.4226666666666667	1.3393333333333333	1.364	1.2653333333333334	1.2433333333333334	1.216	1.248	1.1733333333333333	1.1733333333333333	1.1806666666666668	1.1373333333333333	1.1266666666666667	1.084	1.0546666666666666	1.006	1.05	0.9533333333333334	0.978	0.9293333333333333	0.9653333333333334	0.9286666666666666	0.8746666666666667	0.8713333333333333	0.87	0.8666666666666667	0.84	0.812	0.7973333333333333	0.762	0.7746666666666666	0.7466666666666667	0.72	0.734	0.7106666666666667	0.706	0.6846666666666666	0.664	0.6506666666666666	0.6526666666666666	0.6106666666666667	0.622	0.5853333333333334	0.5706666666666667	0.558	0.5726666666666667	0.5453333333333333	0.54	0.548	0.49533333333333335	0.49733333333333335	0.49066666666666664	0.4726666666666667	0.456	0.446	0.446	0.4246666666666667	0.434	0.4106666666666667	0.37666666666666665	0.352	0.36933333333333335	0.37533333333333335	0.33866666666666667	0.31466666666666665	0.3466666666666667	0.2886666666666667	0.32866666666666666	0.32	0.28933333333333333	0.2833333333333333	0.2806666666666667	0.25733333333333336	0.24266666666666667	0.258	0.262	0.234	0.244	0.24	0.238	0.23	0.236	0.19666666666666666	0.19866666666666666	0.17533333333333334	0.18933333333333333	0.154	0.16933333333333334	0.18066666666666667	0.15	0.15466666666666667	0.14333333333333334	0.16133333333333333	
1.576	1.5566666666666666	1.488	1.5053333333333334	1.4773333333333334	1.4413333333333334	1.432	1.3633333333333333	1.3113333333333332	1.31	1.316	1.2633333333333334	1.2293333333333334	1.1913333333333334	1.2346666666666666	1.1773333333333333	1.188	1.0946666666666667	1.12	1.0553333333333332	1.1	1.0473333333333332	1.0726666666666667	0.9993333333333333	0.994	0.9646666666666667	0.986	0.9266666666666666	0.8933333333333333	0.888	0.8953333333333333	0.8433333333333334	0.8406666666666667	0.8493333333333334	0.788	0.7993333333333333	0.754	0.766	0.7553333333333333	0.748	0.7053333333333334	0.6726666666666666	0.6653333333333333	0.6646666666666666	0.6593333333333333	0.636	0.6206666666666667	0.5986666666666667	0.5926666666666667	0.608	0.57	0.5706666666666667	0.5246666666666666	0.5473333333333333	0.49733333333333335	0.5006666666666667	0.5113333333333333	0.49133333333333334	0.458	0.43133333333333335	0.47733333333333333	0.4653333333333333	0.42933333333333334	0.44333333333333336	0.38066666666666665	0.41533333333333333	0.38466666666666666	0.36733333333333335	0.3446666666666667	0.34933333333333333	0.35133333333333333	0.344	0.3253333333333333	0.33066666666666666	0.30533333333333335	0.30666666666666664	0.25933333333333336	0.2733333333333333	0.24866666666666667	0.26666666666666666	0.248	0.24533333333333332	0.26	0.238	0.242	0.23533333333333334	0.22666666666666666	0.194	0.19733333333333333	0.196	0.16466666666666666	0.18333333333333332	0.178	0.19266666666666668	0.16666666666666666	0.154	0.15266666666666667	0.144	0.14666666666666667	
1.566	1.5686666666666667	1.58	1.4973333333333334	1.4753333333333334	1.4613333333333334	1.4493333333333334	1.4213333333333333	1.288	1.3226666666666667	1.3453333333333333	1.29	1.2873333333333334	1.2313333333333334	1.214	1.1826666666666668	1.1866666666666668	1.1346666666666667	1.0926666666666667	1.1213333333333333	1.0746666666666667	1.0326666666666666	1.0566666666666666	0.9853333333333333	1.018	1.018	1.0033333333333334	0.9486666666666667	0.946	0.9086666666666666	0.8566666666666667	0.8733333333333333	0.87	0.832	0.8226666666666667	0.7913333333333333	0.7753333333333333	0.7773333333333333	0.768	0.746	0.7086666666666667	0.7426666666666667	0.66	0.698	0.68	0.6506666666666666	0.5793333333333334	0.6526666666666666	0.5753333333333334	0.588	0.5606666666666666	0.5386666666666666	0.512	0.5333333333333333	0.5326666666666666	0.536	0.49333333333333335	0.532	0.49666666666666665	0.504	0.44133333333333336	0.44466666666666665	0.43	0.43133333333333335	0.4146666666666667	0.4053333333333333	0.4206666666666667	0.37466666666666665	0.36333333333333334	0.354	0.37	0.3253333333333333	0.314	0.314	0.28933333333333333	0.316	0.31933333333333336	0.29933333333333334	0.27066666666666667	0.282	0.26866666666666666	0.27266666666666667	0.23933333333333334	0.2653333333333333	0.248	0.21733333333333332	0.216	0.21866666666666668	0.21466666666666667	0.19466666666666665	0.21466666666666667	0.16533333333333333	0.18333333333333332	0.16466666666666666	0.16466666666666666	0.164	0.15466666666666667	0.14266666666666666	0.13533333333333333	
1.6433333333333333	1.5586666666666666	1.5546666666666666	1.5346666666666666	1.3966666666666667	1.4926666666666666	1.3973333333333333	1.422	1.3926666666666667	1.2993333333333332	1.354	1.2573333333333334	1.3106666666666666	1.252	1.2466666666666666	1.236	1.2053333333333334	1.1193333333333333	1.1973333333333334	1.11	1.088	1.0693333333333332	1.0693333333333332	1.0153333333333334	1.0213333333333334	0.9913333333333333	0.9906666666666667	0.9673333333333334	0.9753333333333334	0.8786666666666667	0.912	0.842	0.8113333333333334	0.868	0.818	0.7993333333333333	0.7653333333333333	0.782	0.7393333333333333	0.7053333333333334	0.734	0.746	0.6986666666666667	0.698	0.67	0.6526666666666666	0.6253333333333333	0.6493333333333333	0.6286666666666667	0.6173333333333333	0.5573333333333333	0.5726666666666667	0.5633333333333334	0.5786666666666667	0.538	0.53	0.5	0.504	0.5046666666666667	0.44466666666666665	0.45466666666666666	0.43733333333333335	0.428	0.4186666666666667	0.41133333333333333	0.4013333333333333	0.3953333333333333	0.392	0.3953333333333333	0.374	0.38533333333333336	0.3466666666666667	0.36466666666666664	0.32266666666666666	0.3413333333333333	0.31133333333333335	0.294	0.28933333333333333	0.316	0.2806666666666667	0.25933333333333336	0.276	0.23133333333333334	0.238	0.23333333333333334	0.246	0.22	0.21533333333333332	0.21866666666666668	0.212	0.20733333333333334	0.18866666666666668	0.192	0.19466666666666665	0.18466666666666667	0.13733333333333334	0.158	0.158	0.14266666666666666	
1.65	1.696	1.518	1.5146666666666666	1.4626666666666666	1.498	1.4453333333333334	1.3646666666666667	1.3166666666666667	1.386	1.368	1.2813333333333334	1.3586666666666667	1.274	1.2573333333333334	1.2453333333333334	1.1986666666666668	1.152	1.1766666666666667	1.1253333333333333	1.096	1.098	1.0253333333333334	1.052	1.0026666666666666	0.9986666666666667	1.0466666666666666	0.9773333333333334	0.938	0.9466666666666667	0.946	0.8686666666666667	0.8266666666666667	0.8546666666666667	0.8026666666666666	0.7913333333333333	0.7946666666666666	0.778	0.7946666666666666	0.762	0.7566666666666667	0.73	0.706	0.7053333333333334	0.6353333333333333	0.6713333333333333	0.6286666666666667	0.6386666666666667	0.62	0.6073333333333333	0.598	0.576	0.5686666666666667	0.5366666666666666	0.5233333333333333	0.5306666666666666	0.506	0.5293333333333333	0.48933333333333334	0.49666666666666665	0.47533333333333333	0.458	0.44666666666666666	0.4086666666666667	0.42333333333333334	0.4146666666666667	0.4126666666666667	0.39466666666666667	0.368	0.4026666666666667	0.3453333333333333	0.3453333333333333	0.328	0.3353333333333333	0.3526666666666667	0.316	0.3253333333333333	0.274	0.288	0.26466666666666666	0.276	0.29533333333333334	0.258	0.22866666666666666	0.268	0.21666666666666667	0.23866666666666667	0.22866666666666666	0.20666666666666667	0.21933333333333332	0.194	0.18266666666666667	0.17133333333333334	0.17066666666666666	0.168	0.17333333333333334	0.166	0.16266666666666665	0.144	
1.65	1.6133333333333333	1.5513333333333332	1.4973333333333334	1.5146666666666666	1.5446666666666666	1.404	1.4373333333333334	1.4366666666666668	1.3746666666666667	1.3306666666666667	1.2766666666666666	1.2506666666666666	1.254	1.2413333333333334	1.224	1.2446666666666666	1.1566666666666667	1.1233333333333333	1.1646666666666667	1.1173333333333333	1.0573333333333332	1.0453333333333332	1.026	1.0206666666666666	0.9826666666666667	1.01	1.0006666666666666	0.98	0.9153333333333333	0.9453333333333334	0.9013333333333333	0.8866666666666667	0.8593333333333333	0.822	0.8373333333333334	0.7953333333333333	0.802	0.78	0.7446666666666667	0.7586666666666667	0.7586666666666667	0.73	0.6906666666666667	0.6746666666666666	0.6533333333333333	0.6646666666666666	0.6273333333333333	0.632	0.598	0.5766666666666667	0.5966666666666667	0.5786666666666667	0.5646666666666667	0.5326666666666666	0.5246666666666666	0.528	0.5273333333333333	0.508	0.48533333333333334	0.4766666666666667	0.45266666666666666	0.44866666666666666	0.46066666666666667	0.4246666666666667	0.43933333333333335	0.388	0.364	0.39066666666666666	0.37933333333333336	0.3586666666666667	0.354	0.3333333333333333	0.3273333333333333	0.33266666666666667	0.314	0.296	0.31933333333333336	0.2793333333333333	0.254	0.25733333333333336	0.25133333333333335	0.262	0.262	0.24333333333333335	0.22066666666666668	0.22533333333333333	0.232	0.20333333333333334	0.18466666666666667	0.21933333333333332	0.20733333333333334	0.17066666666666666	0.19466666666666665	0.15666666666666668	0.162	0.152	0.12133333333333333	0.132	
1.7246666666666666	1.6186666666666667	1.5606666666666666	1.6233333333333333	1.494	1.5	1.5353333333333334	1.4706666666666666	1.4093333333333333	1.386	1.3273333333333333	1.3006666666666666	1.3426666666666667	1.296	1.276	1.266	1.2626666666666666	1.172	1.1933333333333334	1.1346666666666667	1.098	1.0766666666666667	1.0446666666666666	1.044	1.036	1.0466666666666666	1.0153333333333334	0.9713333333333334	0.9793333333333333	0.9146666666666666	0.954	0.8926666666666667	0.8913333333333333	0.8926666666666667	0.86	0.854	0.8186666666666667	0.8113333333333334	0.7886666666666666	0.7766666666666666	0.7826666666666666	0.6833333333333333	0.7306666666666667	0.742	0.7046666666666667	0.6613333333333333	0.6753333333333333	0.676	0.6353333333333333	0.608	0.6186666666666667	0.6253333333333333	0.5866666666666667	0.5793333333333334	0.544	0.5346666666666666	0.5546666666666666	0.508	0.51	0.49133333333333334	0.488	0.44666666666666666	0.474	0.458	0.4633333333333333	0.424	0.42133333333333334	0.38466666666666666	0.39266666666666666	0.38866666666666666	0.3566666666666667	0.37066666666666664	0.35133333333333333	0.356	0.32266666666666666	0.30333333333333334	0.33	0.2853333333333333	0.30133333333333334	0.28933333333333333	0.298	0.2793333333333333	0.25133333333333335	0.23666666666666666	0.23866666666666667	0.23	0.22466666666666665	0.22666666666666666	0.19733333333333333	0.224	0.204	0.19866666666666666	0.20466666666666666	0.16133333333333333	0.17333333333333334	0.17133333333333334	0.142	0.162	0.14666666666666667	
1.6406666666666667	1.7066666666666668	1.5906666666666667	1.588	1.5293333333333334	1.4806666666666666	1.4426666666666668	1.4593333333333334	1.424	1.4133333333333333	1.3606666666666667	1.314	1.326	1.3053333333333332	1.2253333333333334	1.2153333333333334	1.186	1.2013333333333334	1.1566666666666667	1.1613333333333333	1.1513333333333333	1.0746666666666667	1.04	1.0486666666666666	1.088	1.048	1.0306666666666666	0.902	0.9786666666666667	0.958	0.948	0.8913333333333333	0.8873333333333333	0.8866666666666667	0.8126666666666666	0.8633333333333333	0.7913333333333333	0.8053333333333333	0.8353333333333334	0.7913333333333333	0.776	0.7726666666666666	0.7293333333333333	0.7113333333333334	0.7	0.6786666666666666	0.6793333333333333	0.6566666666666666	0.6326666666666667	0.6086666666666667	0.6066666666666667	0.642	0.5813333333333334	0.5726666666666667	0.5466666666666666	0.5506666666666666	0.526	0.5173333333333333	0.5073333333333333	0.5013333333333333	0.48333333333333334	0.44266666666666665	0.4246666666666667	0.43266666666666664	0.39666666666666667	0.4066666666666667	0.412	0.37866666666666665	0.38666666666666666	0.38466666666666666	0.3546666666666667	0.368	0.36466666666666664	0.354	0.36333333333333334	0.33266666666666667	0.304	0.306	0.29	0.2853333333333333	0.2786666666666667	0.26266666666666666	0.25933333333333336	0.2653333333333333	0.23666666666666666	0.24666666666666667	0.21933333333333332	0.22066666666666668	0.21133333333333335	0.21466666666666667	0.208	0.19133333333333333	0.19066666666666668	0.17333333333333334	0.16266666666666665	0.16133333333333333	0.17333333333333334	0.14933333333333335	0.15666666666666668	
1.6646666666666667	1.6493333333333333	1.578	1.558	1.5746666666666667	1.4846666666666666	1.5526666666666666	1.4406666666666668	1.4453333333333334	1.4033333333333333	1.3666666666666667	1.3633333333333333	1.3306666666666667	1.268	1.3246666666666667	1.258	1.1886666666666668	1.1746666666666667	1.1746666666666667	1.1506666666666667	1.1806666666666668	1.124	1.076	1.0886666666666667	1.0706666666666667	0.99	1.0213333333333334	0.9786666666666667	0.9626666666666667	0.94	0.916	0.9126666666666666	0.89	0.86	0.8773333333333333	0.858	0.8333333333333334	0.842	0.7873333333333333	0.7613333333333333	0.7773333333333333	0.746	0.6706666666666666	0.6993333333333334	0.7006666666666667	0.6666666666666666	0.6333333333333333	0.6426666666666667	0.6493333333333333	0.6	0.576	0.5926666666666667	0.5813333333333334	0.5653333333333334	0.5966666666666667	0.5393333333333333	0.5073333333333333	0.5266666666666666	0.512	0.506	0.4686666666666667	0.47333333333333333	0.48133333333333334	0.42733333333333334	0.42866666666666664	0.404	0.412	0.39066666666666666	0.38066666666666665	0.36666666666666664	0.36	0.3406666666666667	0.362	0.3333333333333333	0.32666666666666666	0.3446666666666667	0.332	0.30133333333333334	0.284	0.29533333333333334	0.2693333333333333	0.27666666666666667	0.25866666666666666	0.23866666666666667	0.22266666666666668	0.23866666666666667	0.21333333333333335	0.23466666666666666	0.228	0.20666666666666667	0.21333333333333335	0.19933333333333333	0.18266666666666667	0.178	0.184	0.16733333333333333	0.15333333333333332	0.15133333333333332	0.13533333333333333	
1.724	1.7133333333333334	1.5713333333333332	1.5666666666666667	1.49	1.532	1.4933333333333334	1.4633333333333334	1.4333333333333333	1.336	1.3946666666666667	1.424	1.314	1.2746666666666666	1.2646666666666666	1.242	1.2013333333333334	1.204	1.1873333333333334	1.104	1.156	1.088	1.038	1.046	0.9866666666666667	1.0733333333333333	0.9446666666666667	0.9666666666666667	0.9613333333333334	0.9566666666666667	0.9473333333333334	0.9406666666666667	0.8886666666666667	0.8873333333333333	0.8293333333333334	0.8146666666666667	0.8466666666666667	0.834	0.7486666666666667	0.7433333333333333	0.7293333333333333	0.7353333333333333	0.7433333333333333	0.7113333333333334	0.6613333333333333	0.682	0.658	0.636	0.61	0.6293333333333333	0.62	0.606	0.6093333333333333	0.5766666666666667	0.538	0.55	0.5273333333333333	0.5106666666666667	0.5166666666666667	0.49733333333333335	0.478	0.47333333333333333	0.45466666666666666	0.458	0.464	0.436	0.4	0.3933333333333333	0.402	0.3453333333333333	0.37466666666666665	0.34	0.3486666666666667	0.3486666666666667	0.3453333333333333	0.31733333333333336	0.314	0.2886666666666667	0.30133333333333334	0.2793333333333333	0.27466666666666667	0.286	0.2786666666666667	0.25466666666666665	0.242	0.24133333333333334	0.23	0.21133333333333335	0.20466666666666666	0.204	0.21133333333333335	0.19866666666666666	0.18666666666666668	0.172	0.18666666666666668	0.15066666666666667	0.14733333333333334	0.15333333333333332	0.14666666666666667	
1.6593333333333333	1.6206666666666667	1.5646666666666667	1.5553333333333332	1.516	1.5313333333333334	1.4826666666666666	1.4186666666666667	1.4526666666666668	1.3986666666666667	1.3893333333333333	1.354	1.3026666666666666	1.2833333333333334	1.274	1.2146666666666666	1.2	1.214	1.1713333333333333	1.188	1.112	1.098	1.054	1.052	1.0446666666666666	1.028	0.974	0.9826666666666667	0.978	0.95	0.9233333333333333	0.9073333333333333	0.9026666666666666	0.896	0.8373333333333334	0.8413333333333334	0.814	0.8273333333333334	0.772	0.752	0.7106666666666667	0.7493333333333333	0.7433333333333333	0.706	0.6853333333333333	0.6473333333333333	0.6486666666666666	0.6173333333333333	0.638	0.6346666666666667	0.5993333333333334	0.5973333333333334	0.5586666666666666	0.5606666666666666	0.5426666666666666	0.5133333333333333	0.5126666666666667	0.5106666666666667	0.47333333333333333	0.454	0.47733333333333333	0.482	0.43866666666666665	0.448	0.418	0.4493333333333333	0.4046666666666667	0.4246666666666667	0.372	0.378	0.37266666666666665	0.38	0.36733333333333335	0.3426666666666667	0.35133333333333333	0.31866666666666665	0.32866666666666666	0.318	0.304	0.2886666666666667	0.258	0.2833333333333333	0.2613333333333333	0.23733333333333334	0.24333333333333335	0.24066666666666667	0.20266666666666666	0.214	0.21733333333333332	0.21466666666666667	0.18933333333333333	0.18733333333333332	0.17933333333333334	0.196	0.17466666666666666	0.156	0.17333333333333334	0.15333333333333332	0.14933333333333335	
1.6386666666666667	1.624	1.64	1.5306666666666666	1.5493333333333332	1.508	1.508	1.4073333333333333	1.418	1.418	1.3393333333333333	1.3333333333333333	1.352	1.2946666666666666	1.308	1.2093333333333334	1.202	1.1926666666666668	1.1453333333333333	1.1226666666666667	1.0866666666666667	1.088	1.1153333333333333	1.1126666666666667	1.0486666666666666	0.9906666666666667	0.994	0.9953333333333333	0.9306666666666666	0.924	0.9106666666666666	0.8953333333333333	0.8666666666666667	0.8566666666666667	0.858	0.8786666666666667	0.8533333333333334	0.7866666666666666	0.772	0.7573333333333333	0.7366666666666667	0.7193333333333334	0.6926666666666667	0.71	0.7033333333333334	0.692	0.6473333333333333	0.6373333333333333	0.5933333333333334	0.6413333333333333	0.632	0.578	0.556	0.5313333333333333	0.542	0.558	0.48733333333333334	0.464	0.5253333333333333	0.4686666666666667	0.4826666666666667	0.46066666666666667	0.44666666666666666	0.4186666666666667	0.4673333333333333	0.402	0.41133333333333333	0.3993333333333333	0.392	0.37866666666666665	0.37733333333333335	0.3546666666666667	0.348	0.38466666666666666	0.3433333333333333	0.304	0.30266666666666664	0.29533333333333334	0.292	0.27066666666666667	0.282	0.268	0.2673333333333333	0.23066666666666666	0.24533333333333332	0.214	0.20933333333333334	0.23	0.21533333333333332	0.2	0.21333333333333335	0.19866666666666666	0.18666666666666668	0.16866666666666666	0.16333333333333333	0.156	0.16666666666666666	0.14733333333333334	0.15333333333333332	
1.6586666666666667	1.6386666666666667	1.558	1.5213333333333334	1.5246666666666666	1.5486666666666666	1.45	1.4366666666666668	1.3793333333333333	1.3613333333333333	1.3886666666666667	1.306	1.3086666666666666	1.3046666666666666	1.2986666666666666	1.2073333333333334	1.2066666666666668	1.166	1.226	1.0973333333333333	1.1086666666666667	1.0933333333333333	1.0753333333333333	1.0593333333333332	1.0866666666666667	1.0113333333333334	1.0166666666666666	0.9773333333333334	0.9506666666666667	0.924	0.876	0.91	0.8493333333333334	0.854	0.8453333333333334	0.8526666666666667	0.8073333333333333	0.8306666666666667	0.78	0.8533333333333334	0.7113333333333334	0.7406666666666667	0.672	0.68	0.696	0.67	0.676	0.6506666666666666	0.6146666666666667	0.5813333333333334	0.584	0.5933333333333334	0.5666666666666667	0.578	0.5573333333333333	0.5653333333333334	0.5073333333333333	0.48933333333333334	0.48933333333333334	0.4846666666666667	0.4886666666666667	0.46	0.436	0.442	0.45066666666666666	0.4146666666666667	0.4093333333333333	0.4146666666666667	0.402	0.37866666666666665	0.38333333333333336	0.3586666666666667	0.356	0.31333333333333335	0.3353333333333333	0.312	0.29333333333333333	0.288	0.274	0.268	0.27266666666666667	0.25466666666666665	0.258	0.242	0.25866666666666666	0.224	0.21666666666666667	0.22333333333333333	0.202	0.218	0.18666666666666668	0.174	0.18533333333333332	0.18266666666666667	0.16266666666666665	0.166	0.15	0.14866666666666667	0.14466666666666667	
1.6206666666666667	1.566	1.5873333333333333	1.4793333333333334	1.4966666666666666	1.492	1.4446666666666668	1.4546666666666668	1.3493333333333333	1.3373333333333333	1.3526666666666667	1.358	1.2626666666666666	1.2366666666666666	1.2373333333333334	1.238	1.17	1.1333333333333333	1.1566666666666667	1.172	1.0913333333333333	1.0466666666666666	1.036	1.0726666666666667	1.086	1.024	0.9746666666666667	0.986	0.9406666666666667	0.9253333333333333	0.922	0.888	0.884	0.864	0.8086666666666666	0.8166666666666667	0.8206666666666667	0.774	0.7826666666666666	0.6966666666666667	0.7073333333333334	0.726	0.7326666666666667	0.6986666666666667	0.666	0.678	0.6226666666666667	0.6726666666666666	0.6553333333333333	0.6106666666666667	0.6146666666666667	0.6253333333333333	0.5793333333333334	0.532	0.5406666666666666	0.5133333333333333	0.5153333333333333	0.49066666666666664	0.49466666666666664	0.49533333333333335	0.44066666666666665	0.47333333333333333	0.45866666666666667	0.44066666666666665	0.42733333333333334	0.3993333333333333	0.3993333333333333	0.37266666666666665	0.39866666666666667	0.368	0.3353333333333333	0.314	0.35	0.3353333333333333	0.328	0.30866666666666664	0.28733333333333333	0.30866666666666664	0.28733333333333333	0.256	0.2733333333333333	0.2753333333333333	0.24666666666666667	0.23933333333333334	0.23733333333333334	0.232	0.23266666666666666	0.23	0.2	0.208	0.19733333333333333	0.18133333333333335	0.18866666666666668	0.18733333333333332	0.15533333333333332	0.15866666666666668	0.15333333333333332	0.15	0.144	
1.6153333333333333	1.6193333333333333	1.5193333333333334	1.5206666666666666	1.5366666666666666	1.478	1.4113333333333333	1.4026666666666667	1.3793333333333333	1.338	1.3633333333333333	1.2953333333333332	1.282	1.2226666666666666	1.2733333333333334	1.2686666666666666	1.1833333333333333	1.124	1.1853333333333333	1.0946666666666667	1.0933333333333333	1.0533333333333332	1.0453333333333332	1.0513333333333332	1.0253333333333334	0.9486666666666667	0.9306666666666666	0.99	0.9373333333333334	0.8933333333333333	0.92	0.8933333333333333	0.8773333333333333	0.8473333333333334	0.816	0.8053333333333333	0.7633333333333333	0.7993333333333333	0.774	0.766	0.7246666666666667	0.7	0.7013333333333334	0.6773333333333333	0.644	0.6413333333333333	0.6826666666666666	0.6166666666666667	0.6146666666666667	0.642	0.5686666666666667	0.614	0.554	0.552	0.538	0.498	0.5006666666666667	0.44866666666666666	0.4786666666666667	0.458	0.4553333333333333	0.44733333333333336	0.44266666666666665	0.412	0.41133333333333333	0.42733333333333334	0.41133333333333333	0.3933333333333333	0.3873333333333333	0.37333333333333335	0.3973333333333333	0.3473333333333333	0.344	0.304	0.32666666666666666	0.32866666666666666	0.304	0.286	0.272	0.2906666666666667	0.272	0.278	0.25	0.256	0.22	0.24666666666666667	0.22933333333333333	0.21466666666666667	0.22	0.21133333333333335	0.2	0.19533333333333333	0.18933333333333333	0.224	0.16466666666666666	0.15266666666666667	0.16733333333333333	0.156	0.14666666666666667	
1.622	1.6266666666666667	1.5546666666666666	1.4933333333333334	1.508	1.4546666666666668	1.4306666666666668	1.3993333333333333	1.3546666666666667	1.3293333333333333	1.3273333333333333	1.376	1.2253333333333334	1.2453333333333334	1.2533333333333334	1.1646666666666667	1.194	1.1546666666666667	1.1446666666666667	1.124	1.058	1.054	1.0666666666666667	1.0166666666666666	1.018	0.994	0.9793333333333333	0.974	0.922	0.966	0.92	0.9053333333333333	0.8266666666666667	0.8766666666666667	0.8226666666666667	0.852	0.778	0.7453333333333333	0.736	0.6846666666666666	0.7333333333333333	0.7286666666666667	0.6966666666666667	0.726	0.6586666666666666	0.6493333333333333	0.6346666666666667	0.6386666666666667	0.6326666666666667	0.61	0.564	0.56	0.5706666666666667	0.584	0.534	0.5	0.516	0.554	0.478	0.4593333333333333	0.482	0.44533333333333336	0.45666666666666667	0.4146666666666667	0.422	0.42133333333333334	0.37933333333333336	0.39666666666666667	0.394	0.38866666666666666	0.342	0.338	0.346	0.30466666666666664	0.318	0.2813333333333333	0.282	0.2966666666666667	0.286	0.29733333333333334	0.268	0.27466666666666667	0.232	0.24	0.24866666666666667	0.22533333333333333	0.19466666666666665	0.22066666666666668	0.206	0.20066666666666666	0.20333333333333334	0.188	0.198	0.178	0.164	0.15933333333333333	0.13266666666666665	0.15066666666666667	0.14466666666666667	
1.5326666666666666	1.5613333333333332	1.52	1.4666666666666666	1.4866666666666666	1.4246666666666667	1.4226666666666667	1.4266666666666667	1.3833333333333333	1.382	1.3526666666666667	1.3466666666666667	1.2626666666666666	1.25	1.2633333333333334	1.196	1.2126666666666666	1.1606666666666667	1.114	1.1566666666666667	1.088	1.0826666666666667	1.0386666666666666	1.0306666666666666	0.9766666666666667	0.986	0.978	0.9233333333333333	0.934	0.838	0.886	0.864	0.8986666666666666	0.8473333333333334	0.8113333333333334	0.7833333333333333	0.7753333333333333	0.772	0.7453333333333333	0.7006666666666667	0.6993333333333334	0.746	0.6646666666666666	0.6633333333333333	0.662	0.6646666666666666	0.6446666666666667	0.6453333333333333	0.5913333333333334	0.57	0.5793333333333334	0.588	0.548	0.516	0.484	0.5126666666666667	0.5273333333333333	0.5026666666666667	0.48933333333333334	0.4786666666666667	0.44666666666666666	0.452	0.44133333333333336	0.43733333333333335	0.4106666666666667	0.37733333333333335	0.4013333333333333	0.36733333333333335	0.384	0.342	0.354	0.32466666666666666	0.31733333333333336	0.33666666666666667	0.30466666666666664	0.3	0.2886666666666667	0.31666666666666665	0.302	0.2926666666666667	0.26466666666666666	0.2693333333333333	0.26466666666666666	0.25266666666666665	0.232	0.25066666666666665	0.23333333333333334	0.216	0.19333333333333333	0.23	0.20333333333333334	0.19666666666666666	0.172	0.17	0.17333333333333334	0.15466666666666667	0.154	0.14133333333333334	0.13933333333333334	
1.602	1.604	1.5266666666666666	1.4706666666666666	1.4546666666666668	1.4806666666666666	1.4213333333333333	1.396	1.394	1.2993333333333332	1.3326666666666667	1.268	1.2266666666666666	1.212	1.21	1.1713333333333333	1.188	1.1233333333333333	1.1493333333333333	1.088	1.09	1.0593333333333332	1.0353333333333334	1.0226666666666666	0.9633333333333334	0.9806666666666667	0.9846666666666667	0.9393333333333334	0.91	0.9546666666666667	0.858	0.8473333333333334	0.8446666666666667	0.8473333333333334	0.8226666666666667	0.8053333333333333	0.7793333333333333	0.786	0.708	0.728	0.7006666666666667	0.6913333333333334	0.706	0.6673333333333333	0.6373333333333333	0.6606666666666666	0.6326666666666667	0.6226666666666667	0.618	0.588	0.5613333333333334	0.578	0.5846666666666667	0.5013333333333333	0.5006666666666667	0.52	0.5026666666666667	0.4826666666666667	0.4633333333333333	0.4553333333333333	0.45466666666666666	0.444	0.44	0.42533333333333334	0.42133333333333334	0.39466666666666667	0.4146666666666667	0.39266666666666666	0.37	0.3353333333333333	0.37333333333333335	0.33	0.30733333333333335	0.3413333333333333	0.32466666666666666	0.31866666666666665	0.26666666666666666	0.302	0.276	0.24866666666666667	0.25866666666666666	0.24666666666666667	0.24866666666666667	0.23733333333333334	0.24133333333333334	0.20666666666666667	0.21466666666666667	0.21933333333333332	0.214	0.20666666666666667	0.18466666666666667	0.18666666666666668	0.182	0.16066666666666668	0.16133333333333333	0.15	0.16133333333333333	0.14066666666666666	0.138	
1.6086666666666667	1.5913333333333333	1.4693333333333334	1.4246666666666667	1.4513333333333334	1.412	1.3973333333333333	1.3826666666666667	1.354	1.324	1.284	1.272	1.2746666666666666	1.2066666666666668	1.198	1.218	1.2026666666666668	1.108	1.124	1.0606666666666666	1.1333333333333333	1.0753333333333333	1.05	0.986	0.9633333333333334	0.926	0.974	0.9726666666666667	0.9186666666666666	0.8946666666666667	0.912	0.836	0.8733333333333333	0.8253333333333334	0.8026666666666666	0.8046666666666666	0.7873333333333333	0.7446666666666667	0.728	0.708	0.726	0.6846666666666666	0.6773333333333333	0.6753333333333333	0.6593333333333333	0.648	0.6126666666666667	0.6453333333333333	0.558	0.5906666666666667	0.6033333333333334	0.5593333333333333	0.54	0.4866666666666667	0.5126666666666667	0.5213333333333333	0.516	0.4786666666666667	0.4866666666666667	0.4666666666666667	0.4613333333333333	0.45466666666666666	0.4093333333333333	0.422	0.42333333333333334	0.3973333333333333	0.37866666666666665	0.362	0.36666666666666664	0.37266666666666665	0.372	0.33066666666666666	0.328	0.3486666666666667	0.28	0.3006666666666667	0.29933333333333334	0.31066666666666665	0.268	0.26066666666666666	0.26	0.26	0.2806666666666667	0.23	0.23933333333333334	0.228	0.23066666666666666	0.20733333333333334	0.21066666666666667	0.21533333333333332	0.17866666666666667	0.20466666666666666	0.17066666666666666	0.17133333333333334	0.16466666666666666	0.15733333333333333	0.158	0.16466666666666666	0.13533333333333333	
1.6166666666666667	1.5746666666666667	1.4846666666666666	1.4773333333333334	1.556	1.452	1.3986666666666667	1.42	1.4	1.336	1.368	1.272	1.2446666666666666	1.2406666666666666	1.222	1.1393333333333333	1.156	1.1086666666666667	1.154	1.1073333333333333	1.116	1.078	1.0146666666666666	1.0146666666666666	1.0106666666666666	0.976	0.9666666666666667	0.9773333333333334	0.9173333333333333	0.882	0.926	0.8433333333333334	0.852	0.84	0.836	0.8	0.784	0.7653333333333333	0.7366666666666667	0.7513333333333333	0.7353333333333333	0.6793333333333333	0.6726666666666666	0.686	0.6813333333333333	0.6386666666666667	0.6153333333333333	0.6066666666666667	0.6266666666666667	0.6106666666666667	0.528	0.6	0.542	0.5266666666666666	0.5046666666666667	0.4826666666666667	0.47933333333333333	0.482	0.506	0.4866666666666667	0.43933333333333335	0.43266666666666664	0.4266666666666667	0.43	0.4266666666666667	0.39666666666666667	0.376	0.36733333333333335	0.36733333333333335	0.36466666666666664	0.36333333333333334	0.354	0.3486666666666667	0.336	0.3273333333333333	0.3	0.276	0.276	0.274	0.26066666666666666	0.256	0.254	0.25533333333333336	0.246	0.23	0.21333333333333335	0.22066666666666668	0.22666666666666666	0.22066666666666668	0.21466666666666667	0.17933333333333334	0.17866666666666667	0.16733333333333333	0.17	0.16866666666666666	0.17933333333333334	0.15933333333333333	0.152	0.136	
1.6066666666666667	1.5373333333333334	1.5313333333333334	1.5346666666666666	1.4393333333333334	1.4346666666666668	1.4453333333333334	1.4026666666666667	1.3486666666666667	1.306	1.3053333333333332	1.3333333333333333	1.22	1.2546666666666666	1.2166666666666666	1.178	1.1486666666666667	1.088	1.1613333333333333	1.1553333333333333	1.0546666666666666	1.0686666666666667	1.0073333333333334	0.9846666666666667	1.0306666666666666	0.98	0.9826666666666667	0.9226666666666666	0.9313333333333333	0.9473333333333334	0.8206666666666667	0.862	0.872	0.8813333333333333	0.8633333333333333	0.8146666666666667	0.7546666666666667	0.7773333333333333	0.7513333333333333	0.7273333333333334	0.698	0.692	0.7006666666666667	0.6653333333333333	0.674	0.6426666666666667	0.592	0.6033333333333334	0.6093333333333333	0.5993333333333334	0.6173333333333333	0.5773333333333334	0.5466666666666666	0.538	0.516	0.5066666666666667	0.5066666666666667	0.49133333333333334	0.482	0.4866666666666667	0.45066666666666666	0.43866666666666665	0.414	0.37266666666666665	0.38866666666666666	0.3933333333333333	0.4	0.4046666666666667	0.4026666666666667	0.35933333333333334	0.36466666666666664	0.36133333333333334	0.3466666666666667	0.33666666666666667	0.33266666666666667	0.30933333333333335	0.2826666666666667	0.29533333333333334	0.2753333333333333	0.2773333333333333	0.25	0.256	0.25733333333333336	0.23733333333333334	0.228	0.20866666666666667	0.212	0.21333333333333335	0.21333333333333335	0.20933333333333334	0.19866666666666666	0.204	0.19666666666666666	0.15733333333333333	0.14266666666666666	0.17533333333333334	0.15933333333333333	0.16866666666666666	0.13933333333333334	
1.6526666666666667	1.5706666666666667	1.538	1.5073333333333334	1.484	1.4206666666666667	1.424	1.386	1.374	1.2986666666666666	1.3213333333333332	1.298	1.246	1.2506666666666666	1.2326666666666666	1.1926666666666668	1.136	1.17	1.1193333333333333	1.0673333333333332	1.1493333333333333	1.0366666666666666	1.0313333333333334	0.96	1.04	0.9553333333333334	0.9333333333333333	0.9493333333333334	0.9453333333333334	0.862	0.8826666666666667	0.854	0.8593333333333333	0.834	0.888	0.848	0.7846666666666666	0.7313333333333333	0.7226666666666667	0.7553333333333333	0.6786666666666666	0.6933333333333334	0.692	0.6606666666666666	0.6506666666666666	0.658	0.6393333333333333	0.6173333333333333	0.5753333333333334	0.5873333333333334	0.592	0.5546666666666666	0.5133333333333333	0.512	0.5193333333333333	0.5	0.48533333333333334	0.49466666666666664	0.47333333333333333	0.454	0.4653333333333333	0.4613333333333333	0.41333333333333333	0.42733333333333334	0.41	0.39066666666666666	0.388	0.392	0.38866666666666666	0.36933333333333335	0.326	0.3233333333333333	0.336	0.322	0.33466666666666667	0.31066666666666665	0.26466666666666666	0.30733333333333335	0.2793333333333333	0.2786666666666667	0.27266666666666667	0.25866666666666666	0.2653333333333333	0.24666666666666667	0.262	0.20933333333333334	0.20333333333333334	0.23	0.20533333333333334	0.18	0.19533333333333333	0.214	0.184	0.16733333333333333	0.18	0.16066666666666668	0.14466666666666667	0.134	0.13533333333333333	
1.568	1.5866666666666667	1.5426666666666666	1.5186666666666666	1.4906666666666666	1.4273333333333333	1.3926666666666667	1.4166666666666667	1.3266666666666667	1.2986666666666666	1.3246666666666667	1.27	1.2486666666666666	1.202	1.2206666666666666	1.1813333333333333	1.168	1.1333333333333333	1.096	1.1353333333333333	1.034	1.056	1.0713333333333332	1.0073333333333334	1.0193333333333334	1.008	0.9493333333333334	0.9786666666666667	0.918	0.934	0.8913333333333333	0.8986666666666666	0.8753333333333333	0.8306666666666667	0.816	0.8086666666666666	0.7533333333333333	0.7753333333333333	0.724	0.726	0.7366666666666667	0.716	0.682	0.684	0.682	0.642	0.6293333333333333	0.618	0.5966666666666667	0.5886666666666667	0.5806666666666667	0.5533333333333333	0.5613333333333334	0.5486666666666666	0.5053333333333333	0.504	0.4726666666666667	0.5226666666666666	0.47333333333333333	0.4766666666666667	0.466	0.4533333333333333	0.44666666666666666	0.4186666666666667	0.44333333333333336	0.4146666666666667	0.404	0.3893333333333333	0.37066666666666664	0.3546666666666667	0.354	0.36666666666666664	0.3473333333333333	0.31266666666666665	0.28933333333333333	0.2946666666666667	0.30266666666666664	0.2733333333333333	0.26266666666666666	0.27666666666666667	0.27266666666666667	0.2633333333333333	0.278	0.25266666666666665	0.242	0.21733333333333332	0.23133333333333334	0.21	0.19866666666666666	0.186	0.19733333333333333	0.16933333333333334	0.18466666666666667	0.18266666666666667	0.14466666666666667	0.15066666666666667	0.15	0.15266666666666667	0.14	
1.564	1.5646666666666667	1.5066666666666666	1.5186666666666666	1.4713333333333334	1.482	1.444	1.4173333333333333	1.342	1.3213333333333332	1.288	1.26	1.3173333333333332	1.2293333333333334	1.216	1.208	1.1913333333333334	1.1666666666666667	1.1766666666666667	1.1113333333333333	1.0773333333333333	1.0613333333333332	1.0333333333333334	1.016	1.008	1.0086666666666666	0.9673333333333334	0.912	0.896	0.9133333333333333	0.8806666666666667	0.89	0.842	0.86	0.794	0.8186666666666667	0.762	0.788	0.714	0.7406666666666667	0.708	0.7133333333333334	0.694	0.68	0.6693333333333333	0.644	0.6333333333333333	0.6566666666666666	0.5693333333333334	0.5786666666666667	0.5906666666666667	0.536	0.5546666666666666	0.552	0.528	0.5073333333333333	0.5026666666666667	0.49266666666666664	0.49333333333333335	0.4866666666666667	0.4266666666666667	0.43866666666666665	0.43	0.43	0.42133333333333334	0.386	0.408	0.36533333333333334	0.38133333333333336	0.35733333333333334	0.37333333333333335	0.342	0.35533333333333333	0.30266666666666664	0.328	0.30866666666666664	0.29733333333333334	0.27666666666666667	0.2793333333333333	0.26066666666666666	0.25866666666666666	0.2613333333333333	0.23266666666666666	0.256	0.23133333333333334	0.222	0.22333333333333333	0.20066666666666666	0.20933333333333334	0.22066666666666668	0.20866666666666667	0.19	0.168	0.17533333333333334	0.182	0.14666666666666667	0.13733333333333334	0.15333333333333332	0.148	
1.6453333333333333	1.6193333333333333	1.5793333333333333	1.5086666666666666	1.4286666666666668	1.4153333333333333	1.3953333333333333	1.4013333333333333	1.3653333333333333	1.3586666666666667	1.316	1.2766666666666666	1.2786666666666666	1.2333333333333334	1.26	1.1746666666666667	1.1733333333333333	1.13	1.1293333333333333	1.0966666666666667	1.1413333333333333	1.0633333333333332	1.0173333333333334	1.0093333333333334	1.0433333333333332	1.0373333333333334	0.944	0.9386666666666666	0.922	0.9193333333333333	0.896	0.8473333333333334	0.8626666666666667	0.864	0.8393333333333334	0.8106666666666666	0.8026666666666666	0.7946666666666666	0.7406666666666667	0.7486666666666667	0.7233333333333334	0.7153333333333334	0.6886666666666666	0.7033333333333334	0.6913333333333334	0.644	0.628	0.618	0.6106666666666667	0.5913333333333334	0.622	0.5913333333333334	0.5486666666666666	0.534	0.546	0.5173333333333333	0.5046666666666667	0.47933333333333333	0.47933333333333333	0.45266666666666666	0.442	0.44666666666666666	0.44066666666666665	0.44133333333333336	0.396	0.41	0.388	0.37	0.38	0.3546666666666667	0.36733333333333335	0.3626666666666667	0.33466666666666667	0.3233333333333333	0.31866666666666665	0.2753333333333333	0.32666666666666666	0.29	0.2753333333333333	0.26266666666666666	0.2773333333333333	0.26266666666666666	0.23733333333333334	0.25533333333333336	0.222	0.24	0.21333333333333335	0.206	0.20066666666666666	0.19533333333333333	0.16933333333333334	0.16733333333333333	0.18466666666666667	0.17	0.15266666666666667	0.172	0.13466666666666666	0.15133333333333332	0.13466666666666666	
1.554	1.6173333333333333	1.536	1.4646666666666666	1.4493333333333334	1.4453333333333334	1.4346666666666668	1.346	1.3313333333333333	1.2866666666666666	1.3033333333333332	1.32	1.2646666666666666	1.2393333333333334	1.27	1.1993333333333334	1.1793333333333333	1.1346666666666667	1.0966666666666667	1.1346666666666667	1.1586666666666667	1.122	1.0446666666666666	1.0126666666666666	1.0233333333333334	0.9566666666666667	0.9873333333333333	0.9553333333333334	0.966	0.8933333333333333	0.95	0.8826666666666667	0.8546666666666667	0.8053333333333333	0.798	0.8006666666666666	0.752	0.7386666666666667	0.7713333333333333	0.7593333333333333	0.716	0.6953333333333334	0.7266666666666667	0.7186666666666667	0.656	0.6526666666666666	0.6593333333333333	0.6186666666666667	0.58	0.6073333333333333	0.5253333333333333	0.568	0.542	0.5626666666666666	0.5506666666666666	0.472	0.5373333333333333	0.45866666666666667	0.4886666666666667	0.486	0.46066666666666667	0.41	0.44	0.3973333333333333	0.4246666666666667	0.4186666666666667	0.35	0.372	0.3933333333333333	0.342	0.3466666666666667	0.342	0.3373333333333333	0.31933333333333336	0.30466666666666664	0.30933333333333335	0.2906666666666667	0.2906666666666667	0.2773333333333333	0.2613333333333333	0.252	0.24933333333333332	0.25666666666666665	0.24666666666666667	0.24	0.22933333333333333	0.226	0.22333333333333333	0.218	0.20933333333333334	0.19733333333333333	0.17866666666666667	0.17666666666666667	0.18466666666666667	0.17466666666666666	0.15133333333333332	0.13133333333333333	0.14933333333333335	0.13733333333333334	
1.658	1.6306666666666667	1.542	1.554	1.45	1.4946666666666666	1.4386666666666668	1.3906666666666667	1.436	1.2893333333333334	1.37	1.2666666666666666	1.274	1.272	1.2173333333333334	1.1953333333333334	1.1666666666666667	1.122	1.1293333333333333	1.12	1.0953333333333333	1.0386666666666666	1.0773333333333333	1.014	1.03	1.0046666666666666	0.984	1.002	0.942	0.898	0.8553333333333333	0.8553333333333333	0.8353333333333334	0.8826666666666667	0.806	0.8093333333333333	0.768	0.7686666666666667	0.7313333333333333	0.7073333333333334	0.718	0.724	0.688	0.7306666666666667	0.6773333333333333	0.636	0.6333333333333333	0.6413333333333333	0.598	0.61	0.57	0.5693333333333334	0.5313333333333333	0.5373333333333333	0.5453333333333333	0.5233333333333333	0.49466666666666664	0.502	0.5006666666666667	0.4726666666666667	0.4553333333333333	0.442	0.43066666666666664	0.41733333333333333	0.3873333333333333	0.36133333333333334	0.4026666666666667	0.402	0.382	0.35933333333333334	0.362	0.3433333333333333	0.32266666666666666	0.30533333333333335	0.3233333333333333	0.31133333333333335	0.31	0.2946666666666667	0.26066666666666666	0.256	0.25133333333333335	0.25466666666666665	0.258	0.25866666666666666	0.2633333333333333	0.23333333333333334	0.23866666666666667	0.23133333333333334	0.202	0.20933333333333334	0.198	0.19933333333333333	0.17266666666666666	0.16933333333333334	0.17733333333333334	0.17066666666666666	0.15466666666666667	0.16466666666666666	0.14666666666666667	
1.5733333333333333	1.57	1.502	1.53	1.45	1.4053333333333333	1.4066666666666667	1.3986666666666667	1.3606666666666667	1.362	1.2933333333333332	1.242	1.2966666666666666	1.2333333333333334	1.1813333333333333	1.2333333333333334	1.164	1.1533333333333333	1.1673333333333333	1.1133333333333333	1.106	1.1126666666666667	1.0566666666666666	0.9713333333333334	1.01	0.9606666666666667	1.0093333333333334	0.9273333333333333	0.9013333333333333	0.9173333333333333	0.8626666666666667	0.8386666666666667	0.85	0.822	0.782	0.826	0.8246666666666667	0.7653333333333333	0.7886666666666666	0.7266666666666667	0.744	0.6933333333333334	0.6906666666666667	0.6973333333333334	0.636	0.662	0.6393333333333333	0.604	0.5966666666666667	0.568	0.6046666666666667	0.578	0.5413333333333333	0.518	0.5786666666666667	0.534	0.47533333333333333	0.514	0.5206666666666667	0.45866666666666667	0.4693333333333333	0.422	0.45066666666666666	0.4046666666666667	0.4146666666666667	0.408	0.38666666666666666	0.378	0.38066666666666665	0.38466666666666666	0.3893333333333333	0.352	0.30466666666666664	0.3353333333333333	0.308	0.294	0.2886666666666667	0.28733333333333333	0.2813333333333333	0.26466666666666666	0.2853333333333333	0.27266666666666667	0.24866666666666667	0.25666666666666665	0.24066666666666667	0.23	0.208	0.216	0.19733333333333333	0.20266666666666666	0.178	0.17733333333333334	0.18933333333333333	0.17733333333333334	0.16	0.156	0.14733333333333334	0.14066666666666666	0.15733333333333333	
1.5713333333333332	1.5833333333333333	1.5406666666666666	1.5166666666666666	1.506	1.4386666666666668	1.466	1.4033333333333333	1.35	1.286	1.328	1.2793333333333334	1.2946666666666666	1.2546666666666666	1.2513333333333334	1.2186666666666666	1.1286666666666667	1.1566666666666667	1.132	1.0513333333333332	1.0293333333333334	1.0966666666666667	1.0333333333333334	0.9993333333333333	1.0533333333333332	0.9586666666666667	0.91	0.9373333333333334	0.9453333333333334	0.8693333333333333	0.8393333333333334	0.9073333333333333	0.864	0.8206666666666667	0.7946666666666666	0.8086666666666666	0.7913333333333333	0.784	0.7486666666666667	0.746	0.7466666666666667	0.7213333333333334	0.6506666666666666	0.676	0.6153333333333333	0.6646666666666666	0.6173333333333333	0.5926666666666667	0.5793333333333334	0.5913333333333334	0.5626666666666666	0.5773333333333334	0.5273333333333333	0.5513333333333333	0.5353333333333333	0.5326666666666666	0.5093333333333333	0.4613333333333333	0.512	0.45466666666666666	0.44533333333333336	0.44266666666666665	0.45266666666666666	0.426	0.4166666666666667	0.3953333333333333	0.4126666666666667	0.39066666666666666	0.408	0.3466666666666667	0.3626666666666667	0.3413333333333333	0.3313333333333333	0.334	0.31	0.3	0.296	0.26466666666666666	0.29133333333333333	0.276	0.25666666666666665	0.24133333333333334	0.22733333333333333	0.21866666666666668	0.22933333333333333	0.252	0.23266666666666666	0.236	0.21466666666666667	0.204	0.19466666666666665	0.18133333333333335	0.16066666666666668	0.18133333333333335	0.18533333333333332	0.16066666666666668	0.14733333333333334	0.14066666666666666	0.15066666666666667	
1.6073333333333333	1.642	1.538	1.4853333333333334	1.4513333333333334	1.4633333333333334	1.3913333333333333	1.364	1.3646666666666667	1.324	1.314	1.2973333333333332	1.216	1.2406666666666666	1.2106666666666666	1.2026666666666668	1.1726666666666667	1.1266666666666667	1.0813333333333333	1.0893333333333333	1.102	1.0206666666666666	1.0326666666666666	0.98	1.0033333333333334	0.9793333333333333	0.9326666666666666	0.972	0.892	0.9026666666666666	0.9033333333333333	0.8006666666666666	0.8613333333333333	0.8473333333333334	0.8173333333333334	0.8326666666666667	0.7706666666666667	0.7773333333333333	0.7446666666666667	0.6806666666666666	0.7033333333333334	0.698	0.716	0.6646666666666666	0.7413333333333333	0.6453333333333333	0.6506666666666666	0.6073333333333333	0.6106666666666667	0.552	0.588	0.564	0.588	0.558	0.5353333333333333	0.5233333333333333	0.4653333333333333	0.494	0.486	0.47533333333333333	0.452	0.45466666666666666	0.43666666666666665	0.416	0.44266666666666665	0.438	0.406	0.37933333333333336	0.37533333333333335	0.376	0.356	0.3413333333333333	0.3313333333333333	0.31	0.30866666666666664	0.30733333333333335	0.28933333333333333	0.2806666666666667	0.3	0.2633333333333333	0.27466666666666667	0.25933333333333336	0.24333333333333335	0.238	0.23733333333333334	0.228	0.22266666666666668	0.226	0.196	0.19933333333333333	0.20266666666666666	0.18266666666666667	0.18533333333333332	0.18333333333333332	0.16733333333333333	0.16866666666666666	0.15866666666666668	0.14333333333333334	0.13666666666666666	
1.6286666666666667	1.5866666666666667	1.5313333333333334	1.5293333333333334	1.4393333333333334	1.402	1.418	1.3626666666666667	1.358	1.3053333333333332	1.3686666666666667	1.2446666666666666	1.3493333333333333	1.256	1.2033333333333334	1.176	1.1853333333333333	1.1533333333333333	1.136	1.0713333333333332	1.1073333333333333	1.0173333333333334	1.068	1.0146666666666666	0.9746666666666667	0.9926666666666667	0.9846666666666667	0.944	0.9533333333333334	0.9086666666666666	0.8826666666666667	0.8686666666666667	0.868	0.8533333333333334	0.816	0.7746666666666666	0.7506666666666667	0.7473333333333333	0.7413333333333333	0.758	0.71	0.7146666666666667	0.7093333333333334	0.6666666666666666	0.66	0.6266666666666667	0.6333333333333333	0.6326666666666667	0.5846666666666667	0.5746666666666667	0.5653333333333334	0.5546666666666666	0.5773333333333334	0.5413333333333333	0.5273333333333333	0.5233333333333333	0.496	0.4693333333333333	0.452	0.484	0.43666666666666665	0.45866666666666667	0.424	0.438	0.4	0.41	0.4186666666666667	0.36666666666666664	0.4046666666666667	0.36	0.37066666666666664	0.3526666666666667	0.3273333333333333	0.324	0.3273333333333333	0.276	0.306	0.2966666666666667	0.23533333333333334	0.2653333333333333	0.26	0.25066666666666665	0.24266666666666667	0.24133333333333334	0.238	0.23733333333333334	0.22866666666666666	0.21866666666666668	0.19666666666666666	0.192	0.17933333333333334	0.17266666666666666	0.19666666666666666	0.17733333333333334	0.17266666666666666	0.15666666666666668	0.17866666666666667	0.164	0.15333333333333332	
1.6006666666666667	1.594	1.4973333333333334	1.5226666666666666	1.4433333333333334	1.3986666666666667	1.3966666666666667	1.384	1.3513333333333333	1.2853333333333334	1.2786666666666666	1.274	1.258	1.246	1.198	1.1926666666666668	1.1933333333333334	1.116	1.14	1.0806666666666667	1.024	1.052	1.0673333333333332	1.0266666666666666	0.9926666666666667	0.9753333333333334	0.998	0.94	0.9593333333333334	0.8946666666666667	0.8566666666666667	0.8626666666666667	0.8546666666666667	0.8633333333333333	0.83	0.8153333333333334	0.7893333333333333	0.804	0.7226666666666667	0.7146666666666667	0.694	0.7066666666666667	0.722	0.668	0.626	0.678	0.5986666666666667	0.5986666666666667	0.62	0.602	0.582	0.6	0.5466666666666666	0.498	0.5153333333333333	0.508	0.5066666666666667	0.488	0.4846666666666667	0.45466666666666666	0.434	0.44666666666666666	0.436	0.4053333333333333	0.374	0.388	0.39	0.354	0.38	0.3586666666666667	0.3453333333333333	0.33066666666666666	0.3393333333333333	0.36	0.338	0.29933333333333334	0.29533333333333334	0.2906666666666667	0.278	0.278	0.2673333333333333	0.272	0.25	0.22133333333333333	0.25733333333333336	0.25466666666666665	0.218	0.206	0.192	0.17866666666666667	0.176	0.18266666666666667	0.17933333333333334	0.16933333333333334	0.156	0.174	0.16533333333333333	0.14266666666666666	0.15066666666666667	
1.5286666666666666	1.572	1.5706666666666667	1.4673333333333334	1.4953333333333334	1.428	1.4226666666666667	1.3606666666666667	1.3473333333333333	1.286	1.3013333333333332	1.2846666666666666	1.2866666666666666	1.2253333333333334	1.2506666666666666	1.1733333333333333	1.1926666666666668	1.1293333333333333	1.1546666666666667	1.078	1.082	0.998	1.0533333333333332	0.99	0.964	0.9253333333333333	0.9066666666666666	0.9226666666666666	0.9346666666666666	0.89	0.902	0.854	0.842	0.8113333333333334	0.8013333333333333	0.7793333333333333	0.778	0.8013333333333333	0.7033333333333334	0.7406666666666667	0.6846666666666666	0.682	0.7053333333333334	0.6586666666666666	0.6473333333333333	0.666	0.634	0.6286666666666667	0.5866666666666667	0.6046666666666667	0.59	0.5553333333333333	0.548	0.5313333333333333	0.5346666666666666	0.5106666666666667	0.5346666666666666	0.49666666666666665	0.5	0.4673333333333333	0.456	0.428	0.444	0.4053333333333333	0.4053333333333333	0.446	0.38	0.37266666666666665	0.386	0.3453333333333333	0.358	0.3373333333333333	0.31933333333333336	0.3313333333333333	0.32066666666666666	0.31133333333333335	0.27	0.304	0.2966666666666667	0.2846666666666667	0.2673333333333333	0.27266666666666667	0.24933333333333332	0.25333333333333335	0.23533333333333334	0.208	0.22	0.22133333333333333	0.20133333333333334	0.20466666666666666	0.19866666666666666	0.194	0.188	0.15733333333333333	0.16533333333333333	0.16066666666666668	0.15133333333333332	0.13333333333333333	0.13466666666666666	
1.6373333333333333	1.5606666666666666	1.5393333333333334	1.4826666666666666	1.4206666666666667	1.394	1.3826666666666667	1.3346666666666667	1.3286666666666667	1.3346666666666667	1.268	1.2433333333333334	1.274	1.2493333333333334	1.2353333333333334	1.1726666666666667	1.1206666666666667	1.1553333333333333	1.1026666666666667	1.124	1.08	1.0133333333333334	1.0466666666666666	1.002	0.9973333333333333	0.982	0.9546666666666667	0.9546666666666667	0.9133333333333333	0.8793333333333333	0.88	0.8206666666666667	0.8446666666666667	0.8	0.7866666666666666	0.8073333333333333	0.776	0.7666666666666667	0.7733333333333333	0.722	0.6973333333333334	0.6853333333333333	0.678	0.6853333333333333	0.6386666666666667	0.6306666666666667	0.6553333333333333	0.6173333333333333	0.5653333333333334	0.614	0.574	0.5273333333333333	0.54	0.5086666666666667	0.5006666666666667	0.5193333333333333	0.5053333333333333	0.478	0.484	0.43133333333333335	0.4553333333333333	0.442	0.4186666666666667	0.402	0.4106666666666667	0.4	0.39066666666666666	0.374	0.37066666666666664	0.3466666666666667	0.324	0.33	0.32266666666666666	0.33666666666666667	0.33666666666666667	0.28733333333333333	0.298	0.2946666666666667	0.2733333333333333	0.268	0.2613333333333333	0.26266666666666666	0.264	0.258	0.22533333333333333	0.21466666666666667	0.20533333333333334	0.21133333333333335	0.2	0.19866666666666666	0.18	0.20133333333333334	0.17733333333333334	0.202	0.15466666666666667	0.15866666666666668	0.16866666666666666	0.13533333333333333	0.14133333333333334	
1.578	1.5486666666666666	1.534	1.4746666666666666	1.416	1.3993333333333333	1.3813333333333333	1.3513333333333333	1.3766666666666667	1.3373333333333333	1.3206666666666667	1.302	1.26	1.234	1.2073333333333334	1.172	1.188	1.1346666666666667	1.118	1.0666666666666667	1.0333333333333334	1.084	1.0613333333333332	0.9826666666666667	0.9673333333333334	0.968	0.9153333333333333	0.9193333333333333	0.8986666666666666	0.91	0.858	0.862	0.862	0.8293333333333334	0.836	0.7753333333333333	0.8173333333333334	0.7806666666666666	0.7413333333333333	0.7386666666666667	0.7086666666666667	0.6946666666666667	0.702	0.6393333333333333	0.6713333333333333	0.6326666666666667	0.6113333333333333	0.6173333333333333	0.618	0.6186666666666667	0.6	0.5753333333333334	0.5966666666666667	0.514	0.49933333333333335	0.49333333333333335	0.46	0.47933333333333333	0.4826666666666667	0.464	0.4686666666666667	0.46266666666666667	0.43666666666666665	0.41933333333333334	0.442	0.43066666666666664	0.38666666666666666	0.3586666666666667	0.39	0.3466666666666667	0.36133333333333334	0.33466666666666667	0.32133333333333336	0.31533333333333335	0.32666666666666666	0.292	0.31466666666666665	0.26266666666666666	0.2806666666666667	0.26466666666666666	0.26866666666666666	0.274	0.23466666666666666	0.23266666666666666	0.24466666666666667	0.224	0.20866666666666667	0.21733333333333332	0.214	0.206	0.174	0.18866666666666668	0.17866666666666667	0.188	0.17666666666666667	0.14866666666666667	0.15066666666666667	0.13933333333333334	0.14133333333333334	
1.646	1.5546666666666666	1.5046666666666666	1.442	1.3966666666666667	1.3926666666666667	1.456	1.3486666666666667	1.374	1.3393333333333333	1.3106666666666666	1.246	1.2513333333333334	1.1953333333333334	1.1906666666666668	1.1873333333333334	1.2186666666666666	1.114	1.1053333333333333	1.0913333333333333	1.0473333333333332	1.078	1.0226666666666666	1.052	0.994	0.978	0.9466666666666667	0.9593333333333334	0.938	0.9	0.9153333333333333	0.8806666666666667	0.8253333333333334	0.8593333333333333	0.852	0.8253333333333334	0.8006666666666666	0.774	0.724	0.7373333333333333	0.718	0.734	0.676	0.6986666666666667	0.6393333333333333	0.6686666666666666	0.594	0.6066666666666667	0.5653333333333334	0.5933333333333334	0.5653333333333334	0.5826666666666667	0.5373333333333333	0.524	0.5313333333333333	0.5086666666666667	0.49933333333333335	0.45866666666666667	0.4846666666666667	0.476	0.43733333333333335	0.424	0.42133333333333334	0.4073333333333333	0.3973333333333333	0.3933333333333333	0.38133333333333336	0.354	0.3933333333333333	0.358	0.3406666666666667	0.36866666666666664	0.30933333333333335	0.3273333333333333	0.30333333333333334	0.298	0.31066666666666665	0.2793333333333333	0.27266666666666667	0.274	0.25466666666666665	0.26066666666666666	0.242	0.22	0.22	0.24466666666666667	0.202	0.21533333333333332	0.20333333333333334	0.19866666666666666	0.19733333333333333	0.17866666666666667	0.19	0.17666666666666667	0.18133333333333335	0.164	0.16866666666666666	0.15933333333333333	0.16666666666666666	
1.5413333333333334	1.5893333333333333	1.516	1.5086666666666666	1.43	1.4326666666666668	1.4506666666666668	1.3446666666666667	1.32	1.3646666666666667	1.3153333333333332	1.3026666666666666	1.3106666666666666	1.218	1.1613333333333333	1.1746666666666667	1.1733333333333333	1.192	1.0953333333333333	1.0946666666666667	1.11	1.0606666666666666	1.0446666666666666	0.9946666666666667	1.0113333333333334	0.9193333333333333	0.9453333333333334	0.9733333333333334	0.9313333333333333	0.9133333333333333	0.8306666666666667	0.8713333333333333	0.8186666666666667	0.8093333333333333	0.8106666666666666	0.7773333333333333	0.784	0.7753333333333333	0.746	0.7573333333333333	0.7213333333333334	0.6973333333333334	0.7013333333333334	0.6826666666666666	0.6533333333333333	0.6453333333333333	0.6293333333333333	0.6086666666666667	0.5786666666666667	0.5893333333333334	0.6026666666666667	0.5613333333333334	0.578	0.5373333333333333	0.5546666666666666	0.49533333333333335	0.5006666666666667	0.4786666666666667	0.47333333333333333	0.4633333333333333	0.462	0.42933333333333334	0.406	0.426	0.3953333333333333	0.396	0.4186666666666667	0.37133333333333335	0.36133333333333334	0.36533333333333334	0.342	0.32266666666666666	0.32466666666666666	0.302	0.3233333333333333	0.306	0.3006666666666667	0.29333333333333333	0.27466666666666667	0.2846666666666667	0.282	0.2653333333333333	0.232	0.24333333333333335	0.23133333333333334	0.22466666666666665	0.21733333333333332	0.214	0.23533333333333334	0.20533333333333334	0.198	0.194	0.16333333333333333	0.17866666666666667	0.18	0.15333333333333332	0.14	0.146	0.13533333333333333	
1.578	1.6146666666666667	1.474	1.4933333333333334	1.4966666666666666	1.4326666666666668	1.38	1.3826666666666667	1.3226666666666667	1.3186666666666667	1.324	1.3086666666666666	1.292	1.206	1.2	1.1733333333333333	1.1713333333333333	1.1386666666666667	1.1513333333333333	1.0766666666666667	1.098	1.0313333333333334	1.034	1.028	0.962	0.9593333333333334	0.9633333333333334	0.944	0.8826666666666667	0.8673333333333333	0.8693333333333333	0.8473333333333334	0.84	0.796	0.7906666666666666	0.8073333333333333	0.8126666666666666	0.7366666666666667	0.728	0.764	0.7026666666666667	0.7206666666666667	0.6973333333333334	0.6566666666666666	0.622	0.6306666666666667	0.6333333333333333	0.6386666666666667	0.6	0.6133333333333333	0.5646666666666667	0.562	0.5506666666666666	0.5533333333333333	0.5133333333333333	0.5226666666666666	0.4693333333333333	0.4706666666666667	0.48333333333333334	0.45866666666666667	0.47733333333333333	0.43133333333333335	0.41533333333333333	0.4073333333333333	0.38333333333333336	0.4013333333333333	0.414	0.37466666666666665	0.38066666666666665	0.33866666666666667	0.32133333333333336	0.32466666666666666	0.352	0.3526666666666667	0.30933333333333335	0.30466666666666664	0.2773333333333333	0.2793333333333333	0.2773333333333333	0.25466666666666665	0.2613333333333333	0.268	0.24866666666666667	0.234	0.22333333333333333	0.23666666666666666	0.218	0.2	0.22	0.19533333333333333	0.178	0.19933333333333333	0.18333333333333332	0.192	0.182	0.14066666666666666	0.13066666666666665	0.144	0.152	
1.5906666666666667	1.5386666666666666	1.4846666666666666	1.476	1.412	1.4113333333333333	1.3593333333333333	1.3373333333333333	1.3406666666666667	1.3093333333333332	1.288	1.2486666666666666	1.2366666666666666	1.2026666666666668	1.2093333333333334	1.1633333333333333	1.2046666666666668	1.166	1.1	1.084	1.09	1.0666666666666667	1.0586666666666666	1.0073333333333334	0.9726666666666667	0.9673333333333334	0.9413333333333334	0.9293333333333333	0.9586666666666667	0.8506666666666667	0.8913333333333333	0.8793333333333333	0.842	0.8593333333333333	0.7686666666666667	0.7906666666666666	0.7666666666666667	0.79	0.7313333333333333	0.6953333333333334	0.7086666666666667	0.682	0.678	0.7	0.666	0.618	0.6373333333333333	0.6133333333333333	0.6053333333333333	0.5806666666666667	0.5926666666666667	0.562	0.564	0.498	0.5253333333333333	0.49733333333333335	0.5046666666666667	0.4806666666666667	0.508	0.4613333333333333	0.49	0.4493333333333333	0.428	0.4146666666666667	0.4	0.422	0.37733333333333335	0.35333333333333333	0.37733333333333335	0.356	0.324	0.3526666666666667	0.3253333333333333	0.31533333333333335	0.30133333333333334	0.32066666666666666	0.28933333333333333	0.2673333333333333	0.30866666666666664	0.27466666666666667	0.2786666666666667	0.242	0.266	0.26666666666666666	0.22	0.202	0.22333333333333333	0.216	0.16866666666666666	0.20333333333333334	0.196	0.18066666666666667	0.176	0.15866666666666668	0.158	0.15133333333333332	0.154	0.146	0.12533333333333332	
1.592	1.5473333333333332	1.5453333333333332	1.498	1.4546666666666668	1.4313333333333333	1.4246666666666667	1.3526666666666667	1.3533333333333333	1.3453333333333333	1.274	1.2366666666666666	1.2586666666666666	1.2006666666666668	1.2566666666666666	1.1626666666666667	1.2006666666666668	1.09	1.088	1.07	1.0466666666666666	1.018	1.02	0.9813333333333333	1.006	0.9886666666666667	0.9473333333333334	0.906	0.8673333333333333	0.8713333333333333	0.8813333333333333	0.8866666666666667	0.83	0.82	0.7973333333333333	0.778	0.806	0.7393333333333333	0.7486666666666667	0.744	0.7406666666666667	0.706	0.658	0.7046666666666667	0.6746666666666666	0.6393333333333333	0.6093333333333333	0.6466666666666666	0.5786666666666667	0.606	0.5673333333333334	0.5633333333333334	0.536	0.53	0.5306666666666666	0.5	0.5106666666666667	0.4806666666666667	0.482	0.46266666666666667	0.4493333333333333	0.408	0.41533333333333333	0.42866666666666664	0.38533333333333336	0.37866666666666665	0.3586666666666667	0.37333333333333335	0.3893333333333333	0.32866666666666666	0.33466666666666667	0.332	0.33066666666666666	0.31866666666666665	0.3253333333333333	0.29733333333333334	0.30533333333333335	0.288	0.26	0.2793333333333333	0.24733333333333332	0.2733333333333333	0.258	0.24333333333333335	0.21066666666666667	0.21533333333333332	0.20333333333333334	0.19933333333333333	0.19733333333333333	0.19066666666666668	0.18333333333333332	0.178	0.18866666666666668	0.16	0.16466666666666666	0.16666666666666666	0.15933333333333333	0.13733333333333334	0.14266666666666666	
1.5673333333333332	1.546	1.5553333333333332	1.4933333333333334	1.4513333333333334	1.4053333333333333	1.37	1.3786666666666667	1.3366666666666667	1.3126666666666666	1.324	1.2553333333333334	1.2253333333333334	1.2293333333333334	1.1793333333333333	1.144	1.1553333333333333	1.158	1.066	1.09	0.9906666666666667	1.054	0.996	1.008	0.9953333333333333	0.9626666666666667	0.9346666666666666	0.8766666666666667	0.8933333333333333	0.8906666666666667	0.8633333333333333	0.8786666666666667	0.8513333333333334	0.806	0.83	0.744	0.7506666666666667	0.75	0.7346666666666667	0.76	0.7386666666666667	0.6893333333333334	0.6773333333333333	0.674	0.682	0.668	0.6206666666666667	0.6273333333333333	0.606	0.552	0.5446666666666666	0.568	0.518	0.5166666666666667	0.49	0.49266666666666664	0.4713333333333333	0.47	0.472	0.456	0.47933333333333333	0.414	0.44	0.3993333333333333	0.4086666666666667	0.412	0.39466666666666667	0.37133333333333335	0.37066666666666664	0.35133333333333333	0.3446666666666667	0.3466666666666667	0.3333333333333333	0.31733333333333336	0.302	0.306	0.29333333333333333	0.27266666666666667	0.2633333333333333	0.288	0.244	0.256	0.27266666666666667	0.24133333333333334	0.23066666666666666	0.23266666666666666	0.20266666666666666	0.192	0.212	0.20066666666666666	0.19333333333333333	0.19133333333333333	0.17	0.16333333333333333	0.14733333333333334	0.17333333333333334	0.144	0.14666666666666667	0.142	
1.582	1.5726666666666667	1.5426666666666666	1.528	1.48	1.446	1.376	1.3186666666666667	1.3533333333333333	1.358	1.2753333333333334	1.2606666666666666	1.2826666666666666	1.1926666666666668	1.1733333333333333	1.1526666666666667	1.1946666666666668	1.1686666666666667	1.144	1.128	1.0846666666666667	0.9726666666666667	1.048	0.9993333333333333	1.0393333333333334	0.942	0.9573333333333334	0.924	0.8973333333333333	0.8926666666666667	0.854	0.8473333333333334	0.8206666666666667	0.8266666666666667	0.7766666666666666	0.7373333333333333	0.786	0.736	0.7513333333333333	0.734	0.678	0.6646666666666666	0.666	0.6746666666666666	0.6593333333333333	0.6666666666666666	0.6313333333333333	0.6266666666666667	0.54	0.56	0.564	0.5526666666666666	0.54	0.522	0.5	0.5206666666666667	0.49733333333333335	0.5046666666666667	0.4633333333333333	0.4633333333333333	0.44666666666666666	0.41	0.42866666666666664	0.38333333333333336	0.4126666666666667	0.38133333333333336	0.394	0.376	0.38066666666666665	0.36866666666666664	0.36666666666666664	0.306	0.346	0.30933333333333335	0.31333333333333335	0.29333333333333333	0.29533333333333334	0.29933333333333334	0.2653333333333333	0.264	0.248	0.25866666666666666	0.256	0.258	0.23533333333333334	0.23866666666666667	0.20533333333333334	0.18733333333333332	0.19333333333333333	0.194	0.19666666666666666	0.18466666666666667	0.18533333333333332	0.164	0.16666666666666666	0.16733333333333333	0.14466666666666667	0.14066666666666666	0.15066666666666667	
1.5746666666666667	1.5633333333333332	1.4986666666666666	1.4593333333333334	1.4866666666666666	1.4593333333333334	1.3786666666666667	1.3693333333333333	1.3653333333333333	1.332	1.2313333333333334	1.2613333333333334	1.264	1.2106666666666666	1.19	1.1613333333333333	1.1713333333333333	1.1333333333333333	1.1206666666666667	1.0946666666666667	1.054	1.01	1.0373333333333334	0.9813333333333333	0.982	0.998	0.96	0.892	0.9066666666666666	0.9266666666666666	0.8773333333333333	0.888	0.868	0.8206666666666667	0.8133333333333334	0.7793333333333333	0.7786666666666666	0.7706666666666667	0.7206666666666667	0.74	0.722	0.7053333333333334	0.7213333333333334	0.666	0.66	0.6346666666666667	0.6086666666666667	0.6046666666666667	0.6206666666666667	0.5666666666666667	0.564	0.5433333333333333	0.528	0.538	0.522	0.5293333333333333	0.5	0.464	0.47	0.4706666666666667	0.4513333333333333	0.44133333333333336	0.43466666666666665	0.416	0.418	0.39266666666666666	0.38266666666666665	0.37133333333333335	0.364	0.33066666666666666	0.3566666666666667	0.33266666666666667	0.35133333333333333	0.31466666666666665	0.31133333333333335	0.31666666666666665	0.2866666666666667	0.2833333333333333	0.276	0.25933333333333336	0.258	0.24133333333333334	0.24666666666666667	0.242	0.25333333333333335	0.23666666666666666	0.222	0.204	0.202	0.20666666666666667	0.17533333333333334	0.194	0.19133333333333333	0.176	0.168	0.168	0.13066666666666665	0.15666666666666668	0.13133333333333333	
1.5673333333333332	1.5913333333333333	1.4893333333333334	1.5006666666666666	1.4446666666666668	1.4186666666666667	1.3393333333333333	1.3586666666666667	1.3586666666666667	1.3013333333333332	1.196	1.304	1.2873333333333334	1.206	1.1766666666666667	1.208	1.1606666666666667	1.1086666666666667	1.1193333333333333	1.0793333333333333	1.0053333333333334	1.0493333333333332	1.0513333333333332	0.996	0.9886666666666667	0.9306666666666666	0.9646666666666667	0.888	0.8933333333333333	0.886	0.9026666666666666	0.846	0.8306666666666667	0.8493333333333334	0.7873333333333333	0.7953333333333333	0.7946666666666666	0.77	0.7753333333333333	0.7273333333333334	0.6986666666666667	0.7186666666666667	0.7086666666666667	0.6853333333333333	0.6593333333333333	0.6473333333333333	0.6113333333333333	0.6246666666666667	0.608	0.6093333333333333	0.56	0.546	0.534	0.5253333333333333	0.522	0.518	0.5073333333333333	0.536	0.4633333333333333	0.45666666666666667	0.448	0.43	0.41	0.416	0.41533333333333333	0.3893333333333333	0.4	0.36666666666666664	0.38	0.364	0.336	0.35333333333333333	0.31666666666666665	0.328	0.31933333333333336	0.306	0.31	0.2813333333333333	0.26666666666666666	0.2806666666666667	0.25933333333333336	0.266	0.244	0.22866666666666666	0.25533333333333336	0.2	0.21333333333333335	0.22133333333333333	0.19666666666666666	0.22466666666666665	0.20666666666666667	0.18866666666666668	0.196	0.17066666666666666	0.16933333333333334	0.152	0.16	0.15	0.13266666666666665	
1.562	1.556	1.5186666666666666	1.498	1.4846666666666666	1.39	1.3726666666666667	1.3886666666666667	1.326	1.314	1.3333333333333333	1.2973333333333332	1.2613333333333334	1.2226666666666666	1.1973333333333334	1.1793333333333333	1.136	1.168	1.094	1.0673333333333332	1.08	1.0486666666666666	1.016	1.0413333333333334	1.0126666666666666	0.9526666666666667	0.9653333333333334	0.918	0.942	0.88	0.8633333333333333	0.866	0.832	0.81	0.8013333333333333	0.8173333333333334	0.784	0.7726666666666666	0.7493333333333333	0.72	0.704	0.694	0.6593333333333333	0.6693333333333333	0.6513333333333333	0.6613333333333333	0.6153333333333333	0.6413333333333333	0.5653333333333334	0.6093333333333333	0.5726666666666667	0.5773333333333334	0.524	0.5273333333333333	0.5586666666666666	0.492	0.492	0.466	0.5	0.46	0.45866666666666667	0.45266666666666666	0.42333333333333334	0.43266666666666664	0.38066666666666665	0.37666666666666665	0.36466666666666664	0.38533333333333336	0.36466666666666664	0.332	0.392	0.318	0.32666666666666666	0.33666666666666667	0.31333333333333335	0.30466666666666664	0.2853333333333333	0.31066666666666665	0.28933333333333333	0.2753333333333333	0.25	0.22133333333333333	0.25266666666666665	0.25866666666666666	0.22066666666666668	0.20066666666666666	0.21	0.21533333333333332	0.19533333333333333	0.19933333333333333	0.16466666666666666	0.19466666666666665	0.17	0.18533333333333332	0.15866666666666668	0.14933333333333335	0.14933333333333335	0.15466666666666667	0.14733333333333334	
1.5826666666666667	1.554	1.4713333333333334	1.4633333333333334	1.4693333333333334	1.4286666666666668	1.4073333333333333	1.3446666666666667	1.314	1.266	1.2653333333333334	1.3326666666666667	1.284	1.22	1.2266666666666666	1.1853333333333333	1.1126666666666667	1.146	1.1206666666666667	1.0866666666666667	1.04	1.0386666666666666	1.0606666666666666	0.988	0.952	0.9246666666666666	0.9086666666666666	0.9053333333333333	0.8786666666666667	0.9133333333333333	0.8426666666666667	0.8993333333333333	0.8306666666666667	0.8446666666666667	0.8266666666666667	0.7873333333333333	0.7806666666666666	0.766	0.7473333333333333	0.736	0.72	0.6913333333333334	0.6826666666666666	0.68	0.664	0.6273333333333333	0.6373333333333333	0.5893333333333334	0.596	0.592	0.538	0.5546666666666666	0.5226666666666666	0.5333333333333333	0.5066666666666667	0.464	0.49666666666666665	0.49266666666666664	0.472	0.44133333333333336	0.462	0.4246666666666667	0.4033333333333333	0.4066666666666667	0.418	0.38533333333333336	0.356	0.39	0.36733333333333335	0.35533333333333333	0.34933333333333333	0.33266666666666667	0.3253333333333333	0.33466666666666667	0.2906666666666667	0.306	0.278	0.24933333333333332	0.26866666666666666	0.28733333333333333	0.25533333333333336	0.2753333333333333	0.24333333333333335	0.21866666666666668	0.24266666666666667	0.236	0.18733333333333332	0.20133333333333334	0.20066666666666666	0.19066666666666668	0.18866666666666668	0.19066666666666668	0.186	0.18866666666666668	0.18	0.17666666666666667	0.14333333333333334	0.14	0.11733333333333333	
1.5186666666666666	1.5093333333333334	1.46	1.4493333333333334	1.464	1.3773333333333333	1.354	1.3986666666666667	1.298	1.3066666666666666	1.272	1.2486666666666666	1.2153333333333334	1.1486666666666667	1.1946666666666668	1.1553333333333333	1.1733333333333333	1.128	1.0446666666666666	1.108	1.0333333333333334	1.016	1.058	1.0086666666666666	0.9593333333333334	0.988	0.9486666666666667	0.92	0.9086666666666666	0.884	0.8973333333333333	0.858	0.8813333333333333	0.8553333333333333	0.796	0.7553333333333333	0.768	0.7526666666666667	0.782	0.694	0.7113333333333334	0.6886666666666666	0.6833333333333333	0.664	0.642	0.634	0.598	0.6173333333333333	0.6053333333333333	0.5926666666666667	0.5666666666666667	0.5573333333333333	0.5153333333333333	0.51	0.5426666666666666	0.5026666666666667	0.5126666666666667	0.47733333333333333	0.4613333333333333	0.4706666666666667	0.424	0.446	0.44133333333333336	0.4166666666666667	0.424	0.37333333333333335	0.384	0.3893333333333333	0.37266666666666665	0.33	0.336	0.3446666666666667	0.32266666666666666	0.32266666666666666	0.30733333333333335	0.31866666666666665	0.30733333333333335	0.274	0.27266666666666667	0.24666666666666667	0.2673333333333333	0.25933333333333336	0.24066666666666667	0.244	0.2613333333333333	0.20866666666666667	0.21866666666666668	0.188	0.216	0.198	0.18933333333333333	0.18533333333333332	0.174	0.15933333333333333	0.15333333333333332	0.148	0.15666666666666668	0.166	0.15133333333333332	
1.544	1.5093333333333334	1.4746666666666666	1.4593333333333334	1.454	1.3966666666666667	1.3746666666666667	1.282	1.3426666666666667	1.3253333333333333	1.2286666666666666	1.2726666666666666	1.2453333333333334	1.2393333333333334	1.158	1.1386666666666667	1.1773333333333333	1.142	1.092	1.0066666666666666	1.0786666666666667	1.0473333333333332	1.034	0.9733333333333334	0.972	0.984	0.9146666666666666	0.9606666666666667	0.8953333333333333	0.87	0.878	0.8513333333333334	0.8433333333333334	0.818	0.8366666666666667	0.7866666666666666	0.7753333333333333	0.71	0.7126666666666667	0.74	0.6993333333333334	0.6986666666666667	0.6393333333333333	0.6506666666666666	0.626	0.5973333333333334	0.614	0.6233333333333333	0.6	0.5753333333333334	0.6153333333333333	0.5706666666666667	0.546	0.5286666666666666	0.5113333333333333	0.48333333333333334	0.49733333333333335	0.47533333333333333	0.4646666666666667	0.4693333333333333	0.46266666666666667	0.434	0.42333333333333334	0.4186666666666667	0.432	0.408	0.388	0.366	0.37133333333333335	0.35133333333333333	0.3626666666666667	0.338	0.314	0.29333333333333333	0.29733333333333334	0.2946666666666667	0.30133333333333334	0.30133333333333334	0.29133333333333333	0.25333333333333335	0.27	0.25733333333333336	0.24333333333333335	0.248	0.25066666666666665	0.228	0.23733333333333334	0.228	0.19666666666666666	0.19533333333333333	0.17533333333333334	0.15866666666666668	0.192	0.17	0.17133333333333334	0.16866666666666666	0.14	0.15533333333333332	0.12866666666666668	
1.5826666666666667	1.5913333333333333	1.454	1.5006666666666666	1.4306666666666668	1.4	1.4193333333333333	1.354	1.3406666666666667	1.3073333333333332	1.2686666666666666	1.2013333333333334	1.2553333333333334	1.182	1.2446666666666666	1.1406666666666667	1.1886666666666668	1.1166666666666667	1.1213333333333333	1.0526666666666666	1.0733333333333333	1.0386666666666666	1.0113333333333334	0.9973333333333333	0.9893333333333333	0.9353333333333333	0.912	0.906	0.9193333333333333	0.886	0.848	0.842	0.838	0.7846666666666666	0.796	0.7846666666666666	0.8013333333333333	0.7626666666666667	0.7433333333333333	0.6986666666666667	0.71	0.714	0.654	0.6426666666666667	0.6486666666666666	0.672	0.5866666666666667	0.6293333333333333	0.5833333333333334	0.5893333333333334	0.568	0.5786666666666667	0.5286666666666666	0.5326666666666666	0.51	0.5313333333333333	0.46266666666666667	0.4706666666666667	0.47333333333333333	0.4706666666666667	0.478	0.44466666666666665	0.4146666666666667	0.42933333333333334	0.4206666666666667	0.39066666666666666	0.3893333333333333	0.374	0.39	0.37133333333333335	0.3446666666666667	0.31733333333333336	0.33	0.3426666666666667	0.296	0.29933333333333334	0.31333333333333335	0.2773333333333333	0.2653333333333333	0.2733333333333333	0.24066666666666667	0.26466666666666666	0.23333333333333334	0.23066666666666666	0.23333333333333334	0.21866666666666668	0.20933333333333334	0.19733333333333333	0.17666666666666667	0.21066666666666667	0.19066666666666668	0.19066666666666668	0.18066666666666667	0.15933333333333333	0.16266666666666665	0.156	0.14533333333333334	0.146	0.14666666666666667	
1.5706666666666667	1.552	1.4946666666666666	1.4593333333333334	1.412	1.3646666666666667	1.3733333333333333	1.3453333333333333	1.3573333333333333	1.3466666666666667	1.214	1.25	1.2233333333333334	1.2206666666666666	1.2046666666666668	1.2153333333333334	1.1706666666666667	1.132	1.1166666666666667	1.0246666666666666	1.0786666666666667	1.036	0.9913333333333333	0.9446666666666667	0.9906666666666667	1.0026666666666666	0.9586666666666667	0.9253333333333333	0.8626666666666667	0.89	0.9226666666666666	0.8833333333333333	0.8313333333333334	0.83	0.8013333333333333	0.7986666666666666	0.7673333333333333	0.7606666666666667	0.6773333333333333	0.7186666666666667	0.7306666666666667	0.6846666666666666	0.6366666666666667	0.676	0.6206666666666667	0.612	0.6193333333333333	0.642	0.5833333333333334	0.614	0.5613333333333334	0.5733333333333334	0.5533333333333333	0.5193333333333333	0.51	0.49933333333333335	0.462	0.476	0.47933333333333333	0.4513333333333333	0.47333333333333333	0.412	0.4206666666666667	0.4126666666666667	0.43466666666666665	0.37333333333333335	0.4166666666666667	0.37066666666666664	0.37133333333333335	0.3566666666666667	0.3446666666666667	0.328	0.32133333333333336	0.312	0.31066666666666665	0.276	0.29533333333333334	0.296	0.2826666666666667	0.27466666666666667	0.258	0.25533333333333336	0.236	0.23933333333333334	0.22133333333333333	0.21866666666666668	0.19066666666666668	0.21066666666666667	0.192	0.18933333333333333	0.19333333333333333	0.18066666666666667	0.17266666666666666	0.17333333333333334	0.13866666666666666	0.146	0.154	0.142	0.14933333333333335	
1.534	1.5746666666666667	1.508	1.4473333333333334	1.3986666666666667	1.396	1.3946666666666667	1.3486666666666667	1.3093333333333332	1.234	1.278	1.2966666666666666	1.23	1.1573333333333333	1.1926666666666668	1.1366666666666667	1.1573333333333333	1.0893333333333333	1.126	1.048	1.0386666666666666	1.064	1.05	1.026	0.9833333333333333	0.9226666666666666	0.9606666666666667	0.8986666666666666	0.9033333333333333	0.8733333333333333	0.878	0.7806666666666666	0.8433333333333334	0.8666666666666667	0.8006666666666666	0.7646666666666667	0.77	0.8193333333333334	0.7273333333333334	0.722	0.7186666666666667	0.7226666666666667	0.6233333333333333	0.674	0.6533333333333333	0.6293333333333333	0.5806666666666667	0.618	0.5626666666666666	0.5466666666666666	0.5866666666666667	0.554	0.524	0.534	0.5153333333333333	0.4806666666666667	0.4726666666666667	0.5	0.476	0.448	0.43066666666666664	0.414	0.43666666666666665	0.408	0.3933333333333333	0.37066666666666664	0.368	0.36333333333333334	0.36	0.3566666666666667	0.3406666666666667	0.33866666666666667	0.30333333333333334	0.32	0.31333333333333335	0.308	0.30266666666666664	0.27666666666666667	0.27266666666666667	0.26	0.26666666666666666	0.26066666666666666	0.236	0.216	0.226	0.21133333333333335	0.22066666666666668	0.20866666666666667	0.20666666666666667	0.18666666666666668	0.18466666666666667	0.18733333333333332	0.17266666666666666	0.17933333333333334	0.168	0.148	0.14666666666666667	0.152	0.14733333333333334	
1.5726666666666667	1.5733333333333333	1.5433333333333332	1.468	1.46	1.392	1.4026666666666667	1.3473333333333333	1.316	1.332	1.214	1.266	1.258	1.172	1.1406666666666667	1.1693333333333333	1.1466666666666667	1.1126666666666667	1.0946666666666667	1.058	1.0386666666666666	1.012	0.9613333333333334	1.0026666666666666	0.988	0.9273333333333333	0.9386666666666666	0.8866666666666667	0.8946666666666667	0.8886666666666667	0.8853333333333333	0.8226666666666667	0.8326666666666667	0.8213333333333334	0.8046666666666666	0.7906666666666666	0.7533333333333333	0.7493333333333333	0.746	0.6933333333333334	0.688	0.6813333333333333	0.656	0.612	0.6493333333333333	0.612	0.596	0.636	0.614	0.5706666666666667	0.5453333333333333	0.5773333333333334	0.5193333333333333	0.5193333333333333	0.5186666666666667	0.49933333333333335	0.49266666666666664	0.4633333333333333	0.44466666666666665	0.43866666666666665	0.44333333333333336	0.43933333333333335	0.44466666666666665	0.3933333333333333	0.3913333333333333	0.38	0.374	0.378	0.36466666666666664	0.35133333333333333	0.338	0.33666666666666667	0.31	0.332	0.318	0.2786666666666667	0.282	0.25933333333333336	0.2786666666666667	0.27266666666666667	0.26266666666666666	0.24933333333333332	0.26666666666666666	0.25666666666666665	0.22866666666666666	0.21266666666666667	0.19933333333333333	0.218	0.18733333333333332	0.202	0.186	0.17466666666666666	0.15866666666666668	0.144	0.15266666666666667	0.15866666666666668	0.14	0.14333333333333334	0.13933333333333334	
1.5973333333333333	1.5133333333333334	1.494	1.4266666666666667	1.4113333333333333	1.3866666666666667	1.3586666666666667	1.348	1.3286666666666667	1.2886666666666666	1.2653333333333334	1.1993333333333334	1.2686666666666666	1.1806666666666668	1.178	1.1706666666666667	1.1133333333333333	1.1126666666666667	1.1	1.0593333333333332	1.0866666666666667	0.9706666666666667	1.0106666666666666	0.96	0.9806666666666667	0.988	0.952	0.9353333333333333	0.922	0.8566666666666667	0.8686666666666667	0.844	0.8486666666666667	0.822	0.824	0.8206666666666667	0.734	0.744	0.7293333333333333	0.71	0.676	0.7113333333333334	0.698	0.658	0.6373333333333333	0.6486666666666666	0.6106666666666667	0.5833333333333334	0.5746666666666667	0.56	0.528	0.5253333333333333	0.5726666666666667	0.518	0.52	0.5106666666666667	0.466	0.462	0.44866666666666666	0.4086666666666667	0.4613333333333333	0.4	0.412	0.41733333333333333	0.402	0.378	0.3913333333333333	0.344	0.382	0.3426666666666667	0.372	0.3413333333333333	0.3293333333333333	0.33266666666666667	0.312	0.2826666666666667	0.284	0.272	0.27466666666666667	0.25	0.26066666666666666	0.24533333333333332	0.254	0.24266666666666667	0.21866666666666668	0.21133333333333335	0.23266666666666666	0.20733333333333334	0.21333333333333335	0.184	0.162	0.18866666666666668	0.188	0.18066666666666667	0.16	0.152	0.138	0.14866666666666667	0.134	
1.4986666666666666	1.4926666666666666	1.4906666666666666	1.4166666666666667	1.388	1.352	1.3533333333333333	1.388	1.2646666666666666	1.3126666666666666	1.3146666666666667	1.3073333333333332	1.2326666666666666	1.1993333333333334	1.138	1.1353333333333333	1.1206666666666667	1.116	1.1546666666666667	1.0526666666666666	1.0726666666666667	1.018	1.0326666666666666	0.988	0.9766666666666667	0.9333333333333333	0.98	0.8733333333333333	0.9413333333333334	0.872	0.8186666666666667	0.8653333333333333	0.8253333333333334	0.7793333333333333	0.7573333333333333	0.7733333333333333	0.7273333333333334	0.7146666666666667	0.7393333333333333	0.6966666666666667	0.7246666666666667	0.6933333333333334	0.6433333333333333	0.6393333333333333	0.6293333333333333	0.626	0.598	0.59	0.5773333333333334	0.6073333333333333	0.5693333333333334	0.56	0.5753333333333334	0.5513333333333333	0.5533333333333333	0.5066666666666667	0.4746666666666667	0.49266666666666664	0.47933333333333333	0.414	0.4693333333333333	0.438	0.42733333333333334	0.4013333333333333	0.414	0.37266666666666665	0.4053333333333333	0.39	0.3353333333333333	0.3526666666666667	0.336	0.34933333333333333	0.3253333333333333	0.314	0.31933333333333336	0.28733333333333333	0.288	0.2926666666666667	0.2693333333333333	0.25533333333333336	0.26666666666666666	0.23533333333333334	0.246	0.222	0.238	0.196	0.20066666666666666	0.20666666666666667	0.18666666666666668	0.19266666666666668	0.2	0.176	0.164	0.184	0.16	0.15266666666666667	0.148	0.152	0.13866666666666666	
1.6293333333333333	1.5346666666666666	1.4866666666666666	1.4626666666666666	1.3933333333333333	1.37	1.3713333333333333	1.4086666666666667	1.348	1.3206666666666667	1.2326666666666666	1.2693333333333334	1.2446666666666666	1.1493333333333333	1.2486666666666666	1.1573333333333333	1.162	1.1166666666666667	1.1186666666666667	1.0406666666666666	1.0333333333333334	1.0006666666666666	0.9986666666666667	0.9906666666666667	0.9313333333333333	0.9626666666666667	0.9486666666666667	0.9133333333333333	0.886	0.898	0.882	0.8166666666666667	0.824	0.8113333333333334	0.788	0.8066666666666666	0.7446666666666667	0.7406666666666667	0.71	0.7173333333333334	0.682	0.6926666666666667	0.698	0.6326666666666667	0.6266666666666667	0.6226666666666667	0.6226666666666667	0.6246666666666667	0.5513333333333333	0.5766666666666667	0.568	0.5586666666666666	0.5253333333333333	0.542	0.522	0.5213333333333333	0.454	0.4726666666666667	0.458	0.444	0.45866666666666667	0.44333333333333336	0.412	0.4086666666666667	0.42866666666666664	0.42	0.39266666666666666	0.3873333333333333	0.35533333333333333	0.3273333333333333	0.3406666666666667	0.3433333333333333	0.31866666666666665	0.29733333333333334	0.32466666666666666	0.2886666666666667	0.30466666666666664	0.30666666666666664	0.268	0.23933333333333334	0.256	0.25333333333333335	0.22866666666666666	0.24266666666666667	0.202	0.214	0.20933333333333334	0.188	0.19266666666666668	0.18466666666666667	0.18266666666666667	0.16	0.174	0.15933333333333333	0.146	0.15866666666666668	0.136	0.15066666666666667	0.136	
1.5066666666666666	1.5633333333333332	1.4806666666666666	1.4553333333333334	1.3866666666666667	1.4113333333333333	1.372	1.3333333333333333	1.3486666666666667	1.262	1.3013333333333332	1.2073333333333334	1.2673333333333334	1.202	1.22	1.1533333333333333	1.1373333333333333	1.0493333333333332	1.0886666666666667	1.042	1.008	1.0206666666666666	1.0006666666666666	0.9966666666666667	0.9406666666666667	0.9433333333333334	0.9153333333333333	0.8926666666666667	0.8666666666666667	0.798	0.844	0.8426666666666667	0.832	0.8386666666666667	0.8246666666666667	0.8026666666666666	0.722	0.748	0.7426666666666667	0.7233333333333334	0.6713333333333333	0.7126666666666667	0.666	0.6513333333333333	0.6706666666666666	0.5953333333333334	0.6293333333333333	0.592	0.5833333333333334	0.5773333333333334	0.5586666666666666	0.5133333333333333	0.542	0.49066666666666664	0.5426666666666666	0.518	0.4786666666666667	0.4633333333333333	0.4706666666666667	0.464	0.43933333333333335	0.44666666666666666	0.4086666666666667	0.386	0.414	0.41733333333333333	0.39466666666666667	0.38266666666666665	0.3586666666666667	0.3486666666666667	0.344	0.3566666666666667	0.3353333333333333	0.31466666666666665	0.308	0.288	0.272	0.25333333333333335	0.25933333333333336	0.236	0.24266666666666667	0.258	0.22733333333333333	0.218	0.21466666666666667	0.218	0.212	0.20733333333333334	0.20266666666666666	0.19066666666666668	0.19533333333333333	0.18333333333333332	0.17066666666666666	0.17066666666666666	0.16866666666666666	0.13066666666666665	0.16066666666666668	0.13266666666666665	0.154	
1.4993333333333334	1.5446666666666666	1.4566666666666668	1.44	1.386	1.452	1.3553333333333333	1.3233333333333333	1.338	1.2633333333333334	1.3006666666666666	1.224	1.1833333333333333	1.182	1.1566666666666667	1.1653333333333333	1.0946666666666667	1.102	1.1233333333333333	1.0506666666666666	1.024	1.0466666666666666	1.006	0.9246666666666666	0.9373333333333334	0.9073333333333333	0.9086666666666666	0.9026666666666666	0.8726666666666667	0.918	0.844	0.8313333333333334	0.7766666666666666	0.794	0.7933333333333333	0.7326666666666667	0.724	0.736	0.7293333333333333	0.7106666666666667	0.6946666666666667	0.666	0.6933333333333334	0.686	0.6153333333333333	0.648	0.6026666666666667	0.54	0.5753333333333334	0.584	0.5813333333333334	0.5266666666666666	0.514	0.5293333333333333	0.512	0.5106666666666667	0.48533333333333334	0.4686666666666667	0.43933333333333335	0.452	0.43933333333333335	0.42933333333333334	0.42333333333333334	0.42133333333333334	0.398	0.4086666666666667	0.38333333333333336	0.3993333333333333	0.3606666666666667	0.3426666666666667	0.318	0.35	0.31266666666666665	0.31	0.29533333333333334	0.2886666666666667	0.306	0.306	0.28	0.25533333333333336	0.274	0.24	0.232	0.24466666666666667	0.22333333333333333	0.21266666666666667	0.22333333333333333	0.20466666666666666	0.218	0.19066666666666668	0.176	0.182	0.164	0.15733333333333333	0.15666666666666668	0.152	0.128	0.15	0.12866666666666668	
1.534	1.5366666666666666	1.422	1.412	1.3726666666666667	1.3706666666666667	1.3693333333333333	1.388	1.326	1.276	1.2493333333333334	1.1946666666666668	1.2066666666666668	1.196	1.196	1.2053333333333334	1.1026666666666667	1.066	1.0926666666666667	1.074	1.0833333333333333	0.9553333333333334	0.9733333333333334	0.9866666666666667	0.962	0.9446666666666667	0.89	0.88	0.8733333333333333	0.844	0.8633333333333333	0.834	0.7853333333333333	0.8226666666666667	0.802	0.7526666666666667	0.774	0.7493333333333333	0.7066666666666667	0.748	0.7213333333333334	0.702	0.6733333333333333	0.608	0.6333333333333333	0.6613333333333333	0.624	0.5793333333333334	0.5506666666666666	0.56	0.5373333333333333	0.564	0.5433333333333333	0.5226666666666666	0.54	0.5206666666666667	0.5046666666666667	0.4633333333333333	0.46066666666666667	0.49733333333333335	0.44666666666666666	0.44266666666666665	0.434	0.4053333333333333	0.3933333333333333	0.36866666666666664	0.3893333333333333	0.3586666666666667	0.352	0.362	0.352	0.32066666666666666	0.3473333333333333	0.32666666666666666	0.30266666666666664	0.2986666666666667	0.28733333333333333	0.26666666666666666	0.262	0.274	0.244	0.24333333333333335	0.25933333333333336	0.232	0.20866666666666667	0.21733333333333332	0.18866666666666668	0.212	0.2	0.21266666666666667	0.19466666666666665	0.18466666666666667	0.18533333333333332	0.18466666666666667	0.15666666666666668	0.14066666666666666	0.14266666666666666	0.13133333333333333	0.11866666666666667	
1.492	1.498	1.4653333333333334	1.4486666666666668	1.442	1.386	1.3573333333333333	1.3333333333333333	1.3186666666666667	1.298	1.2726666666666666	1.236	1.1813333333333333	1.1526666666666667	1.196	1.1193333333333333	1.1106666666666667	1.108	1.046	1.0733333333333333	1.0073333333333334	1.0133333333333334	0.984	1.0026666666666666	0.9253333333333333	0.9426666666666667	0.912	0.922	0.8733333333333333	0.8453333333333334	0.8513333333333334	0.8306666666666667	0.7706666666666667	0.8113333333333334	0.762	0.81	0.7666666666666667	0.742	0.7306666666666667	0.6973333333333334	0.6946666666666667	0.684	0.654	0.6966666666666667	0.628	0.6126666666666667	0.5906666666666667	0.5793333333333334	0.576	0.5666666666666667	0.5706666666666667	0.5366666666666666	0.5513333333333333	0.5166666666666667	0.5253333333333333	0.504	0.488	0.46	0.4613333333333333	0.43533333333333335	0.444	0.4186666666666667	0.416	0.39066666666666666	0.4046666666666667	0.394	0.35333333333333333	0.34933333333333333	0.36	0.35533333333333333	0.336	0.36133333333333334	0.31733333333333336	0.30333333333333334	0.292	0.2946666666666667	0.31533333333333335	0.288	0.2906666666666667	0.264	0.2653333333333333	0.248	0.24266666666666667	0.22266666666666668	0.23066666666666666	0.22933333333333333	0.202	0.21933333333333332	0.19733333333333333	0.18533333333333332	0.19133333333333333	0.172	0.17133333333333334	0.16866666666666666	0.15333333333333332	0.168	0.14533333333333334	0.148	0.146	
1.5313333333333334	1.462	1.4786666666666666	1.428	1.42	1.3833333333333333	1.36	1.3606666666666667	1.26	1.2946666666666666	1.3426666666666667	1.238	1.2306666666666666	1.1613333333333333	1.152	1.072	1.1166666666666667	1.092	1.0706666666666667	1.0653333333333332	1.0686666666666667	1.0073333333333334	1.0273333333333334	0.9593333333333334	0.996	0.9046666666666666	0.9533333333333334	0.92	0.8833333333333333	0.8873333333333333	0.8333333333333334	0.832	0.772	0.792	0.8066666666666666	0.7506666666666667	0.7833333333333333	0.7513333333333333	0.7213333333333334	0.6893333333333334	0.656	0.6333333333333333	0.6686666666666666	0.6466666666666666	0.62	0.656	0.616	0.564	0.5393333333333333	0.574	0.5706666666666667	0.582	0.48933333333333334	0.5213333333333333	0.5166666666666667	0.4806666666666667	0.4646666666666667	0.47533333333333333	0.44333333333333336	0.44733333333333336	0.4693333333333333	0.43666666666666665	0.428	0.41533333333333333	0.4026666666666667	0.3973333333333333	0.3873333333333333	0.3606666666666667	0.37066666666666664	0.35	0.34933333333333333	0.31866666666666665	0.33466666666666667	0.3006666666666667	0.31466666666666665	0.274	0.2833333333333333	0.278	0.2753333333333333	0.27	0.27066666666666667	0.242	0.23066666666666666	0.252	0.20933333333333334	0.20533333333333334	0.198	0.19666666666666666	0.18533333333333332	0.18733333333333332	0.17733333333333334	0.178	0.17333333333333334	0.17	0.178	0.16533333333333333	0.14866666666666667	0.14266666666666666	0.12733333333333333	
1.5633333333333332	1.464	1.422	1.466	1.35	1.4	1.3793333333333333	1.326	1.3506666666666667	1.2546666666666666	1.2313333333333334	1.178	1.188	1.226	1.1413333333333333	1.0953333333333333	1.1346666666666667	1.0873333333333333	1.1206666666666667	1.058	1.016	0.9693333333333334	0.9573333333333334	0.9713333333333334	0.9706666666666667	0.9393333333333334	0.9293333333333333	0.9093333333333333	0.9306666666666666	0.902	0.8566666666666667	0.812	0.8473333333333334	0.816	0.812	0.7866666666666666	0.754	0.7413333333333333	0.732	0.7273333333333334	0.728	0.6713333333333333	0.7106666666666667	0.6633333333333333	0.6413333333333333	0.6386666666666667	0.5893333333333334	0.5586666666666666	0.6093333333333333	0.5786666666666667	0.56	0.5066666666666667	0.5553333333333333	0.5066666666666667	0.492	0.4653333333333333	0.49666666666666665	0.47933333333333333	0.466	0.446	0.472	0.426	0.44866666666666666	0.43133333333333335	0.4033333333333333	0.37133333333333335	0.38666666666666666	0.3893333333333333	0.35733333333333334	0.38	0.33466666666666667	0.32066666666666666	0.3406666666666667	0.3313333333333333	0.32866666666666666	0.302	0.28	0.2753333333333333	0.242	0.25333333333333335	0.23466666666666666	0.246	0.2653333333333333	0.236	0.21533333333333332	0.21266666666666667	0.206	0.20866666666666667	0.21133333333333335	0.194	0.16	0.16933333333333334	0.16866666666666666	0.15133333333333332	0.15066666666666667	0.156	0.18333333333333332	0.152	0.152	
1.5066666666666666	1.4766666666666666	1.4133333333333333	1.394	1.42	1.4446666666666668	1.3233333333333333	1.3313333333333333	1.3033333333333332	1.256	1.2033333333333334	1.1806666666666668	1.198	1.1426666666666667	1.1906666666666668	1.1113333333333333	1.1413333333333333	1.094	1.08	1.072	1.068	1.0346666666666666	0.9593333333333334	0.9606666666666667	0.9153333333333333	0.8946666666666667	0.9146666666666666	0.894	0.852	0.8693333333333333	0.8846666666666667	0.8133333333333334	0.818	0.806	0.7733333333333333	0.7613333333333333	0.7373333333333333	0.7453333333333333	0.7246666666666667	0.6993333333333334	0.72	0.6593333333333333	0.6493333333333333	0.6686666666666666	0.6473333333333333	0.6353333333333333	0.5773333333333334	0.6173333333333333	0.5766666666666667	0.538	0.5533333333333333	0.538	0.478	0.5186666666666667	0.486	0.48133333333333334	0.494	0.482	0.456	0.42733333333333334	0.44333333333333336	0.4246666666666667	0.418	0.39866666666666667	0.3873333333333333	0.38666666666666666	0.382	0.33866666666666667	0.36733333333333335	0.342	0.32066666666666666	0.2793333333333333	0.334	0.32666666666666666	0.31533333333333335	0.30666666666666664	0.284	0.2886666666666667	0.258	0.246	0.268	0.25466666666666665	0.23	0.22466666666666665	0.23466666666666666	0.20666666666666667	0.19466666666666665	0.2	0.208	0.21666666666666667	0.19666666666666666	0.18333333333333332	0.172	0.16866666666666666	0.158	0.15466666666666667	0.16666666666666666	0.14866666666666667	0.14666666666666667	
1.51	1.49	1.424	1.41	1.3593333333333333	1.3646666666666667	1.3626666666666667	1.33	1.266	1.3313333333333333	1.2933333333333332	1.21	1.21	1.156	1.1693333333333333	1.1313333333333333	1.0893333333333333	1.1026666666666667	1.0886666666666667	1.0813333333333333	1.028	0.9953333333333333	1.0106666666666666	0.9653333333333334	0.9646666666666667	0.882	0.9253333333333333	0.9193333333333333	0.8693333333333333	0.8866666666666667	0.8686666666666667	0.7853333333333333	0.808	0.7793333333333333	0.7973333333333333	0.762	0.742	0.7353333333333333	0.7253333333333334	0.7433333333333333	0.7006666666666667	0.6846666666666666	0.648	0.6446666666666667	0.616	0.6446666666666667	0.5973333333333334	0.5946666666666667	0.5886666666666667	0.574	0.572	0.5673333333333334	0.5413333333333333	0.52	0.49333333333333335	0.4886666666666667	0.508	0.476	0.472	0.434	0.43466666666666665	0.4166666666666667	0.43533333333333335	0.39666666666666667	0.42866666666666664	0.38066666666666665	0.346	0.3566666666666667	0.342	0.356	0.3273333333333333	0.3546666666666667	0.328	0.31933333333333336	0.306	0.26866666666666666	0.27666666666666667	0.2633333333333333	0.262	0.25933333333333336	0.28733333333333333	0.2693333333333333	0.23933333333333334	0.22933333333333333	0.22	0.21133333333333335	0.218	0.218	0.19666666666666666	0.19266666666666668	0.17866666666666667	0.15866666666666668	0.17733333333333334	0.15933333333333333	0.14933333333333335	0.15066666666666667	0.174	0.132	0.14333333333333334	
1.5366666666666666	1.476	1.4606666666666666	1.394	1.4046666666666667	1.4146666666666667	1.3366666666666667	1.3106666666666666	1.2906666666666666	1.254	1.2093333333333334	1.242	1.196	1.132	1.1186666666666667	1.118	1.0926666666666667	1.096	1.0753333333333333	1.0366666666666666	1.084	0.9846666666666667	1.0453333333333332	0.9653333333333334	0.94	0.888	0.8993333333333333	0.9346666666666666	0.8846666666666667	0.8933333333333333	0.8226666666666667	0.824	0.7973333333333333	0.81	0.7873333333333333	0.762	0.7473333333333333	0.786	0.706	0.708	0.6886666666666666	0.652	0.664	0.6386666666666667	0.642	0.584	0.636	0.5853333333333334	0.584	0.5686666666666667	0.5646666666666667	0.5533333333333333	0.514	0.5413333333333333	0.482	0.5313333333333333	0.4533333333333333	0.48533333333333334	0.4553333333333333	0.4266666666666667	0.408	0.41333333333333333	0.43066666666666664	0.39666666666666667	0.374	0.39666666666666667	0.3626666666666667	0.36933333333333335	0.3466666666666667	0.3466666666666667	0.326	0.336	0.334	0.30333333333333334	0.30933333333333335	0.2886666666666667	0.29533333333333334	0.268	0.2733333333333333	0.27666666666666667	0.23266666666666666	0.26266666666666666	0.23333333333333334	0.22266666666666668	0.24533333333333332	0.196	0.21066666666666667	0.194	0.184	0.18866666666666668	0.19133333333333333	0.15666666666666668	0.17333333333333334	0.17666666666666667	0.17666666666666667	0.16733333333333333	0.152	0.13066666666666665	0.14333333333333334	
1.5766666666666667	1.4873333333333334	1.436	1.3873333333333333	1.4553333333333334	1.37	1.3286666666666667	1.242	1.242	1.29	1.2253333333333334	1.202	1.2106666666666666	1.154	1.1393333333333333	1.12	1.12	1.0526666666666666	1.0966666666666667	1.058	1.06	1.0633333333333332	1.0413333333333334	0.9246666666666666	0.9713333333333334	0.96	0.886	0.906	0.9213333333333333	0.8513333333333334	0.8506666666666667	0.8326666666666667	0.8513333333333334	0.786	0.8013333333333333	0.7513333333333333	0.7526666666666667	0.784	0.678	0.6886666666666666	0.6693333333333333	0.6826666666666666	0.6693333333333333	0.6386666666666667	0.6213333333333333	0.624	0.618	0.5866666666666667	0.5933333333333334	0.558	0.5393333333333333	0.556	0.5353333333333333	0.508	0.5126666666666667	0.49666666666666665	0.4673333333333333	0.4573333333333333	0.43866666666666665	0.46	0.444	0.42133333333333334	0.43466666666666665	0.40066666666666667	0.39066666666666666	0.39666666666666667	0.3566666666666667	0.3913333333333333	0.33466666666666667	0.3373333333333333	0.3253333333333333	0.30933333333333335	0.3313333333333333	0.30933333333333335	0.30866666666666664	0.2886666666666667	0.27666666666666667	0.25533333333333336	0.258	0.27266666666666667	0.26466666666666666	0.24066666666666667	0.23266666666666666	0.24066666666666667	0.22133333333333333	0.21866666666666668	0.21	0.19133333333333333	0.196	0.18533333333333332	0.17466666666666666	0.178	0.17133333333333334	0.17333333333333334	0.154	0.15333333333333332	0.142	0.15066666666666667	0.13333333333333333	
1.514	1.5026666666666666	1.4133333333333333	1.41	1.3546666666666667	1.4273333333333333	1.3586666666666667	1.3226666666666667	1.2746666666666666	1.2766666666666666	1.2753333333333334	1.258	1.2013333333333334	1.174	1.1393333333333333	1.1366666666666667	1.1113333333333333	1.0533333333333332	1.0353333333333334	1.0266666666666666	1.0013333333333334	1.0293333333333334	1.0053333333333334	0.972	0.9886666666666667	0.922	0.8913333333333333	0.912	0.9033333333333333	0.8413333333333334	0.8513333333333334	0.8333333333333334	0.8126666666666666	0.7806666666666666	0.7606666666666667	0.7726666666666666	0.758	0.6946666666666667	0.742	0.742	0.7346666666666667	0.6946666666666667	0.6506666666666666	0.6606666666666666	0.606	0.6373333333333333	0.5913333333333334	0.6093333333333333	0.5973333333333334	0.552	0.5406666666666666	0.5526666666666666	0.5286666666666666	0.5233333333333333	0.504	0.48533333333333334	0.472	0.436	0.438	0.43333333333333335	0.44666666666666666	0.4493333333333333	0.412	0.4186666666666667	0.416	0.376	0.374	0.39866666666666667	0.3486666666666667	0.35	0.3566666666666667	0.338	0.2986666666666667	0.30933333333333335	0.31466666666666665	0.29933333333333334	0.2866666666666667	0.28	0.25266666666666665	0.2713333333333333	0.2733333333333333	0.22266666666666668	0.25666666666666665	0.21533333333333332	0.232	0.21333333333333335	0.22	0.196	0.204	0.20733333333333334	0.18466666666666667	0.192	0.174	0.15933333333333333	0.15266666666666667	0.15866666666666668	0.14133333333333334	0.13666666666666666	0.146	
1.5053333333333334	1.492	1.408	1.4286666666666668	1.3733333333333333	1.37	1.3373333333333333	1.3933333333333333	1.314	1.2793333333333334	1.2313333333333334	1.216	1.1873333333333334	1.186	1.148	1.0826666666666667	1.1246666666666667	1.05	1.072	1.022	1.0406666666666666	0.948	1.0326666666666666	0.9553333333333334	0.9646666666666667	0.9553333333333334	0.912	0.9006666666666666	0.874	0.8413333333333334	0.84	0.8333333333333334	0.792	0.7913333333333333	0.7726666666666666	0.754	0.7386666666666667	0.714	0.7613333333333333	0.6853333333333333	0.7033333333333334	0.654	0.632	0.6393333333333333	0.6226666666666667	0.6513333333333333	0.5373333333333333	0.5713333333333334	0.5626666666666666	0.594	0.5606666666666666	0.552	0.502	0.484	0.5086666666666667	0.4686666666666667	0.4713333333333333	0.4613333333333333	0.44133333333333336	0.4106666666666667	0.42933333333333334	0.4106666666666667	0.39466666666666667	0.38266666666666665	0.40066666666666667	0.384	0.3586666666666667	0.382	0.354	0.336	0.3006666666666667	0.31666666666666665	0.31933333333333336	0.28933333333333333	0.30333333333333334	0.31866666666666665	0.28	0.274	0.25333333333333335	0.262	0.246	0.232	0.25466666666666665	0.23933333333333334	0.21533333333333332	0.22733333333333333	0.22866666666666666	0.19466666666666665	0.21333333333333335	0.17533333333333334	0.18333333333333332	0.178	0.16933333333333334	0.158	0.154	0.16066666666666668	0.152	0.13533333333333333	0.12266666666666666	
1.5226666666666666	1.466	1.4433333333333334	1.434	1.4206666666666667	1.3793333333333333	1.3586666666666667	1.3413333333333333	1.2746666666666666	1.274	1.2573333333333334	1.2266666666666666	1.2353333333333334	1.1393333333333333	1.182	1.1453333333333333	1.0886666666666667	1.0813333333333333	1.0853333333333333	1.0466666666666666	1.0686666666666667	1.01	0.9953333333333333	0.9693333333333334	0.9606666666666667	0.9393333333333334	0.9366666666666666	0.8626666666666667	0.8773333333333333	0.85	0.8473333333333334	0.8706666666666667	0.8026666666666666	0.7993333333333333	0.7813333333333333	0.758	0.726	0.748	0.7	0.7073333333333334	0.666	0.6813333333333333	0.6293333333333333	0.678	0.6446666666666667	0.6086666666666667	0.6333333333333333	0.5966666666666667	0.55	0.5653333333333334	0.5393333333333333	0.5453333333333333	0.5406666666666666	0.5173333333333333	0.536	0.4686666666666667	0.466	0.46266666666666667	0.43933333333333335	0.4666666666666667	0.44133333333333336	0.446	0.4266666666666667	0.4026666666666667	0.38333333333333336	0.378	0.36466666666666664	0.35133333333333333	0.34933333333333333	0.37266666666666665	0.32466666666666666	0.314	0.31733333333333336	0.32066666666666666	0.28933333333333333	0.312	0.2793333333333333	0.2866666666666667	0.25066666666666665	0.26466666666666666	0.24	0.25133333333333335	0.25333333333333335	0.24066666666666667	0.21466666666666667	0.24666666666666667	0.20866666666666667	0.224	0.21266666666666667	0.168	0.19733333333333333	0.17533333333333334	0.168	0.14866666666666667	0.156	0.144	0.14933333333333335	0.14066666666666666	0.13266666666666665	
1.536	1.46	1.426	1.4406666666666668	1.3926666666666667	1.374	1.3393333333333333	1.282	1.2753333333333334	1.282	1.2526666666666666	1.1866666666666668	1.1653333333333333	1.1606666666666667	1.1586666666666667	1.0993333333333333	1.1093333333333333	1.1366666666666667	1.1393333333333333	1.0206666666666666	1.008	0.964	1.0	1.0106666666666666	0.956	0.946	0.94	0.9173333333333333	0.8786666666666667	0.894	0.834	0.8226666666666667	0.764	0.746	0.7906666666666666	0.792	0.7486666666666667	0.6993333333333334	0.7266666666666667	0.7313333333333333	0.66	0.686	0.652	0.63	0.602	0.618	0.6086666666666667	0.582	0.5366666666666666	0.522	0.5666666666666667	0.556	0.5333333333333333	0.5233333333333333	0.4786666666666667	0.49066666666666664	0.49333333333333335	0.45466666666666666	0.44333333333333336	0.41	0.3993333333333333	0.4106666666666667	0.422	0.406	0.35733333333333334	0.36933333333333335	0.38466666666666666	0.3333333333333333	0.378	0.37066666666666664	0.32866666666666666	0.30133333333333334	0.32133333333333336	0.31533333333333335	0.302	0.3	0.2853333333333333	0.26266666666666666	0.25333333333333335	0.24333333333333335	0.24066666666666667	0.24666666666666667	0.23133333333333334	0.234	0.24133333333333334	0.208	0.17733333333333334	0.19866666666666666	0.20533333333333334	0.18933333333333333	0.19533333333333333	0.17866666666666667	0.15866666666666668	0.16333333333333333	0.16533333333333333	0.16866666666666666	0.14466666666666667	0.12466666666666666	0.13866666666666666	
1.4846666666666666	1.5126666666666666	1.4286666666666668	1.4233333333333333	1.3973333333333333	1.3513333333333333	1.3346666666666667	1.3073333333333332	1.2573333333333334	1.2666666666666666	1.228	1.236	1.2233333333333334	1.1766666666666667	1.1193333333333333	1.078	1.1373333333333333	1.0773333333333333	1.1093333333333333	1.04	1.0753333333333333	0.9566666666666667	0.97	0.978	0.9246666666666666	0.882	0.912	0.9026666666666666	0.872	0.9	0.848	0.8113333333333334	0.8293333333333334	0.82	0.7673333333333333	0.7573333333333333	0.6986666666666667	0.7193333333333334	0.7613333333333333	0.7293333333333333	0.7053333333333334	0.646	0.676	0.6473333333333333	0.6326666666666667	0.63	0.604	0.566	0.6173333333333333	0.568	0.5206666666666667	0.5686666666666667	0.5446666666666666	0.502	0.5213333333333333	0.482	0.4646666666666667	0.472	0.448	0.4246666666666667	0.4226666666666667	0.404	0.4093333333333333	0.37066666666666664	0.38133333333333336	0.4046666666666667	0.3433333333333333	0.36733333333333335	0.35	0.3273333333333333	0.352	0.34933333333333333	0.306	0.2946666666666667	0.2986666666666667	0.31933333333333336	0.2693333333333333	0.27466666666666667	0.25866666666666666	0.248	0.26	0.23533333333333334	0.24733333333333332	0.20933333333333334	0.22133333333333333	0.20333333333333334	0.206	0.19133333333333333	0.188	0.2	0.17	0.16266666666666665	0.17133333333333334	0.14933333333333335	0.16333333333333333	0.158	0.156	0.138	0.134	
1.5	1.4513333333333334	1.4553333333333334	1.396	1.352	1.344	1.3173333333333332	1.3346666666666667	1.284	1.1913333333333334	1.2093333333333334	1.164	1.1893333333333334	1.1506666666666667	1.1786666666666668	1.1333333333333333	1.1126666666666667	1.092	1.0426666666666666	1.012	0.9933333333333333	1.0553333333333332	0.956	0.9353333333333333	0.9433333333333334	0.888	0.8753333333333333	0.8486666666666667	0.8193333333333334	0.838	0.864	0.794	0.8026666666666666	0.8186666666666667	0.748	0.7706666666666667	0.732	0.6773333333333333	0.712	0.6886666666666666	0.6653333333333333	0.6566666666666666	0.6446666666666667	0.614	0.6293333333333333	0.6453333333333333	0.6273333333333333	0.6113333333333333	0.5473333333333333	0.5426666666666666	0.5353333333333333	0.528	0.538	0.514	0.5053333333333333	0.4513333333333333	0.4726666666666667	0.4666666666666667	0.43066666666666664	0.454	0.38666666666666666	0.396	0.3913333333333333	0.404	0.38066666666666665	0.388	0.364	0.3626666666666667	0.36133333333333334	0.32666666666666666	0.31	0.30666666666666664	0.3233333333333333	0.2793333333333333	0.298	0.26666666666666666	0.2853333333333333	0.28	0.25666666666666665	0.26666666666666666	0.22866666666666666	0.23533333333333334	0.222	0.222	0.21466666666666667	0.18266666666666667	0.21866666666666668	0.198	0.196	0.19066666666666668	0.202	0.18266666666666667	0.174	0.14266666666666666	0.15333333333333332	0.15466666666666667	0.13666666666666666	0.13	0.134	
1.4266666666666667	1.404	1.4006666666666667	1.35	1.3326666666666667	1.3033333333333332	1.356	1.3306666666666667	1.252	1.2526666666666666	1.1746666666666667	1.1706666666666667	1.1433333333333333	1.1293333333333333	1.1133333333333333	1.0446666666666666	1.05	1.0606666666666666	1.062	0.9826666666666667	1.0066666666666666	0.9853333333333333	0.9313333333333333	0.9546666666666667	0.882	0.886	0.8746666666666667	0.8193333333333334	0.8333333333333334	0.84	0.83	0.7673333333333333	0.8026666666666666	0.7933333333333333	0.776	0.7046666666666667	0.7366666666666667	0.6953333333333334	0.6673333333333333	0.66	0.6706666666666666	0.662	0.6146666666666667	0.6253333333333333	0.612	0.6046666666666667	0.5333333333333333	0.5746666666666667	0.5593333333333333	0.5426666666666666	0.5053333333333333	0.556	0.47933333333333333	0.5113333333333333	0.4746666666666667	0.49733333333333335	0.4553333333333333	0.44333333333333336	0.43866666666666665	0.4066666666666667	0.4493333333333333	0.4073333333333333	0.41933333333333334	0.3933333333333333	0.408	0.368	0.38666666666666666	0.35733333333333334	0.36333333333333334	0.334	0.3006666666666667	0.3	0.2906666666666667	0.314	0.296	0.282	0.2886666666666667	0.2733333333333333	0.26066666666666666	0.25333333333333335	0.234	0.22733333333333333	0.22333333333333333	0.198	0.21933333333333332	0.22066666666666668	0.20266666666666666	0.19533333333333333	0.18066666666666667	0.18133333333333335	0.182	0.18	0.144	0.16133333333333333	0.17666666666666667	0.15333333333333332	0.138	0.12466666666666666	0.118	
1.4906666666666666	1.3946666666666667	1.3786666666666667	1.376	1.3293333333333333	1.3226666666666667	1.2266666666666666	1.2833333333333334	1.2506666666666666	1.2153333333333334	1.1933333333333334	1.1873333333333334	1.1093333333333333	1.1033333333333333	1.0886666666666667	1.0433333333333332	1.106	1.0473333333333332	1.0406666666666666	0.9953333333333333	1.0073333333333334	0.972	0.9626666666666667	0.9093333333333333	0.89	0.8526666666666667	0.864	0.83	0.8113333333333334	0.824	0.7926666666666666	0.8093333333333333	0.786	0.7826666666666666	0.7	0.738	0.7286666666666667	0.6706666666666666	0.672	0.67	0.6633333333333333	0.6386666666666667	0.622	0.6006666666666667	0.5746666666666667	0.5926666666666667	0.554	0.566	0.556	0.564	0.54	0.4866666666666667	0.48	0.49133333333333334	0.47733333333333333	0.4633333333333333	0.474	0.46266666666666667	0.4026666666666667	0.414	0.44333333333333336	0.434	0.408	0.38266666666666665	0.3606666666666667	0.35133333333333333	0.362	0.328	0.35533333333333333	0.33066666666666666	0.342	0.29933333333333334	0.30133333333333334	0.2813333333333333	0.3006666666666667	0.30533333333333335	0.274	0.25	0.23266666666666666	0.22533333333333333	0.262	0.22133333333333333	0.226	0.20666666666666667	0.194	0.21333333333333335	0.19733333333333333	0.17666666666666667	0.178	0.17533333333333334	0.178	0.16666666666666666	0.18666666666666668	0.158	0.16333333333333333	0.124	0.12933333333333333	0.13733333333333334	0.10866666666666666	
1.4326666666666668	1.3646666666666667	1.3553333333333333	1.374	1.338	1.2046666666666668	1.1786666666666668	1.2433333333333334	1.156	1.192	1.1653333333333333	1.124	1.1093333333333333	1.116	1.0806666666666667	1.0586666666666666	1.038	1.012	1.0293333333333334	0.914	0.972	0.938	0.9146666666666666	0.8913333333333333	0.9186666666666666	0.8846666666666667	0.882	0.8646666666666667	0.8126666666666666	0.8486666666666667	0.786	0.7866666666666666	0.7846666666666666	0.74	0.754	0.7193333333333334	0.6726666666666666	0.6686666666666666	0.6686666666666666	0.6566666666666666	0.6633333333333333	0.598	0.6013333333333334	0.6	0.6086666666666667	0.5466666666666666	0.5533333333333333	0.5473333333333333	0.5213333333333333	0.5373333333333333	0.48333333333333334	0.49466666666666664	0.464	0.478	0.45866666666666667	0.45666666666666667	0.41933333333333334	0.4226666666666667	0.438	0.4266666666666667	0.4106666666666667	0.41333333333333333	0.386	0.38466666666666666	0.356	0.3626666666666667	0.36333333333333334	0.33666666666666667	0.316	0.31066666666666665	0.308	0.32133333333333336	0.27466666666666667	0.2906666666666667	0.31333333333333335	0.26066666666666666	0.292	0.24866666666666667	0.25	0.25266666666666665	0.24133333333333334	0.22	0.22533333333333333	0.21733333333333332	0.188	0.218	0.19933333333333333	0.19466666666666665	0.202	0.166	0.166	0.17133333333333334	0.172	0.14466666666666667	0.146	0.15666666666666668	0.14666666666666667	0.14	0.13133333333333333	
1.4246666666666667	1.3833333333333333	1.2926666666666666	1.3653333333333333	1.2926666666666666	1.2393333333333334	1.2386666666666666	1.19	1.1453333333333333	1.184	1.0946666666666667	1.1226666666666667	1.076	1.088	1.0026666666666666	1.0393333333333334	1.0393333333333334	0.956	0.9893333333333333	0.972	0.9333333333333333	0.8953333333333333	0.8946666666666667	0.9053333333333333	0.864	0.844	0.8426666666666667	0.8386666666666667	0.846	0.796	0.7733333333333333	0.7686666666666667	0.7246666666666667	0.7313333333333333	0.69	0.7193333333333334	0.6813333333333333	0.666	0.6386666666666667	0.6533333333333333	0.6433333333333333	0.6306666666666667	0.6253333333333333	0.5853333333333334	0.5613333333333334	0.5873333333333334	0.552	0.542	0.5173333333333333	0.498	0.5193333333333333	0.468	0.45266666666666666	0.49466666666666664	0.4533333333333333	0.44866666666666666	0.478	0.43333333333333335	0.43533333333333335	0.418	0.38	0.372	0.36866666666666664	0.37933333333333336	0.36466666666666664	0.3293333333333333	0.36	0.33466666666666667	0.31733333333333336	0.334	0.30533333333333335	0.29733333333333334	0.29333333333333333	0.2866666666666667	0.296	0.27666666666666667	0.25533333333333336	0.2773333333333333	0.21533333333333332	0.23	0.226	0.242	0.22333333333333333	0.226	0.212	0.198	0.18066666666666667	0.178	0.19733333333333333	0.184	0.15066666666666667	0.164	0.17266666666666666	0.15533333333333332	0.14666666666666667	0.13733333333333334	0.14133333333333334	0.13066666666666665	0.11266666666666666	
1.3873333333333333	1.374	1.3026666666666666	1.2673333333333334	1.2913333333333334	1.2313333333333334	1.238	1.218	1.17	1.1366666666666667	1.122	1.1306666666666667	1.104	1.0466666666666666	1.0613333333333332	1.0213333333333334	1.0253333333333334	0.9713333333333334	0.9526666666666667	0.918	0.9166666666666666	0.916	0.9	0.92	0.818	0.8373333333333334	0.8206666666666667	0.8266666666666667	0.7786666666666666	0.796	0.7773333333333333	0.748	0.7213333333333334	0.708	0.716	0.6733333333333333	0.6666666666666666	0.6526666666666666	0.624	0.646	0.588	0.5913333333333334	0.5833333333333334	0.5893333333333334	0.6073333333333333	0.5313333333333333	0.592	0.5286666666666666	0.522	0.4713333333333333	0.49666666666666665	0.5	0.4806666666666667	0.494	0.44533333333333336	0.44466666666666665	0.46	0.42333333333333334	0.392	0.38666666666666666	0.396	0.3913333333333333	0.4073333333333333	0.3526666666666667	0.35	0.3626666666666667	0.322	0.32133333333333336	0.32466666666666666	0.33866666666666667	0.30666666666666664	0.302	0.32	0.29333333333333333	0.27666666666666667	0.24866666666666667	0.244	0.25	0.23333333333333334	0.21733333333333332	0.23133333333333334	0.24466666666666667	0.214	0.188	0.20933333333333334	0.186	0.20066666666666666	0.184	0.18	0.158	0.16533333333333333	0.16733333333333333	0.15333333333333332	0.14	0.14333333333333334	0.14266666666666666	0.12533333333333332	0.124	0.11133333333333334	
1.306	1.3533333333333333	1.3226666666666667	1.242	1.2286666666666666	1.2513333333333334	1.128	1.1846666666666668	1.192	1.1133333333333333	1.1073333333333333	1.0566666666666666	1.114	1.062	1.0406666666666666	1.0173333333333334	1.026	0.9493333333333334	0.936	0.8913333333333333	0.8713333333333333	0.9466666666666667	0.8853333333333333	0.8686666666666667	0.834	0.8106666666666666	0.842	0.7593333333333333	0.7686666666666667	0.764	0.7786666666666666	0.7433333333333333	0.722	0.7393333333333333	0.6606666666666666	0.6766666666666666	0.6826666666666666	0.6666666666666666	0.6113333333333333	0.6113333333333333	0.6053333333333333	0.6073333333333333	0.5593333333333333	0.5566666666666666	0.564	0.5633333333333334	0.542	0.5346666666666666	0.486	0.52	0.488	0.47533333333333333	0.4533333333333333	0.47733333333333333	0.44533333333333336	0.444	0.41533333333333333	0.4206666666666667	0.404	0.39666666666666667	0.3873333333333333	0.38	0.36333333333333334	0.388	0.3586666666666667	0.34	0.3373333333333333	0.2813333333333333	0.302	0.338	0.2906666666666667	0.29933333333333334	0.2773333333333333	0.2806666666666667	0.2613333333333333	0.248	0.258	0.22533333333333333	0.24	0.23866666666666667	0.22666666666666666	0.228	0.18466666666666667	0.214	0.216	0.204	0.17933333333333334	0.18133333333333335	0.172	0.16533333333333333	0.138	0.15	0.16	0.14933333333333335	0.14333333333333334	0.12866666666666668	0.12466666666666666	0.12466666666666666	0.138	
1.3586666666666667	1.342	1.29	1.314	1.236	1.238	1.212	1.22	1.1706666666666667	1.0846666666666667	1.1006666666666667	1.056	1.0686666666666667	1.0166666666666666	1.0586666666666666	0.9133333333333333	1.0433333333333332	0.9173333333333333	0.9393333333333334	0.8713333333333333	0.8833333333333333	0.8526666666666667	0.8793333333333333	0.8833333333333333	0.822	0.7833333333333333	0.8066666666666666	0.7986666666666666	0.742	0.7753333333333333	0.722	0.7333333333333333	0.7286666666666667	0.7113333333333334	0.6606666666666666	0.656	0.658	0.6733333333333333	0.6093333333333333	0.6713333333333333	0.5566666666666666	0.5926666666666667	0.5926666666666667	0.5606666666666666	0.5346666666666666	0.5573333333333333	0.49933333333333335	0.486	0.4786666666666667	0.5186666666666667	0.484	0.4493333333333333	0.4493333333333333	0.462	0.43666666666666665	0.42733333333333334	0.426	0.3913333333333333	0.4186666666666667	0.37333333333333335	0.4026666666666667	0.378	0.37466666666666665	0.346	0.354	0.336	0.32866666666666666	0.30666666666666664	0.296	0.2946666666666667	0.288	0.2866666666666667	0.29733333333333334	0.2633333333333333	0.25666666666666665	0.24	0.24133333333333334	0.24466666666666667	0.21466666666666667	0.22733333333333333	0.19933333333333333	0.21333333333333335	0.196	0.2	0.19733333333333333	0.198	0.188	0.186	0.18266666666666667	0.168	0.17133333333333334	0.14333333333333334	0.148	0.14733333333333334	0.134	0.12133333333333333	0.126	0.128	0.112	
1.2993333333333332	1.3	1.272	1.2413333333333334	1.1793333333333333	1.1366666666666667	1.1346666666666667	1.1333333333333333	1.078	1.1053333333333333	1.082	1.0553333333333332	1.054	1.004	0.9686666666666667	0.9893333333333333	0.9833333333333333	0.93	0.8993333333333333	0.882	0.8406666666666667	0.8913333333333333	0.8566666666666667	0.8486666666666667	0.804	0.8093333333333333	0.7813333333333333	0.7653333333333333	0.732	0.7453333333333333	0.718	0.674	0.7033333333333334	0.6633333333333333	0.6693333333333333	0.6913333333333334	0.618	0.638	0.6366666666666667	0.6453333333333333	0.588	0.5573333333333333	0.552	0.558	0.538	0.5393333333333333	0.5153333333333333	0.5293333333333333	0.49066666666666664	0.516	0.502	0.43533333333333335	0.4646666666666667	0.4513333333333333	0.43333333333333335	0.44733333333333336	0.432	0.37933333333333336	0.376	0.38133333333333336	0.37933333333333336	0.358	0.3466666666666667	0.38533333333333336	0.3606666666666667	0.33666666666666667	0.33266666666666667	0.31066666666666665	0.302	0.28733333333333333	0.278	0.282	0.27666666666666667	0.25133333333333335	0.25133333333333335	0.24	0.24066666666666667	0.23866666666666667	0.23333333333333334	0.242	0.21466666666666667	0.19466666666666665	0.19733333333333333	0.18866666666666668	0.178	0.15466666666666667	0.16333333333333333	0.164	0.16666666666666666	0.15666666666666668	0.14466666666666667	0.14733333333333334	0.14	0.14266666666666666	0.13266666666666665	0.11933333333333333	0.12	0.13466666666666666	0.124	
1.274	1.2333333333333334	1.176	1.2493333333333334	1.18	1.186	1.1313333333333333	1.1286666666666667	1.1266666666666667	1.0893333333333333	1.0913333333333333	1.0653333333333332	1.068	0.9853333333333333	0.98	0.982	0.9393333333333334	0.9286666666666666	0.8693333333333333	0.912	0.886	0.8606666666666667	0.8593333333333333	0.8126666666666666	0.8126666666666666	0.7753333333333333	0.7726666666666666	0.7506666666666667	0.7466666666666667	0.7553333333333333	0.7426666666666667	0.7033333333333334	0.6913333333333334	0.6946666666666667	0.6526666666666666	0.6553333333333333	0.6366666666666667	0.6106666666666667	0.6006666666666667	0.6013333333333334	0.55	0.56	0.5786666666666667	0.5653333333333334	0.552	0.49266666666666664	0.4826666666666667	0.496	0.5233333333333333	0.49266666666666664	0.44466666666666665	0.43466666666666665	0.4266666666666667	0.4	0.41733333333333333	0.4246666666666667	0.42	0.392	0.37133333333333335	0.37933333333333336	0.38333333333333336	0.36333333333333334	0.3566666666666667	0.328	0.316	0.31533333333333335	0.306	0.30533333333333335	0.2826666666666667	0.2906666666666667	0.26	0.2713333333333333	0.2653333333333333	0.25333333333333335	0.25733333333333336	0.23533333333333334	0.20266666666666666	0.23333333333333334	0.22133333333333333	0.20933333333333334	0.182	0.20466666666666666	0.18866666666666668	0.20133333333333334	0.194	0.18666666666666668	0.16933333333333334	0.17466666666666666	0.168	0.15666666666666668	0.15533333333333332	0.15466666666666667	0.15066666666666667	0.152	0.14066666666666666	0.13666666666666666	0.124	0.122	0.106	
1.302	1.2966666666666666	1.1666666666666667	1.146	1.134	1.1126666666666667	1.112	1.066	1.0713333333333332	1.0366666666666666	0.9866666666666667	0.9553333333333334	0.9906666666666667	0.9846666666666667	0.958	0.9173333333333333	0.9186666666666666	0.9006666666666666	0.9033333333333333	0.8886666666666667	0.8826666666666667	0.848	0.8146666666666667	0.8266666666666667	0.7753333333333333	0.7833333333333333	0.7453333333333333	0.7653333333333333	0.736	0.6813333333333333	0.6933333333333334	0.6753333333333333	0.6626666666666666	0.6106666666666667	0.6513333333333333	0.6306666666666667	0.6426666666666667	0.574	0.5913333333333334	0.598	0.5386666666666666	0.5533333333333333	0.54	0.526	0.5446666666666666	0.5286666666666666	0.456	0.486	0.4646666666666667	0.466	0.4646666666666667	0.46066666666666667	0.42866666666666664	0.43066666666666664	0.428	0.4	0.41	0.4	0.376	0.37333333333333335	0.3413333333333333	0.342	0.36466666666666664	0.336	0.332	0.28933333333333333	0.286	0.28933333333333333	0.31	0.2946666666666667	0.30533333333333335	0.274	0.2786666666666667	0.26866666666666666	0.254	0.23733333333333334	0.246	0.22533333333333333	0.21866666666666668	0.21866666666666668	0.19533333333333333	0.19733333333333333	0.19733333333333333	0.192	0.18666666666666668	0.19533333333333333	0.17533333333333334	0.15466666666666667	0.15066666666666667	0.14	0.17	0.14	0.15	0.13066666666666665	0.12266666666666666	0.12333333333333334	0.124	0.124	0.10333333333333333	
1.2926666666666666	1.1786666666666668	1.172	1.164	1.0786666666666667	1.1606666666666667	1.0993333333333333	1.0513333333333332	1.06	1.0526666666666666	0.9966666666666667	0.9626666666666667	0.964	1.012	0.9206666666666666	0.914	0.9433333333333334	0.9066666666666666	0.8706666666666667	0.84	0.816	0.82	0.83	0.802	0.7453333333333333	0.7233333333333334	0.738	0.706	0.6826666666666666	0.7006666666666667	0.6406666666666667	0.6586666666666666	0.664	0.6773333333333333	0.6313333333333333	0.612	0.5893333333333334	0.5793333333333334	0.532	0.5833333333333334	0.5733333333333334	0.5593333333333333	0.5326666666666666	0.534	0.5346666666666666	0.5126666666666667	0.4513333333333333	0.4746666666666667	0.456	0.5046666666666667	0.4246666666666667	0.42933333333333334	0.4086666666666667	0.41733333333333333	0.39666666666666667	0.39466666666666667	0.4013333333333333	0.39466666666666667	0.38	0.33466666666666667	0.33	0.348	0.348	0.32266666666666666	0.3373333333333333	0.29533333333333334	0.306	0.31733333333333336	0.2826666666666667	0.2853333333333333	0.26866666666666666	0.23266666666666666	0.254	0.24133333333333334	0.23933333333333334	0.214	0.23533333333333334	0.24	0.212	0.23266666666666666	0.20266666666666666	0.21133333333333335	0.18266666666666667	0.178	0.172	0.18	0.178	0.15933333333333333	0.16266666666666665	0.14266666666666666	0.15866666666666668	0.12066666666666667	0.12466666666666666	0.134	0.126	0.134	0.11133333333333334	0.11533333333333333	0.116	
1.2246666666666666	1.2086666666666666	1.142	1.1833333333333333	1.0993333333333333	1.068	1.068	1.0373333333333334	0.9973333333333333	1.0046666666666666	0.9966666666666667	1.0126666666666666	0.9613333333333334	0.942	0.9373333333333334	0.8866666666666667	0.888	0.8306666666666667	0.904	0.8366666666666667	0.804	0.7813333333333333	0.7846666666666666	0.77	0.736	0.7506666666666667	0.7346666666666667	0.686	0.68	0.7026666666666667	0.7126666666666667	0.68	0.644	0.666	0.6113333333333333	0.6	0.586	0.6166666666666667	0.5773333333333334	0.57	0.5253333333333333	0.5406666666666666	0.5486666666666666	0.5426666666666666	0.49133333333333334	0.456	0.4766666666666667	0.468	0.4686666666666667	0.456	0.44	0.4126666666666667	0.418	0.39666666666666667	0.38533333333333336	0.43	0.3506666666666667	0.36133333333333334	0.358	0.3466666666666667	0.344	0.3293333333333333	0.32066666666666666	0.316	0.316	0.30733333333333335	0.2846666666666667	0.2966666666666667	0.312	0.262	0.25533333333333336	0.2733333333333333	0.23933333333333334	0.236	0.22733333333333333	0.218	0.22666666666666666	0.21666666666666667	0.232	0.20466666666666666	0.18933333333333333	0.188	0.19333333333333333	0.17533333333333334	0.18466666666666667	0.17	0.166	0.172	0.14	0.154	0.14733333333333334	0.14266666666666666	0.11933333333333333	0.12333333333333334	0.12666666666666668	0.11066666666666666	0.10666666666666667	0.108	0.09266666666666666	
1.202	1.148	1.076	1.1013333333333333	1.084	1.076	1.064	1.034	1.0626666666666666	0.9913333333333333	0.9826666666666667	0.9353333333333333	0.978	0.9326666666666666	0.9566666666666667	0.8946666666666667	0.818	0.8586666666666667	0.826	0.824	0.7846666666666666	0.7953333333333333	0.7846666666666666	0.7506666666666667	0.796	0.7146666666666667	0.6833333333333333	0.6753333333333333	0.6853333333333333	0.7053333333333334	0.6793333333333333	0.636	0.6393333333333333	0.64	0.6213333333333333	0.6086666666666667	0.55	0.5873333333333334	0.5746666666666667	0.5626666666666666	0.5546666666666666	0.526	0.5046666666666667	0.48933333333333334	0.5006666666666667	0.4866666666666667	0.48	0.4493333333333333	0.43466666666666665	0.42933333333333334	0.448	0.4013333333333333	0.3993333333333333	0.39066666666666666	0.3933333333333333	0.398	0.3626666666666667	0.35133333333333333	0.3606666666666667	0.342	0.33666666666666667	0.326	0.31933333333333336	0.2986666666666667	0.29733333333333334	0.2713333333333333	0.29733333333333334	0.2853333333333333	0.29	0.2613333333333333	0.272	0.2613333333333333	0.2693333333333333	0.236	0.21666666666666667	0.23666666666666666	0.208	0.20933333333333334	0.20866666666666667	0.20533333333333334	0.19933333333333333	0.20733333333333334	0.182	0.184	0.17933333333333334	0.15133333333333332	0.16533333333333333	0.15933333333333333	0.15266666666666667	0.13866666666666666	0.148	0.14	0.13533333333333333	0.126	0.14066666666666666	0.122	0.11666666666666667	0.11333333333333333	0.10133333333333333	
1.1993333333333334	1.16	1.1593333333333333	1.0746666666666667	1.0513333333333332	1.034	1.026	1.0026666666666666	0.9893333333333333	0.9693333333333334	0.966	0.9313333333333333	0.9426666666666667	0.9293333333333333	0.894	0.8593333333333333	0.8253333333333334	0.828	0.8293333333333334	0.7586666666666667	0.7533333333333333	0.7593333333333333	0.7373333333333333	0.7686666666666667	0.7213333333333334	0.7026666666666667	0.712	0.6926666666666667	0.6926666666666667	0.6566666666666666	0.6206666666666667	0.636	0.6326666666666667	0.63	0.586	0.5993333333333334	0.5986666666666667	0.5853333333333334	0.5213333333333333	0.5233333333333333	0.496	0.5353333333333333	0.4786666666666667	0.47333333333333333	0.5013333333333333	0.4846666666666667	0.466	0.438	0.4073333333333333	0.44333333333333336	0.43333333333333335	0.41333333333333333	0.4106666666666667	0.40066666666666667	0.37266666666666665	0.37466666666666665	0.3486666666666667	0.36466666666666664	0.364	0.326	0.35	0.344	0.31933333333333336	0.31533333333333335	0.30333333333333334	0.2846666666666667	0.27466666666666667	0.264	0.28	0.2886666666666667	0.2613333333333333	0.232	0.254	0.234	0.24133333333333334	0.22266666666666668	0.19466666666666665	0.21466666666666667	0.21333333333333335	0.19333333333333333	0.21466666666666667	0.16533333333333333	0.178	0.16533333333333333	0.172	0.15933333333333333	0.15466666666666667	0.15866666666666668	0.15466666666666667	0.12133333333333333	0.13733333333333334	0.14733333333333334	0.14	0.116	0.134	0.11533333333333333	0.12133333333333333	0.09733333333333333	0.11866666666666667	
1.202	1.118	1.1406666666666667	1.0586666666666666	1.1	1.0793333333333333	1.052	0.9406666666666667	0.9646666666666667	0.9806666666666667	0.9066666666666666	0.95	0.8826666666666667	0.8993333333333333	0.8233333333333334	0.8146666666666667	0.852	0.788	0.8246666666666667	0.768	0.77	0.76	0.7773333333333333	0.7386666666666667	0.7306666666666667	0.6893333333333334	0.6966666666666667	0.6726666666666666	0.6513333333333333	0.6493333333333333	0.692	0.6513333333333333	0.6233333333333333	0.5706666666666667	0.55	0.5633333333333334	0.538	0.5306666666666666	0.514	0.5546666666666666	0.5106666666666667	0.5086666666666667	0.484	0.488	0.46066666666666667	0.4746666666666667	0.44733333333333336	0.44333333333333336	0.4553333333333333	0.42133333333333334	0.408	0.384	0.41733333333333333	0.39	0.392	0.366	0.36333333333333334	0.348	0.3373333333333333	0.318	0.332	0.31266666666666665	0.30666666666666664	0.31733333333333336	0.296	0.272	0.266	0.2853333333333333	0.25533333333333336	0.272	0.252	0.25066666666666665	0.248	0.21866666666666668	0.212	0.22866666666666666	0.232	0.21933333333333332	0.19666666666666666	0.21266666666666667	0.208	0.18066666666666667	0.18	0.16066666666666668	0.17533333333333334	0.172	0.152	0.14466666666666667	0.134	0.12666666666666668	0.13866666666666666	0.14733333333333334	0.13866666666666666	0.112	0.12066666666666667	0.096	0.09	0.11333333333333333	0.10666666666666667	
1.14	1.0446666666666666	1.0486666666666666	1.0453333333333332	0.9806666666666667	1.0493333333333332	1.0453333333333332	0.9786666666666667	0.9926666666666667	0.936	0.944	0.9353333333333333	0.8553333333333333	0.8873333333333333	0.8313333333333334	0.826	0.818	0.7546666666666667	0.7786666666666666	0.7453333333333333	0.744	0.7553333333333333	0.736	0.6853333333333333	0.64	0.6553333333333333	0.672	0.6566666666666666	0.6373333333333333	0.612	0.6346666666666667	0.5813333333333334	0.6106666666666667	0.5993333333333334	0.5673333333333334	0.592	0.5813333333333334	0.56	0.49866666666666665	0.54	0.5053333333333333	0.524	0.48133333333333334	0.4713333333333333	0.4553333333333333	0.462	0.428	0.4513333333333333	0.41733333333333333	0.388	0.41	0.38533333333333336	0.398	0.3933333333333333	0.364	0.37733333333333335	0.37266666666666665	0.34	0.3233333333333333	0.3566666666666667	0.308	0.312	0.324	0.302	0.30666666666666664	0.25333333333333335	0.28933333333333333	0.26466666666666666	0.25333333333333335	0.2753333333333333	0.25666666666666665	0.23133333333333334	0.22266666666666668	0.21466666666666667	0.23	0.22	0.22733333333333333	0.184	0.21266666666666667	0.194	0.18666666666666668	0.184	0.16733333333333333	0.18133333333333335	0.16733333333333333	0.164	0.136	0.15533333333333332	0.154	0.14133333333333334	0.14266666666666666	0.14266666666666666	0.11133333333333334	0.11733333333333333	0.102	0.118	0.11666666666666667	0.106	0.09466666666666666	
1.094	1.102	1.048	1.02	0.9726666666666667	1.0013333333333334	0.9293333333333333	0.9686666666666667	0.9113333333333333	0.9193333333333333	0.892	0.8706666666666667	0.904	0.852	0.8586666666666667	0.844	0.8233333333333334	0.784	0.7953333333333333	0.7186666666666667	0.7393333333333333	0.7473333333333333	0.704	0.6673333333333333	0.6633333333333333	0.6566666666666666	0.694	0.6486666666666666	0.666	0.606	0.644	0.6006666666666667	0.5486666666666666	0.5766666666666667	0.5453333333333333	0.5673333333333334	0.5546666666666666	0.5353333333333333	0.522	0.48333333333333334	0.4693333333333333	0.4866666666666667	0.4746666666666667	0.4646666666666667	0.4633333333333333	0.44066666666666665	0.43866666666666665	0.432	0.41533333333333333	0.3933333333333333	0.42933333333333334	0.37466666666666665	0.3526666666666667	0.37466666666666665	0.352	0.33866666666666667	0.3586666666666667	0.366	0.31533333333333335	0.324	0.30533333333333335	0.30866666666666664	0.3006666666666667	0.29333333333333333	0.2673333333333333	0.29733333333333334	0.27666666666666667	0.278	0.248	0.254	0.25133333333333335	0.24	0.21466666666666667	0.244	0.23133333333333334	0.21066666666666667	0.21	0.192	0.218	0.18933333333333333	0.184	0.18066666666666667	0.17466666666666666	0.18666666666666668	0.17333333333333334	0.17733333333333334	0.132	0.15333333333333332	0.134	0.12533333333333332	0.13533333333333333	0.134	0.11466666666666667	0.12133333333333333	0.12266666666666666	0.104	0.10133333333333333	0.11733333333333333	0.092	
1.048	1.04	1.0093333333333334	1.0166666666666666	1.0053333333333334	0.9906666666666667	0.8833333333333333	0.9806666666666667	0.9133333333333333	0.8686666666666667	0.9073333333333333	0.886	0.8393333333333334	0.8513333333333334	0.844	0.8326666666666667	0.7866666666666666	0.7346666666666667	0.7366666666666667	0.7593333333333333	0.744	0.7153333333333334	0.7186666666666667	0.7026666666666667	0.7146666666666667	0.6706666666666666	0.6773333333333333	0.6126666666666667	0.5886666666666667	0.598	0.588	0.5646666666666667	0.572	0.594	0.546	0.52	0.502	0.5106666666666667	0.522	0.5253333333333333	0.5026666666666667	0.4806666666666667	0.4613333333333333	0.4533333333333333	0.42	0.4226666666666667	0.408	0.404	0.4166666666666667	0.38866666666666666	0.36733333333333335	0.354	0.38333333333333336	0.35933333333333334	0.3506666666666667	0.3253333333333333	0.31733333333333336	0.35133333333333333	0.33	0.31133333333333335	0.30866666666666664	0.29	0.31	0.254	0.2753333333333333	0.262	0.29	0.25466666666666665	0.24733333333333332	0.24133333333333334	0.23066666666666666	0.23333333333333334	0.26066666666666666	0.222	0.21133333333333335	0.18933333333333333	0.204	0.196	0.21266666666666667	0.178	0.19266666666666668	0.19733333333333333	0.17133333333333334	0.166	0.14333333333333334	0.13866666666666666	0.15266666666666667	0.14066666666666666	0.12933333333333333	0.126	0.13733333333333334	0.126	0.12533333333333332	0.098	0.114	0.11733333333333333	0.10533333333333333	0.10066666666666667	0.08866666666666667	
1.0333333333333334	1.0593333333333332	1.0233333333333334	0.96	1.0126666666666666	0.9686666666666667	0.9493333333333334	0.944	0.8613333333333333	0.8893333333333333	0.826	0.8933333333333333	0.832	0.8006666666666666	0.8166666666666667	0.756	0.7646666666666667	0.7366666666666667	0.742	0.6986666666666667	0.6953333333333334	0.6686666666666666	0.686	0.6773333333333333	0.676	0.622	0.608	0.6346666666666667	0.6153333333333333	0.5813333333333334	0.5913333333333334	0.592	0.5813333333333334	0.5326666666666666	0.524	0.5573333333333333	0.5013333333333333	0.5113333333333333	0.4686666666666667	0.47333333333333333	0.478	0.4673333333333333	0.43466666666666665	0.432	0.422	0.392	0.404	0.36866666666666664	0.416	0.396	0.344	0.378	0.36333333333333334	0.38466666666666666	0.36	0.32266666666666666	0.32266666666666666	0.31466666666666665	0.3293333333333333	0.30266666666666664	0.30866666666666664	0.29533333333333334	0.31266666666666665	0.274	0.29133333333333333	0.26666666666666666	0.25866666666666666	0.2753333333333333	0.25466666666666665	0.232	0.24666666666666667	0.22733333333333333	0.23733333333333334	0.2	0.224	0.186	0.22266666666666668	0.192	0.18266666666666667	0.162	0.16533333333333333	0.18266666666666667	0.16466666666666666	0.16133333333333333	0.14333333333333334	0.17266666666666666	0.154	0.12333333333333334	0.13933333333333334	0.13066666666666665	0.11066666666666666	0.12933333333333333	0.11133333333333334	0.126	0.09333333333333334	0.11	0.09133333333333334	0.088	0.09866666666666667	
1.0553333333333332	1.0313333333333334	1.028	0.9093333333333333	0.9533333333333334	0.9413333333333334	0.942	0.8966666666666666	0.8733333333333333	0.828	0.844	0.8306666666666667	0.8533333333333334	0.8073333333333333	0.7833333333333333	0.7733333333333333	0.7693333333333333	0.7206666666666667	0.7173333333333334	0.7046666666666667	0.7266666666666667	0.66	0.6413333333333333	0.6586666666666666	0.6453333333333333	0.6393333333333333	0.6486666666666666	0.5946666666666667	0.5833333333333334	0.5746666666666667	0.5846666666666667	0.5766666666666667	0.5513333333333333	0.5366666666666666	0.516	0.5166666666666667	0.49933333333333335	0.494	0.48133333333333334	0.478	0.44733333333333336	0.45866666666666667	0.4633333333333333	0.43733333333333335	0.448	0.422	0.42533333333333334	0.4066666666666667	0.3913333333333333	0.39866666666666667	0.32133333333333336	0.388	0.3473333333333333	0.332	0.3486666666666667	0.3406666666666667	0.31066666666666665	0.3233333333333333	0.3586666666666667	0.2853333333333333	0.2806666666666667	0.28933333333333333	0.284	0.272	0.2773333333333333	0.2693333333333333	0.26666666666666666	0.23733333333333334	0.25733333333333336	0.23	0.226	0.196	0.22533333333333333	0.21333333333333335	0.204	0.20666666666666667	0.19	0.18333333333333332	0.204	0.174	0.17466666666666666	0.18533333333333332	0.148	0.13733333333333334	0.15333333333333332	0.16466666666666666	0.13733333333333334	0.13533333333333333	0.13733333333333334	0.13666666666666666	0.136	0.116	0.122	0.11533333333333333	0.10466666666666667	0.1	0.11733333333333333	0.092	0.09133333333333334	
0.958	0.9473333333333334	0.9346666666666666	0.9346666666666666	0.8893333333333333	0.8973333333333333	0.8733333333333333	0.882	0.8793333333333333	0.8573333333333333	0.826	0.8126666666666666	0.794	0.7706666666666667	0.7406666666666667	0.7446666666666667	0.7566666666666667	0.716	0.6853333333333333	0.682	0.6913333333333334	0.6713333333333333	0.648	0.6393333333333333	0.6106666666666667	0.6206666666666667	0.5833333333333334	0.5606666666666666	0.5806666666666667	0.6113333333333333	0.5773333333333334	0.5686666666666667	0.5233333333333333	0.506	0.4886666666666667	0.498	0.5033333333333333	0.49933333333333335	0.48533333333333334	0.49666666666666665	0.456	0.45266666666666666	0.436	0.426	0.4106666666666667	0.3953333333333333	0.41	0.4166666666666667	0.36866666666666664	0.3873333333333333	0.374	0.3626666666666667	0.322	0.33	0.32	0.31866666666666665	0.30933333333333335	0.33	0.2946666666666667	0.2846666666666667	0.28733333333333333	0.2733333333333333	0.2653333333333333	0.24933333333333332	0.266	0.24666666666666667	0.24866666666666667	0.24933333333333332	0.25066666666666665	0.23333333333333334	0.21133333333333335	0.21133333333333335	0.20533333333333334	0.21266666666666667	0.18466666666666667	0.19933333333333333	0.19466666666666665	0.19266666666666668	0.17	0.17666666666666667	0.158	0.15666666666666668	0.154	0.15866666666666668	0.13533333333333333	0.13133333333333333	0.13866666666666666	0.13333333333333333	0.12933333333333333	0.122	0.11533333333333333	0.13333333333333333	0.12133333333333333	0.09466666666666666	0.11333333333333333	0.09533333333333334	0.11933333333333333	0.09	0.09933333333333333	
1.0273333333333334	0.994	0.962	0.9353333333333333	0.9266666666666666	0.922	0.9173333333333333	0.8633333333333333	0.8346666666666667	0.8353333333333334	0.8386666666666667	0.7873333333333333	0.7893333333333333	0.7626666666666667	0.7453333333333333	0.7466666666666667	0.6806666666666666	0.7166666666666667	0.6993333333333334	0.666	0.662	0.648	0.636	0.6513333333333333	0.6513333333333333	0.6373333333333333	0.598	0.5866666666666667	0.5673333333333334	0.5313333333333333	0.5373333333333333	0.56	0.5406666666666666	0.5313333333333333	0.536	0.49533333333333335	0.47733333333333333	0.458	0.45666666666666667	0.4686666666666667	0.4186666666666667	0.45466666666666666	0.43066666666666664	0.4066666666666667	0.40066666666666667	0.41333333333333333	0.38133333333333336	0.3546666666666667	0.38266666666666665	0.366	0.36533333333333334	0.3393333333333333	0.3233333333333333	0.328	0.322	0.304	0.3233333333333333	0.31133333333333335	0.296	0.29333333333333333	0.29533333333333334	0.26266666666666666	0.27466666666666667	0.23866666666666667	0.272	0.23733333333333334	0.25066666666666665	0.24933333333333332	0.254	0.24466666666666667	0.22066666666666668	0.23466666666666666	0.19733333333333333	0.23266666666666666	0.20733333333333334	0.188	0.18	0.17	0.18066666666666667	0.17333333333333334	0.14533333333333334	0.17066666666666666	0.162	0.152	0.144	0.15933333333333333	0.14733333333333334	0.12333333333333334	0.11266666666666666	0.11333333333333333	0.108	0.12133333333333333	0.122	0.09933333333333333	0.09933333333333333	0.104	0.09933333333333333	0.082	0.08733333333333333	
0.996	0.9426666666666667	0.946	0.9526666666666667	0.9	0.8966666666666666	0.842	0.8066666666666666	0.8206666666666667	0.8166666666666667	0.7966666666666666	0.8	0.7813333333333333	0.7986666666666666	0.7473333333333333	0.7473333333333333	0.7386666666666667	0.714	0.6813333333333333	0.6873333333333334	0.708	0.6746666666666666	0.632	0.6386666666666667	0.5986666666666667	0.644	0.584	0.5893333333333334	0.564	0.5586666666666666	0.5433333333333333	0.49933333333333335	0.5186666666666667	0.514	0.478	0.486	0.4533333333333333	0.4653333333333333	0.45666666666666667	0.452	0.426	0.4513333333333333	0.456	0.41733333333333333	0.414	0.394	0.3873333333333333	0.37466666666666665	0.382	0.3446666666666667	0.3546666666666667	0.33266666666666667	0.3626666666666667	0.3353333333333333	0.348	0.28	0.30533333333333335	0.30333333333333334	0.294	0.31666666666666665	0.31133333333333335	0.29933333333333334	0.27	0.252	0.23066666666666666	0.23666666666666666	0.22266666666666668	0.22533333333333333	0.23133333333333334	0.22466666666666665	0.186	0.206	0.21333333333333335	0.19933333333333333	0.19066666666666668	0.202	0.19133333333333333	0.18466666666666667	0.18266666666666667	0.136	0.18466666666666667	0.16066666666666668	0.146	0.136	0.14866666666666667	0.14933333333333335	0.13266666666666665	0.12466666666666666	0.11466666666666667	0.12	0.116	0.114	0.10733333333333334	0.10666666666666667	0.10266666666666667	0.09666666666666666	0.10733333333333334	0.09733333333333333	0.08333333333333333	
0.9886666666666667	0.924	0.9466666666666667	0.89	0.8966666666666666	0.8866666666666667	0.8373333333333334	0.8533333333333334	0.7946666666666666	0.824	0.806	0.7926666666666666	0.7246666666666667	0.7533333333333333	0.732	0.7353333333333333	0.6993333333333334	0.7106666666666667	0.6966666666666667	0.686	0.6646666666666666	0.654	0.6486666666666666	0.628	0.5846666666666667	0.6246666666666667	0.5333333333333333	0.5406666666666666	0.5746666666666667	0.5413333333333333	0.5113333333333333	0.5433333333333333	0.5073333333333333	0.506	0.49933333333333335	0.5026666666666667	0.48333333333333334	0.45866666666666667	0.46266666666666667	0.4206666666666667	0.44266666666666665	0.4166666666666667	0.412	0.448	0.424	0.402	0.38666666666666666	0.37533333333333335	0.36466666666666664	0.35133333333333333	0.3566666666666667	0.34	0.336	0.31733333333333336	0.32866666666666666	0.338	0.312	0.26466666666666666	0.2833333333333333	0.276	0.2786666666666667	0.286	0.282	0.25066666666666665	0.23666666666666666	0.24	0.26066666666666666	0.21666666666666667	0.22066666666666668	0.22333333333333333	0.194	0.238	0.21	0.19	0.186	0.19	0.16866666666666666	0.17266666666666666	0.16133333333333333	0.16466666666666666	0.19266666666666668	0.16066666666666668	0.14133333333333334	0.16	0.15533333333333332	0.13666666666666666	0.12733333333333333	0.14066666666666666	0.124	0.13133333333333333	0.10866666666666666	0.11133333333333334	0.106	0.12333333333333334	0.09266666666666666	0.07933333333333334	0.094	0.09666666666666666	0.08	
0.9806666666666667	0.944	0.926	0.8953333333333333	0.8986666666666666	0.9073333333333333	0.852	0.8426666666666667	0.828	0.784	0.7946666666666666	0.7653333333333333	0.7633333333333333	0.752	0.7373333333333333	0.7126666666666667	0.6993333333333334	0.6693333333333333	0.66	0.7053333333333334	0.664	0.6526666666666666	0.602	0.604	0.6366666666666667	0.5633333333333334	0.6	0.566	0.5566666666666666	0.5653333333333334	0.5386666666666666	0.514	0.5253333333333333	0.48133333333333334	0.47533333333333333	0.482	0.48733333333333334	0.45666666666666667	0.44066666666666665	0.41	0.434	0.44733333333333336	0.43866666666666665	0.4106666666666667	0.406	0.392	0.38333333333333336	0.36933333333333335	0.3586666666666667	0.362	0.342	0.3433333333333333	0.342	0.30866666666666664	0.334	0.3313333333333333	0.30333333333333334	0.31133333333333335	0.2846666666666667	0.25333333333333335	0.2806666666666667	0.286	0.25733333333333336	0.25466666666666665	0.24866666666666667	0.23533333333333334	0.24666666666666667	0.25	0.23733333333333334	0.20733333333333334	0.22733333333333333	0.21933333333333332	0.208	0.186	0.178	0.19333333333333333	0.194	0.18133333333333335	0.156	0.16533333333333333	0.174	0.16266666666666665	0.15466666666666667	0.16266666666666665	0.132	0.14866666666666667	0.126	0.12333333333333334	0.12733333333333333	0.12133333333333333	0.10666666666666667	0.10666666666666667	0.10333333333333333	0.09533333333333334	0.09133333333333334	0.11666666666666667	0.10266666666666667	0.09266666666666666	0.07666666666666666	
0.9386666666666666	0.93	0.874	0.858	0.8993333333333333	0.8586666666666667	0.8473333333333334	0.8413333333333334	0.7946666666666666	0.786	0.7793333333333333	0.78	0.7533333333333333	0.736	0.74	0.72	0.74	0.674	0.7073333333333334	0.63	0.6746666666666666	0.6073333333333333	0.6246666666666667	0.598	0.5786666666666667	0.5853333333333334	0.5626666666666666	0.5633333333333334	0.552	0.5413333333333333	0.5066666666666667	0.5233333333333333	0.5006666666666667	0.5226666666666666	0.492	0.4806666666666667	0.4746666666666667	0.446	0.45266666666666666	0.4826666666666667	0.45066666666666666	0.4206666666666667	0.42	0.3873333333333333	0.4026666666666667	0.37	0.36666666666666664	0.386	0.35533333333333333	0.352	0.33066666666666666	0.35333333333333333	0.32666666666666666	0.302	0.318	0.32266666666666666	0.292	0.294	0.2853333333333333	0.284	0.2886666666666667	0.25933333333333336	0.256	0.258	0.256	0.25	0.23866666666666667	0.224	0.22466666666666665	0.21533333333333332	0.20533333333333334	0.188	0.18666666666666668	0.20666666666666667	0.20666666666666667	0.16333333333333333	0.21466666666666667	0.18133333333333335	0.16466666666666666	0.16533333333333333	0.19266666666666668	0.15	0.14	0.14933333333333335	0.14466666666666667	0.146	0.13333333333333333	0.12533333333333332	0.132	0.12066666666666667	0.108	0.11333333333333333	0.106	0.11066666666666666	0.08533333333333333	0.09133333333333334	0.08066666666666666	0.09533333333333334	0.088	
0.938	0.9353333333333333	0.882	0.9133333333333333	0.886	0.868	0.798	0.8193333333333334	0.832	0.786	0.8146666666666667	0.784	0.772	0.734	0.7406666666666667	0.7013333333333334	0.758	0.6706666666666666	0.6853333333333333	0.6266666666666667	0.6466666666666666	0.6246666666666667	0.628	0.6013333333333334	0.5893333333333334	0.5446666666666666	0.5506666666666666	0.566	0.5573333333333333	0.5533333333333333	0.546	0.524	0.5133333333333333	0.4726666666666667	0.48333333333333334	0.4826666666666667	0.4573333333333333	0.482	0.4266666666666667	0.434	0.44	0.43933333333333335	0.3953333333333333	0.3913333333333333	0.392	0.4013333333333333	0.38466666666666666	0.3606666666666667	0.39666666666666667	0.37266666666666665	0.3293333333333333	0.3233333333333333	0.31933333333333336	0.328	0.302	0.30333333333333334	0.2966666666666667	0.298	0.26266666666666666	0.30666666666666664	0.2793333333333333	0.25866666666666666	0.254	0.24666666666666667	0.25133333333333335	0.26866666666666666	0.228	0.20066666666666666	0.22733333333333333	0.20533333333333334	0.21733333333333332	0.19866666666666666	0.19666666666666666	0.18666666666666668	0.18	0.178	0.17	0.18133333333333335	0.18066666666666667	0.164	0.16	0.15466666666666667	0.15	0.14	0.15666666666666668	0.148	0.132	0.12066666666666667	0.146	0.13	0.10666666666666667	0.1	0.1	0.09666666666666666	0.09466666666666666	0.09066666666666667	0.08733333333333333	0.088	0.076	
0.9266666666666666	0.914	0.8593333333333333	0.8706666666666667	0.8486666666666667	0.8706666666666667	0.8433333333333334	0.8293333333333334	0.778	0.768	0.784	0.7293333333333333	0.7666666666666667	0.746	0.6973333333333334	0.714	0.686	0.654	0.6626666666666666	0.62	0.6446666666666667	0.6273333333333333	0.6053333333333333	0.584	0.5886666666666667	0.5806666666666667	0.594	0.5713333333333334	0.5566666666666666	0.5486666666666666	0.5553333333333333	0.522	0.5293333333333333	0.4886666666666667	0.5033333333333333	0.4653333333333333	0.448	0.45866666666666667	0.4846666666666667	0.414	0.414	0.4073333333333333	0.3933333333333333	0.4146666666666667	0.37733333333333335	0.38333333333333336	0.364	0.36533333333333334	0.358	0.36466666666666664	0.3433333333333333	0.3473333333333333	0.3253333333333333	0.334	0.30733333333333335	0.2986666666666667	0.31133333333333335	0.2946666666666667	0.2986666666666667	0.276	0.2793333333333333	0.268	0.27066666666666667	0.26066666666666666	0.24	0.234	0.23733333333333334	0.214	0.208	0.20133333333333334	0.21666666666666667	0.20466666666666666	0.19333333333333333	0.184	0.198	0.17733333333333334	0.17533333333333334	0.18333333333333332	0.156	0.17133333333333334	0.16266666666666665	0.16666666666666666	0.15133333333333332	0.13933333333333334	0.15866666666666668	0.166	0.132	0.12533333333333332	0.11866666666666667	0.11666666666666667	0.12466666666666666	0.11066666666666666	0.10933333333333334	0.10866666666666666	0.1	0.096	0.09066666666666667	0.092	0.08066666666666666	
0.93	0.936	0.942	0.892	0.822	0.856	0.8433333333333334	0.77	0.7913333333333333	0.7773333333333333	0.7933333333333333	0.7413333333333333	0.7713333333333333	0.6766666666666666	0.7393333333333333	0.668	0.726	0.634	0.6846666666666666	0.6406666666666667	0.6426666666666667	0.65	0.6126666666666667	0.5906666666666667	0.554	0.554	0.5753333333333334	0.5386666666666666	0.5106666666666667	0.5333333333333333	0.5286666666666666	0.524	0.5086666666666667	0.524	0.498	0.498	0.48733333333333334	0.434	0.412	0.428	0.4246666666666667	0.39466666666666667	0.41933333333333334	0.41	0.37933333333333336	0.39666666666666667	0.352	0.364	0.35733333333333334	0.336	0.342	0.324	0.31266666666666665	0.314	0.31466666666666665	0.29533333333333334	0.2793333333333333	0.278	0.2653333333333333	0.268	0.2733333333333333	0.2713333333333333	0.268	0.26066666666666666	0.24866666666666667	0.21333333333333335	0.22866666666666666	0.24066666666666667	0.22133333333333333	0.21666666666666667	0.228	0.18266666666666667	0.18333333333333332	0.20133333333333334	0.19933333333333333	0.174	0.16333333333333333	0.15733333333333333	0.174	0.166	0.158	0.15666666666666668	0.148	0.13466666666666666	0.136	0.15266666666666667	0.124	0.13666666666666666	0.134	0.128	0.11466666666666667	0.10133333333333333	0.1	0.10666666666666667	0.09333333333333334	0.09866666666666667	0.106	0.08133333333333333	0.08133333333333333	
0.9106666666666666	0.9246666666666666	0.8753333333333333	0.8253333333333334	0.866	0.818	0.8293333333333334	0.82	0.7833333333333333	0.776	0.7366666666666667	0.7506666666666667	0.726	0.7386666666666667	0.7293333333333333	0.6686666666666666	0.6953333333333334	0.666	0.666	0.6613333333333333	0.6213333333333333	0.638	0.5953333333333334	0.6206666666666667	0.6333333333333333	0.5873333333333334	0.5226666666666666	0.5293333333333333	0.528	0.5073333333333333	0.5146666666666667	0.5026666666666667	0.49933333333333335	0.494	0.4726666666666667	0.462	0.464	0.46266666666666667	0.43933333333333335	0.4553333333333333	0.43666666666666665	0.3953333333333333	0.388	0.41533333333333333	0.36733333333333335	0.35333333333333333	0.37133333333333335	0.342	0.3413333333333333	0.366	0.32266666666666666	0.31733333333333336	0.37466666666666665	0.336	0.2946666666666667	0.29133333333333333	0.27666666666666667	0.27666666666666667	0.2786666666666667	0.2786666666666667	0.24	0.25933333333333336	0.24933333333333332	0.25066666666666665	0.24466666666666667	0.218	0.23733333333333334	0.218	0.22533333333333333	0.21133333333333335	0.208	0.20666666666666667	0.18933333333333333	0.2	0.17333333333333334	0.17666666666666667	0.18333333333333332	0.15866666666666668	0.16866666666666666	0.162	0.15866666666666668	0.14466666666666667	0.15333333333333332	0.142	0.14	0.126	0.126	0.11933333333333333	0.102	0.108	0.11533333333333333	0.12533333333333332	0.11066666666666666	0.098	0.09733333333333333	0.08666666666666667	0.08866666666666667	0.08333333333333333	0.09333333333333334	
0.93	0.9266666666666666	0.88	0.832	0.816	0.8673333333333333	0.7846666666666666	0.8046666666666666	0.8113333333333334	0.7733333333333333	0.776	0.7253333333333334	0.7026666666666667	0.694	0.6873333333333334	0.68	0.692	0.6533333333333333	0.67	0.648	0.638	0.618	0.6193333333333333	0.5666666666666667	0.5706666666666667	0.5133333333333333	0.574	0.5533333333333333	0.5333333333333333	0.5533333333333333	0.516	0.5266666666666666	0.4886666666666667	0.4826666666666667	0.4786666666666667	0.4693333333333333	0.462	0.462	0.42333333333333334	0.44266666666666665	0.37466666666666665	0.4093333333333333	0.37533333333333335	0.38333333333333336	0.3873333333333333	0.37466666666666665	0.364	0.348	0.36133333333333334	0.31733333333333336	0.35733333333333334	0.33666666666666667	0.31	0.2886666666666667	0.31466666666666665	0.32666666666666666	0.31866666666666665	0.26266666666666666	0.30466666666666664	0.256	0.278	0.24266666666666667	0.25333333333333335	0.24066666666666667	0.23533333333333334	0.214	0.22666666666666666	0.214	0.22266666666666668	0.212	0.19066666666666668	0.17066666666666666	0.204	0.18	0.18733333333333332	0.16066666666666668	0.176	0.17133333333333334	0.15733333333333333	0.16266666666666665	0.15466666666666667	0.142	0.14266666666666666	0.152	0.13266666666666665	0.14333333333333334	0.12733333333333333	0.116	0.112	0.108	0.106	0.12133333333333333	0.098	0.08466666666666667	0.09933333333333333	0.09266666666666666	0.09933333333333333	0.078	0.064	
0.9193333333333333	0.8686666666666667	0.8726666666666667	0.8806666666666667	0.8566666666666667	0.8646666666666667	0.848	0.7913333333333333	0.7926666666666666	0.764	0.762	0.7453333333333333	0.6926666666666667	0.6926666666666667	0.686	0.658	0.6946666666666667	0.6606666666666666	0.64	0.6313333333333333	0.6413333333333333	0.6006666666666667	0.5893333333333334	0.576	0.5833333333333334	0.5666666666666667	0.552	0.5346666666666666	0.5326666666666666	0.5093333333333333	0.4713333333333333	0.498	0.486	0.51	0.4886666666666667	0.44866666666666666	0.464	0.43733333333333335	0.424	0.4166666666666667	0.43466666666666665	0.4186666666666667	0.41333333333333333	0.3473333333333333	0.37266666666666665	0.39866666666666667	0.3566666666666667	0.364	0.31266666666666665	0.33866666666666667	0.346	0.298	0.31733333333333336	0.324	0.31133333333333335	0.3	0.30266666666666664	0.2853333333333333	0.2773333333333333	0.2633333333333333	0.244	0.25133333333333335	0.234	0.238	0.23333333333333334	0.22333333333333333	0.228	0.222	0.21666666666666667	0.20733333333333334	0.22666666666666666	0.202	0.18066666666666667	0.19333333333333333	0.18333333333333332	0.166	0.164	0.15933333333333333	0.158	0.14333333333333334	0.15133333333333332	0.14	0.13933333333333334	0.14733333333333334	0.12866666666666668	0.12666666666666668	0.108	0.12933333333333333	0.138	0.124	0.11266666666666666	0.108	0.10733333333333334	0.09933333333333333	0.09	0.10133333333333333	0.09066666666666667	0.07933333333333334	0.07733333333333334	
0.9166666666666666	0.9366666666666666	0.8873333333333333	0.9306666666666666	0.826	0.8246666666666667	0.764	0.7453333333333333	0.7826666666666666	0.722	0.7606666666666667	0.7186666666666667	0.712	0.6853333333333333	0.6966666666666667	0.6866666666666666	0.73	0.6526666666666666	0.6193333333333333	0.5973333333333334	0.6073333333333333	0.5986666666666667	0.5953333333333334	0.5793333333333334	0.578	0.5286666666666666	0.5313333333333333	0.5406666666666666	0.5026666666666667	0.4846666666666667	0.49266666666666664	0.48133333333333334	0.476	0.5026666666666667	0.4713333333333333	0.4653333333333333	0.43533333333333335	0.436	0.46066666666666667	0.436	0.4073333333333333	0.39	0.37533333333333335	0.35933333333333334	0.36533333333333334	0.37866666666666665	0.33	0.36666666666666664	0.35933333333333334	0.31066666666666665	0.33666666666666667	0.3433333333333333	0.2986666666666667	0.30333333333333334	0.292	0.284	0.30266666666666664	0.3	0.2806666666666667	0.2613333333333333	0.2613333333333333	0.24266666666666667	0.222	0.24933333333333332	0.21466666666666667	0.238	0.20866666666666667	0.21266666666666667	0.20466666666666666	0.184	0.194	0.2	0.20533333333333334	0.18533333333333332	0.20533333333333334	0.17066666666666666	0.184	0.174	0.16133333333333333	0.158	0.13733333333333334	0.14133333333333334	0.15333333333333332	0.11533333333333333	0.12866666666666668	0.13333333333333333	0.11933333333333333	0.112	0.126	0.11133333333333334	0.11333333333333333	0.10933333333333334	0.10866666666666666	0.09466666666666666	0.11133333333333334	0.092	0.09133333333333334	0.084	0.07066666666666667	
0.8866666666666667	0.85	0.8893333333333333	0.8146666666666667	0.8346666666666667	0.8513333333333334	0.7966666666666666	0.7586666666666667	0.77	0.772	0.714	0.6966666666666667	0.696	0.6866666666666666	0.7106666666666667	0.6526666666666666	0.6746666666666666	0.6233333333333333	0.6566666666666666	0.6466666666666666	0.592	0.614	0.592	0.5446666666666666	0.55	0.548	0.536	0.52	0.49533333333333335	0.4846666666666667	0.49333333333333335	0.4886666666666667	0.4673333333333333	0.44066666666666665	0.47333333333333333	0.42933333333333334	0.44733333333333336	0.458	0.4493333333333333	0.4106666666666667	0.4033333333333333	0.412	0.38333333333333336	0.4033333333333333	0.348	0.37266666666666665	0.3393333333333333	0.34933333333333333	0.3426666666666667	0.3426666666666667	0.32466666666666666	0.312	0.30533333333333335	0.31333333333333335	0.31266666666666665	0.28933333333333333	0.278	0.24933333333333332	0.26066666666666666	0.256	0.244	0.232	0.24666666666666667	0.242	0.23466666666666666	0.236	0.23666666666666666	0.216	0.21	0.21	0.19266666666666668	0.21	0.17266666666666666	0.20266666666666666	0.18066666666666667	0.17866666666666667	0.162	0.166	0.15	0.17666666666666667	0.144	0.16733333333333333	0.15266666666666667	0.11933333333333333	0.12466666666666666	0.10533333333333333	0.146	0.12333333333333334	0.10666666666666667	0.10066666666666667	0.10333333333333333	0.10333333333333333	0.106	0.08133333333333333	0.08533333333333333	0.09133333333333334	0.08866666666666667	0.084	0.08866666666666667	
0.8993333333333333	0.8893333333333333	0.7953333333333333	0.81	0.8446666666666667	0.8093333333333333	0.8173333333333334	0.7513333333333333	0.8006666666666666	0.7353333333333333	0.7606666666666667	0.766	0.7053333333333334	0.6806666666666666	0.6566666666666666	0.648	0.69	0.6373333333333333	0.63	0.586	0.6206666666666667	0.5633333333333334	0.5906666666666667	0.562	0.5613333333333334	0.5586666666666666	0.5326666666666666	0.5033333333333333	0.516	0.514	0.5166666666666667	0.4653333333333333	0.4766666666666667	0.48	0.4653333333333333	0.45266666666666666	0.43666666666666665	0.4613333333333333	0.4073333333333333	0.40066666666666667	0.43466666666666665	0.4033333333333333	0.4046666666666667	0.3953333333333333	0.354	0.376	0.346	0.36333333333333334	0.346	0.31466666666666665	0.32466666666666666	0.3313333333333333	0.28	0.292	0.31533333333333335	0.292	0.258	0.276	0.264	0.276	0.25	0.27266666666666667	0.24733333333333332	0.254	0.234	0.20866666666666667	0.21333333333333335	0.20066666666666666	0.19933333333333333	0.19266666666666668	0.21466666666666667	0.18733333333333332	0.204	0.18666666666666668	0.17733333333333334	0.16533333333333333	0.166	0.16466666666666666	0.152	0.156	0.14533333333333334	0.146	0.142	0.13066666666666665	0.13466666666666666	0.12066666666666667	0.10866666666666666	0.12333333333333334	0.094	0.10933333333333334	0.11866666666666667	0.116	0.10733333333333334	0.09666666666666666	0.08666666666666667	0.092	0.09666666666666666	0.07866666666666666	0.076	
0.89	0.8553333333333333	0.8493333333333334	0.8573333333333333	0.8273333333333334	0.8013333333333333	0.7846666666666666	0.7633333333333333	0.754	0.7633333333333333	0.736	0.696	0.712	0.646	0.652	0.6646666666666666	0.658	0.64	0.604	0.6133333333333333	0.622	0.5933333333333334	0.606	0.5606666666666666	0.554	0.5246666666666666	0.5586666666666666	0.5213333333333333	0.54	0.514	0.486	0.496	0.48333333333333334	0.4786666666666667	0.47733333333333333	0.4266666666666667	0.41333333333333333	0.422	0.4066666666666667	0.41933333333333334	0.36666666666666664	0.38266666666666665	0.366	0.38466666666666666	0.37133333333333335	0.376	0.358	0.35	0.3466666666666667	0.31266666666666665	0.3446666666666667	0.31333333333333335	0.318	0.2826666666666667	0.31	0.282	0.2926666666666667	0.2906666666666667	0.25666666666666665	0.25066666666666665	0.2753333333333333	0.27066666666666667	0.232	0.22333333333333333	0.228	0.23	0.23	0.208	0.21266666666666667	0.22	0.188	0.20333333333333334	0.18266666666666667	0.16666666666666666	0.17533333333333334	0.18933333333333333	0.152	0.182	0.14933333333333335	0.16066666666666668	0.15066666666666667	0.14666666666666667	0.144	0.144	0.12666666666666668	0.12866666666666668	0.12266666666666666	0.116	0.10733333333333334	0.11266666666666666	0.11133333333333334	0.11466666666666667	0.10733333333333334	0.09266666666666666	0.07933333333333334	0.092	0.07866666666666666	0.07466666666666667	0.084	
0.8773333333333333	0.858	0.8146666666666667	0.8513333333333334	0.792	0.81	0.7933333333333333	0.79	0.7073333333333334	0.7366666666666667	0.6766666666666666	0.7106666666666667	0.6986666666666667	0.6446666666666667	0.6546666666666666	0.644	0.684	0.6453333333333333	0.642	0.6133333333333333	0.5913333333333334	0.5726666666666667	0.5913333333333334	0.586	0.5326666666666666	0.5353333333333333	0.538	0.514	0.528	0.5093333333333333	0.49466666666666664	0.502	0.49666666666666665	0.45666666666666667	0.44466666666666665	0.468	0.412	0.41933333333333334	0.446	0.42533333333333334	0.36	0.4033333333333333	0.4013333333333333	0.36733333333333335	0.35533333333333333	0.368	0.3453333333333333	0.35333333333333333	0.3426666666666667	0.30733333333333335	0.33066666666666666	0.31866666666666665	0.304	0.29733333333333334	0.292	0.3006666666666667	0.29933333333333334	0.2786666666666667	0.258	0.2733333333333333	0.24333333333333335	0.26	0.22333333333333333	0.21666666666666667	0.22866666666666666	0.21	0.22133333333333333	0.21333333333333335	0.21666666666666667	0.19133333333333333	0.20666666666666667	0.19066666666666668	0.182	0.16866666666666666	0.188	0.15	0.17	0.14733333333333334	0.158	0.13533333333333333	0.14933333333333335	0.16266666666666665	0.126	0.12933333333333333	0.13	0.12333333333333334	0.12333333333333334	0.11666666666666667	0.09066666666666667	0.10866666666666666	0.112	0.10733333333333334	0.098	0.10266666666666667	0.09266666666666666	0.07733333333333334	0.082	0.082	0.084	
0.8666666666666667	0.8753333333333333	0.812	0.8173333333333334	0.814	0.7853333333333333	0.79	0.7593333333333333	0.7406666666666667	0.718	0.7173333333333334	0.708	0.6853333333333333	0.6373333333333333	0.654	0.6433333333333333	0.6613333333333333	0.638	0.6086666666666667	0.5693333333333334	0.602	0.5686666666666667	0.5766666666666667	0.57	0.5346666666666666	0.5433333333333333	0.5193333333333333	0.5186666666666667	0.488	0.5006666666666667	0.5206666666666667	0.4846666666666667	0.466	0.458	0.436	0.4493333333333333	0.41	0.388	0.40066666666666667	0.39	0.4033333333333333	0.4066666666666667	0.37333333333333335	0.37666666666666665	0.38133333333333336	0.36666666666666664	0.35333333333333333	0.3486666666666667	0.31	0.29933333333333334	0.312	0.32066666666666666	0.2886666666666667	0.316	0.288	0.26266666666666666	0.25866666666666666	0.26066666666666666	0.282	0.2613333333333333	0.24333333333333335	0.25466666666666665	0.25133333333333335	0.22933333333333333	0.24666666666666667	0.2	0.218	0.21666666666666667	0.19666666666666666	0.19533333333333333	0.18466666666666667	0.184	0.18	0.18733333333333332	0.176	0.16666666666666666	0.15466666666666667	0.14133333333333334	0.14466666666666667	0.15733333333333333	0.14733333333333334	0.15466666666666667	0.14933333333333335	0.12933333333333333	0.14133333333333334	0.122	0.10933333333333334	0.10733333333333334	0.112	0.12133333333333333	0.11133333333333334	0.10866666666666666	0.1	0.08266666666666667	0.10133333333333333	0.10733333333333334	0.08266666666666667	0.066	0.08866666666666667	
0.866	0.83	0.8353333333333334	0.8126666666666666	0.8	0.8026666666666666	0.7866666666666666	0.7486666666666667	0.722	0.7193333333333334	0.7173333333333334	0.688	0.6833333333333333	0.6653333333333333	0.6646666666666666	0.6426666666666667	0.612	0.6186666666666667	0.5633333333333334	0.6193333333333333	0.5666666666666667	0.5786666666666667	0.576	0.564	0.5413333333333333	0.5126666666666667	0.538	0.5026666666666667	0.5233333333333333	0.47933333333333333	0.49466666666666664	0.4686666666666667	0.46266666666666667	0.43666666666666665	0.44333333333333336	0.472	0.4026666666666667	0.4026666666666667	0.42133333333333334	0.384	0.3893333333333333	0.36533333333333334	0.368	0.37133333333333335	0.352	0.36733333333333335	0.31666666666666665	0.3393333333333333	0.3413333333333333	0.3353333333333333	0.306	0.31333333333333335	0.2853333333333333	0.2906666666666667	0.288	0.2866666666666667	0.29	0.266	0.258	0.24666666666666667	0.22666666666666666	0.244	0.214	0.22	0.238	0.22866666666666666	0.22466666666666665	0.20933333333333334	0.20466666666666666	0.20333333333333334	0.184	0.188	0.18333333333333332	0.19066666666666668	0.18066666666666667	0.16333333333333333	0.17733333333333334	0.14866666666666667	0.158	0.12933333333333333	0.138	0.156	0.132	0.13333333333333333	0.12866666666666668	0.11	0.108	0.118	0.11266666666666666	0.11133333333333334	0.11133333333333334	0.11333333333333333	0.08533333333333333	0.09666666666666666	0.09266666666666666	0.08	0.082	0.082	0.07466666666666667	
0.83	0.8946666666666667	0.8546666666666667	0.8626666666666667	0.7946666666666666	0.7706666666666667	0.754	0.7793333333333333	0.7606666666666667	0.71	0.646	0.6653333333333333	0.6526666666666666	0.6813333333333333	0.636	0.612	0.6113333333333333	0.614	0.6026666666666667	0.5613333333333334	0.5613333333333334	0.524	0.584	0.52	0.5573333333333333	0.48933333333333334	0.5053333333333333	0.48	0.466	0.49066666666666664	0.4713333333333333	0.472	0.47	0.4706666666666667	0.45866666666666667	0.43733333333333335	0.4613333333333333	0.41733333333333333	0.4146666666666667	0.4	0.4026666666666667	0.35933333333333334	0.3466666666666667	0.37133333333333335	0.364	0.3413333333333333	0.3473333333333333	0.316	0.3273333333333333	0.31266666666666665	0.30333333333333334	0.32466666666666666	0.29933333333333334	0.2946666666666667	0.28	0.272	0.26066666666666666	0.26866666666666666	0.27466666666666667	0.25533333333333336	0.248	0.23866666666666667	0.23666666666666666	0.23933333333333334	0.228	0.214	0.228	0.21066666666666667	0.222	0.188	0.19333333333333333	0.2	0.184	0.17666666666666667	0.15333333333333332	0.16	0.144	0.15266666666666667	0.14333333333333334	0.13666666666666666	0.134	0.142	0.12933333333333333	0.13533333333333333	0.12666666666666668	0.12266666666666666	0.11	0.118	0.11333333333333333	0.114	0.10466666666666667	0.09666666666666666	0.08733333333333333	0.09266666666666666	0.08866666666666667	0.08733333333333333	0.08733333333333333	0.06933333333333333	0.08266666666666667	
0.8853333333333333	0.8653333333333333	0.8073333333333333	0.7633333333333333	0.7966666666666666	0.7966666666666666	0.7253333333333334	0.756	0.7006666666666667	0.6873333333333334	0.6793333333333333	0.7346666666666667	0.6373333333333333	0.644	0.688	0.594	0.594	0.592	0.606	0.5626666666666666	0.5333333333333333	0.5686666666666667	0.568	0.5286666666666666	0.554	0.506	0.5513333333333333	0.48133333333333334	0.45466666666666666	0.49666666666666665	0.4513333333333333	0.48733333333333334	0.41933333333333334	0.42866666666666664	0.424	0.44666666666666666	0.45066666666666666	0.4053333333333333	0.394	0.386	0.38066666666666665	0.38666666666666666	0.36	0.38333333333333336	0.36333333333333334	0.33666666666666667	0.32666666666666666	0.32133333333333336	0.29533333333333334	0.296	0.324	0.29333333333333333	0.2853333333333333	0.2966666666666667	0.2813333333333333	0.25266666666666665	0.2813333333333333	0.252	0.2733333333333333	0.262	0.252	0.236	0.22266666666666668	0.22866666666666666	0.24333333333333335	0.20866666666666667	0.21266666666666667	0.19	0.21466666666666667	0.18333333333333332	0.19933333333333333	0.16266666666666665	0.16266666666666665	0.172	0.17533333333333334	0.156	0.15266666666666667	0.156	0.142	0.15466666666666667	0.146	0.144	0.12066666666666667	0.124	0.114	0.126	0.13333333333333333	0.10266666666666667	0.10666666666666667	0.10733333333333334	0.11266666666666666	0.09933333333333333	0.10066666666666667	0.06866666666666667	0.088	0.086	0.07533333333333334	0.07266666666666667	0.084	
0.8506666666666667	0.8326666666666667	0.82	0.8353333333333334	0.748	0.76	0.772	0.7646666666666667	0.7393333333333333	0.692	0.6866666666666666	0.7013333333333334	0.6833333333333333	0.6706666666666666	0.6366666666666667	0.6533333333333333	0.5833333333333334	0.6193333333333333	0.5993333333333334	0.5446666666666666	0.54	0.544	0.5473333333333333	0.5226666666666666	0.5533333333333333	0.534	0.514	0.472	0.5346666666666666	0.49466666666666664	0.446	0.4693333333333333	0.4713333333333333	0.442	0.4266666666666667	0.41533333333333333	0.39266666666666666	0.39866666666666667	0.398	0.368	0.37266666666666665	0.36733333333333335	0.334	0.3313333333333333	0.364	0.3393333333333333	0.32866666666666666	0.33266666666666667	0.31866666666666665	0.2966666666666667	0.31533333333333335	0.29133333333333333	0.2986666666666667	0.2786666666666667	0.25933333333333336	0.25933333333333336	0.26266666666666666	0.242	0.2693333333333333	0.25733333333333336	0.25666666666666665	0.23933333333333334	0.22666666666666666	0.22666666666666666	0.20266666666666666	0.20333333333333334	0.22066666666666668	0.20066666666666666	0.192	0.20866666666666667	0.18266666666666667	0.174	0.19066666666666668	0.15466666666666667	0.17866666666666667	0.16666666666666666	0.144	0.15666666666666668	0.15266666666666667	0.14266666666666666	0.14466666666666667	0.15066666666666667	0.12666666666666668	0.12666666666666668	0.13133333333333333	0.134	0.12933333333333333	0.104	0.11	0.10933333333333334	0.086	0.096	0.08533333333333333	0.08866666666666667	0.08733333333333333	0.08333333333333333	0.08866666666666667	0.08666666666666667	0.076	
0.8453333333333334	0.864	0.7806666666666666	0.7746666666666666	0.7753333333333333	0.7146666666666667	0.7146666666666667	0.6873333333333334	0.7073333333333334	0.696	0.688	0.6586666666666666	0.6353333333333333	0.6593333333333333	0.6153333333333333	0.61	0.5946666666666667	0.586	0.5493333333333333	0.552	0.556	0.54	0.53	0.5326666666666666	0.544	0.5153333333333333	0.5013333333333333	0.49	0.48	0.45866666666666667	0.4666666666666667	0.446	0.46	0.472	0.45466666666666666	0.39666666666666667	0.406	0.402	0.3933333333333333	0.4013333333333333	0.35133333333333333	0.37133333333333335	0.33266666666666667	0.346	0.3413333333333333	0.3626666666666667	0.33866666666666667	0.33	0.32066666666666666	0.3373333333333333	0.2906666666666667	0.31	0.274	0.31866666666666665	0.28933333333333333	0.25666666666666665	0.25266666666666665	0.2673333333333333	0.24066666666666667	0.23933333333333334	0.25066666666666665	0.24	0.21866666666666668	0.21933333333333332	0.23266666666666666	0.212	0.22066666666666668	0.19533333333333333	0.20266666666666666	0.20733333333333334	0.2	0.17666666666666667	0.16666666666666666	0.19466666666666665	0.18933333333333333	0.162	0.16533333333333333	0.16466666666666666	0.12266666666666666	0.146	0.13666666666666666	0.13	0.13533333333333333	0.118	0.12466666666666666	0.12866666666666668	0.11466666666666667	0.116	0.11533333333333333	0.096	0.11266666666666666	0.10266666666666667	0.09933333333333333	0.084	0.08533333333333333	0.09133333333333334	0.07933333333333334	0.074	0.07466666666666667	
0.8633333333333333	0.7786666666666666	0.7993333333333333	0.7313333333333333	0.7533333333333333	0.74	0.716	0.6806666666666666	0.7193333333333334	0.6733333333333333	0.6706666666666666	0.6806666666666666	0.6766666666666666	0.6386666666666667	0.6306666666666667	0.6066666666666667	0.5946666666666667	0.598	0.6333333333333333	0.572	0.5493333333333333	0.532	0.544	0.5273333333333333	0.49333333333333335	0.5066666666666667	0.508	0.4846666666666667	0.462	0.476	0.43333333333333335	0.4573333333333333	0.406	0.444	0.42133333333333334	0.41933333333333334	0.41533333333333333	0.392	0.4033333333333333	0.37666666666666665	0.378	0.35533333333333333	0.3466666666666667	0.3353333333333333	0.3606666666666667	0.3406666666666667	0.326	0.316	0.29533333333333334	0.296	0.2986666666666667	0.29333333333333333	0.28733333333333333	0.26066666666666666	0.27266666666666667	0.276	0.24733333333333332	0.266	0.262	0.22333333333333333	0.228	0.228	0.22	0.20933333333333334	0.206	0.194	0.19866666666666666	0.23	0.2	0.20733333333333334	0.18333333333333332	0.17133333333333334	0.188	0.18	0.158	0.17933333333333334	0.16266666666666665	0.158	0.14066666666666666	0.144	0.14866666666666667	0.136	0.12866666666666668	0.12333333333333334	0.11533333333333333	0.11466666666666667	0.12866666666666668	0.11533333333333333	0.10733333333333334	0.10533333333333333	0.08933333333333333	0.11333333333333333	0.106	0.084	0.07466666666666667	0.07933333333333334	0.08733333333333333	0.08533333333333333	0.08266666666666667	
0.8253333333333334	0.7806666666666666	0.7733333333333333	0.776	0.762	0.7746666666666666	0.7506666666666667	0.7366666666666667	0.6613333333333333	0.6986666666666667	0.6593333333333333	0.6253333333333333	0.6686666666666666	0.6633333333333333	0.6353333333333333	0.5886666666666667	0.602	0.608	0.598	0.5626666666666666	0.5813333333333334	0.5473333333333333	0.5566666666666666	0.5133333333333333	0.534	0.5066666666666667	0.5033333333333333	0.4713333333333333	0.49066666666666664	0.4553333333333333	0.44133333333333336	0.44466666666666665	0.44	0.41533333333333333	0.43333333333333335	0.42933333333333334	0.3606666666666667	0.37466666666666665	0.388	0.372	0.39066666666666666	0.38666666666666666	0.33666666666666667	0.3546666666666667	0.3433333333333333	0.31066666666666665	0.3453333333333333	0.30466666666666664	0.3273333333333333	0.304	0.2853333333333333	0.2966666666666667	0.288	0.268	0.306	0.25733333333333336	0.272	0.23266666666666666	0.236	0.25333333333333335	0.24333333333333335	0.22933333333333333	0.224	0.23066666666666666	0.20666666666666667	0.21933333333333332	0.19333333333333333	0.18066666666666667	0.178	0.18933333333333333	0.18266666666666667	0.17533333333333334	0.158	0.17266666666666666	0.16666666666666666	0.152	0.15466666666666667	0.15466666666666667	0.15066666666666667	0.13333333333333333	0.13666666666666666	0.13333333333333333	0.122	0.12933333333333333	0.10866666666666666	0.106	0.11533333333333333	0.1	0.106	0.108	0.11066666666666666	0.082	0.098	0.08666666666666667	0.08666666666666667	0.088	0.07733333333333334	0.086	0.078	
0.822	0.8026666666666666	0.74	0.804	0.7506666666666667	0.7313333333333333	0.7173333333333334	0.748	0.716	0.6966666666666667	0.664	0.6506666666666666	0.658	0.5913333333333334	0.6313333333333333	0.586	0.608	0.5766666666666667	0.598	0.5773333333333334	0.5673333333333334	0.5286666666666666	0.5326666666666666	0.5206666666666667	0.518	0.5073333333333333	0.4846666666666667	0.4533333333333333	0.454	0.448	0.45266666666666666	0.4766666666666667	0.45066666666666666	0.436	0.4186666666666667	0.43866666666666665	0.426	0.38533333333333336	0.37466666666666665	0.364	0.3486666666666667	0.358	0.3606666666666667	0.3446666666666667	0.3473333333333333	0.3433333333333333	0.31466666666666665	0.336	0.332	0.2773333333333333	0.29933333333333334	0.29	0.27466666666666667	0.274	0.288	0.264	0.25866666666666666	0.24733333333333332	0.2613333333333333	0.22933333333333333	0.23	0.21266666666666667	0.22333333333333333	0.23	0.21133333333333335	0.19333333333333333	0.21266666666666667	0.19866666666666666	0.19466666666666665	0.18133333333333335	0.194	0.18466666666666667	0.16133333333333333	0.174	0.15533333333333332	0.158	0.14333333333333334	0.14933333333333335	0.142	0.14733333333333334	0.12733333333333333	0.126	0.13	0.11866666666666667	0.11	0.126	0.098	0.10133333333333333	0.092	0.10066666666666667	0.086	0.09	0.07266666666666667	0.09466666666666666	0.08133333333333333	0.07533333333333334	0.08533333333333333	0.08533333333333333	0.08266666666666667	
0.738	0.7873333333333333	0.7666666666666667	0.8033333333333333	0.7373333333333333	0.7346666666666667	0.7506666666666667	0.7286666666666667	0.6546666666666666	0.6466666666666666	0.7086666666666667	0.6293333333333333	0.62	0.6073333333333333	0.646	0.6533333333333333	0.63	0.5773333333333334	0.554	0.5553333333333333	0.5806666666666667	0.49666666666666665	0.5106666666666667	0.5326666666666666	0.5146666666666667	0.464	0.4533333333333333	0.452	0.47533333333333333	0.426	0.458	0.45266666666666666	0.4493333333333333	0.42933333333333334	0.4226666666666667	0.4513333333333333	0.3933333333333333	0.3913333333333333	0.37933333333333336	0.36133333333333334	0.34933333333333333	0.3466666666666667	0.3433333333333333	0.3333333333333333	0.326	0.32666666666666666	0.31466666666666665	0.3	0.31666666666666665	0.2826666666666667	0.2773333333333333	0.2853333333333333	0.2806666666666667	0.28933333333333333	0.268	0.292	0.25933333333333336	0.242	0.214	0.224	0.254	0.234	0.228	0.238	0.2	0.20066666666666666	0.21066666666666667	0.19666666666666666	0.18466666666666667	0.196	0.18466666666666667	0.17066666666666666	0.16666666666666666	0.14666666666666667	0.14066666666666666	0.15333333333333332	0.16333333333333333	0.14133333333333334	0.13	0.132	0.13866666666666666	0.13266666666666665	0.14066666666666666	0.102	0.12	0.11266666666666666	0.10866666666666666	0.114	0.11333333333333333	0.09333333333333334	0.08666666666666667	0.098	0.08866666666666667	0.082	0.07133333333333333	0.08133333333333333	0.07466666666666667	0.066	0.08466666666666667	
0.7926666666666666	0.766	0.778	0.7326666666666667	0.7473333333333333	0.7173333333333334	0.7393333333333333	0.6473333333333333	0.6553333333333333	0.6366666666666667	0.66	0.6873333333333334	0.6006666666666667	0.6286666666666667	0.632	0.6053333333333333	0.586	0.56	0.5746666666666667	0.5486666666666666	0.552	0.53	0.5246666666666666	0.5	0.49533333333333335	0.44466666666666665	0.5006666666666667	0.48733333333333334	0.49533333333333335	0.462	0.43933333333333335	0.43533333333333335	0.412	0.4126666666666667	0.4073333333333333	0.406	0.4033333333333333	0.3873333333333333	0.362	0.37133333333333335	0.35333333333333333	0.378	0.324	0.31933333333333336	0.334	0.30466666666666664	0.30533333333333335	0.326	0.2813333333333333	0.29533333333333334	0.276	0.302	0.272	0.2693333333333333	0.25133333333333335	0.2806666666666667	0.24533333333333332	0.25066666666666665	0.258	0.24066666666666667	0.21533333333333332	0.22066666666666668	0.202	0.224	0.18333333333333332	0.188	0.162	0.17333333333333334	0.19066666666666668	0.19866666666666666	0.16666666666666666	0.166	0.17266666666666666	0.18666666666666668	0.15066666666666667	0.15666666666666668	0.154	0.13066666666666665	0.128	0.11733333333333333	0.13733333333333334	0.136	0.118	0.12733333333333333	0.12333333333333334	0.10066666666666667	0.114	0.10066666666666667	0.104	0.092	0.08733333333333333	0.08666666666666667	0.08666666666666667	0.09	0.07466666666666667	0.08666666666666667	0.08333333333333333	0.08	0.06066666666666667	
0.812	0.7946666666666666	0.746	0.766	0.7386666666666667	0.6733333333333333	0.7106666666666667	0.6786666666666666	0.6346666666666667	0.674	0.6486666666666666	0.6586666666666666	0.678	0.62	0.6013333333333334	0.57	0.572	0.5773333333333334	0.5906666666666667	0.566	0.5253333333333333	0.5326666666666666	0.5166666666666667	0.508	0.4786666666666667	0.4686666666666667	0.45666666666666667	0.43733333333333335	0.4646666666666667	0.46	0.43933333333333335	0.44666666666666666	0.42733333333333334	0.424	0.3933333333333333	0.3626666666666667	0.37666666666666665	0.4	0.36666666666666664	0.36666666666666664	0.37133333333333335	0.3406666666666667	0.37066666666666664	0.35	0.3406666666666667	0.324	0.31466666666666665	0.29733333333333334	0.2673333333333333	0.316	0.30133333333333334	0.274	0.25733333333333336	0.25666666666666665	0.26666666666666666	0.26666666666666666	0.24133333333333334	0.24733333333333332	0.244	0.25133333333333335	0.218	0.21866666666666668	0.21733333333333332	0.218	0.19733333333333333	0.186	0.196	0.18866666666666668	0.184	0.19333333333333333	0.166	0.176	0.15333333333333332	0.15333333333333332	0.16333333333333333	0.14533333333333334	0.16133333333333333	0.15133333333333332	0.11933333333333333	0.13066666666666665	0.13466666666666666	0.12066666666666667	0.12133333333333333	0.11666666666666667	0.11266666666666666	0.11133333333333334	0.10866666666666666	0.11266666666666666	0.09933333333333333	0.096	0.10333333333333333	0.09866666666666667	0.082	0.09666666666666666	0.08866666666666667	0.06666666666666667	0.07	0.06	0.07066666666666667	
0.8526666666666667	0.756	0.7686666666666667	0.7533333333333333	0.7166666666666667	0.7106666666666667	0.68	0.6573333333333333	0.6793333333333333	0.674	0.6666666666666666	0.7013333333333334	0.6413333333333333	0.6113333333333333	0.5966666666666667	0.604	0.564	0.596	0.536	0.5346666666666666	0.5533333333333333	0.548	0.544	0.49866666666666665	0.4693333333333333	0.422	0.504	0.486	0.4513333333333333	0.412	0.41933333333333334	0.43133333333333335	0.43066666666666664	0.4146666666666667	0.4226666666666667	0.38	0.38	0.43133333333333335	0.374	0.37466666666666665	0.3333333333333333	0.34933333333333333	0.348	0.334	0.348	0.32266666666666666	0.314	0.2826666666666667	0.30666666666666664	0.32133333333333336	0.2866666666666667	0.29	0.2833333333333333	0.26066666666666666	0.2673333333333333	0.26	0.23	0.25	0.21466666666666667	0.258	0.22866666666666666	0.20733333333333334	0.21733333333333332	0.178	0.19266666666666668	0.20466666666666666	0.19	0.18466666666666667	0.176	0.184	0.156	0.16933333333333334	0.17333333333333334	0.16533333333333333	0.14066666666666666	0.13133333333333333	0.14733333333333334	0.14466666666666667	0.13866666666666666	0.12533333333333332	0.13733333333333334	0.11666666666666667	0.13133333333333333	0.11333333333333333	0.12533333333333332	0.11133333333333334	0.11266666666666666	0.09933333333333333	0.10266666666666667	0.08866666666666667	0.10866666666666666	0.09066666666666667	0.086	0.08133333333333333	0.08666666666666667	0.072	0.082	0.066	0.072	
0.7706666666666667	0.7533333333333333	0.7793333333333333	0.7226666666666667	0.7026666666666667	0.7346666666666667	0.692	0.6633333333333333	0.6366666666666667	0.618	0.66	0.6173333333333333	0.6026666666666667	0.6226666666666667	0.6166666666666667	0.6053333333333333	0.54	0.5513333333333333	0.5706666666666667	0.524	0.5266666666666666	0.5333333333333333	0.5013333333333333	0.5126666666666667	0.5353333333333333	0.48	0.474	0.4706666666666667	0.44866666666666666	0.44533333333333336	0.45666666666666667	0.4266666666666667	0.39466666666666667	0.418	0.3993333333333333	0.4066666666666667	0.392	0.38866666666666666	0.378	0.366	0.3606666666666667	0.37266666666666665	0.36	0.32666666666666666	0.318	0.35133333333333333	0.31133333333333335	0.316	0.2886666666666667	0.27666666666666667	0.2613333333333333	0.2886666666666667	0.264	0.2653333333333333	0.246	0.25733333333333336	0.25066666666666665	0.22733333333333333	0.2713333333333333	0.26866666666666666	0.22866666666666666	0.212	0.222	0.202	0.19866666666666666	0.192	0.19066666666666668	0.17933333333333334	0.19133333333333333	0.18266666666666667	0.16266666666666665	0.18866666666666668	0.16133333333333333	0.15733333333333333	0.15133333333333332	0.17066666666666666	0.13866666666666666	0.13933333333333334	0.14533333333333334	0.14733333333333334	0.12866666666666668	0.10733333333333334	0.12066666666666667	0.10933333333333334	0.11666666666666667	0.106	0.11066666666666666	0.09133333333333334	0.104	0.108	0.09066666666666667	0.086	0.078	0.10066666666666667	0.08533333333333333	0.08533333333333333	0.08533333333333333	0.076	0.07133333333333333	
0.8046666666666666	0.792	0.748	0.7106666666666667	0.7266666666666667	0.724	0.7026666666666667	0.698	0.6493333333333333	0.666	0.632	0.658	0.5673333333333334	0.61	0.5886666666666667	0.604	0.5593333333333333	0.5613333333333334	0.564	0.508	0.5473333333333333	0.48	0.5213333333333333	0.47933333333333333	0.474	0.4633333333333333	0.4766666666666667	0.448	0.438	0.42866666666666664	0.44466666666666665	0.42933333333333334	0.43866666666666665	0.428	0.416	0.39866666666666667	0.38066666666666665	0.38266666666666665	0.36866666666666664	0.37066666666666664	0.3506666666666667	0.35	0.32666666666666666	0.3393333333333333	0.3293333333333333	0.29933333333333334	0.32666666666666666	0.30733333333333335	0.294	0.30333333333333334	0.284	0.254	0.304	0.268	0.2673333333333333	0.25133333333333335	0.25933333333333336	0.24	0.24333333333333335	0.234	0.21666666666666667	0.21733333333333332	0.19466666666666665	0.202	0.20266666666666666	0.192	0.188	0.16133333333333333	0.16866666666666666	0.184	0.17	0.16666666666666666	0.15866666666666668	0.16533333333333333	0.15933333333333333	0.15133333333333332	0.14133333333333334	0.16066666666666668	0.148	0.132	0.13666666666666666	0.11866666666666667	0.138	0.132	0.10866666666666666	0.10933333333333334	0.10266666666666667	0.09733333333333333	0.094	0.10866666666666666	0.092	0.10066666666666667	0.08133333333333333	0.092	0.078	0.08466666666666667	0.078	0.06	0.07133333333333333	
0.818	0.776	0.764	0.7133333333333334	0.7126666666666667	0.7073333333333334	0.704	0.6466666666666666	0.682	0.6646666666666666	0.628	0.63	0.6206666666666667	0.5686666666666667	0.608	0.5513333333333333	0.5726666666666667	0.5333333333333333	0.5286666666666666	0.534	0.544	0.5186666666666667	0.49066666666666664	0.4673333333333333	0.48933333333333334	0.4766666666666667	0.46066666666666667	0.456	0.43866666666666665	0.468	0.4093333333333333	0.4573333333333333	0.39266666666666666	0.38133333333333336	0.392	0.3973333333333333	0.37866666666666665	0.392	0.38	0.3586666666666667	0.3293333333333333	0.3446666666666667	0.336	0.3473333333333333	0.3233333333333333	0.31533333333333335	0.31466666666666665	0.3006666666666667	0.30266666666666664	0.288	0.2733333333333333	0.304	0.26666666666666666	0.27066666666666667	0.248	0.22733333333333333	0.24	0.266	0.23733333333333334	0.22733333333333333	0.242	0.21733333333333332	0.21	0.20066666666666666	0.19866666666666666	0.19533333333333333	0.20266666666666666	0.18533333333333332	0.20733333333333334	0.17866666666666667	0.18133333333333335	0.16866666666666666	0.17	0.168	0.164	0.15533333333333332	0.14533333333333334	0.13466666666666666	0.13066666666666665	0.14933333333333335	0.11333333333333333	0.138	0.11266666666666666	0.12133333333333333	0.11666666666666667	0.10666666666666667	0.10666666666666667	0.10533333333333333	0.10066666666666667	0.096	0.096	0.09266666666666666	0.07533333333333334	0.092	0.08533333333333333	0.051333333333333335	0.08266666666666667	0.076	0.07933333333333334	
0.7733333333333333	0.778	0.72	0.6913333333333334	0.7033333333333334	0.6833333333333333	0.7	0.6773333333333333	0.6913333333333334	0.6266666666666667	0.6126666666666667	0.6173333333333333	0.5953333333333334	0.614	0.5893333333333334	0.5633333333333334	0.5646666666666667	0.546	0.562	0.5506666666666666	0.532	0.474	0.5333333333333333	0.5153333333333333	0.49533333333333335	0.48933333333333334	0.494	0.5193333333333333	0.4613333333333333	0.412	0.41933333333333334	0.464	0.418	0.4126666666666667	0.3913333333333333	0.404	0.344	0.39866666666666667	0.3546666666666667	0.364	0.3413333333333333	0.344	0.344	0.3426666666666667	0.30266666666666664	0.33666666666666667	0.31	0.2986666666666667	0.292	0.29933333333333334	0.276	0.2673333333333333	0.2733333333333333	0.2673333333333333	0.256	0.252	0.23866666666666667	0.23133333333333334	0.24666666666666667	0.24133333333333334	0.20866666666666667	0.21933333333333332	0.21066666666666667	0.204	0.20266666666666666	0.19333333333333333	0.20466666666666666	0.18733333333333332	0.166	0.16266666666666665	0.174	0.17466666666666666	0.17466666666666666	0.15933333333333333	0.17066666666666666	0.14266666666666666	0.15866666666666668	0.11933333333333333	0.126	0.13	0.13333333333333333	0.14866666666666667	0.10733333333333334	0.10866666666666666	0.112	0.102	0.11	0.11866666666666667	0.108	0.098	0.08466666666666667	0.09933333333333333	0.094	0.082	0.076	0.08	0.082	0.07066666666666667	0.06733333333333333	
0.7693333333333333	0.782	0.7293333333333333	0.7466666666666667	0.7393333333333333	0.6906666666666667	0.688	0.7133333333333334	0.67	0.644	0.6566666666666666	0.6446666666666667	0.6006666666666667	0.5566666666666666	0.5966666666666667	0.628	0.5513333333333333	0.5626666666666666	0.5513333333333333	0.5286666666666666	0.536	0.498	0.52	0.5106666666666667	0.5033333333333333	0.4886666666666667	0.4633333333333333	0.45	0.468	0.43066666666666664	0.41133333333333333	0.4146666666666667	0.41	0.3873333333333333	0.4073333333333333	0.38133333333333336	0.378	0.394	0.36666666666666664	0.35733333333333334	0.33266666666666667	0.35333333333333333	0.326	0.338	0.3393333333333333	0.3353333333333333	0.31	0.298	0.2773333333333333	0.2946666666666667	0.26466666666666666	0.28	0.25733333333333336	0.24466666666666667	0.266	0.25933333333333336	0.23066666666666666	0.24466666666666667	0.22933333333333333	0.22733333333333333	0.21066666666666667	0.22866666666666666	0.21333333333333335	0.20066666666666666	0.18533333333333332	0.18933333333333333	0.176	0.22066666666666668	0.174	0.17466666666666666	0.172	0.16933333333333334	0.164	0.15733333333333333	0.15733333333333333	0.12666666666666668	0.162	0.13133333333333333	0.13133333333333333	0.13933333333333334	0.12933333333333333	0.122	0.11866666666666667	0.10666666666666667	0.11466666666666667	0.10533333333333333	0.096	0.094	0.11133333333333334	0.09266666666666666	0.1	0.092	0.08933333333333333	0.08533333333333333	0.084	0.07733333333333334	0.08733333333333333	0.07066666666666667	0.07266666666666667	
0.7893333333333333	0.7493333333333333	0.73	0.7006666666666667	0.6806666666666666	0.6786666666666666	0.7213333333333334	0.6633333333333333	0.6773333333333333	0.6533333333333333	0.6533333333333333	0.5986666666666667	0.5753333333333334	0.5706666666666667	0.614	0.5266666666666666	0.5346666666666666	0.566	0.5273333333333333	0.5113333333333333	0.5206666666666667	0.5033333333333333	0.5073333333333333	0.46266666666666667	0.5026666666666667	0.46066666666666667	0.4593333333333333	0.45666666666666667	0.45066666666666666	0.43666666666666665	0.42933333333333334	0.426	0.42533333333333334	0.35133333333333333	0.398	0.37933333333333336	0.39	0.358	0.3486666666666667	0.36	0.348	0.348	0.35	0.3433333333333333	0.31466666666666665	0.31533333333333335	0.2906666666666667	0.2826666666666667	0.31466666666666665	0.2813333333333333	0.284	0.288	0.256	0.25733333333333336	0.2653333333333333	0.25066666666666665	0.22466666666666665	0.23533333333333334	0.22066666666666668	0.20466666666666666	0.20933333333333334	0.19466666666666665	0.218	0.214	0.20133333333333334	0.19733333333333333	0.19	0.188	0.19066666666666668	0.18	0.17266666666666666	0.15933333333333333	0.15533333333333332	0.15533333333333332	0.13666666666666666	0.144	0.15466666666666667	0.138	0.15466666666666667	0.126	0.11733333333333333	0.11533333333333333	0.128	0.13266666666666665	0.13066666666666665	0.10933333333333334	0.114	0.114	0.11	0.08733333333333333	0.09266666666666666	0.106	0.08333333333333333	0.07133333333333333	0.084	0.08466666666666667	0.07133333333333333	0.054	0.07733333333333334	
0.7433333333333333	0.7206666666666667	0.7366666666666667	0.7386666666666667	0.7113333333333334	0.6446666666666667	0.672	0.6726666666666666	0.6306666666666667	0.6553333333333333	0.622	0.5893333333333334	0.5733333333333334	0.622	0.578	0.5626666666666666	0.5506666666666666	0.5513333333333333	0.5246666666666666	0.5273333333333333	0.5193333333333333	0.5026666666666667	0.496	0.5133333333333333	0.4653333333333333	0.4706666666666667	0.484	0.474	0.45866666666666667	0.442	0.44133333333333336	0.4073333333333333	0.4053333333333333	0.3973333333333333	0.404	0.37066666666666664	0.37466666666666665	0.37	0.3893333333333333	0.36	0.354	0.33666666666666667	0.3313333333333333	0.3373333333333333	0.31333333333333335	0.32133333333333336	0.31466666666666665	0.29933333333333334	0.29933333333333334	0.29133333333333333	0.278	0.2786666666666667	0.2693333333333333	0.264	0.2633333333333333	0.234	0.228	0.23333333333333334	0.21533333333333332	0.23533333333333334	0.20533333333333334	0.218	0.19066666666666668	0.18733333333333332	0.19666666666666666	0.18466666666666667	0.20533333333333334	0.18933333333333333	0.168	0.168	0.16066666666666668	0.16533333333333333	0.16066666666666668	0.162	0.146	0.15933333333333333	0.14	0.13	0.132	0.13266666666666665	0.134	0.12066666666666667	0.11	0.11933333333333333	0.12533333333333332	0.10733333333333334	0.106	0.09333333333333334	0.09466666666666666	0.09733333333333333	0.08666666666666667	0.08933333333333333	0.08266666666666667	0.07266666666666667	0.08533333333333333	0.08266666666666667	0.06533333333333333	0.06866666666666667	0.06933333333333333	
0.776	0.726	0.692	0.744	0.7166666666666667	0.6833333333333333	0.678	0.6666666666666666	0.6606666666666666	0.64	0.5993333333333334	0.6173333333333333	0.6233333333333333	0.6013333333333334	0.602	0.5453333333333333	0.5773333333333334	0.5286666666666666	0.54	0.5506666666666666	0.49	0.518	0.4806666666666667	0.49266666666666664	0.43066666666666664	0.418	0.464	0.49933333333333335	0.45866666666666667	0.434	0.43466666666666665	0.404	0.398	0.4186666666666667	0.36133333333333334	0.376	0.38533333333333336	0.356	0.3373333333333333	0.38066666666666665	0.32066666666666666	0.356	0.32466666666666666	0.3273333333333333	0.30466666666666664	0.32666666666666666	0.302	0.31	0.282	0.272	0.262	0.26066666666666666	0.2846666666666667	0.27666666666666667	0.24733333333333332	0.24733333333333332	0.24	0.2633333333333333	0.23866666666666667	0.21466666666666667	0.20333333333333334	0.212	0.21333333333333335	0.208	0.204	0.18333333333333332	0.172	0.17066666666666666	0.182	0.17533333333333334	0.18533333333333332	0.176	0.164	0.142	0.15133333333333332	0.14	0.15	0.13133333333333333	0.13533333333333333	0.128	0.10866666666666666	0.118	0.12133333333333333	0.10533333333333333	0.126	0.12	0.10266666666666667	0.10466666666666667	0.08533333333333333	0.102	0.092	0.09	0.09	0.08666666666666667	0.09533333333333334	0.07933333333333334	0.08466666666666667	0.08266666666666667	0.058666666666666666	
0.7866666666666666	0.758	0.716	0.748	0.7053333333333334	0.6813333333333333	0.7066666666666667	0.6446666666666667	0.6493333333333333	0.6466666666666666	0.6613333333333333	0.6066666666666667	0.6266666666666667	0.5786666666666667	0.6086666666666667	0.576	0.5886666666666667	0.5426666666666666	0.5433333333333333	0.59	0.524	0.508	0.5226666666666666	0.498	0.4806666666666667	0.44066666666666665	0.466	0.4673333333333333	0.4206666666666667	0.43266666666666664	0.402	0.44133333333333336	0.4033333333333333	0.412	0.3913333333333333	0.38533333333333336	0.4026666666666667	0.352	0.3406666666666667	0.3546666666666667	0.336	0.3526666666666667	0.344	0.30933333333333335	0.31533333333333335	0.324	0.318	0.30666666666666664	0.31	0.2673333333333333	0.288	0.2693333333333333	0.25866666666666666	0.25533333333333336	0.25266666666666665	0.26466666666666666	0.24133333333333334	0.2633333333333333	0.25	0.226	0.23533333333333334	0.21	0.21533333333333332	0.212	0.17933333333333334	0.18133333333333335	0.18533333333333332	0.16733333333333333	0.186	0.17333333333333334	0.17533333333333334	0.17266666666666666	0.15133333333333332	0.15933333333333333	0.15333333333333332	0.136	0.14066666666666666	0.11733333333333333	0.148	0.126	0.12066666666666667	0.11733333333333333	0.11333333333333333	0.126	0.11866666666666667	0.09933333333333333	0.104	0.10066666666666667	0.11	0.08533333333333333	0.1	0.088	0.07666666666666666	0.074	0.06266666666666666	0.078	0.06266666666666666	0.07933333333333334	0.06933333333333333	
0.7326666666666667	0.6973333333333334	0.7226666666666667	0.7086666666666667	0.718	0.7026666666666667	0.7166666666666667	0.6786666666666666	0.6453333333333333	0.6553333333333333	0.6273333333333333	0.608	0.564	0.5866666666666667	0.5893333333333334	0.5586666666666666	0.5433333333333333	0.5626666666666666	0.526	0.554	0.5293333333333333	0.526	0.47733333333333333	0.5166666666666667	0.496	0.442	0.4666666666666667	0.43533333333333335	0.42133333333333334	0.424	0.4093333333333333	0.42333333333333334	0.42333333333333334	0.386	0.37933333333333336	0.388	0.38	0.37733333333333335	0.37733333333333335	0.32133333333333336	0.3626666666666667	0.346	0.3253333333333333	0.3233333333333333	0.31066666666666665	0.2793333333333333	0.318	0.274	0.298	0.2833333333333333	0.2806666666666667	0.26666666666666666	0.2826666666666667	0.26	0.24733333333333332	0.23133333333333334	0.266	0.24266666666666667	0.214	0.22266666666666668	0.222	0.222	0.19333333333333333	0.198	0.20066666666666666	0.192	0.19066666666666668	0.198	0.17533333333333334	0.17266666666666666	0.158	0.162	0.15866666666666668	0.164	0.16466666666666666	0.13666666666666666	0.14466666666666667	0.144	0.13133333333333333	0.128	0.12733333333333333	0.14	0.11733333333333333	0.12333333333333334	0.10466666666666667	0.11533333333333333	0.11333333333333333	0.112	0.1	0.09466666666666666	0.084	0.092	0.08266666666666667	0.08866666666666667	0.07666666666666666	0.062	0.08333333333333333	0.06533333333333333	0.06533333333333333	
0.7673333333333333	0.798	0.7093333333333334	0.7146666666666667	0.7126666666666667	0.6606666666666666	0.6533333333333333	0.6193333333333333	0.6513333333333333	0.642	0.6346666666666667	0.6353333333333333	0.6013333333333334	0.6026666666666667	0.6173333333333333	0.564	0.602	0.5773333333333334	0.536	0.5353333333333333	0.5253333333333333	0.49866666666666665	0.48933333333333334	0.49933333333333335	0.4593333333333333	0.47533333333333333	0.486	0.44466666666666665	0.44466666666666665	0.4206666666666667	0.418	0.41133333333333333	0.39	0.42	0.396	0.37333333333333335	0.36866666666666664	0.376	0.36733333333333335	0.3546666666666667	0.32466666666666666	0.3373333333333333	0.3413333333333333	0.316	0.3253333333333333	0.324	0.298	0.294	0.2966666666666667	0.2886666666666667	0.2846666666666667	0.2693333333333333	0.256	0.25333333333333335	0.258	0.262	0.242	0.23733333333333334	0.21266666666666667	0.21733333333333332	0.212	0.20733333333333334	0.21666666666666667	0.208	0.19266666666666668	0.18666666666666668	0.17733333333333334	0.21	0.17533333333333334	0.17266666666666666	0.18133333333333335	0.15866666666666668	0.17266666666666666	0.16933333333333334	0.13666666666666666	0.16333333333333333	0.142	0.14533333333333334	0.15533333333333332	0.146	0.13266666666666665	0.106	0.12133333333333333	0.134	0.10533333333333333	0.10466666666666667	0.098	0.1	0.10133333333333333	0.10333333333333333	0.094	0.07933333333333334	0.09	0.092	0.07533333333333334	0.08266666666666667	0.09066666666666667	0.074	0.072	
0.7586666666666667	0.7746666666666666	0.7206666666666667	0.7153333333333334	0.6666666666666666	0.6773333333333333	0.7066666666666667	0.6686666666666666	0.666	0.668	0.636	0.624	0.6093333333333333	0.6053333333333333	0.594	0.5753333333333334	0.5453333333333333	0.5446666666666666	0.5273333333333333	0.5373333333333333	0.5353333333333333	0.506	0.5	0.472	0.49333333333333335	0.4726666666666667	0.44733333333333336	0.446	0.41933333333333334	0.4186666666666667	0.46	0.41133333333333333	0.43866666666666665	0.41	0.3993333333333333	0.38866666666666666	0.36133333333333334	0.3506666666666667	0.3453333333333333	0.33666666666666667	0.364	0.3333333333333333	0.3253333333333333	0.31333333333333335	0.33266666666666667	0.30133333333333334	0.282	0.2946666666666667	0.30666666666666664	0.31266666666666665	0.2633333333333333	0.29333333333333333	0.2853333333333333	0.25733333333333336	0.23666666666666666	0.2653333333333333	0.244	0.24533333333333332	0.24333333333333335	0.23266666666666666	0.22733333333333333	0.21733333333333332	0.226	0.18266666666666667	0.208	0.19933333333333333	0.18666666666666668	0.18333333333333332	0.18533333333333332	0.18733333333333332	0.16933333333333334	0.16466666666666666	0.164	0.15	0.13066666666666665	0.14	0.15466666666666667	0.14333333333333334	0.132	0.14	0.104	0.11533333333333333	0.12533333333333332	0.12933333333333333	0.1	0.116	0.10533333333333333	0.11066666666666666	0.096	0.106	0.09333333333333334	0.092	0.088	0.08133333333333333	0.07933333333333334	0.06933333333333333	0.06333333333333334	0.07333333333333333	0.058	
0.7773333333333333	0.7246666666666667	0.7306666666666667	0.73	0.6913333333333334	0.7106666666666667	0.7173333333333334	0.6613333333333333	0.6433333333333333	0.616	0.6433333333333333	0.6113333333333333	0.6	0.5773333333333334	0.5893333333333334	0.55	0.5606666666666666	0.5666666666666667	0.5533333333333333	0.498	0.47533333333333333	0.5013333333333333	0.48733333333333334	0.4653333333333333	0.46	0.47733333333333333	0.46066666666666667	0.4646666666666667	0.4553333333333333	0.454	0.438	0.39666666666666667	0.4	0.44	0.372	0.398	0.388	0.37733333333333335	0.352	0.3546666666666667	0.33866666666666667	0.3253333333333333	0.33266666666666667	0.3466666666666667	0.2833333333333333	0.31133333333333335	0.30133333333333334	0.3006666666666667	0.296	0.30933333333333335	0.27066666666666667	0.2653333333333333	0.272	0.25666666666666665	0.24866666666666667	0.23533333333333334	0.25466666666666665	0.24533333333333332	0.23666666666666666	0.20333333333333334	0.21866666666666668	0.23266666666666666	0.21533333333333332	0.20266666666666666	0.19133333333333333	0.20466666666666666	0.20133333333333334	0.174	0.192	0.158	0.158	0.17266666666666666	0.162	0.15866666666666668	0.14	0.14133333333333334	0.15066666666666667	0.146	0.138	0.144	0.15	0.12533333333333332	0.112	0.118	0.12333333333333334	0.108	0.10533333333333333	0.10866666666666666	0.10066666666666667	0.09466666666666666	0.08133333333333333	0.092	0.08733333333333333	0.102	0.076	0.08466666666666667	0.06266666666666666	0.082	0.088	
0.776	0.7746666666666666	0.7286666666666667	0.718	0.724	0.6986666666666667	0.688	0.64	0.6173333333333333	0.656	0.622	0.6166666666666667	0.5913333333333334	0.6053333333333333	0.5973333333333334	0.558	0.5533333333333333	0.5233333333333333	0.5266666666666666	0.5386666666666666	0.5266666666666666	0.4806666666666667	0.518	0.4653333333333333	0.5066666666666667	0.4633333333333333	0.464	0.444	0.448	0.39066666666666666	0.44066666666666665	0.41133333333333333	0.3973333333333333	0.41133333333333333	0.38333333333333336	0.39666666666666667	0.37333333333333335	0.37733333333333335	0.3626666666666667	0.334	0.33266666666666667	0.37933333333333336	0.3453333333333333	0.31866666666666665	0.30266666666666664	0.30866666666666664	0.30333333333333334	0.31133333333333335	0.2773333333333333	0.296	0.2806666666666667	0.278	0.248	0.2833333333333333	0.2613333333333333	0.25066666666666665	0.22733333333333333	0.222	0.22466666666666665	0.248	0.204	0.19466666666666665	0.20666666666666667	0.20733333333333334	0.20866666666666667	0.184	0.19466666666666665	0.19133333333333333	0.172	0.17066666666666666	0.15666666666666668	0.15866666666666668	0.184	0.14466666666666667	0.16	0.13933333333333334	0.14066666666666666	0.14333333333333334	0.132	0.12466666666666666	0.12	0.11933333333333333	0.122	0.13333333333333333	0.11466666666666667	0.10733333333333334	0.10066666666666667	0.11066666666666666	0.106	0.108	0.096	0.102	0.07866666666666666	0.07333333333333333	0.06733333333333333	0.06266666666666666	0.07666666666666666	0.068	0.06333333333333334	
0.758	0.72	0.766	0.716	0.724	0.696	0.6746666666666666	0.686	0.644	0.6366666666666667	0.626	0.5746666666666667	0.5846666666666667	0.5866666666666667	0.5586666666666666	0.6133333333333333	0.5746666666666667	0.568	0.5233333333333333	0.5406666666666666	0.5093333333333333	0.5186666666666667	0.49733333333333335	0.4786666666666667	0.4706666666666667	0.4706666666666667	0.474	0.484	0.4533333333333333	0.47333333333333333	0.4033333333333333	0.4046666666666667	0.396	0.40066666666666667	0.3893333333333333	0.38266666666666665	0.37866666666666665	0.36666666666666664	0.3526666666666667	0.3586666666666667	0.3506666666666667	0.3466666666666667	0.3353333333333333	0.3333333333333333	0.324	0.3333333333333333	0.31733333333333336	0.328	0.2653333333333333	0.29333333333333333	0.2786666666666667	0.27466666666666667	0.252	0.2613333333333333	0.25266666666666665	0.24933333333333332	0.22733333333333333	0.24333333333333335	0.248	0.19666666666666666	0.2	0.23266666666666666	0.198	0.21066666666666667	0.21533333333333332	0.18066666666666667	0.19666666666666666	0.17933333333333334	0.17066666666666666	0.172	0.15933333333333333	0.17333333333333334	0.16466666666666666	0.15	0.14533333333333334	0.148	0.14866666666666667	0.12066666666666667	0.13933333333333334	0.13266666666666665	0.13733333333333334	0.14	0.12133333333333333	0.106	0.114	0.102	0.1	0.10533333333333333	0.11266666666666666	0.08733333333333333	0.10133333333333333	0.09066666666666667	0.102	0.08	0.06933333333333333	0.07866666666666666	0.06466666666666666	0.07333333333333333	0.06333333333333334	
0.7653333333333333	0.7386666666666667	0.768	0.6986666666666667	0.6933333333333334	0.65	0.6753333333333333	0.6426666666666667	0.65	0.676	0.6053333333333333	0.6253333333333333	0.6393333333333333	0.6	0.5893333333333334	0.5613333333333334	0.556	0.566	0.5273333333333333	0.5093333333333333	0.5333333333333333	0.5113333333333333	0.49133333333333334	0.48733333333333334	0.492	0.4766666666666667	0.4706666666666667	0.4533333333333333	0.4266666666666667	0.43266666666666664	0.448	0.41533333333333333	0.41333333333333333	0.37466666666666665	0.38666666666666666	0.396	0.39266666666666666	0.408	0.31066666666666665	0.35933333333333334	0.334	0.32866666666666666	0.3526666666666667	0.31533333333333335	0.31733333333333336	0.30933333333333335	0.2906666666666667	0.31733333333333336	0.2806666666666667	0.2853333333333333	0.27666666666666667	0.25666666666666665	0.25933333333333336	0.268	0.25066666666666665	0.25666666666666665	0.24666666666666667	0.25133333333333335	0.24333333333333335	0.212	0.23666666666666666	0.22066666666666668	0.21	0.22333333333333333	0.18466666666666667	0.19866666666666666	0.174	0.18266666666666667	0.17866666666666667	0.17866666666666667	0.162	0.156	0.14933333333333335	0.152	0.15066666666666667	0.152	0.12866666666666668	0.15	0.14533333333333334	0.13733333333333334	0.12133333333333333	0.11466666666666667	0.12	0.118	0.10066666666666667	0.10666666666666667	0.10333333333333333	0.10133333333333333	0.09133333333333334	0.10666666666666667	0.09066666666666667	0.09	0.086	0.09	0.07466666666666667	0.06933333333333333	0.08266666666666667	0.07	0.06733333333333333	
0.7446666666666667	0.7786666666666666	0.7146666666666667	0.708	0.726	0.688	0.67	0.6513333333333333	0.6766666666666666	0.628	0.626	0.62	0.586	0.56	0.6026666666666667	0.5826666666666667	0.576	0.5353333333333333	0.5566666666666666	0.5486666666666666	0.5393333333333333	0.5413333333333333	0.5226666666666666	0.49333333333333335	0.48733333333333334	0.43866666666666665	0.44	0.4746666666666667	0.44466666666666665	0.454	0.4186666666666667	0.41733333333333333	0.42933333333333334	0.4206666666666667	0.4073333333333333	0.408	0.38466666666666666	0.3933333333333333	0.36466666666666664	0.3393333333333333	0.35133333333333333	0.3586666666666667	0.326	0.32466666666666666	0.292	0.31133333333333335	0.286	0.29333333333333333	0.27266666666666667	0.266	0.2806666666666667	0.26866666666666666	0.2833333333333333	0.232	0.24066666666666667	0.248	0.25	0.248	0.23133333333333334	0.22933333333333333	0.242	0.24	0.22	0.2	0.19933333333333333	0.19333333333333333	0.19	0.17266666666666666	0.17466666666666666	0.156	0.16533333333333333	0.176	0.144	0.17	0.14066666666666666	0.13866666666666666	0.13666666666666666	0.12533333333333332	0.13266666666666665	0.118	0.112	0.12933333333333333	0.11666666666666667	0.11533333333333333	0.13133333333333333	0.09933333333333333	0.106	0.09933333333333333	0.10266666666666667	0.09	0.09933333333333333	0.08333333333333333	0.08266666666666667	0.08066666666666666	0.078	0.07533333333333334	0.074	0.086	0.07333333333333333	
0.7186666666666667	0.744	0.7573333333333333	0.7186666666666667	0.6926666666666667	0.68	0.686	0.6613333333333333	0.6113333333333333	0.6126666666666667	0.64	0.6246666666666667	0.5866666666666667	0.5793333333333334	0.5946666666666667	0.5866666666666667	0.5713333333333334	0.5093333333333333	0.5466666666666666	0.526	0.5046666666666667	0.528	0.48	0.466	0.47733333333333333	0.44466666666666665	0.428	0.4246666666666667	0.4633333333333333	0.43	0.4166666666666667	0.4186666666666667	0.39	0.40066666666666667	0.4086666666666667	0.406	0.38666666666666666	0.36933333333333335	0.37866666666666665	0.35133333333333333	0.36	0.3293333333333333	0.30666666666666664	0.31866666666666665	0.30666666666666664	0.30866666666666664	0.27666666666666667	0.272	0.2926666666666667	0.2786666666666667	0.2813333333333333	0.25733333333333336	0.25733333333333336	0.266	0.24866666666666667	0.23866666666666667	0.21266666666666667	0.232	0.23133333333333334	0.23666666666666666	0.224	0.21	0.22533333333333333	0.19933333333333333	0.21	0.22133333333333333	0.2	0.178	0.19	0.18	0.17	0.16533333333333333	0.17	0.138	0.15133333333333332	0.13733333333333334	0.13066666666666665	0.15	0.13666666666666666	0.12733333333333333	0.12266666666666666	0.12133333333333333	0.114	0.104	0.11533333333333333	0.11266666666666666	0.09866666666666667	0.10133333333333333	0.09733333333333333	0.096	0.08933333333333333	0.10266666666666667	0.088	0.088	0.06333333333333334	0.06066666666666667	0.074	0.08466666666666667	0.06266666666666666	
0.76	0.7486666666666667	0.7426666666666667	0.7613333333333333	0.7346666666666667	0.704	0.6293333333333333	0.6846666666666666	0.6426666666666667	0.6146666666666667	0.6233333333333333	0.654	0.6526666666666666	0.5726666666666667	0.5846666666666667	0.5473333333333333	0.54	0.5726666666666667	0.534	0.49133333333333334	0.482	0.486	0.51	0.5073333333333333	0.4806666666666667	0.4533333333333333	0.4846666666666667	0.4686666666666667	0.46266666666666667	0.44066666666666665	0.4226666666666667	0.398	0.434	0.4093333333333333	0.42133333333333334	0.3913333333333333	0.36933333333333335	0.38866666666666666	0.3606666666666667	0.3453333333333333	0.35933333333333334	0.35933333333333334	0.31733333333333336	0.31666666666666665	0.30266666666666664	0.31533333333333335	0.31466666666666665	0.30933333333333335	0.29333333333333333	0.25733333333333336	0.30666666666666664	0.2773333333333333	0.24733333333333332	0.2613333333333333	0.2653333333333333	0.266	0.24266666666666667	0.22466666666666665	0.246	0.23333333333333334	0.22	0.208	0.228	0.17733333333333334	0.20133333333333334	0.17866666666666667	0.18266666666666667	0.16866666666666666	0.19133333333333333	0.18333333333333332	0.16066666666666668	0.17133333333333334	0.158	0.15666666666666668	0.15333333333333332	0.138	0.15133333333333332	0.13666666666666666	0.14266666666666666	0.13866666666666666	0.12666666666666668	0.13	0.136	0.124	0.09666666666666666	0.10866666666666666	0.10466666666666667	0.104	0.104	0.08866666666666667	0.08466666666666667	0.08866666666666667	0.088	0.086	0.084	0.08	0.066	0.06266666666666666	0.066	
0.7193333333333334	0.7586666666666667	0.704	0.7346666666666667	0.686	0.6666666666666666	0.6813333333333333	0.644	0.64	0.652	0.63	0.5846666666666667	0.6146666666666667	0.5793333333333334	0.6026666666666667	0.5853333333333334	0.5446666666666666	0.6066666666666667	0.514	0.5126666666666667	0.5266666666666666	0.48933333333333334	0.472	0.5226666666666666	0.47533333333333333	0.484	0.44333333333333336	0.46	0.448	0.44333333333333336	0.408	0.4086666666666667	0.412	0.3993333333333333	0.396	0.3506666666666667	0.41933333333333334	0.372	0.382	0.33866666666666667	0.35	0.334	0.3353333333333333	0.31266666666666665	0.306	0.2946666666666667	0.302	0.29133333333333333	0.2926666666666667	0.292	0.298	0.2733333333333333	0.24466666666666667	0.27466666666666667	0.2713333333333333	0.24666666666666667	0.2613333333333333	0.21866666666666668	0.24266666666666667	0.22866666666666666	0.246	0.218	0.19666666666666666	0.22266666666666668	0.2	0.18933333333333333	0.16533333333333333	0.17866666666666667	0.18	0.15933333333333333	0.18133333333333335	0.16133333333333333	0.16133333333333333	0.142	0.154	0.14066666666666666	0.13666666666666666	0.13333333333333333	0.136	0.13	0.12733333333333333	0.13133333333333333	0.11933333333333333	0.13733333333333334	0.12	0.11	0.10266666666666667	0.11133333333333334	0.086	0.09133333333333334	0.08733333333333333	0.078	0.08733333333333333	0.07333333333333333	0.07866666666666666	0.06933333333333333	0.07	0.07533333333333334	0.066	
0.7946666666666666	0.7513333333333333	0.7393333333333333	0.718	0.718	0.678	0.6793333333333333	0.6546666666666666	0.6553333333333333	0.628	0.6253333333333333	0.59	0.5986666666666667	0.5426666666666666	0.5813333333333334	0.594	0.57	0.5373333333333333	0.522	0.5266666666666666	0.5413333333333333	0.5246666666666666	0.5153333333333333	0.48333333333333334	0.47333333333333333	0.51	0.4806666666666667	0.44066666666666665	0.4046666666666667	0.422	0.432	0.42933333333333334	0.42866666666666664	0.416	0.398	0.39066666666666666	0.376	0.36866666666666664	0.32266666666666666	0.35933333333333334	0.37133333333333335	0.36	0.322	0.3313333333333333	0.31333333333333335	0.302	0.2826666666666667	0.30733333333333335	0.302	0.2826666666666667	0.26866666666666666	0.2826666666666667	0.26266666666666666	0.25533333333333336	0.24066666666666667	0.25333333333333335	0.252	0.23933333333333334	0.23933333333333334	0.202	0.22866666666666666	0.20066666666666666	0.204	0.19533333333333333	0.212	0.18	0.172	0.18066666666666667	0.18466666666666667	0.17333333333333334	0.16866666666666666	0.17733333333333334	0.16666666666666666	0.158	0.152	0.15666666666666668	0.15533333333333332	0.14066666666666666	0.144	0.126	0.11866666666666667	0.128	0.12	0.14	0.11733333333333333	0.10866666666666666	0.10733333333333334	0.10466666666666667	0.09	0.098	0.108	0.08266666666666667	0.09066666666666667	0.10066666666666667	0.07466666666666667	0.06866666666666667	0.07333333333333333	0.06533333333333333	0.06066666666666667	
0.75	0.716	0.7213333333333334	0.7353333333333333	0.676	0.7026666666666667	0.6506666666666666	0.6893333333333334	0.6273333333333333	0.6393333333333333	0.6473333333333333	0.6133333333333333	0.6046666666666667	0.6153333333333333	0.5686666666666667	0.5493333333333333	0.556	0.5526666666666666	0.5386666666666666	0.472	0.52	0.512	0.512	0.4533333333333333	0.4866666666666667	0.44466666666666665	0.4613333333333333	0.464	0.444	0.38866666666666666	0.37933333333333336	0.43066666666666664	0.416	0.406	0.3953333333333333	0.3466666666666667	0.3526666666666667	0.39466666666666667	0.376	0.3293333333333333	0.3426666666666667	0.354	0.3406666666666667	0.30466666666666664	0.3426666666666667	0.298	0.3413333333333333	0.2966666666666667	0.294	0.2713333333333333	0.268	0.2826666666666667	0.264	0.22533333333333333	0.236	0.252	0.23666666666666666	0.21266666666666667	0.21533333333333332	0.23666666666666666	0.224	0.21133333333333335	0.22266666666666668	0.21733333333333332	0.196	0.20066666666666666	0.192	0.182	0.18066666666666667	0.178	0.18133333333333335	0.144	0.16466666666666666	0.14666666666666667	0.15066666666666667	0.13933333333333334	0.15066666666666667	0.164	0.12333333333333334	0.148	0.136	0.13466666666666666	0.12333333333333334	0.11333333333333333	0.12066666666666667	0.112	0.09666666666666666	0.098	0.10066666666666667	0.08866666666666667	0.09666666666666666	0.08733333333333333	0.09	0.08533333333333333	0.084	0.078	0.076	0.06866666666666667	0.05733333333333333	
0.78	0.7633333333333333	0.6966666666666667	0.7226666666666667	0.6886666666666666	0.698	0.6613333333333333	0.662	0.6833333333333333	0.6413333333333333	0.5926666666666667	0.6086666666666667	0.608	0.592	0.5906666666666667	0.552	0.5553333333333333	0.546	0.548	0.5293333333333333	0.49	0.5166666666666667	0.4686666666666667	0.4693333333333333	0.4766666666666667	0.4686666666666667	0.462	0.4673333333333333	0.42	0.4033333333333333	0.45266666666666666	0.406	0.4093333333333333	0.3953333333333333	0.422	0.376	0.37666666666666665	0.364	0.354	0.344	0.3313333333333333	0.316	0.34933333333333333	0.3473333333333333	0.328	0.306	0.3253333333333333	0.288	0.28	0.29333333333333333	0.26266666666666666	0.25466666666666665	0.2833333333333333	0.24866666666666667	0.26666666666666666	0.23866666666666667	0.22333333333333333	0.24066666666666667	0.22466666666666665	0.224	0.214	0.228	0.18666666666666668	0.22133333333333333	0.21333333333333335	0.19666666666666666	0.18466666666666667	0.186	0.17133333333333334	0.16466666666666666	0.14933333333333335	0.14866666666666667	0.17	0.14866666666666667	0.15866666666666668	0.15333333333333332	0.16333333333333333	0.14533333333333334	0.12733333333333333	0.12533333333333332	0.138	0.132	0.11266666666666666	0.122	0.11466666666666667	0.11666666666666667	0.10466666666666667	0.08533333333333333	0.09466666666666666	0.09666666666666666	0.096	0.09533333333333334	0.09866666666666667	0.09533333333333334	0.06933333333333333	0.07466666666666667	0.09066666666666667	0.06333333333333334	0.07	
0.7553333333333333	0.7226666666666667	0.752	0.7146666666666667	0.7026666666666667	0.7013333333333334	0.682	0.6546666666666666	0.658	0.6573333333333333	0.6693333333333333	0.6273333333333333	0.5793333333333334	0.6153333333333333	0.5766666666666667	0.5666666666666667	0.562	0.57	0.5373333333333333	0.48733333333333334	0.5053333333333333	0.522	0.5153333333333333	0.47533333333333333	0.4713333333333333	0.4846666666666667	0.4646666666666667	0.46066666666666667	0.44	0.4186666666666667	0.44333333333333336	0.4033333333333333	0.3933333333333333	0.4106666666666667	0.36533333333333334	0.37066666666666664	0.3566666666666667	0.38533333333333336	0.33466666666666667	0.356	0.358	0.3586666666666667	0.318	0.33866666666666667	0.3473333333333333	0.324	0.2926666666666667	0.296	0.30266666666666664	0.2793333333333333	0.276	0.2886666666666667	0.266	0.268	0.244	0.25733333333333336	0.22866666666666666	0.23933333333333334	0.232	0.22066666666666668	0.21933333333333332	0.20466666666666666	0.21866666666666668	0.21866666666666668	0.198	0.19533333333333333	0.20066666666666666	0.178	0.17466666666666666	0.18066666666666667	0.16666666666666666	0.16666666666666666	0.174	0.174	0.148	0.16	0.146	0.118	0.14266666666666666	0.11933333333333333	0.12	0.10333333333333333	0.12133333333333333	0.114	0.10266666666666667	0.118	0.10266666666666667	0.1	0.098	0.08	0.08266666666666667	0.08333333333333333	0.09333333333333334	0.08466666666666667	0.064	0.07866666666666666	0.07266666666666667	0.06066666666666667	0.062	
0.798	0.7413333333333333	0.6886666666666666	0.708	0.6786666666666666	0.7306666666666667	0.6566666666666666	0.6566666666666666	0.6433333333333333	0.63	0.6126666666666667	0.6133333333333333	0.5833333333333334	0.5413333333333333	0.606	0.5266666666666666	0.54	0.5333333333333333	0.5053333333333333	0.518	0.5106666666666667	0.4806666666666667	0.48933333333333334	0.48733333333333334	0.4573333333333333	0.4553333333333333	0.46266666666666667	0.4653333333333333	0.44533333333333336	0.42933333333333334	0.402	0.43533333333333335	0.43133333333333335	0.4	0.3933333333333333	0.3466666666666667	0.36333333333333334	0.374	0.36666666666666664	0.2986666666666667	0.364	0.3313333333333333	0.324	0.312	0.3006666666666667	0.31333333333333335	0.2853333333333333	0.278	0.292	0.2806666666666667	0.292	0.254	0.2673333333333333	0.252	0.24266666666666667	0.25333333333333335	0.23933333333333334	0.23866666666666667	0.21333333333333335	0.22066666666666668	0.214	0.19733333333333333	0.21	0.202	0.212	0.18666666666666668	0.198	0.17333333333333334	0.172	0.168	0.16933333333333334	0.17066666666666666	0.178	0.17066666666666666	0.15533333333333332	0.144	0.15533333333333332	0.136	0.12933333333333333	0.128	0.128	0.122	0.118	0.09933333333333333	0.09333333333333334	0.11	0.09933333333333333	0.104	0.106	0.08866666666666667	0.08933333333333333	0.092	0.07866666666666666	0.06933333333333333	0.068	0.07733333333333334	0.06666666666666667	0.072	0.06466666666666666	
0.7573333333333333	0.764	0.7333333333333333	0.702	0.72	0.7026666666666667	0.6573333333333333	0.6626666666666666	0.6413333333333333	0.5906666666666667	0.604	0.6166666666666667	0.6366666666666667	0.6173333333333333	0.5706666666666667	0.5253333333333333	0.5693333333333334	0.536	0.5566666666666666	0.5373333333333333	0.538	0.514	0.4726666666666667	0.4666666666666667	0.4593333333333333	0.45266666666666666	0.446	0.43533333333333335	0.4573333333333333	0.4226666666666667	0.45466666666666666	0.4073333333333333	0.394	0.4013333333333333	0.4226666666666667	0.392	0.38133333333333336	0.3606666666666667	0.36	0.36333333333333334	0.3566666666666667	0.316	0.35333333333333333	0.312	0.314	0.306	0.2806666666666667	0.28	0.27666666666666667	0.28	0.2793333333333333	0.27266666666666667	0.26866666666666666	0.24333333333333335	0.244	0.24066666666666667	0.24466666666666667	0.234	0.23	0.22466666666666665	0.21933333333333332	0.21533333333333332	0.184	0.19333333333333333	0.222	0.16866666666666666	0.182	0.18533333333333332	0.18066666666666667	0.17466666666666666	0.17533333333333334	0.18533333333333332	0.148	0.17733333333333334	0.16133333333333333	0.15533333333333332	0.13533333333333333	0.13066666666666665	0.15	0.12666666666666668	0.13133333333333333	0.12733333333333333	0.11	0.114	0.124	0.10733333333333334	0.10933333333333334	0.11666666666666667	0.10066666666666667	0.08666666666666667	0.08933333333333333	0.08333333333333333	0.08066666666666666	0.07666666666666666	0.07333333333333333	0.076	0.086	0.07466666666666667	0.06866666666666667	
0.768	0.7646666666666667	0.7033333333333334	0.6973333333333334	0.684	0.7006666666666667	0.668	0.6446666666666667	0.6493333333333333	0.6353333333333333	0.6026666666666667	0.6113333333333333	0.6173333333333333	0.5966666666666667	0.5566666666666666	0.5386666666666666	0.5473333333333333	0.574	0.526	0.49	0.548	0.5106666666666667	0.4886666666666667	0.4613333333333333	0.464	0.43466666666666665	0.4493333333333333	0.4693333333333333	0.41533333333333333	0.43466666666666665	0.4226666666666667	0.44666666666666666	0.414	0.39066666666666666	0.39266666666666666	0.38666666666666666	0.376	0.3433333333333333	0.3526666666666667	0.3406666666666667	0.31866666666666665	0.35	0.312	0.31066666666666665	0.31066666666666665	0.32133333333333336	0.29133333333333333	0.2733333333333333	0.27666666666666667	0.29333333333333333	0.2853333333333333	0.25733333333333336	0.252	0.25066666666666665	0.254	0.24866666666666667	0.238	0.24333333333333335	0.22933333333333333	0.21733333333333332	0.202	0.20866666666666667	0.21933333333333332	0.212	0.19666666666666666	0.18533333333333332	0.182	0.18666666666666668	0.17133333333333334	0.17066666666666666	0.172	0.17133333333333334	0.14533333333333334	0.15666666666666668	0.16066666666666668	0.13666666666666666	0.142	0.12	0.13	0.12533333333333332	0.114	0.12266666666666666	0.11133333333333334	0.118	0.098	0.11666666666666667	0.102	0.09666666666666666	0.1	0.09133333333333334	0.094	0.088	0.08333333333333333	0.08266666666666667	0.082	0.08066666666666666	0.078	0.06933333333333333	0.058666666666666666	
0.796	0.7473333333333333	0.7066666666666667	0.7006666666666667	0.7133333333333334	0.6766666666666666	0.6773333333333333	0.6166666666666667	0.6433333333333333	0.622	0.6386666666666667	0.5933333333333334	0.5613333333333334	0.5646666666666667	0.5693333333333334	0.556	0.568	0.558	0.49733333333333335	0.5066666666666667	0.49133333333333334	0.49466666666666664	0.49133333333333334	0.4646666666666667	0.4706666666666667	0.474	0.44866666666666666	0.4686666666666667	0.45666666666666667	0.41933333333333334	0.42	0.396	0.4126666666666667	0.3993333333333333	0.378	0.35733333333333334	0.37	0.352	0.3453333333333333	0.35333333333333333	0.33066666666666666	0.332	0.314	0.314	0.32266666666666666	0.32866666666666666	0.312	0.30933333333333335	0.2966666666666667	0.316	0.2613333333333333	0.2753333333333333	0.2633333333333333	0.26066666666666666	0.26466666666666666	0.27466666666666667	0.238	0.22866666666666666	0.22466666666666665	0.20733333333333334	0.208	0.22333333333333333	0.20533333333333334	0.20933333333333334	0.178	0.194	0.20066666666666666	0.176	0.15933333333333333	0.19533333333333333	0.14933333333333335	0.17	0.15666666666666668	0.14733333333333334	0.146	0.14066666666666666	0.13266666666666665	0.12533333333333332	0.14666666666666667	0.14066666666666666	0.11866666666666667	0.13	0.11866666666666667	0.114	0.11066666666666666	0.116	0.10533333333333333	0.10933333333333334	0.09266666666666666	0.082	0.08666666666666667	0.08066666666666666	0.07733333333333334	0.09	0.07933333333333334	0.06733333333333333	0.07333333333333333	0.062	0.068	
0.7246666666666667	0.7086666666666667	0.71	0.724	0.672	0.6733333333333333	0.6713333333333333	0.6186666666666667	0.632	0.6186666666666667	0.6293333333333333	0.6333333333333333	0.588	0.5606666666666666	0.576	0.5686666666666667	0.5033333333333333	0.528	0.542	0.4633333333333333	0.5113333333333333	0.49333333333333335	0.5126666666666667	0.488	0.45266666666666666	0.46266666666666667	0.43933333333333335	0.41533333333333333	0.4206666666666667	0.44066666666666665	0.42333333333333334	0.4046666666666667	0.41	0.39	0.38066666666666665	0.3626666666666667	0.37	0.36	0.3426666666666667	0.34933333333333333	0.332	0.332	0.31	0.33866666666666667	0.314	0.2813333333333333	0.2906666666666667	0.282	0.278	0.2633333333333333	0.288	0.26	0.254	0.26	0.25066666666666665	0.23733333333333334	0.236	0.23333333333333334	0.23466666666666666	0.23733333333333334	0.21266666666666667	0.226	0.202	0.16733333333333333	0.20933333333333334	0.19333333333333333	0.18533333333333332	0.15266666666666667	0.17133333333333334	0.15933333333333333	0.18533333333333332	0.17266666666666666	0.14866666666666667	0.15333333333333332	0.156	0.156	0.136	0.148	0.11866666666666667	0.13266666666666665	0.13933333333333334	0.11533333333333333	0.12333333333333334	0.122	0.12066666666666667	0.10666666666666667	0.11066666666666666	0.08666666666666667	0.07533333333333334	0.084	0.092	0.104	0.094	0.08133333333333333	0.07466666666666667	0.06933333333333333	0.07	0.07133333333333333	0.06133333333333333	
0.708	0.75	0.7066666666666667	0.7233333333333334	0.658	0.6886666666666666	0.666	0.6693333333333333	0.6786666666666666	0.626	0.6186666666666667	0.5846666666666667	0.5833333333333334	0.5986666666666667	0.5786666666666667	0.578	0.5366666666666666	0.544	0.5273333333333333	0.5033333333333333	0.512	0.49333333333333335	0.49666666666666665	0.4866666666666667	0.48933333333333334	0.4786666666666667	0.43733333333333335	0.44	0.43866666666666665	0.43866666666666665	0.432	0.39066666666666666	0.38	0.404	0.3873333333333333	0.35933333333333334	0.366	0.37533333333333335	0.354	0.35533333333333333	0.332	0.30866666666666664	0.30933333333333335	0.30666666666666664	0.30533333333333335	0.2826666666666667	0.3006666666666667	0.2733333333333333	0.274	0.2733333333333333	0.25266666666666665	0.258	0.24266666666666667	0.24066666666666667	0.25066666666666665	0.25466666666666665	0.21533333333333332	0.23866666666666667	0.23333333333333334	0.21266666666666667	0.23933333333333334	0.204	0.24133333333333334	0.20666666666666667	0.196	0.16866666666666666	0.18333333333333332	0.17	0.158	0.172	0.176	0.14	0.14466666666666667	0.15533333333333332	0.138	0.15066666666666667	0.136	0.13666666666666666	0.13533333333333333	0.13	0.11866666666666667	0.11333333333333333	0.10666666666666667	0.11533333333333333	0.108	0.12933333333333333	0.09666666666666666	0.08	0.10266666666666667	0.10066666666666667	0.08733333333333333	0.088	0.076	0.09333333333333334	0.07133333333333333	0.07733333333333334	0.07066666666666667	0.074	0.07866666666666666	
0.772	0.7093333333333334	0.75	0.7166666666666667	0.6646666666666666	0.616	0.6493333333333333	0.6366666666666667	0.6486666666666666	0.6093333333333333	0.61	0.5926666666666667	0.63	0.5886666666666667	0.5886666666666667	0.5833333333333334	0.562	0.52	0.542	0.5306666666666666	0.484	0.516	0.492	0.44333333333333336	0.4886666666666667	0.428	0.442	0.446	0.42933333333333334	0.4226666666666667	0.4206666666666667	0.4	0.38666666666666666	0.358	0.43733333333333335	0.3893333333333333	0.352	0.372	0.36	0.3413333333333333	0.3466666666666667	0.3313333333333333	0.3293333333333333	0.316	0.33866666666666667	0.30533333333333335	0.2753333333333333	0.282	0.27266666666666667	0.27466666666666667	0.27066666666666667	0.302	0.2693333333333333	0.22133333333333333	0.25333333333333335	0.216	0.23066666666666666	0.23733333333333334	0.21733333333333332	0.21866666666666668	0.20666666666666667	0.20533333333333334	0.21133333333333335	0.19333333333333333	0.19333333333333333	0.18933333333333333	0.208	0.16666666666666666	0.182	0.174	0.14933333333333335	0.15066666666666667	0.16	0.156	0.14666666666666667	0.13533333333333333	0.146	0.124	0.12266666666666666	0.13	0.10666666666666667	0.11066666666666666	0.118	0.11266666666666666	0.10733333333333334	0.12066666666666667	0.09733333333333333	0.096	0.08933333333333333	0.076	0.08666666666666667	0.09	0.07533333333333334	0.082	0.09	0.07	0.068	0.07666666666666666	0.058666666666666666	
0.734	0.71	0.694	0.68	0.6786666666666666	0.6953333333333334	0.6693333333333333	0.638	0.6073333333333333	0.608	0.6106666666666667	0.5833333333333334	0.5573333333333333	0.5826666666666667	0.538	0.544	0.516	0.5193333333333333	0.5186666666666667	0.5066666666666667	0.5046666666666667	0.5106666666666667	0.48	0.482	0.4493333333333333	0.41933333333333334	0.43866666666666665	0.4046666666666667	0.4086666666666667	0.41	0.37866666666666665	0.38333333333333336	0.39866666666666667	0.374	0.396	0.38466666666666666	0.37266666666666665	0.3393333333333333	0.348	0.3393333333333333	0.33666666666666667	0.32666666666666666	0.326	0.284	0.29533333333333334	0.30666666666666664	0.29533333333333334	0.2806666666666667	0.282	0.278	0.282	0.26	0.24333333333333335	0.23333333333333334	0.23133333333333334	0.24266666666666667	0.23466666666666666	0.22933333333333333	0.21466666666666667	0.23866666666666667	0.23066666666666666	0.23066666666666666	0.194	0.20666666666666667	0.17933333333333334	0.18333333333333332	0.20066666666666666	0.19333333333333333	0.18133333333333335	0.16933333333333334	0.16866666666666666	0.15466666666666667	0.15466666666666667	0.16266666666666665	0.162	0.14666666666666667	0.142	0.14066666666666666	0.12733333333333333	0.134	0.118	0.118	0.09866666666666667	0.118	0.13133333333333333	0.112	0.10266666666666667	0.10466666666666667	0.09666666666666666	0.106	0.082	0.08266666666666667	0.058	0.07933333333333334	0.07866666666666666	0.07	0.07066666666666667	0.06866666666666667	0.068	
0.7346666666666667	0.724	0.698	0.6793333333333333	0.6953333333333334	0.7153333333333334	0.668	0.622	0.6006666666666667	0.5966666666666667	0.598	0.59	0.5626666666666666	0.5626666666666666	0.5393333333333333	0.5586666666666666	0.5326666666666666	0.494	0.5266666666666666	0.5113333333333333	0.5573333333333333	0.49466666666666664	0.4886666666666667	0.5	0.4633333333333333	0.45666666666666667	0.4593333333333333	0.43533333333333335	0.42866666666666664	0.3953333333333333	0.3953333333333333	0.37933333333333336	0.378	0.38066666666666665	0.3466666666666667	0.39866666666666667	0.37933333333333336	0.3566666666666667	0.368	0.3353333333333333	0.3353333333333333	0.3	0.30533333333333335	0.30933333333333335	0.2926666666666667	0.31	0.272	0.28733333333333333	0.25466666666666665	0.27266666666666667	0.268	0.244	0.25733333333333336	0.236	0.24733333333333332	0.23333333333333334	0.25666666666666665	0.226	0.22466666666666665	0.222	0.21266666666666667	0.20466666666666666	0.21466666666666667	0.198	0.18066666666666667	0.18133333333333335	0.184	0.192	0.168	0.17466666666666666	0.17533333333333334	0.15866666666666668	0.14933333333333335	0.15	0.15466666666666667	0.14	0.11666666666666667	0.12733333333333333	0.12866666666666668	0.13666666666666666	0.12066666666666667	0.09733333333333333	0.108	0.10333333333333333	0.09866666666666667	0.11333333333333333	0.10933333333333334	0.1	0.08733333333333333	0.10466666666666667	0.10066666666666667	0.08466666666666667	0.08666666666666667	0.08133333333333333	0.08066666666666666	0.068	0.068	0.072	0.07866666666666666	
0.7453333333333333	0.6773333333333333	0.7266666666666667	0.6713333333333333	0.658	0.6706666666666666	0.642	0.6253333333333333	0.6533333333333333	0.614	0.5993333333333334	0.5633333333333334	0.5706666666666667	0.5306666666666666	0.5453333333333333	0.5673333333333334	0.5346666666666666	0.5086666666666667	0.5366666666666666	0.5046666666666667	0.494	0.45666666666666667	0.4533333333333333	0.4673333333333333	0.43	0.436	0.43533333333333335	0.4246666666666667	0.39666666666666667	0.4206666666666667	0.40066666666666667	0.4066666666666667	0.39266666666666666	0.37733333333333335	0.366	0.3566666666666667	0.3373333333333333	0.3466666666666667	0.354	0.3333333333333333	0.31533333333333335	0.334	0.2906666666666667	0.33066666666666666	0.332	0.32133333333333336	0.2886666666666667	0.2826666666666667	0.2653333333333333	0.276	0.25533333333333336	0.27	0.24866666666666667	0.24533333333333332	0.24333333333333335	0.24666666666666667	0.246	0.21866666666666668	0.20466666666666666	0.21333333333333335	0.21266666666666667	0.20666666666666667	0.20066666666666666	0.19866666666666666	0.18333333333333332	0.17733333333333334	0.188	0.18266666666666667	0.188	0.16	0.15333333333333332	0.148	0.14133333333333334	0.142	0.11666666666666667	0.15266666666666667	0.13533333333333333	0.134	0.118	0.10933333333333334	0.11866666666666667	0.09666666666666666	0.11333333333333333	0.10933333333333334	0.10133333333333333	0.10133333333333333	0.10666666666666667	0.09933333333333333	0.096	0.08266666666666667	0.08933333333333333	0.06866666666666667	0.07666666666666666	0.08133333333333333	0.08666666666666667	0.07533333333333334	0.06933333333333333	0.07733333333333334	0.07666666666666666	
0.7293333333333333	0.7226666666666667	0.6886666666666666	0.6873333333333334	0.66	0.6546666666666666	0.6453333333333333	0.6353333333333333	0.6606666666666666	0.6	0.5813333333333334	0.6066666666666667	0.6226666666666667	0.5526666666666666	0.544	0.542	0.49533333333333335	0.506	0.518	0.5186666666666667	0.474	0.5006666666666667	0.444	0.4553333333333333	0.4746666666666667	0.464	0.454	0.43466666666666665	0.44	0.424	0.4266666666666667	0.37	0.3893333333333333	0.38533333333333336	0.38066666666666665	0.394	0.332	0.322	0.3373333333333333	0.352	0.3273333333333333	0.306	0.2986666666666667	0.31733333333333336	0.3	0.2833333333333333	0.30133333333333334	0.2853333333333333	0.288	0.282	0.248	0.2653333333333333	0.25533333333333336	0.254	0.262	0.24133333333333334	0.22466666666666665	0.22866666666666666	0.25066666666666665	0.234	0.21466666666666667	0.17	0.20066666666666666	0.19133333333333333	0.18933333333333333	0.19666666666666666	0.17266666666666666	0.17333333333333334	0.152	0.16333333333333333	0.16733333333333333	0.14933333333333335	0.15533333333333332	0.14466666666666667	0.16	0.13	0.134	0.122	0.10733333333333334	0.13066666666666665	0.12533333333333332	0.10733333333333334	0.12266666666666666	0.12	0.09133333333333334	0.09666666666666666	0.09266666666666666	0.08	0.08133333333333333	0.08533333333333333	0.07466666666666667	0.07533333333333334	0.08533333333333333	0.07266666666666667	0.074	0.07066666666666667	0.07066666666666667	0.06933333333333333	0.06466666666666666	
0.7173333333333334	0.71	0.7226666666666667	0.668	0.6586666666666666	0.6713333333333333	0.6573333333333333	0.6526666666666666	0.6286666666666667	0.5746666666666667	0.5853333333333334	0.552	0.5746666666666667	0.5686666666666667	0.562	0.5533333333333333	0.5126666666666667	0.5126666666666667	0.514	0.48933333333333334	0.4786666666666667	0.4693333333333333	0.5113333333333333	0.45666666666666667	0.45066666666666666	0.43266666666666664	0.426	0.4046666666666667	0.458	0.39866666666666667	0.37533333333333335	0.4106666666666667	0.38	0.41333333333333333	0.35	0.366	0.33266666666666667	0.36133333333333334	0.3566666666666667	0.31866666666666665	0.334	0.33066666666666666	0.30733333333333335	0.27	0.2733333333333333	0.2926666666666667	0.29333333333333333	0.28	0.2886666666666667	0.2633333333333333	0.266	0.27	0.22133333333333333	0.23466666666666666	0.25733333333333336	0.24466666666666667	0.22333333333333333	0.238	0.23466666666666666	0.19266666666666668	0.21133333333333335	0.192	0.19266666666666668	0.21066666666666667	0.19	0.17866666666666667	0.19066666666666668	0.17	0.17066666666666666	0.15666666666666668	0.17666666666666667	0.16466666666666666	0.152	0.142	0.13066666666666665	0.134	0.13866666666666666	0.15266666666666667	0.14066666666666666	0.124	0.128	0.13866666666666666	0.12	0.10733333333333334	0.08533333333333333	0.10466666666666667	0.102	0.09733333333333333	0.08333333333333333	0.08866666666666667	0.08666666666666667	0.07933333333333334	0.082	0.08066666666666666	0.08266666666666667	0.08266666666666667	0.06733333333333333	0.07266666666666667	0.06066666666666667	
0.7266666666666667	0.7	0.6773333333333333	0.6986666666666667	0.6746666666666666	0.6886666666666666	0.6393333333333333	0.6026666666666667	0.608	0.586	0.602	0.5873333333333334	0.6093333333333333	0.5353333333333333	0.5566666666666666	0.538	0.5493333333333333	0.5053333333333333	0.49933333333333335	0.5106666666666667	0.486	0.46266666666666667	0.49133333333333334	0.434	0.44533333333333336	0.432	0.42	0.436	0.396	0.404	0.412	0.38666666666666666	0.378	0.36333333333333334	0.382	0.38533333333333336	0.38266666666666665	0.3486666666666667	0.362	0.322	0.32866666666666666	0.30733333333333335	0.332	0.30866666666666664	0.31066666666666665	0.32133333333333336	0.2813333333333333	0.28	0.2966666666666667	0.24533333333333332	0.262	0.26866666666666666	0.26	0.234	0.23666666666666666	0.22933333333333333	0.21466666666666667	0.23666666666666666	0.216	0.19133333333333333	0.214	0.206	0.198	0.18733333333333332	0.18666666666666668	0.19	0.17666666666666667	0.16733333333333333	0.164	0.192	0.15666666666666668	0.14266666666666666	0.154	0.12733333333333333	0.13666666666666666	0.14933333333333335	0.13266666666666665	0.132	0.12466666666666666	0.11333333333333333	0.11	0.11733333333333333	0.126	0.11066666666666666	0.11333333333333333	0.112	0.10466666666666667	0.09266666666666666	0.09266666666666666	0.08933333333333333	0.08466666666666667	0.08533333333333333	0.09733333333333333	0.07466666666666667	0.072	0.07133333333333333	0.07266666666666667	0.074	0.06866666666666667	
0.7306666666666667	0.6906666666666667	0.672	0.652	0.6653333333333333	0.648	0.622	0.6333333333333333	0.618	0.6086666666666667	0.5893333333333334	0.558	0.5986666666666667	0.5406666666666666	0.5313333333333333	0.5493333333333333	0.5333333333333333	0.5066666666666667	0.5066666666666667	0.5006666666666667	0.48133333333333334	0.48733333333333334	0.4713333333333333	0.444	0.4493333333333333	0.4633333333333333	0.44733333333333336	0.4266666666666667	0.4146666666666667	0.4266666666666667	0.39466666666666667	0.3893333333333333	0.376	0.368	0.36466666666666664	0.35533333333333333	0.384	0.3473333333333333	0.3353333333333333	0.316	0.30333333333333334	0.314	0.294	0.298	0.31	0.278	0.2906666666666667	0.268	0.2866666666666667	0.25933333333333336	0.26	0.266	0.252	0.226	0.248	0.22466666666666665	0.22066666666666668	0.21533333333333332	0.22066666666666668	0.21733333333333332	0.202	0.17466666666666666	0.194	0.216	0.19	0.16933333333333334	0.18733333333333332	0.15933333333333333	0.158	0.16133333333333333	0.14933333333333335	0.164	0.15533333333333332	0.16333333333333333	0.13666666666666666	0.13133333333333333	0.12133333333333333	0.12933333333333333	0.12	0.12866666666666668	0.116	0.12	0.11066666666666666	0.10333333333333333	0.10333333333333333	0.08733333333333333	0.09133333333333334	0.09333333333333334	0.094	0.08466666666666667	0.08266666666666667	0.07733333333333334	0.06866666666666667	0.08466666666666667	0.078	0.07666666666666666	0.05733333333333333	0.056666666666666664	0.064	
0.7366666666666667	0.658	0.694	0.6433333333333333	0.6733333333333333	0.676	0.6566666666666666	0.5833333333333334	0.5933333333333334	0.5813333333333334	0.5786666666666667	0.5813333333333334	0.566	0.5486666666666666	0.5333333333333333	0.5193333333333333	0.5493333333333333	0.496	0.49933333333333335	0.5153333333333333	0.502	0.4693333333333333	0.48733333333333334	0.416	0.4613333333333333	0.416	0.42933333333333334	0.388	0.398	0.406	0.4013333333333333	0.3913333333333333	0.37333333333333335	0.364	0.37733333333333335	0.3486666666666667	0.348	0.3473333333333333	0.3273333333333333	0.3433333333333333	0.3393333333333333	0.2986666666666667	0.30466666666666664	0.30933333333333335	0.31133333333333335	0.31	0.282	0.2793333333333333	0.27	0.26866666666666666	0.264	0.2653333333333333	0.25466666666666665	0.24266666666666667	0.23333333333333334	0.22066666666666668	0.23266666666666666	0.22533333333333333	0.218	0.206	0.20733333333333334	0.19066666666666668	0.192	0.19666666666666666	0.21	0.18933333333333333	0.19	0.16	0.166	0.15133333333333332	0.15866666666666668	0.166	0.148	0.14266666666666666	0.14866666666666667	0.132	0.144	0.13733333333333334	0.114	0.12533333333333332	0.12133333333333333	0.112	0.112	0.12533333333333332	0.112	0.08666666666666667	0.10133333333333333	0.09533333333333334	0.096	0.08066666666666666	0.10133333333333333	0.086	0.08466666666666667	0.082	0.06533333333333333	0.07066666666666667	0.078	0.058666666666666666	0.04533333333333334	
0.7026666666666667	0.6773333333333333	0.6786666666666666	0.6766666666666666	0.6726666666666666	0.63	0.6386666666666667	0.586	0.6233333333333333	0.6066666666666667	0.5633333333333334	0.5586666666666666	0.6066666666666667	0.5046666666666667	0.532	0.5126666666666667	0.5186666666666667	0.5253333333333333	0.5006666666666667	0.49866666666666665	0.4786666666666667	0.458	0.47733333333333333	0.45	0.418	0.424	0.45	0.39	0.424	0.4226666666666667	0.374	0.36733333333333335	0.3606666666666667	0.3606666666666667	0.33	0.334	0.3546666666666667	0.3453333333333333	0.32	0.31	0.342	0.31533333333333335	0.30733333333333335	0.3253333333333333	0.3	0.30533333333333335	0.27266666666666667	0.28	0.266	0.26066666666666666	0.26666666666666666	0.244	0.24	0.244	0.23533333333333334	0.22666666666666666	0.212	0.22266666666666668	0.21933333333333332	0.20266666666666666	0.19933333333333333	0.19066666666666668	0.19266666666666668	0.18333333333333332	0.17933333333333334	0.2	0.184	0.17866666666666667	0.176	0.17333333333333334	0.166	0.15	0.15533333333333332	0.14733333333333334	0.13333333333333333	0.12466666666666666	0.136	0.13	0.13333333333333333	0.106	0.13733333333333334	0.116	0.11	0.11066666666666666	0.116	0.10733333333333334	0.09533333333333334	0.094	0.09533333333333334	0.10133333333333333	0.084	0.07933333333333334	0.07733333333333334	0.07733333333333334	0.06666666666666667	0.07933333333333334	0.066	0.08	0.076	
0.7026666666666667	0.6846666666666666	0.6913333333333334	0.6826666666666666	0.654	0.6566666666666666	0.6153333333333333	0.6006666666666667	0.64	0.6026666666666667	0.568	0.5766666666666667	0.5586666666666666	0.5553333333333333	0.5706666666666667	0.56	0.5093333333333333	0.528	0.4806666666666667	0.48	0.486	0.4686666666666667	0.49333333333333335	0.4573333333333333	0.43066666666666664	0.434	0.436	0.41533333333333333	0.3893333333333333	0.4093333333333333	0.42133333333333334	0.3933333333333333	0.37933333333333336	0.3526666666666667	0.38	0.3446666666666667	0.314	0.332	0.3253333333333333	0.3373333333333333	0.3393333333333333	0.33066666666666666	0.2946666666666667	0.2673333333333333	0.294	0.26666666666666666	0.2813333333333333	0.26866666666666666	0.2733333333333333	0.25733333333333336	0.23866666666666667	0.23066666666666666	0.238	0.244	0.24266666666666667	0.226	0.21133333333333335	0.24533333333333332	0.222	0.18733333333333332	0.19133333333333333	0.21533333333333332	0.18	0.18466666666666667	0.17133333333333334	0.19133333333333333	0.16533333333333333	0.16866666666666666	0.16866666666666666	0.15933333333333333	0.14466666666666667	0.16	0.14533333333333334	0.16133333333333333	0.13933333333333334	0.132	0.12933333333333333	0.122	0.13866666666666666	0.12133333333333333	0.116	0.124	0.10466666666666667	0.10933333333333334	0.112	0.10333333333333333	0.098	0.08533333333333333	0.092	0.08466666666666667	0.08866666666666667	0.064	0.08333333333333333	0.07733333333333334	0.059333333333333335	0.06666666666666667	0.07933333333333334	0.07733333333333334	0.056	
0.7066666666666667	0.6966666666666667	0.6546666666666666	0.7013333333333334	0.6613333333333333	0.6433333333333333	0.6666666666666666	0.614	0.596	0.5866666666666667	0.5753333333333334	0.556	0.58	0.5646666666666667	0.5526666666666666	0.512	0.482	0.5166666666666667	0.5073333333333333	0.4613333333333333	0.45066666666666666	0.44666666666666666	0.46	0.4726666666666667	0.438	0.43133333333333335	0.47333333333333333	0.42533333333333334	0.41333333333333333	0.3973333333333333	0.4093333333333333	0.3993333333333333	0.38066666666666665	0.3566666666666667	0.37666666666666665	0.338	0.3333333333333333	0.3413333333333333	0.342	0.328	0.29533333333333334	0.30266666666666664	0.324	0.302	0.30333333333333334	0.2653333333333333	0.2633333333333333	0.25933333333333336	0.274	0.2673333333333333	0.25333333333333335	0.24933333333333332	0.24933333333333332	0.242	0.23733333333333334	0.224	0.226	0.21	0.22866666666666666	0.20333333333333334	0.20066666666666666	0.18866666666666668	0.196	0.19666666666666666	0.20933333333333334	0.188	0.174	0.16866666666666666	0.152	0.15666666666666668	0.15066666666666667	0.15733333333333333	0.154	0.15666666666666668	0.132	0.13733333333333334	0.142	0.126	0.13	0.132	0.11933333333333333	0.11533333333333333	0.11466666666666667	0.11466666666666667	0.09333333333333334	0.10533333333333333	0.112	0.08666666666666667	0.094	0.08933333333333333	0.08266666666666667	0.08266666666666667	0.074	0.08333333333333333	0.08	0.068	0.06133333333333333	0.062	0.074	
0.6886666666666666	0.674	0.69	0.6833333333333333	0.6486666666666666	0.6493333333333333	0.628	0.5886666666666667	0.6126666666666667	0.5926666666666667	0.582	0.5406666666666666	0.5446666666666666	0.5206666666666667	0.53	0.4846666666666667	0.514	0.45866666666666667	0.49666666666666665	0.49	0.5093333333333333	0.454	0.4573333333333333	0.44733333333333336	0.43266666666666664	0.46	0.44533333333333336	0.43666666666666665	0.4226666666666667	0.4166666666666667	0.39266666666666666	0.4	0.39066666666666666	0.384	0.36866666666666664	0.3393333333333333	0.326	0.3313333333333333	0.31933333333333336	0.31666666666666665	0.32	0.30666666666666664	0.314	0.28	0.2966666666666667	0.28733333333333333	0.264	0.2886666666666667	0.2613333333333333	0.27666666666666667	0.2826666666666667	0.26266666666666666	0.25066666666666665	0.22466666666666665	0.224	0.24333333333333335	0.212	0.23	0.20466666666666666	0.20533333333333334	0.19466666666666665	0.19533333333333333	0.206	0.20066666666666666	0.18333333333333332	0.176	0.186	0.164	0.16866666666666666	0.15	0.15466666666666667	0.14133333333333334	0.14266666666666666	0.12666666666666668	0.12733333333333333	0.15	0.12066666666666667	0.142	0.11	0.10866666666666666	0.10933333333333334	0.11733333333333333	0.11266666666666666	0.096	0.08933333333333333	0.08866666666666667	0.09133333333333334	0.09866666666666667	0.078	0.09	0.07333333333333333	0.074	0.084	0.086	0.07266666666666667	0.07666666666666666	0.07466666666666667	0.06266666666666666	0.06266666666666666	
0.7293333333333333	0.6526666666666666	0.6726666666666666	0.698	0.6413333333333333	0.64	0.604	0.5606666666666666	0.5853333333333334	0.5853333333333334	0.598	0.5993333333333334	0.5693333333333334	0.5393333333333333	0.52	0.5553333333333333	0.5186666666666667	0.48533333333333334	0.5086666666666667	0.49666666666666665	0.4693333333333333	0.4573333333333333	0.4666666666666667	0.438	0.4593333333333333	0.41	0.4206666666666667	0.396	0.426	0.41533333333333333	0.3893333333333333	0.3953333333333333	0.38666666666666666	0.3913333333333333	0.35733333333333334	0.346	0.31933333333333336	0.342	0.316	0.3433333333333333	0.30133333333333334	0.30266666666666664	0.28933333333333333	0.3006666666666667	0.25733333333333336	0.28	0.27266666666666667	0.27	0.25733333333333336	0.24133333333333334	0.24666666666666667	0.24933333333333332	0.244	0.24466666666666667	0.22333333333333333	0.22066666666666668	0.23	0.22466666666666665	0.21333333333333335	0.196	0.188	0.19533333333333333	0.182	0.17333333333333334	0.172	0.17066666666666666	0.17333333333333334	0.15733333333333333	0.15466666666666667	0.148	0.15733333333333333	0.15266666666666667	0.16066666666666668	0.15066666666666667	0.14066666666666666	0.12466666666666666	0.13933333333333334	0.13466666666666666	0.122	0.118	0.118	0.10666666666666667	0.112	0.10266666666666667	0.10133333333333333	0.108	0.102	0.086	0.09866666666666667	0.09266666666666666	0.08066666666666666	0.084	0.08866666666666667	0.06933333333333333	0.07933333333333334	0.08066666666666666	0.084	0.06	0.054	
0.64	0.684	0.6506666666666666	0.664	0.6306666666666667	0.6213333333333333	0.6233333333333333	0.6453333333333333	0.6093333333333333	0.5593333333333333	0.5966666666666667	0.5506666666666666	0.5366666666666666	0.5233333333333333	0.5153333333333333	0.518	0.502	0.486	0.5166666666666667	0.43866666666666665	0.4646666666666667	0.44666666666666666	0.4673333333333333	0.432	0.446	0.41533333333333333	0.438	0.4206666666666667	0.422	0.4093333333333333	0.38133333333333336	0.37333333333333335	0.374	0.37133333333333335	0.362	0.35933333333333334	0.33066666666666666	0.32066666666666666	0.33866666666666667	0.32133333333333336	0.31	0.2833333333333333	0.284	0.274	0.27066666666666667	0.2833333333333333	0.2733333333333333	0.2966666666666667	0.24733333333333332	0.26066666666666666	0.24	0.22866666666666666	0.25133333333333335	0.23866666666666667	0.23866666666666667	0.234	0.20333333333333334	0.21666666666666667	0.19466666666666665	0.194	0.182	0.196	0.19666666666666666	0.19666666666666666	0.182	0.18533333333333332	0.186	0.16	0.148	0.15533333333333332	0.15066666666666667	0.142	0.142	0.15733333333333333	0.14933333333333335	0.12266666666666666	0.14333333333333334	0.11866666666666667	0.11866666666666667	0.11333333333333333	0.10733333333333334	0.11133333333333334	0.098	0.10666666666666667	0.10133333333333333	0.09333333333333334	0.096	0.108	0.08266666666666667	0.08	0.09133333333333334	0.088	0.08266666666666667	0.076	0.082	0.068	0.06666666666666667	0.062	0.06666666666666667	
0.7253333333333334	0.6706666666666666	0.6526666666666666	0.644	0.6273333333333333	0.622	0.662	0.598	0.5646666666666667	0.5773333333333334	0.558	0.5346666666666666	0.588	0.5166666666666667	0.516	0.5046666666666667	0.5073333333333333	0.486	0.4806666666666667	0.4746666666666667	0.47533333333333333	0.45266666666666666	0.43666666666666665	0.44066666666666665	0.4266666666666667	0.4066666666666667	0.418	0.4026666666666667	0.4013333333333333	0.416	0.424	0.356	0.364	0.356	0.3546666666666667	0.3453333333333333	0.36666666666666664	0.3293333333333333	0.3273333333333333	0.332	0.292	0.32466666666666666	0.26866666666666666	0.268	0.2753333333333333	0.282	0.27	0.24333333333333335	0.2786666666666667	0.25866666666666666	0.25133333333333335	0.264	0.21866666666666668	0.21866666666666668	0.22066666666666668	0.21533333333333332	0.216	0.21333333333333335	0.20533333333333334	0.18	0.196	0.17466666666666666	0.196	0.18	0.18	0.18333333333333332	0.17	0.18	0.15133333333333332	0.15	0.16333333333333333	0.154	0.12666666666666668	0.14466666666666667	0.14733333333333334	0.132	0.114	0.11466666666666667	0.12733333333333333	0.124	0.122	0.11733333333333333	0.124	0.10466666666666667	0.09866666666666667	0.116	0.096	0.10266666666666667	0.096	0.106	0.08933333333333333	0.076	0.072	0.07733333333333334	0.08266666666666667	0.07266666666666667	0.06066666666666667	0.05733333333333333	0.06533333333333333	
0.6686666666666666	0.692	0.684	0.626	0.6273333333333333	0.6326666666666667	0.616	0.63	0.5846666666666667	0.5566666666666666	0.5613333333333334	0.5546666666666666	0.568	0.5326666666666666	0.5073333333333333	0.5066666666666667	0.5213333333333333	0.48733333333333334	0.4806666666666667	0.48333333333333334	0.482	0.454	0.4673333333333333	0.43933333333333335	0.43266666666666664	0.43466666666666665	0.4046666666666667	0.4073333333333333	0.41533333333333333	0.38	0.39666666666666667	0.384	0.352	0.386	0.3433333333333333	0.364	0.33666666666666667	0.31533333333333335	0.3273333333333333	0.334	0.322	0.32466666666666666	0.29933333333333334	0.30533333333333335	0.30733333333333335	0.29133333333333333	0.2733333333333333	0.2813333333333333	0.24133333333333334	0.26466666666666666	0.242	0.27666666666666667	0.238	0.24066666666666667	0.24066666666666667	0.23733333333333334	0.20666666666666667	0.222	0.20466666666666666	0.20733333333333334	0.184	0.20266666666666666	0.19533333333333333	0.174	0.18666666666666668	0.186	0.17866666666666667	0.15133333333333332	0.16466666666666666	0.16	0.14066666666666666	0.13266666666666665	0.166	0.11266666666666666	0.13866666666666666	0.12466666666666666	0.12666666666666668	0.12333333333333334	0.12333333333333334	0.12066666666666667	0.12266666666666666	0.10266666666666667	0.12066666666666667	0.11666666666666667	0.112	0.09533333333333334	0.10533333333333333	0.086	0.10066666666666667	0.09266666666666666	0.094	0.08133333333333333	0.07266666666666667	0.07933333333333334	0.06666666666666667	0.06466666666666666	0.059333333333333335	0.06066666666666667	0.059333333333333335	
0.6793333333333333	0.6793333333333333	0.6573333333333333	0.654	0.608	0.6246666666666667	0.6133333333333333	0.5673333333333334	0.6006666666666667	0.552	0.55	0.5773333333333334	0.5306666666666666	0.5006666666666667	0.5293333333333333	0.5206666666666667	0.4826666666666667	0.48933333333333334	0.5086666666666667	0.502	0.44866666666666666	0.44666666666666666	0.44066666666666665	0.46266666666666667	0.436	0.398	0.3913333333333333	0.4013333333333333	0.4	0.3933333333333333	0.356	0.37133333333333335	0.364	0.3626666666666667	0.34	0.3413333333333333	0.344	0.33066666666666666	0.31	0.302	0.31266666666666665	0.2946666666666667	0.30933333333333335	0.28	0.288	0.27	0.276	0.268	0.25066666666666665	0.25133333333333335	0.23266666666666666	0.25066666666666665	0.26066666666666666	0.22066666666666668	0.206	0.21	0.24133333333333334	0.20466666666666666	0.216	0.20933333333333334	0.18466666666666667	0.2	0.216	0.168	0.18	0.168	0.16933333333333334	0.172	0.15066666666666667	0.15133333333333332	0.15133333333333332	0.136	0.14666666666666667	0.15066666666666667	0.142	0.13733333333333334	0.128	0.11466666666666667	0.14933333333333335	0.108	0.13	0.11733333333333333	0.11133333333333334	0.10533333333333333	0.11933333333333333	0.09133333333333334	0.10333333333333333	0.09666666666666666	0.09533333333333334	0.08666666666666667	0.088	0.07666666666666666	0.08066666666666666	0.07	0.06466666666666666	0.07	0.07333333333333333	0.06933333333333333	0.059333333333333335	
0.6773333333333333	0.708	0.662	0.6306666666666667	0.636	0.6266666666666667	0.6066666666666667	0.608	0.5606666666666666	0.532	0.572	0.554	0.5273333333333333	0.5413333333333333	0.552	0.5426666666666666	0.5046666666666667	0.47733333333333333	0.5166666666666667	0.45666666666666667	0.4786666666666667	0.44533333333333336	0.4706666666666667	0.44333333333333336	0.43733333333333335	0.4066666666666667	0.4073333333333333	0.406	0.39866666666666667	0.37333333333333335	0.37666666666666665	0.39466666666666667	0.37533333333333335	0.354	0.37333333333333335	0.3466666666666667	0.33466666666666667	0.338	0.314	0.32466666666666666	0.30533333333333335	0.32133333333333336	0.304	0.29933333333333334	0.2833333333333333	0.3	0.276	0.25	0.244	0.3006666666666667	0.254	0.23866666666666667	0.23466666666666666	0.24066666666666667	0.24333333333333335	0.24333333333333335	0.21466666666666667	0.2	0.198	0.212	0.20266666666666666	0.20333333333333334	0.19666666666666666	0.17866666666666667	0.17333333333333334	0.16066666666666668	0.172	0.18066666666666667	0.162	0.16066666666666668	0.14866666666666667	0.13533333333333333	0.14866666666666667	0.14266666666666666	0.12333333333333334	0.13666666666666666	0.11133333333333334	0.12466666666666666	0.134	0.11266666666666666	0.11666666666666667	0.11133333333333334	0.10733333333333334	0.10933333333333334	0.102	0.10066666666666667	0.09933333333333333	0.08466666666666667	0.086	0.09	0.07066666666666667	0.07266666666666667	0.078	0.07466666666666667	0.074	0.08066666666666666	0.058666666666666666	0.06533333333333333	0.059333333333333335	
0.6813333333333333	0.6466666666666666	0.68	0.632	0.6453333333333333	0.614	0.6086666666666667	0.5746666666666667	0.6073333333333333	0.5286666666666666	0.5673333333333334	0.5693333333333334	0.5653333333333334	0.5213333333333333	0.514	0.4886666666666667	0.5033333333333333	0.516	0.48933333333333334	0.43733333333333335	0.47533333333333333	0.432	0.43866666666666665	0.4573333333333333	0.44133333333333336	0.44466666666666665	0.406	0.4053333333333333	0.37066666666666664	0.4	0.376	0.37666666666666665	0.382	0.3413333333333333	0.336	0.35533333333333333	0.35133333333333333	0.33866666666666667	0.326	0.30533333333333335	0.32	0.31333333333333335	0.2833333333333333	0.31066666666666665	0.266	0.284	0.27	0.292	0.24666666666666667	0.2713333333333333	0.23933333333333334	0.24533333333333332	0.274	0.21333333333333335	0.214	0.21866666666666668	0.194	0.22133333333333333	0.20666666666666667	0.20266666666666666	0.21133333333333335	0.21466666666666667	0.18933333333333333	0.16533333333333333	0.18866666666666668	0.172	0.15866666666666668	0.186	0.15533333333333332	0.14466666666666667	0.16533333333333333	0.14133333333333334	0.144	0.14533333333333334	0.14733333333333334	0.14333333333333334	0.11866666666666667	0.11066666666666666	0.126	0.11466666666666667	0.11066666666666666	0.116	0.10733333333333334	0.12933333333333333	0.08266666666666667	0.08733333333333333	0.102	0.09933333333333333	0.08533333333333333	0.086	0.07533333333333334	0.074	0.072	0.06533333333333333	0.064	0.06466666666666666	0.06666666666666667	0.05733333333333333	0.06266666666666666	
0.7013333333333334	0.6733333333333333	0.664	0.6146666666666667	0.598	0.6073333333333333	0.5893333333333334	0.5606666666666666	0.604	0.586	0.5693333333333334	0.5166666666666667	0.5326666666666666	0.5526666666666666	0.49866666666666665	0.508	0.49933333333333335	0.514	0.5066666666666667	0.5053333333333333	0.4573333333333333	0.446	0.4	0.44266666666666665	0.434	0.42733333333333334	0.3993333333333333	0.38666666666666666	0.37733333333333335	0.38	0.376	0.36733333333333335	0.368	0.362	0.334	0.3506666666666667	0.3333333333333333	0.31533333333333335	0.31133333333333335	0.31066666666666665	0.31533333333333335	0.2906666666666667	0.2833333333333333	0.27466666666666667	0.2966666666666667	0.27	0.25066666666666665	0.28	0.25266666666666665	0.26	0.2713333333333333	0.262	0.25	0.22466666666666665	0.21266666666666667	0.216	0.21466666666666667	0.21533333333333332	0.19666666666666666	0.21466666666666667	0.178	0.184	0.186	0.17666666666666667	0.17533333333333334	0.15866666666666668	0.172	0.16066666666666668	0.172	0.15866666666666668	0.146	0.15133333333333332	0.12	0.13466666666666666	0.13333333333333333	0.11733333333333333	0.13933333333333334	0.11666666666666667	0.126	0.106	0.10466666666666667	0.118	0.10266666666666667	0.1	0.09866666666666667	0.088	0.08333333333333333	0.07	0.08533333333333333	0.084	0.07333333333333333	0.082	0.08	0.082	0.06733333333333333	0.064	0.06266666666666666	0.066	0.05533333333333333	
0.7013333333333334	0.6546666666666666	0.6826666666666666	0.6613333333333333	0.6106666666666667	0.6406666666666667	0.6253333333333333	0.6306666666666667	0.5993333333333334	0.5813333333333334	0.5653333333333334	0.5053333333333333	0.5446666666666666	0.5266666666666666	0.5066666666666667	0.484	0.512	0.4666666666666667	0.474	0.4266666666666667	0.45266666666666666	0.47	0.4593333333333333	0.44133333333333336	0.4073333333333333	0.42933333333333334	0.4053333333333333	0.4093333333333333	0.406	0.38066666666666665	0.3933333333333333	0.36533333333333334	0.3453333333333333	0.33066666666666666	0.338	0.3473333333333333	0.328	0.3253333333333333	0.31333333333333335	0.308	0.31	0.30133333333333334	0.2853333333333333	0.2833333333333333	0.272	0.27466666666666667	0.25266666666666665	0.27466666666666667	0.25933333333333336	0.23533333333333334	0.264	0.24066666666666667	0.22466666666666665	0.23733333333333334	0.23	0.212	0.232	0.2	0.18933333333333333	0.19066666666666668	0.192	0.19533333333333333	0.18666666666666668	0.19333333333333333	0.16666666666666666	0.178	0.16466666666666666	0.16533333333333333	0.15533333333333332	0.15066666666666667	0.15733333333333333	0.138	0.152	0.136	0.13533333333333333	0.15666666666666668	0.12866666666666668	0.136	0.12866666666666668	0.10533333333333333	0.11133333333333334	0.12	0.10466666666666667	0.106	0.098	0.08533333333333333	0.08933333333333333	0.1	0.092	0.088	0.07933333333333334	0.086	0.094	0.07933333333333334	0.07066666666666667	0.07	0.06866666666666667	0.06933333333333333	0.05733333333333333	
0.7033333333333334	0.6446666666666667	0.6593333333333333	0.61	0.6386666666666667	0.608	0.6306666666666667	0.6013333333333334	0.6086666666666667	0.5226666666666666	0.5586666666666666	0.5426666666666666	0.5526666666666666	0.5346666666666666	0.5813333333333334	0.48533333333333334	0.5073333333333333	0.498	0.48733333333333334	0.486	0.45066666666666666	0.466	0.4653333333333333	0.432	0.432	0.398	0.3973333333333333	0.45	0.41133333333333333	0.384	0.418	0.37	0.376	0.38066666666666665	0.336	0.3546666666666667	0.334	0.344	0.32666666666666666	0.30733333333333335	0.30866666666666664	0.33066666666666666	0.31933333333333336	0.288	0.2673333333333333	0.266	0.272	0.25533333333333336	0.256	0.23933333333333334	0.25266666666666665	0.248	0.23333333333333334	0.24866666666666667	0.232	0.22466666666666665	0.20266666666666666	0.20666666666666667	0.19866666666666666	0.20266666666666666	0.192	0.21133333333333335	0.19466666666666665	0.17333333333333334	0.18733333333333332	0.16733333333333333	0.16266666666666665	0.16066666666666668	0.172	0.15066666666666667	0.136	0.15133333333333332	0.16	0.138	0.11733333333333333	0.132	0.13333333333333333	0.116	0.12333333333333334	0.108	0.10733333333333334	0.11466666666666667	0.09466666666666666	0.10066666666666667	0.10333333333333333	0.088	0.09666666666666666	0.08866666666666667	0.084	0.08666666666666667	0.08066666666666666	0.10133333333333333	0.05333333333333334	0.074	0.07066666666666667	0.08466666666666667	0.07133333333333333	0.06733333333333333	0.06533333333333333	
0.672	0.6626666666666666	0.6253333333333333	0.7006666666666667	0.6206666666666667	0.64	0.592	0.594	0.614	0.5673333333333334	0.6006666666666667	0.554	0.5566666666666666	0.5353333333333333	0.49733333333333335	0.5293333333333333	0.5066666666666667	0.48933333333333334	0.534	0.4726666666666667	0.4653333333333333	0.452	0.4846666666666667	0.42	0.4573333333333333	0.404	0.4093333333333333	0.4046666666666667	0.404	0.3953333333333333	0.4226666666666667	0.386	0.356	0.344	0.368	0.334	0.3353333333333333	0.338	0.3273333333333333	0.324	0.31466666666666665	0.306	0.2846666666666667	0.29733333333333334	0.2906666666666667	0.27666666666666667	0.274	0.282	0.2733333333333333	0.284	0.26666666666666666	0.26866666666666666	0.23066666666666666	0.236	0.232	0.224	0.23666666666666666	0.21533333333333332	0.208	0.19666666666666666	0.20533333333333334	0.2	0.18133333333333335	0.17866666666666667	0.19933333333333333	0.17733333333333334	0.18	0.17266666666666666	0.16466666666666666	0.15933333333333333	0.15733333333333333	0.16733333333333333	0.14333333333333334	0.142	0.16	0.14	0.12466666666666666	0.12333333333333334	0.112	0.11666666666666667	0.11666666666666667	0.08466666666666667	0.102	0.09	0.10933333333333334	0.09933333333333333	0.09266666666666666	0.08933333333333333	0.088	0.07533333333333334	0.08133333333333333	0.09133333333333334	0.084	0.08266666666666667	0.07466666666666667	0.08	0.06933333333333333	0.05466666666666667	0.06333333333333334	
0.6893333333333334	0.6753333333333333	0.6733333333333333	0.6946666666666667	0.652	0.6193333333333333	0.59	0.6113333333333333	0.6033333333333334	0.5693333333333334	0.584	0.5526666666666666	0.554	0.5393333333333333	0.5086666666666667	0.51	0.49133333333333334	0.5153333333333333	0.466	0.4786666666666667	0.444	0.43866666666666665	0.4686666666666667	0.43133333333333335	0.44	0.42333333333333334	0.39666666666666667	0.418	0.388	0.38666666666666666	0.376	0.37466666666666665	0.35333333333333333	0.36733333333333335	0.37	0.3373333333333333	0.36666666666666664	0.33066666666666666	0.306	0.326	0.318	0.324	0.304	0.31266666666666665	0.2653333333333333	0.2733333333333333	0.28733333333333333	0.278	0.246	0.2693333333333333	0.256	0.25133333333333335	0.23733333333333334	0.256	0.23	0.19866666666666666	0.21266666666666667	0.208	0.216	0.202	0.19533333333333333	0.184	0.186	0.18666666666666668	0.18666666666666668	0.17733333333333334	0.18666666666666668	0.15933333333333333	0.15133333333333332	0.15666666666666668	0.14933333333333335	0.13333333333333333	0.14266666666666666	0.128	0.12666666666666668	0.13133333333333333	0.154	0.14	0.122	0.11866666666666667	0.126	0.12133333333333333	0.10533333333333333	0.09866666666666667	0.09666666666666666	0.09866666666666667	0.09533333333333334	0.08333333333333333	0.09933333333333333	0.07733333333333334	0.092	0.07466666666666667	0.076	0.07466666666666667	0.058666666666666666	0.06866666666666667	0.07333333333333333	0.06333333333333334	0.05466666666666667	
0.7113333333333334	0.6933333333333334	0.6553333333333333	0.6826666666666666	0.6473333333333333	0.624	0.5873333333333334	0.5853333333333334	0.5946666666666667	0.5646666666666667	0.5693333333333334	0.566	0.5413333333333333	0.532	0.55	0.534	0.526	0.496	0.46266666666666667	0.4633333333333333	0.49	0.44866666666666666	0.44533333333333336	0.45	0.424	0.44666666666666666	0.4186666666666667	0.416	0.41133333333333333	0.4013333333333333	0.4	0.38466666666666666	0.37866666666666665	0.39066666666666666	0.354	0.36666666666666664	0.32133333333333336	0.3446666666666667	0.3233333333333333	0.32133333333333336	0.32066666666666666	0.2793333333333333	0.304	0.2886666666666667	0.26266666666666666	0.25866666666666666	0.27	0.286	0.22933333333333333	0.2653333333333333	0.2633333333333333	0.266	0.24	0.232	0.22	0.22266666666666668	0.24266666666666667	0.21466666666666667	0.20666666666666667	0.20933333333333334	0.18866666666666668	0.21133333333333335	0.18866666666666668	0.18266666666666667	0.17066666666666666	0.18533333333333332	0.16666666666666666	0.16066666666666668	0.15666666666666668	0.15333333333333332	0.16266666666666665	0.162	0.15733333333333333	0.13333333333333333	0.13933333333333334	0.12333333333333334	0.128	0.13733333333333334	0.126	0.122	0.11266666666666666	0.09933333333333333	0.10333333333333333	0.116	0.10266666666666667	0.09266666666666666	0.09666666666666666	0.09466666666666666	0.08066666666666666	0.06866666666666667	0.07066666666666667	0.08266666666666667	0.078	0.07866666666666666	0.06733333333333333	0.07666666666666666	0.072	0.06333333333333334	0.05333333333333334	
0.67	0.7	0.6646666666666666	0.62	0.6653333333333333	0.6453333333333333	0.5733333333333334	0.586	0.5886666666666667	0.6053333333333333	0.582	0.5746666666666667	0.5553333333333333	0.544	0.5306666666666666	0.5133333333333333	0.5406666666666666	0.49666666666666665	0.524	0.4766666666666667	0.4646666666666667	0.4826666666666667	0.4613333333333333	0.42333333333333334	0.4053333333333333	0.44266666666666665	0.438	0.38133333333333336	0.41	0.37933333333333336	0.37066666666666664	0.374	0.35733333333333334	0.35733333333333334	0.3586666666666667	0.3333333333333333	0.36	0.32466666666666666	0.312	0.312	0.31533333333333335	0.294	0.29733333333333334	0.27066666666666667	0.27066666666666667	0.2786666666666667	0.25533333333333336	0.298	0.262	0.2753333333333333	0.24133333333333334	0.27066666666666667	0.22933333333333333	0.204	0.22666666666666666	0.22933333333333333	0.23066666666666666	0.194	0.19733333333333333	0.22	0.19866666666666666	0.188	0.182	0.196	0.188	0.178	0.18866666666666668	0.158	0.164	0.16866666666666666	0.16933333333333334	0.15066666666666667	0.14933333333333335	0.136	0.13666666666666666	0.12066666666666667	0.14733333333333334	0.11	0.11733333333333333	0.124	0.102	0.12133333333333333	0.092	0.10533333333333333	0.086	0.09	0.088	0.08533333333333333	0.096	0.07066666666666667	0.09133333333333334	0.08066666666666666	0.074	0.06533333333333333	0.07266666666666667	0.062	0.06066666666666667	0.07733333333333334	0.07333333333333333	
0.7206666666666667	0.6853333333333333	0.6386666666666667	0.6793333333333333	0.6633333333333333	0.65	0.6033333333333334	0.634	0.5986666666666667	0.608	0.5726666666666667	0.582	0.5606666666666666	0.5433333333333333	0.5046666666666667	0.5426666666666666	0.5386666666666666	0.49866666666666665	0.5206666666666667	0.48533333333333334	0.43066666666666664	0.44466666666666665	0.44666666666666666	0.468	0.43466666666666665	0.42533333333333334	0.43666666666666665	0.4	0.38866666666666666	0.39266666666666666	0.4226666666666667	0.372	0.378	0.348	0.3526666666666667	0.362	0.33666666666666667	0.3486666666666667	0.318	0.34	0.35333333333333333	0.31866666666666665	0.3	0.2806666666666667	0.2846666666666667	0.2986666666666667	0.286	0.2826666666666667	0.25933333333333336	0.2846666666666667	0.246	0.232	0.24066666666666667	0.214	0.214	0.21533333333333332	0.21733333333333332	0.216	0.20266666666666666	0.19266666666666668	0.19866666666666666	0.192	0.19533333333333333	0.18666666666666668	0.18933333333333333	0.18133333333333335	0.15933333333333333	0.17666666666666667	0.15866666666666668	0.18066666666666667	0.154	0.14333333333333334	0.136	0.14333333333333334	0.12733333333333333	0.14666666666666667	0.13066666666666665	0.12133333333333333	0.116	0.13	0.11	0.106	0.1	0.10266666666666667	0.10066666666666667	0.116	0.09933333333333333	0.098	0.09133333333333334	0.08666666666666667	0.09	0.088	0.08333333333333333	0.08933333333333333	0.07866666666666666	0.054	0.062	0.062	0.058666666666666666	
0.7046666666666667	0.6786666666666666	0.7046666666666667	0.6586666666666666	0.6086666666666667	0.616	0.6153333333333333	0.65	0.6306666666666667	0.5553333333333333	0.608	0.558	0.5893333333333334	0.5446666666666666	0.5426666666666666	0.534	0.47933333333333333	0.5066666666666667	0.526	0.44733333333333336	0.49666666666666665	0.4713333333333333	0.4493333333333333	0.43733333333333335	0.43066666666666664	0.43533333333333335	0.42	0.4146666666666667	0.436	0.43466666666666665	0.372	0.39466666666666667	0.37066666666666664	0.352	0.3406666666666667	0.372	0.3406666666666667	0.3433333333333333	0.31466666666666665	0.3253333333333333	0.29933333333333334	0.304	0.294	0.2906666666666667	0.28933333333333333	0.27266666666666667	0.2733333333333333	0.24666666666666667	0.238	0.26	0.25133333333333335	0.272	0.22933333333333333	0.244	0.23266666666666666	0.22066666666666668	0.20133333333333334	0.21933333333333332	0.222	0.21466666666666667	0.186	0.20666666666666667	0.20266666666666666	0.20666666666666667	0.17533333333333334	0.18266666666666667	0.18933333333333333	0.18733333333333332	0.18133333333333335	0.16133333333333333	0.14466666666666667	0.14133333333333334	0.14933333333333335	0.12466666666666666	0.14266666666666666	0.14266666666666666	0.13266666666666665	0.13066666666666665	0.13533333333333333	0.12133333333333333	0.11333333333333333	0.12533333333333332	0.10466666666666667	0.08733333333333333	0.11933333333333333	0.102	0.09733333333333333	0.098	0.09466666666666666	0.088	0.09133333333333334	0.07666666666666666	0.082	0.06933333333333333	0.07866666666666666	0.06466666666666666	0.07666666666666666	0.06133333333333333	0.058666666666666666	
0.6973333333333334	0.678	0.6593333333333333	0.6146666666666667	0.6206666666666667	0.6446666666666667	0.628	0.5933333333333334	0.574	0.576	0.5746666666666667	0.5606666666666666	0.5686666666666667	0.53	0.5466666666666666	0.5266666666666666	0.5066666666666667	0.5033333333333333	0.5053333333333333	0.49	0.488	0.44266666666666665	0.4613333333333333	0.412	0.448	0.4126666666666667	0.4046666666666667	0.3953333333333333	0.42133333333333334	0.36733333333333335	0.38533333333333336	0.38333333333333336	0.382	0.3626666666666667	0.36666666666666664	0.338	0.35	0.32866666666666666	0.3406666666666667	0.3353333333333333	0.334	0.292	0.332	0.306	0.30866666666666664	0.2786666666666667	0.298	0.292	0.236	0.2806666666666667	0.248	0.27266666666666667	0.24	0.21133333333333335	0.21533333333333332	0.228	0.212	0.18666666666666668	0.21866666666666668	0.196	0.19733333333333333	0.198	0.19133333333333333	0.19666666666666666	0.20266666666666666	0.17333333333333334	0.17	0.17133333333333334	0.164	0.15933333333333333	0.146	0.15533333333333332	0.14533333333333334	0.12933333333333333	0.12933333333333333	0.12333333333333334	0.11866666666666667	0.12066666666666667	0.1	0.118	0.10866666666666666	0.12466666666666666	0.11266666666666666	0.098	0.11133333333333334	0.108	0.09666666666666666	0.10066666666666667	0.086	0.08266666666666667	0.094	0.08533333333333333	0.08	0.08266666666666667	0.06866666666666667	0.076	0.07533333333333334	0.05533333333333333	0.07466666666666667	
0.7013333333333334	0.6813333333333333	0.654	0.6466666666666666	0.666	0.666	0.6253333333333333	0.634	0.6126666666666667	0.5473333333333333	0.5833333333333334	0.5733333333333334	0.5626666666666666	0.5333333333333333	0.532	0.5146666666666667	0.5213333333333333	0.5093333333333333	0.5006666666666667	0.46266666666666667	0.5	0.41533333333333333	0.4726666666666667	0.442	0.446	0.45466666666666666	0.44266666666666665	0.43133333333333335	0.39866666666666667	0.4013333333333333	0.368	0.4033333333333333	0.352	0.36733333333333335	0.36866666666666664	0.35933333333333334	0.33	0.33266666666666667	0.31133333333333335	0.31466666666666665	0.31466666666666665	0.32133333333333336	0.2673333333333333	0.30666666666666664	0.29933333333333334	0.28933333333333333	0.25866666666666666	0.27266666666666667	0.262	0.26266666666666666	0.24466666666666667	0.262	0.228	0.24866666666666667	0.23733333333333334	0.23866666666666667	0.23133333333333334	0.20666666666666667	0.212	0.236	0.202	0.20866666666666667	0.208	0.176	0.17866666666666667	0.17133333333333334	0.16733333333333333	0.18	0.138	0.166	0.16866666666666666	0.16066666666666668	0.13333333333333333	0.13933333333333334	0.12533333333333332	0.13933333333333334	0.13866666666666666	0.11733333333333333	0.11733333333333333	0.12666666666666668	0.104	0.10666666666666667	0.10733333333333334	0.10933333333333334	0.09533333333333334	0.11066666666666666	0.086	0.09666666666666666	0.08533333333333333	0.08	0.09	0.08266666666666667	0.074	0.08266666666666667	0.07933333333333334	0.07733333333333334	0.06666666666666667	0.06533333333333333	0.05466666666666667	
0.692	0.6853333333333333	0.6826666666666666	0.6706666666666666	0.654	0.6633333333333333	0.6786666666666666	0.6193333333333333	0.6046666666666667	0.6073333333333333	0.5373333333333333	0.5853333333333334	0.5793333333333334	0.5953333333333334	0.5553333333333333	0.5386666666666666	0.52	0.4806666666666667	0.486	0.4806666666666667	0.5046666666666667	0.4646666666666667	0.44333333333333336	0.434	0.43866666666666665	0.44333333333333336	0.44733333333333336	0.39066666666666666	0.404	0.384	0.35933333333333334	0.378	0.38266666666666665	0.378	0.3486666666666667	0.376	0.354	0.316	0.3453333333333333	0.32266666666666666	0.32133333333333336	0.3313333333333333	0.2966666666666667	0.2866666666666667	0.29933333333333334	0.284	0.27666666666666667	0.30333333333333334	0.23733333333333334	0.25	0.25266666666666665	0.21866666666666668	0.24133333333333334	0.242	0.226	0.22466666666666665	0.214	0.23666666666666666	0.208	0.19666666666666666	0.18866666666666668	0.18533333333333332	0.194	0.16866666666666666	0.17333333333333334	0.19066666666666668	0.17933333333333334	0.15933333333333333	0.15266666666666667	0.158	0.136	0.13066666666666665	0.17	0.134	0.13	0.154	0.14466666666666667	0.134	0.12133333333333333	0.114	0.11933333333333333	0.12066666666666667	0.106	0.11133333333333334	0.12333333333333334	0.08933333333333333	0.10066666666666667	0.108	0.08533333333333333	0.084	0.08533333333333333	0.07866666666666666	0.076	0.086	0.08533333333333333	0.08333333333333333	0.05533333333333333	0.06866666666666667	0.08666666666666667	
0.662	0.7146666666666667	0.7093333333333334	0.6746666666666666	0.6553333333333333	0.6893333333333334	0.6246666666666667	0.628	0.588	0.6253333333333333	0.558	0.5533333333333333	0.578	0.5486666666666666	0.5313333333333333	0.514	0.5213333333333333	0.5353333333333333	0.5193333333333333	0.4686666666666667	0.496	0.5146666666666667	0.48133333333333334	0.452	0.452	0.43266666666666664	0.402	0.38866666666666666	0.44	0.4186666666666667	0.414	0.38866666666666666	0.4046666666666667	0.3953333333333333	0.36666666666666664	0.358	0.3273333333333333	0.324	0.33466666666666667	0.31533333333333335	0.326	0.31466666666666665	0.30266666666666664	0.292	0.28933333333333333	0.286	0.29333333333333333	0.272	0.274	0.24733333333333332	0.274	0.2653333333333333	0.234	0.226	0.22266666666666668	0.25266666666666665	0.23866666666666667	0.212	0.216	0.20133333333333334	0.18733333333333332	0.20533333333333334	0.20266666666666666	0.21266666666666667	0.20466666666666666	0.18	0.186	0.17466666666666666	0.172	0.148	0.16133333333333333	0.144	0.16533333333333333	0.17	0.13266666666666665	0.15733333333333333	0.13866666666666666	0.14333333333333334	0.12133333333333333	0.128	0.118	0.11066666666666666	0.10666666666666667	0.10466666666666667	0.106	0.10133333333333333	0.09133333333333334	0.09066666666666667	0.09	0.092	0.08466666666666667	0.08933333333333333	0.08066666666666666	0.072	0.07866666666666666	0.064	0.074	0.056	0.06666666666666667	
0.7	0.712	0.6486666666666666	0.6706666666666666	0.6613333333333333	0.656	0.6006666666666667	0.616	0.6506666666666666	0.5873333333333334	0.574	0.554	0.5653333333333334	0.5206666666666667	0.5153333333333333	0.49533333333333335	0.49933333333333335	0.498	0.5313333333333333	0.4726666666666667	0.474	0.45866666666666667	0.44533333333333336	0.4673333333333333	0.43066666666666664	0.45266666666666666	0.44466666666666665	0.426	0.4066666666666667	0.406	0.39466666666666667	0.37933333333333336	0.37733333333333335	0.36133333333333334	0.36733333333333335	0.35533333333333333	0.342	0.34	0.34	0.316	0.3233333333333333	0.328	0.31066666666666665	0.2986666666666667	0.26266666666666666	0.316	0.2946666666666667	0.286	0.27266666666666667	0.24666666666666667	0.252	0.234	0.2713333333333333	0.24266666666666667	0.23933333333333334	0.248	0.20466666666666666	0.21733333333333332	0.21666666666666667	0.218	0.20133333333333334	0.20666666666666667	0.19333333333333333	0.18466666666666667	0.19133333333333333	0.15733333333333333	0.17466666666666666	0.176	0.17066666666666666	0.174	0.176	0.14333333333333334	0.18133333333333335	0.132	0.14066666666666666	0.136	0.14133333333333334	0.134	0.13	0.12466666666666666	0.12533333333333332	0.10866666666666666	0.10733333333333334	0.104	0.08733333333333333	0.12666666666666668	0.09733333333333333	0.09533333333333334	0.088	0.086	0.07933333333333334	0.07866666666666666	0.078	0.08	0.07666666666666666	0.076	0.06466666666666666	0.06	0.06933333333333333	
0.736	0.7206666666666667	0.678	0.6893333333333334	0.67	0.6653333333333333	0.6173333333333333	0.656	0.6373333333333333	0.586	0.5866666666666667	0.564	0.5646666666666667	0.5573333333333333	0.5393333333333333	0.5346666666666666	0.522	0.49466666666666664	0.508	0.47933333333333333	0.4713333333333333	0.474	0.4686666666666667	0.454	0.4826666666666667	0.4266666666666667	0.42733333333333334	0.43733333333333335	0.4066666666666667	0.396	0.42333333333333334	0.3913333333333333	0.402	0.39866666666666667	0.358	0.3473333333333333	0.3546666666666667	0.3446666666666667	0.368	0.3446666666666667	0.3426666666666667	0.3413333333333333	0.30133333333333334	0.2833333333333333	0.2813333333333333	0.2886666666666667	0.28733333333333333	0.266	0.278	0.25866666666666666	0.244	0.266	0.26466666666666666	0.244	0.23133333333333334	0.23333333333333334	0.232	0.216	0.21866666666666668	0.23	0.23133333333333334	0.18933333333333333	0.19866666666666666	0.202	0.20066666666666666	0.182	0.184	0.184	0.16066666666666668	0.154	0.15666666666666668	0.15866666666666668	0.166	0.15266666666666667	0.128	0.15133333333333332	0.12733333333333333	0.12133333333333333	0.12733333333333333	0.124	0.11866666666666667	0.10733333333333334	0.10866666666666666	0.11466666666666667	0.112	0.10066666666666667	0.09133333333333334	0.09333333333333334	0.09866666666666667	0.06933333333333333	0.08333333333333333	0.076	0.08933333333333333	0.07133333333333333	0.08	0.06933333333333333	0.07533333333333334	0.06133333333333333	0.06066666666666667	
0.7273333333333334	0.708	0.694	0.7	0.6326666666666667	0.6433333333333333	0.6206666666666667	0.6286666666666667	0.6573333333333333	0.6353333333333333	0.628	0.5733333333333334	0.548	0.5566666666666666	0.518	0.5173333333333333	0.5306666666666666	0.528	0.5113333333333333	0.5013333333333333	0.48733333333333334	0.484	0.4726666666666667	0.444	0.43066666666666664	0.404	0.428	0.38466666666666666	0.4206666666666667	0.39466666666666667	0.3933333333333333	0.4033333333333333	0.372	0.38066666666666665	0.39866666666666667	0.36666666666666664	0.3393333333333333	0.36466666666666664	0.31533333333333335	0.31133333333333335	0.31666666666666665	0.2986666666666667	0.31066666666666665	0.33266666666666667	0.2886666666666667	0.29733333333333334	0.2673333333333333	0.266	0.2906666666666667	0.25533333333333336	0.264	0.262	0.2673333333333333	0.242	0.22733333333333333	0.21733333333333332	0.24266666666666667	0.218	0.21533333333333332	0.22466666666666665	0.196	0.19666666666666666	0.21466666666666667	0.18066666666666667	0.196	0.17533333333333334	0.178	0.16133333333333333	0.18066666666666667	0.15933333333333333	0.15133333333333332	0.164	0.146	0.142	0.12066666666666667	0.13133333333333333	0.13133333333333333	0.13866666666666666	0.12866666666666668	0.12533333333333332	0.114	0.114	0.10866666666666666	0.11	0.114	0.104	0.094	0.096	0.094	0.10333333333333333	0.084	0.08733333333333333	0.08066666666666666	0.07333333333333333	0.07533333333333334	0.06466666666666666	0.07266666666666667	0.058666666666666666	0.06333333333333334	
0.6946666666666667	0.7253333333333334	0.6486666666666666	0.6913333333333334	0.652	0.648	0.6546666666666666	0.6126666666666667	0.5946666666666667	0.6026666666666667	0.5866666666666667	0.5693333333333334	0.534	0.5473333333333333	0.5366666666666666	0.51	0.5066666666666667	0.5193333333333333	0.49066666666666664	0.51	0.4713333333333333	0.458	0.43466666666666665	0.43866666666666665	0.436	0.424	0.42133333333333334	0.4266666666666667	0.4246666666666667	0.43533333333333335	0.3933333333333333	0.37933333333333336	0.38666666666666666	0.4	0.40066666666666667	0.3973333333333333	0.37333333333333335	0.35	0.30533333333333335	0.3626666666666667	0.314	0.34	0.30533333333333335	0.32466666666666666	0.266	0.28733333333333333	0.2853333333333333	0.268	0.2633333333333333	0.28	0.254	0.25	0.24533333333333332	0.25933333333333336	0.236	0.222	0.22266666666666668	0.23866666666666667	0.22066666666666668	0.20466666666666666	0.20133333333333334	0.20666666666666667	0.192	0.19466666666666665	0.17466666666666666	0.19466666666666665	0.15533333333333332	0.162	0.17533333333333334	0.16866666666666666	0.15866666666666668	0.16133333333333333	0.16	0.15066666666666667	0.14	0.13866666666666666	0.12466666666666666	0.12	0.12933333333333333	0.114	0.132	0.12733333333333333	0.11066666666666666	0.11066666666666666	0.124	0.10066666666666667	0.08866666666666667	0.09133333333333334	0.09666666666666666	0.10133333333333333	0.1	0.10533333333333333	0.08266666666666667	0.09266666666666666	0.07	0.07	0.07133333333333333	0.054	0.058	
0.6953333333333334	0.7213333333333334	0.7093333333333334	0.6906666666666667	0.7	0.6786666666666666	0.6546666666666666	0.594	0.592	0.6093333333333333	0.5713333333333334	0.566	0.5553333333333333	0.54	0.5933333333333334	0.55	0.5566666666666666	0.49733333333333335	0.498	0.4806666666666667	0.46066666666666667	0.48	0.46066666666666667	0.4786666666666667	0.446	0.474	0.404	0.44466666666666665	0.43066666666666664	0.37	0.39866666666666667	0.4046666666666667	0.412	0.384	0.368	0.3566666666666667	0.32466666666666666	0.3413333333333333	0.36866666666666664	0.37266666666666665	0.3446666666666667	0.32266666666666666	0.314	0.298	0.312	0.298	0.28933333333333333	0.29133333333333333	0.25133333333333335	0.25933333333333336	0.27266666666666667	0.23733333333333334	0.23	0.234	0.254	0.21466666666666667	0.21666666666666667	0.21666666666666667	0.214	0.22066666666666668	0.21	0.19666666666666666	0.18333333333333332	0.18466666666666667	0.20733333333333334	0.18666666666666668	0.18266666666666667	0.17266666666666666	0.16266666666666665	0.16666666666666666	0.15866666666666668	0.13133333333333333	0.15733333333333333	0.142	0.13533333333333333	0.13933333333333334	0.11866666666666667	0.122	0.13266666666666665	0.14	0.12066666666666667	0.116	0.10266666666666667	0.11	0.11266666666666666	0.11866666666666667	0.08533333333333333	0.08466666666666667	0.08333333333333333	0.09333333333333334	0.092	0.08133333333333333	0.08866666666666667	0.08933333333333333	0.07333333333333333	0.062	0.076	0.05733333333333333	0.059333333333333335	
0.7493333333333333	0.7226666666666667	0.666	0.6586666666666666	0.688	0.6486666666666666	0.62	0.63	0.606	0.6113333333333333	0.5893333333333334	0.5733333333333334	0.5513333333333333	0.5713333333333334	0.5286666666666666	0.5566666666666666	0.53	0.508	0.534	0.49	0.48933333333333334	0.47333333333333333	0.48933333333333334	0.45666666666666667	0.456	0.4553333333333333	0.444	0.41733333333333333	0.44266666666666665	0.40066666666666667	0.4033333333333333	0.39266666666666666	0.38866666666666666	0.37933333333333336	0.3526666666666667	0.3466666666666667	0.36933333333333335	0.3293333333333333	0.3626666666666667	0.3333333333333333	0.326	0.308	0.30733333333333335	0.31533333333333335	0.30133333333333334	0.3233333333333333	0.25133333333333335	0.296	0.2753333333333333	0.272	0.24666666666666667	0.2653333333333333	0.23066666666666666	0.22933333333333333	0.23466666666666666	0.22933333333333333	0.212	0.216	0.242	0.22733333333333333	0.20333333333333334	0.228	0.208	0.19466666666666665	0.17933333333333334	0.17666666666666667	0.19	0.18466666666666667	0.17466666666666666	0.16533333333333333	0.17933333333333334	0.14733333333333334	0.148	0.158	0.15733333333333333	0.13733333333333334	0.14333333333333334	0.14733333333333334	0.13866666666666666	0.12866666666666668	0.12	0.12	0.116	0.13066666666666665	0.11266666666666666	0.11533333333333333	0.09666666666666666	0.096	0.092	0.08266666666666667	0.094	0.082	0.08866666666666667	0.06933333333333333	0.078	0.06333333333333334	0.078	0.06533333333333333	0.06066666666666667	
0.7086666666666667	0.6906666666666667	0.7213333333333334	0.7086666666666667	0.6686666666666666	0.6533333333333333	0.62	0.6733333333333333	0.648	0.5973333333333334	0.6006666666666667	0.602	0.5853333333333334	0.5473333333333333	0.532	0.546	0.5393333333333333	0.5166666666666667	0.5293333333333333	0.49466666666666664	0.5066666666666667	0.4666666666666667	0.4826666666666667	0.478	0.4533333333333333	0.47733333333333333	0.43266666666666664	0.43533333333333335	0.42333333333333334	0.41733333333333333	0.3953333333333333	0.3933333333333333	0.406	0.366	0.36466666666666664	0.3606666666666667	0.37666666666666665	0.33066666666666666	0.3353333333333333	0.3586666666666667	0.33	0.312	0.29533333333333334	0.30666666666666664	0.32	0.2946666666666667	0.2753333333333333	0.2833333333333333	0.26066666666666666	0.2813333333333333	0.28	0.24266666666666667	0.25533333333333336	0.22733333333333333	0.214	0.23866666666666667	0.22066666666666668	0.24933333333333332	0.21	0.226	0.22666666666666666	0.19533333333333333	0.178	0.20866666666666667	0.19466666666666665	0.18	0.19533333333333333	0.17866666666666667	0.17066666666666666	0.17066666666666666	0.16666666666666666	0.15333333333333332	0.16266666666666665	0.15066666666666667	0.136	0.138	0.14933333333333335	0.14466666666666667	0.13533333333333333	0.13066666666666665	0.11066666666666666	0.10666666666666667	0.10533333333333333	0.10466666666666667	0.11133333333333334	0.098	0.086	0.09266666666666666	0.104	0.09	0.08733333333333333	0.086	0.08266666666666667	0.08133333333333333	0.086	0.06333333333333334	0.08666666666666667	0.07066666666666667	0.056	
0.7193333333333334	0.7426666666666667	0.688	0.684	0.656	0.676	0.6553333333333333	0.6373333333333333	0.6326666666666667	0.5833333333333334	0.6266666666666667	0.5666666666666667	0.586	0.56	0.5493333333333333	0.5486666666666666	0.5446666666666666	0.5286666666666666	0.5093333333333333	0.5233333333333333	0.49866666666666665	0.486	0.49866666666666665	0.416	0.474	0.4553333333333333	0.4633333333333333	0.43866666666666665	0.4166666666666667	0.39666666666666667	0.4053333333333333	0.38333333333333336	0.36333333333333334	0.37933333333333336	0.364	0.37666666666666665	0.358	0.36133333333333334	0.3526666666666667	0.368	0.328	0.35	0.314	0.28933333333333333	0.31133333333333335	0.30133333333333334	0.284	0.2693333333333333	0.25333333333333335	0.2693333333333333	0.27066666666666667	0.22933333333333333	0.2693333333333333	0.254	0.234	0.212	0.24533333333333332	0.23066666666666666	0.21733333333333332	0.218	0.204	0.20266666666666666	0.22066666666666668	0.178	0.19666666666666666	0.18266666666666667	0.19333333333333333	0.17333333333333334	0.17066666666666666	0.16866666666666666	0.164	0.17	0.14866666666666667	0.15266666666666667	0.164	0.12	0.13333333333333333	0.114	0.12533333333333332	0.136	0.102	0.146	0.11066666666666666	0.12666666666666668	0.10533333333333333	0.104	0.104	0.09533333333333334	0.092	0.08266666666666667	0.07933333333333334	0.08533333333333333	0.08666666666666667	0.07533333333333334	0.07933333333333334	0.07666666666666666	0.06866666666666667	0.06	0.06733333333333333	
0.6633333333333333	0.6906666666666667	0.6773333333333333	0.6766666666666666	0.6693333333333333	0.6646666666666666	0.6473333333333333	0.5893333333333334	0.614	0.594	0.5673333333333334	0.6266666666666667	0.584	0.5593333333333333	0.5266666666666666	0.538	0.5073333333333333	0.49866666666666665	0.49466666666666664	0.49133333333333334	0.49666666666666665	0.498	0.43866666666666665	0.4666666666666667	0.4553333333333333	0.4633333333333333	0.43	0.4493333333333333	0.42933333333333334	0.44666666666666666	0.4106666666666667	0.37933333333333336	0.4073333333333333	0.364	0.35133333333333333	0.35133333333333333	0.356	0.332	0.3333333333333333	0.3	0.296	0.298	0.2906666666666667	0.31266666666666665	0.31	0.2813333333333333	0.29	0.272	0.296	0.294	0.26066666666666666	0.244	0.25466666666666665	0.23266666666666666	0.228	0.22	0.21533333333333332	0.23066666666666666	0.214	0.20466666666666666	0.22666666666666666	0.20466666666666666	0.208	0.21933333333333332	0.17866666666666667	0.152	0.17333333333333334	0.16666666666666666	0.16866666666666666	0.15533333333333332	0.17	0.182	0.14666666666666667	0.14266666666666666	0.14733333333333334	0.13866666666666666	0.144	0.13133333333333333	0.12133333333333333	0.126	0.10666666666666667	0.11466666666666667	0.112	0.09733333333333333	0.104	0.10533333333333333	0.098	0.10533333333333333	0.09333333333333334	0.08666666666666667	0.07733333333333334	0.09333333333333334	0.08933333333333333	0.08133333333333333	0.08066666666666666	0.08	0.072	0.06533333333333333	0.074	
0.7226666666666667	0.722	0.654	0.6606666666666666	0.6673333333333333	0.6786666666666666	0.6186666666666667	0.6166666666666667	0.618	0.5873333333333334	0.5993333333333334	0.5506666666666666	0.564	0.556	0.538	0.5366666666666666	0.5146666666666667	0.5113333333333333	0.5266666666666666	0.4766666666666667	0.5	0.4513333333333333	0.4533333333333333	0.442	0.44	0.42333333333333334	0.43266666666666664	0.434	0.39666666666666667	0.39466666666666667	0.38666666666666666	0.386	0.38333333333333336	0.366	0.37333333333333335	0.346	0.372	0.35333333333333333	0.3433333333333333	0.3373333333333333	0.324	0.2986666666666667	0.296	0.2833333333333333	0.292	0.30466666666666664	0.272	0.2846666666666667	0.254	0.2813333333333333	0.26466666666666666	0.25466666666666665	0.25	0.258	0.20733333333333334	0.23133333333333334	0.22133333333333333	0.22	0.222	0.212	0.222	0.18533333333333332	0.2	0.21066666666666667	0.18933333333333333	0.15666666666666668	0.17	0.164	0.148	0.15266666666666667	0.16466666666666666	0.17333333333333334	0.162	0.14533333333333334	0.14466666666666667	0.13933333333333334	0.12533333333333332	0.14533333333333334	0.11733333333333333	0.11933333333333333	0.13	0.12533333333333332	0.11733333333333333	0.12266666666666666	0.088	0.086	0.108	0.10133333333333333	0.08733333333333333	0.08533333333333333	0.08933333333333333	0.08533333333333333	0.07933333333333334	0.07666666666666666	0.084	0.06933333333333333	0.07066666666666667	0.062	0.06066666666666667	
0.708	0.7013333333333334	0.698	0.7133333333333334	0.6393333333333333	0.642	0.664	0.6466666666666666	0.5833333333333334	0.576	0.588	0.5626666666666666	0.5733333333333334	0.566	0.5386666666666666	0.518	0.5053333333333333	0.494	0.49466666666666664	0.4686666666666667	0.464	0.484	0.452	0.44333333333333336	0.4513333333333333	0.45	0.42333333333333334	0.42533333333333334	0.41533333333333333	0.37866666666666665	0.4033333333333333	0.364	0.37533333333333335	0.3893333333333333	0.3566666666666667	0.37333333333333335	0.33466666666666667	0.32866666666666666	0.328	0.31066666666666665	0.3446666666666667	0.3293333333333333	0.30733333333333335	0.308	0.2793333333333333	0.29533333333333334	0.2846666666666667	0.2886666666666667	0.2753333333333333	0.29333333333333333	0.252	0.23866666666666667	0.25533333333333336	0.25	0.218	0.24666666666666667	0.21133333333333335	0.19733333333333333	0.20066666666666666	0.208	0.192	0.19533333333333333	0.20866666666666667	0.19866666666666666	0.20733333333333334	0.18066666666666667	0.184	0.18733333333333332	0.16733333333333333	0.16	0.15933333333333333	0.15333333333333332	0.144	0.14466666666666667	0.12	0.12333333333333334	0.12	0.114	0.13333333333333333	0.13733333333333334	0.13866666666666666	0.11533333333333333	0.104	0.10733333333333334	0.11066666666666666	0.09533333333333334	0.1	0.09066666666666667	0.09	0.08533333333333333	0.08533333333333333	0.09466666666666666	0.078	0.08	0.07933333333333334	0.08	0.07	0.06066666666666667	0.05533333333333333	
0.7113333333333334	0.668	0.6793333333333333	0.6886666666666666	0.644	0.6553333333333333	0.62	0.6073333333333333	0.6253333333333333	0.5993333333333334	0.57	0.546	0.5526666666666666	0.534	0.5333333333333333	0.502	0.506	0.45666666666666667	0.534	0.482	0.494	0.494	0.43266666666666664	0.42733333333333334	0.43666666666666665	0.43866666666666665	0.4613333333333333	0.39666666666666667	0.3973333333333333	0.3893333333333333	0.37	0.428	0.4086666666666667	0.36866666666666664	0.35333333333333333	0.346	0.37066666666666664	0.3546666666666667	0.3413333333333333	0.31933333333333336	0.29333333333333333	0.3293333333333333	0.30266666666666664	0.302	0.2846666666666667	0.268	0.2866666666666667	0.27666666666666667	0.282	0.24666666666666667	0.24133333333333334	0.252	0.23	0.23066666666666666	0.242	0.22333333333333333	0.18333333333333332	0.21266666666666667	0.21	0.20866666666666667	0.19066666666666668	0.196	0.2	0.18066666666666667	0.17533333333333334	0.16733333333333333	0.162	0.158	0.16466666666666666	0.164	0.146	0.14466666666666667	0.144	0.14266666666666666	0.14733333333333334	0.13933333333333334	0.128	0.13733333333333334	0.134	0.118	0.11866666666666667	0.12133333333333333	0.11666666666666667	0.09133333333333334	0.10933333333333334	0.1	0.10733333333333334	0.092	0.09466666666666666	0.098	0.08466666666666667	0.078	0.072	0.078	0.07666666666666666	0.07066666666666667	0.072	0.07	0.06666666666666667	
0.712	0.6813333333333333	0.6886666666666666	0.6626666666666666	0.6353333333333333	0.6153333333333333	0.6213333333333333	0.5946666666666667	0.5986666666666667	0.6126666666666667	0.594	0.5673333333333334	0.5406666666666666	0.5193333333333333	0.514	0.49133333333333334	0.49466666666666664	0.5046666666666667	0.48533333333333334	0.4806666666666667	0.472	0.444	0.45666666666666667	0.448	0.42	0.468	0.428	0.4106666666666667	0.43066666666666664	0.38066666666666665	0.38266666666666665	0.38066666666666665	0.37133333333333335	0.3626666666666667	0.332	0.37066666666666664	0.30933333333333335	0.3466666666666667	0.3313333333333333	0.3353333333333333	0.30333333333333334	0.31933333333333336	0.3	0.2813333333333333	0.296	0.314	0.29333333333333333	0.27066666666666667	0.25933333333333336	0.23933333333333334	0.25133333333333335	0.24666666666666667	0.24	0.222	0.22866666666666666	0.20733333333333334	0.23333333333333334	0.202	0.21466666666666667	0.16933333333333334	0.21866666666666668	0.18866666666666668	0.176	0.18066666666666667	0.18133333333333335	0.17933333333333334	0.156	0.16333333333333333	0.15466666666666667	0.176	0.16066666666666668	0.152	0.126	0.11533333333333333	0.142	0.12733333333333333	0.12933333333333333	0.12266666666666666	0.13	0.12266666666666666	0.12866666666666668	0.12	0.11333333333333333	0.10466666666666667	0.10533333333333333	0.09866666666666667	0.09133333333333334	0.114	0.09333333333333334	0.08266666666666667	0.07866666666666666	0.086	0.082	0.072	0.06933333333333333	0.07066666666666667	0.07666666666666666	0.06466666666666666	0.06133333333333333	
0.6793333333333333	0.7006666666666667	0.66	0.6613333333333333	0.63	0.6353333333333333	0.6126666666666667	0.6206666666666667	0.572	0.588	0.5666666666666667	0.5646666666666667	0.54	0.5486666666666666	0.552	0.5246666666666666	0.4806666666666667	0.49666666666666665	0.5153333333333333	0.4693333333333333	0.454	0.46066666666666667	0.4706666666666667	0.452	0.43533333333333335	0.418	0.41333333333333333	0.398	0.404	0.418	0.40066666666666667	0.404	0.37066666666666664	0.37466666666666665	0.33266666666666667	0.36	0.346	0.318	0.32066666666666666	0.31666666666666665	0.32466666666666666	0.29333333333333333	0.298	0.2853333333333333	0.2853333333333333	0.2906666666666667	0.252	0.264	0.26666666666666666	0.26266666666666666	0.26466666666666666	0.25733333333333336	0.242	0.222	0.25066666666666665	0.22	0.21333333333333335	0.186	0.21933333333333332	0.19733333333333333	0.18066666666666667	0.222	0.18	0.176	0.18666666666666668	0.184	0.16333333333333333	0.166	0.16933333333333334	0.176	0.14133333333333334	0.138	0.156	0.132	0.142	0.144	0.10666666666666667	0.128	0.13733333333333334	0.11933333333333333	0.128	0.11133333333333334	0.09933333333333333	0.09133333333333334	0.09866666666666667	0.09466666666666666	0.10533333333333333	0.078	0.09333333333333334	0.10533333333333333	0.078	0.072	0.09533333333333334	0.07266666666666667	0.06666666666666667	0.06533333333333333	0.064	0.059333333333333335	0.068	
0.6686666666666666	0.6586666666666666	0.654	0.6266666666666667	0.6206666666666667	0.6326666666666667	0.612	0.5666666666666667	0.5926666666666667	0.5746666666666667	0.566	0.5373333333333333	0.5473333333333333	0.514	0.5433333333333333	0.5306666666666666	0.48133333333333334	0.4746666666666667	0.4693333333333333	0.472	0.4573333333333333	0.45	0.462	0.4246666666666667	0.43133333333333335	0.4093333333333333	0.43266666666666664	0.414	0.388	0.37866666666666665	0.39866666666666667	0.33866666666666667	0.38	0.35933333333333334	0.34	0.36666666666666664	0.35533333333333333	0.32466666666666666	0.34	0.314	0.2986666666666667	0.27666666666666667	0.27266666666666667	0.2773333333333333	0.268	0.3233333333333333	0.262	0.2813333333333333	0.26066666666666666	0.26	0.25466666666666665	0.24466666666666667	0.24533333333333332	0.24	0.25133333333333335	0.22666666666666666	0.218	0.214	0.2	0.21533333333333332	0.21533333333333332	0.21333333333333335	0.17866666666666667	0.18533333333333332	0.182	0.16866666666666666	0.16266666666666665	0.17666666666666667	0.14866666666666667	0.154	0.15	0.15733333333333333	0.152	0.12533333333333332	0.13	0.12333333333333334	0.12066666666666667	0.12533333333333332	0.12133333333333333	0.12466666666666666	0.11933333333333333	0.13066666666666665	0.114	0.11	0.11933333333333333	0.10333333333333333	0.09866666666666667	0.09466666666666666	0.09133333333333334	0.08733333333333333	0.074	0.07266666666666667	0.07533333333333334	0.07266666666666667	0.08466666666666667	0.06666666666666667	0.074	0.06533333333333333	0.05533333333333333	
0.6433333333333333	0.692	0.626	0.618	0.64	0.598	0.5773333333333334	0.5773333333333334	0.5626666666666666	0.5693333333333334	0.5826666666666667	0.5893333333333334	0.5106666666666667	0.5233333333333333	0.5173333333333333	0.5093333333333333	0.5093333333333333	0.4806666666666667	0.5026666666666667	0.44466666666666665	0.45266666666666666	0.4693333333333333	0.44466666666666665	0.4613333333333333	0.41333333333333333	0.38333333333333336	0.4186666666666667	0.382	0.42866666666666664	0.394	0.36466666666666664	0.37866666666666665	0.338	0.34933333333333333	0.3313333333333333	0.3333333333333333	0.3446666666666667	0.30866666666666664	0.2966666666666667	0.296	0.2886666666666667	0.28733333333333333	0.29133333333333333	0.2786666666666667	0.3006666666666667	0.3273333333333333	0.2713333333333333	0.252	0.25733333333333336	0.24933333333333332	0.236	0.25533333333333336	0.23533333333333334	0.23333333333333334	0.24733333333333332	0.21733333333333332	0.21866666666666668	0.214	0.196	0.21066666666666667	0.212	0.17733333333333334	0.18333333333333332	0.184	0.16266666666666665	0.17933333333333334	0.16066666666666668	0.16466666666666666	0.162	0.158	0.148	0.13866666666666666	0.14066666666666666	0.11933333333333333	0.138	0.124	0.13066666666666665	0.13	0.11933333333333333	0.11666666666666667	0.11466666666666667	0.09533333333333334	0.10533333333333333	0.094	0.096	0.092	0.086	0.09333333333333334	0.09	0.08266666666666667	0.08333333333333333	0.06866666666666667	0.06866666666666667	0.06666666666666667	0.06866666666666667	0.06466666666666666	0.06933333333333333	0.059333333333333335	0.06266666666666666	
0.6786666666666666	0.6733333333333333	0.6713333333333333	0.6426666666666667	0.5786666666666667	0.574	0.6253333333333333	0.5653333333333334	0.5853333333333334	0.5566666666666666	0.574	0.5406666666666666	0.5466666666666666	0.4806666666666667	0.498	0.47933333333333333	0.5026666666666667	0.45866666666666667	0.4846666666666667	0.4573333333333333	0.45266666666666666	0.43866666666666665	0.43066666666666664	0.42333333333333334	0.43333333333333335	0.3993333333333333	0.37266666666666665	0.372	0.4086666666666667	0.4026666666666667	0.36933333333333335	0.3506666666666667	0.36466666666666664	0.342	0.3453333333333333	0.354	0.33066666666666666	0.30933333333333335	0.288	0.32133333333333336	0.31466666666666665	0.31533333333333335	0.2853333333333333	0.29	0.27266666666666667	0.268	0.25133333333333335	0.258	0.25533333333333336	0.25	0.23066666666666666	0.228	0.22666666666666666	0.228	0.21866666666666668	0.2	0.19666666666666666	0.20533333333333334	0.19533333333333333	0.192	0.2	0.192	0.19466666666666665	0.186	0.17	0.14466666666666667	0.16333333333333333	0.15066666666666667	0.16533333333333333	0.14666666666666667	0.14533333333333334	0.12866666666666668	0.152	0.13066666666666665	0.12666666666666668	0.136	0.12533333333333332	0.128	0.106	0.116	0.09733333333333333	0.10733333333333334	0.1	0.11933333333333333	0.09133333333333334	0.09666666666666666	0.10333333333333333	0.096	0.09266666666666666	0.078	0.072	0.07466666666666667	0.068	0.07533333333333334	0.076	0.058	0.058666666666666666	0.058	0.06333333333333334	
0.6913333333333334	0.624	0.574	0.6406666666666667	0.58	0.6086666666666667	0.5986666666666667	0.596	0.5566666666666666	0.5306666666666666	0.5673333333333334	0.5546666666666666	0.5	0.5453333333333333	0.498	0.5173333333333333	0.48733333333333334	0.4693333333333333	0.4593333333333333	0.43933333333333335	0.43066666666666664	0.44266666666666665	0.4046666666666667	0.404	0.42733333333333334	0.412	0.4013333333333333	0.392	0.384	0.38666666666666666	0.37466666666666665	0.3333333333333333	0.32266666666666666	0.3233333333333333	0.3506666666666667	0.34	0.31533333333333335	0.31066666666666665	0.29	0.31133333333333335	0.282	0.272	0.29133333333333333	0.268	0.25866666666666666	0.29	0.24533333333333332	0.25533333333333336	0.254	0.226	0.23266666666666666	0.256	0.216	0.21866666666666668	0.22466666666666665	0.216	0.224	0.20933333333333334	0.176	0.20066666666666666	0.20666666666666667	0.176	0.184	0.18	0.18266666666666667	0.16866666666666666	0.15333333333333332	0.14466666666666667	0.148	0.148	0.14466666666666667	0.136	0.14466666666666667	0.13933333333333334	0.13933333333333334	0.13	0.128	0.122	0.11533333333333333	0.124	0.11133333333333334	0.11333333333333333	0.098	0.11466666666666667	0.09533333333333334	0.10733333333333334	0.09666666666666666	0.08866666666666667	0.08533333333333333	0.084	0.07933333333333334	0.07666666666666666	0.07066666666666667	0.07466666666666667	0.058	0.06866666666666667	0.06733333333333333	0.06066666666666667	0.05733333333333333	
0.6513333333333333	0.668	0.6386666666666667	0.5873333333333334	0.612	0.548	0.5926666666666667	0.5793333333333334	0.5606666666666666	0.5446666666666666	0.5186666666666667	0.5046666666666667	0.48333333333333334	0.5153333333333333	0.5013333333333333	0.4593333333333333	0.47733333333333333	0.4706666666666667	0.48533333333333334	0.4646666666666667	0.43466666666666665	0.39266666666666666	0.43666666666666665	0.416	0.396	0.39	0.404	0.366	0.40066666666666667	0.35933333333333334	0.35933333333333334	0.34933333333333333	0.38	0.328	0.328	0.322	0.32666666666666666	0.31	0.33066666666666666	0.296	0.31133333333333335	0.2753333333333333	0.2826666666666667	0.2733333333333333	0.268	0.26	0.26	0.24133333333333334	0.236	0.234	0.244	0.21533333333333332	0.22866666666666666	0.23066666666666666	0.20333333333333334	0.20266666666666666	0.22266666666666668	0.20266666666666666	0.194	0.186	0.17933333333333334	0.16866666666666666	0.17266666666666666	0.176	0.176	0.15533333333333332	0.15533333333333332	0.16066666666666668	0.15266666666666667	0.142	0.16066666666666668	0.12466666666666666	0.13866666666666666	0.13866666666666666	0.128	0.112	0.12666666666666668	0.12	0.13133333333333333	0.104	0.11866666666666667	0.11733333333333333	0.094	0.09533333333333334	0.09933333333333333	0.09066666666666667	0.09133333333333334	0.09533333333333334	0.094	0.078	0.078	0.07066666666666667	0.078	0.06533333333333333	0.08133333333333333	0.066	0.06533333333333333	0.072	0.050666666666666665	
0.6353333333333333	0.66	0.5953333333333334	0.6186666666666667	0.5746666666666667	0.5733333333333334	0.5746666666666667	0.5506666666666666	0.5593333333333333	0.5573333333333333	0.5146666666666667	0.5206666666666667	0.4846666666666667	0.5066666666666667	0.48933333333333334	0.4713333333333333	0.49466666666666664	0.44466666666666665	0.44066666666666665	0.43	0.42733333333333334	0.43333333333333335	0.4186666666666667	0.3626666666666667	0.388	0.36533333333333334	0.38466666666666666	0.37	0.36133333333333334	0.3426666666666667	0.3453333333333333	0.336	0.36666666666666664	0.332	0.336	0.3373333333333333	0.31933333333333336	0.30133333333333334	0.2833333333333333	0.292	0.286	0.30133333333333334	0.2886666666666667	0.278	0.2713333333333333	0.27	0.262	0.24666666666666667	0.21066666666666667	0.25466666666666665	0.236	0.22933333333333333	0.214	0.21866666666666668	0.21733333333333332	0.19933333333333333	0.19666666666666666	0.19066666666666668	0.19733333333333333	0.16933333333333334	0.18066666666666667	0.18066666666666667	0.184	0.17933333333333334	0.16733333333333333	0.15	0.16933333333333334	0.15066666666666667	0.15666666666666668	0.152	0.13933333333333334	0.146	0.14	0.12866666666666668	0.13533333333333333	0.106	0.126	0.12	0.09066666666666667	0.10133333333333333	0.10466666666666667	0.118	0.11733333333333333	0.09333333333333334	0.09866666666666667	0.09066666666666667	0.08933333333333333	0.09466666666666666	0.07733333333333334	0.074	0.084	0.08466666666666667	0.06733333333333333	0.08133333333333333	0.064	0.068	0.07266666666666667	0.06133333333333333	0.062	
0.6473333333333333	0.618	0.6186666666666667	0.5846666666666667	0.5453333333333333	0.5906666666666667	0.5786666666666667	0.5353333333333333	0.548	0.56	0.53	0.49866666666666665	0.534	0.47933333333333333	0.434	0.454	0.45066666666666666	0.44733333333333336	0.43866666666666665	0.402	0.45	0.39	0.41533333333333333	0.42533333333333334	0.3873333333333333	0.38066666666666665	0.3993333333333333	0.37266666666666665	0.406	0.3333333333333333	0.3473333333333333	0.318	0.376	0.33866666666666667	0.3413333333333333	0.3466666666666667	0.3333333333333333	0.3006666666666667	0.3	0.29933333333333334	0.28933333333333333	0.2753333333333333	0.28933333333333333	0.304	0.25666666666666665	0.23266666666666666	0.25933333333333336	0.25866666666666666	0.24866666666666667	0.20666666666666667	0.23666666666666666	0.204	0.22466666666666665	0.20866666666666667	0.21333333333333335	0.22133333333333333	0.21133333333333335	0.192	0.198	0.17866666666666667	0.19666666666666666	0.16866666666666666	0.164	0.16066666666666668	0.176	0.17	0.17	0.14	0.16666666666666666	0.144	0.162	0.14333333333333334	0.134	0.11866666666666667	0.11333333333333333	0.13666666666666666	0.118	0.11066666666666666	0.11933333333333333	0.11933333333333333	0.10866666666666666	0.084	0.10333333333333333	0.088	0.09533333333333334	0.102	0.08733333333333333	0.09133333333333334	0.08266666666666667	0.086	0.07733333333333334	0.06466666666666666	0.07266666666666667	0.062	0.07533333333333334	0.068	0.06333333333333334	0.056666666666666664	0.06066666666666667	
0.63	0.6113333333333333	0.5833333333333334	0.5953333333333334	0.5773333333333334	0.5993333333333334	0.546	0.5393333333333333	0.5413333333333333	0.522	0.5326666666666666	0.4706666666666667	0.47733333333333333	0.502	0.46266666666666667	0.476	0.476	0.44733333333333336	0.458	0.41933333333333334	0.4093333333333333	0.3973333333333333	0.44666666666666666	0.414	0.392	0.37666666666666665	0.346	0.36933333333333335	0.3586666666666667	0.3566666666666667	0.3486666666666667	0.33666666666666667	0.334	0.33666666666666667	0.342	0.33266666666666667	0.30666666666666664	0.328	0.29133333333333333	0.2906666666666667	0.272	0.2806666666666667	0.2813333333333333	0.2853333333333333	0.25933333333333336	0.23466666666666666	0.23666666666666666	0.24533333333333332	0.23333333333333334	0.24533333333333332	0.222	0.21333333333333335	0.226	0.198	0.208	0.192	0.20666666666666667	0.17066666666666666	0.20133333333333334	0.18133333333333335	0.15866666666666668	0.19133333333333333	0.17533333333333334	0.168	0.16866666666666666	0.15666666666666668	0.16533333333333333	0.134	0.15066666666666667	0.14666666666666667	0.13666666666666666	0.122	0.128	0.13066666666666665	0.14266666666666666	0.11466666666666667	0.11666666666666667	0.12333333333333334	0.108	0.114	0.09066666666666667	0.102	0.09933333333333333	0.102	0.09066666666666667	0.08066666666666666	0.10266666666666667	0.08733333333333333	0.086	0.07866666666666666	0.07866666666666666	0.08333333333333333	0.06466666666666666	0.068	0.078	0.054	0.05733333333333333	0.04933333333333333	0.05333333333333334	
0.6306666666666667	0.6246666666666667	0.5833333333333334	0.6013333333333334	0.5886666666666667	0.54	0.5446666666666666	0.548	0.5366666666666666	0.5453333333333333	0.48933333333333334	0.482	0.49533333333333335	0.5013333333333333	0.482	0.4553333333333333	0.4593333333333333	0.48	0.438	0.41333333333333333	0.43666666666666665	0.398	0.4206666666666667	0.4266666666666667	0.37666666666666665	0.37733333333333335	0.35733333333333334	0.31733333333333336	0.366	0.358	0.36666666666666664	0.3353333333333333	0.3433333333333333	0.3393333333333333	0.32266666666666666	0.306	0.2886666666666667	0.312	0.29733333333333334	0.302	0.25866666666666666	0.2733333333333333	0.256	0.262	0.24866666666666667	0.262	0.25666666666666665	0.22866666666666666	0.236	0.23333333333333334	0.23866666666666667	0.21666666666666667	0.232	0.21133333333333335	0.19466666666666665	0.22	0.18466666666666667	0.17466666666666666	0.184	0.19333333333333333	0.17866666666666667	0.16733333333333333	0.154	0.162	0.17266666666666666	0.15133333333333332	0.14466666666666667	0.15466666666666667	0.14066666666666666	0.146	0.13866666666666666	0.15466666666666667	0.13066666666666665	0.118	0.12266666666666666	0.12866666666666668	0.122	0.114	0.10533333333333333	0.09733333333333333	0.10866666666666666	0.09866666666666667	0.096	0.08933333333333333	0.10333333333333333	0.084	0.09	0.08533333333333333	0.096	0.08066666666666666	0.072	0.06466666666666666	0.07133333333333333	0.058	0.058666666666666666	0.06133333333333333	0.051333333333333335	0.048	0.04066666666666666	
0.608	0.6166666666666667	0.5913333333333334	0.5686666666666667	0.552	0.5526666666666666	0.5493333333333333	0.532	0.5046666666666667	0.5266666666666666	0.48933333333333334	0.5213333333333333	0.524	0.4766666666666667	0.468	0.462	0.4166666666666667	0.4706666666666667	0.45466666666666666	0.44666666666666666	0.40066666666666667	0.406	0.38266666666666665	0.41533333333333333	0.382	0.37533333333333335	0.38533333333333336	0.35133333333333333	0.37133333333333335	0.3486666666666667	0.32466666666666666	0.3273333333333333	0.3313333333333333	0.31533333333333335	0.30533333333333335	0.2926666666666667	0.31666666666666665	0.2853333333333333	0.29	0.32266666666666666	0.28933333333333333	0.264	0.262	0.25933333333333336	0.248	0.26266666666666666	0.25	0.23333333333333334	0.226	0.21066666666666667	0.21866666666666668	0.20266666666666666	0.202	0.20266666666666666	0.208	0.17	0.19133333333333333	0.18533333333333332	0.18933333333333333	0.18066666666666667	0.18533333333333332	0.16333333333333333	0.18133333333333335	0.166	0.15666666666666668	0.17933333333333334	0.14466666666666667	0.15466666666666667	0.15	0.12866666666666668	0.14	0.13266666666666665	0.122	0.11333333333333333	0.12933333333333333	0.10733333333333334	0.12	0.122	0.108	0.10066666666666667	0.10266666666666667	0.09333333333333334	0.096	0.08733333333333333	0.10133333333333333	0.10133333333333333	0.1	0.06866666666666667	0.08333333333333333	0.07066666666666667	0.07266666666666667	0.078	0.058666666666666666	0.06266666666666666	0.07133333333333333	0.06733333333333333	0.05266666666666667	0.059333333333333335	0.06333333333333334	
0.5926666666666667	0.6026666666666667	0.5453333333333333	0.56	0.5573333333333333	0.5646666666666667	0.4686666666666667	0.5653333333333334	0.52	0.52	0.49066666666666664	0.494	0.49533333333333335	0.43933333333333335	0.44	0.43	0.43266666666666664	0.42	0.43	0.4026666666666667	0.43266666666666664	0.41333333333333333	0.38333333333333336	0.3893333333333333	0.37466666666666665	0.37133333333333335	0.3413333333333333	0.358	0.338	0.32	0.32266666666666666	0.342	0.328	0.32066666666666666	0.288	0.2773333333333333	0.2906666666666667	0.282	0.2886666666666667	0.29533333333333334	0.2786666666666667	0.25666666666666665	0.25733333333333336	0.25533333333333336	0.2633333333333333	0.23933333333333334	0.22	0.246	0.23533333333333334	0.23266666666666666	0.214	0.208	0.23066666666666666	0.21466666666666667	0.20266666666666666	0.19066666666666668	0.19733333333333333	0.18266666666666667	0.18133333333333335	0.16466666666666666	0.17666666666666667	0.16333333333333333	0.13733333333333334	0.14866666666666667	0.16266666666666665	0.162	0.146	0.14466666666666667	0.15266666666666667	0.14066666666666666	0.13133333333333333	0.13333333333333333	0.12733333333333333	0.11866666666666667	0.11666666666666667	0.11066666666666666	0.09666666666666666	0.10066666666666667	0.10733333333333334	0.11933333333333333	0.09	0.10333333333333333	0.09266666666666666	0.09533333333333334	0.08666666666666667	0.088	0.08533333333333333	0.08333333333333333	0.07	0.08533333333333333	0.074	0.07066666666666667	0.04466666666666667	0.06866666666666667	0.05466666666666667	0.062	0.06	0.051333333333333335	0.050666666666666665	
0.618	0.6053333333333333	0.5446666666666666	0.6106666666666667	0.526	0.562	0.5226666666666666	0.49933333333333335	0.49133333333333334	0.4806666666666667	0.49066666666666664	0.49266666666666664	0.48733333333333334	0.4746666666666667	0.4666666666666667	0.42533333333333334	0.404	0.4266666666666667	0.422	0.39066666666666666	0.404	0.392	0.3913333333333333	0.38866666666666666	0.35733333333333334	0.33066666666666666	0.3626666666666667	0.366	0.35	0.362	0.31333333333333335	0.324	0.32666666666666666	0.29733333333333334	0.318	0.294	0.29933333333333334	0.272	0.26266666666666666	0.2633333333333333	0.2673333333333333	0.272	0.24866666666666667	0.242	0.25866666666666666	0.24866666666666667	0.224	0.25	0.20733333333333334	0.23733333333333334	0.21133333333333335	0.222	0.212	0.19666666666666666	0.19533333333333333	0.188	0.18466666666666667	0.17866666666666667	0.18133333333333335	0.16866666666666666	0.16666666666666666	0.158	0.16933333333333334	0.14933333333333335	0.17466666666666666	0.14866666666666667	0.14333333333333334	0.142	0.14666666666666667	0.11733333333333333	0.124	0.12866666666666668	0.12733333333333333	0.112	0.112	0.112	0.11066666666666666	0.09466666666666666	0.11533333333333333	0.09533333333333334	0.11066666666666666	0.102	0.10333333333333333	0.082	0.098	0.086	0.096	0.07466666666666667	0.07666666666666666	0.09066666666666667	0.08733333333333333	0.06933333333333333	0.06466666666666666	0.072	0.059333333333333335	0.06066666666666667	0.056	0.056	0.051333333333333335	
0.57	0.5773333333333334	0.5413333333333333	0.5353333333333333	0.556	0.5493333333333333	0.5226666666666666	0.508	0.49	0.448	0.48133333333333334	0.4673333333333333	0.4573333333333333	0.41	0.48	0.45	0.41	0.408	0.392	0.37666666666666665	0.37933333333333336	0.39266666666666666	0.36333333333333334	0.388	0.38466666666666666	0.36733333333333335	0.3393333333333333	0.33066666666666666	0.33266666666666667	0.332	0.31	0.30933333333333335	0.31533333333333335	0.32666666666666666	0.318	0.286	0.298	0.26666666666666666	0.2713333333333333	0.2673333333333333	0.22933333333333333	0.2806666666666667	0.284	0.23466666666666666	0.24866666666666667	0.25866666666666666	0.24133333333333334	0.21933333333333332	0.228	0.23466666666666666	0.23066666666666666	0.208	0.19666666666666666	0.19066666666666668	0.2	0.212	0.16733333333333333	0.19066666666666668	0.18066666666666667	0.18666666666666668	0.18066666666666667	0.19066666666666668	0.152	0.15333333333333332	0.15666666666666668	0.174	0.13266666666666665	0.14066666666666666	0.14933333333333335	0.134	0.122	0.12733333333333333	0.11333333333333333	0.108	0.112	0.11266666666666666	0.112	0.102	0.09333333333333334	0.096	0.08533333333333333	0.09666666666666666	0.10133333333333333	0.09733333333333333	0.09066666666666667	0.09	0.08133333333333333	0.07333333333333333	0.08333333333333333	0.084	0.078	0.06866666666666667	0.06733333333333333	0.06466666666666666	0.06466666666666666	0.07	0.056666666666666664	0.05533333333333333	0.062	
0.5713333333333334	0.584	0.5673333333333334	0.5453333333333333	0.5386666666666666	0.5106666666666667	0.496	0.49266666666666664	0.5	0.5086666666666667	0.46266666666666667	0.47533333333333333	0.4866666666666667	0.45666666666666667	0.43333333333333335	0.44666666666666666	0.452	0.44	0.404	0.4053333333333333	0.3993333333333333	0.36866666666666664	0.362	0.38333333333333336	0.374	0.3473333333333333	0.3333333333333333	0.3606666666666667	0.3413333333333333	0.32866666666666666	0.3353333333333333	0.30133333333333334	0.2886666666666667	0.29	0.26866666666666666	0.274	0.308	0.27066666666666667	0.30266666666666664	0.272	0.248	0.262	0.27	0.23733333333333334	0.244	0.22266666666666668	0.23266666666666666	0.232	0.208	0.19933333333333333	0.216	0.21533333333333332	0.20733333333333334	0.178	0.184	0.18	0.176	0.17333333333333334	0.17333333333333334	0.156	0.17866666666666667	0.15866666666666668	0.14866666666666667	0.15466666666666667	0.13066666666666665	0.154	0.148	0.14333333333333334	0.12466666666666666	0.138	0.13266666666666665	0.136	0.10733333333333334	0.12066666666666667	0.11733333333333333	0.09933333333333333	0.09666666666666666	0.106	0.08666666666666667	0.10333333333333333	0.10666666666666667	0.088	0.09133333333333334	0.09933333333333333	0.074	0.08333333333333333	0.07066666666666667	0.08733333333333333	0.076	0.07733333333333334	0.076	0.07066666666666667	0.064	0.05533333333333333	0.048	0.058666666666666666	0.051333333333333335	0.05533333333333333	0.052	
0.57	0.5453333333333333	0.5253333333333333	0.544	0.5253333333333333	0.5066666666666667	0.5433333333333333	0.48533333333333334	0.488	0.48933333333333334	0.4646666666666667	0.466	0.44066666666666665	0.44533333333333336	0.4266666666666667	0.432	0.4186666666666667	0.38466666666666666	0.428	0.39466666666666667	0.4	0.3933333333333333	0.39466666666666667	0.35933333333333334	0.342	0.34933333333333333	0.356	0.30666666666666664	0.32266666666666666	0.3233333333333333	0.308	0.32066666666666666	0.2853333333333333	0.32	0.27466666666666667	0.2946666666666667	0.2946666666666667	0.25666666666666665	0.26466666666666666	0.2673333333333333	0.254	0.24533333333333332	0.262	0.25266666666666665	0.24466666666666667	0.212	0.23066666666666666	0.216	0.20266666666666666	0.21733333333333332	0.20066666666666666	0.21733333333333332	0.21133333333333335	0.182	0.18666666666666668	0.166	0.19	0.17133333333333334	0.17533333333333334	0.15466666666666667	0.17333333333333334	0.174	0.15933333333333333	0.13733333333333334	0.14866666666666667	0.14133333333333334	0.12733333333333333	0.146	0.124	0.13733333333333334	0.124	0.128	0.12266666666666666	0.11	0.11666666666666667	0.10066666666666667	0.10133333333333333	0.09933333333333333	0.084	0.096	0.08333333333333333	0.08	0.08533333333333333	0.08	0.08266666666666667	0.07266666666666667	0.08266666666666667	0.066	0.082	0.07866666666666666	0.074	0.06733333333333333	0.06466666666666666	0.06266666666666666	0.06066666666666667	0.058666666666666666	0.06066666666666667	0.056666666666666664	0.04533333333333334	
0.59	0.5386666666666666	0.5093333333333333	0.5546666666666666	0.544	0.4726666666666667	0.48133333333333334	0.4633333333333333	0.48133333333333334	0.45266666666666666	0.4866666666666667	0.4513333333333333	0.444	0.44266666666666665	0.42933333333333334	0.422	0.41533333333333333	0.38133333333333336	0.3933333333333333	0.4073333333333333	0.386	0.334	0.35733333333333334	0.37266666666666665	0.36533333333333334	0.3353333333333333	0.344	0.35333333333333333	0.32066666666666666	0.326	0.32066666666666666	0.29733333333333334	0.292	0.288	0.2826666666666667	0.2826666666666667	0.276	0.2653333333333333	0.24733333333333332	0.27266666666666667	0.27266666666666667	0.262	0.256	0.22733333333333333	0.262	0.21266666666666667	0.216	0.22866666666666666	0.19	0.198	0.214	0.19	0.18733333333333332	0.19533333333333333	0.19066666666666668	0.16933333333333334	0.16866666666666666	0.18333333333333332	0.19066666666666668	0.16266666666666665	0.16133333333333333	0.15933333333333333	0.16533333333333333	0.15266666666666667	0.14133333333333334	0.134	0.13666666666666666	0.13266666666666665	0.136	0.134	0.114	0.132	0.132	0.118	0.09333333333333334	0.112	0.11333333333333333	0.114	0.10066666666666667	0.09	0.09	0.09533333333333334	0.092	0.08666666666666667	0.084	0.072	0.06733333333333333	0.07533333333333334	0.068	0.076	0.08	0.066	0.07333333333333333	0.058666666666666666	0.05533333333333333	0.04733333333333333	0.05333333333333334	0.050666666666666665	0.05	
0.5626666666666666	0.5226666666666666	0.546	0.534	0.5126666666666667	0.492	0.49333333333333335	0.494	0.49666666666666665	0.4766666666666667	0.432	0.45666666666666667	0.42	0.44466666666666665	0.42	0.3933333333333333	0.376	0.37733333333333335	0.3993333333333333	0.396	0.3506666666666667	0.36866666666666664	0.35733333333333334	0.342	0.3446666666666667	0.3413333333333333	0.35	0.32266666666666666	0.328	0.3253333333333333	0.2966666666666667	0.308	0.2853333333333333	0.306	0.306	0.26266666666666666	0.29133333333333333	0.2833333333333333	0.24533333333333332	0.26	0.2713333333333333	0.254	0.24266666666666667	0.23466666666666666	0.222	0.23933333333333334	0.22133333333333333	0.206	0.218	0.218	0.21533333333333332	0.17866666666666667	0.18666666666666668	0.18	0.18466666666666667	0.16533333333333333	0.186	0.18466666666666667	0.16	0.14066666666666666	0.158	0.156	0.15333333333333332	0.15066666666666667	0.15733333333333333	0.15	0.14266666666666666	0.128	0.13066666666666665	0.14133333333333334	0.128	0.12666666666666668	0.128	0.11333333333333333	0.11733333333333333	0.09533333333333334	0.104	0.092	0.09666666666666666	0.09533333333333334	0.102	0.09	0.084	0.084	0.08133333333333333	0.09	0.09066666666666667	0.08066666666666666	0.07466666666666667	0.07466666666666667	0.07266666666666667	0.06666666666666667	0.064	0.06	0.052	0.05733333333333333	0.04933333333333333	0.058666666666666666	0.04533333333333334	
0.5213333333333333	0.5546666666666666	0.5173333333333333	0.5173333333333333	0.514	0.512	0.49666666666666665	0.462	0.46	0.474	0.44133333333333336	0.402	0.44733333333333336	0.45466666666666666	0.4146666666666667	0.44866666666666666	0.41533333333333333	0.376	0.424	0.37666666666666665	0.366	0.346	0.30666666666666664	0.324	0.3313333333333333	0.33666666666666667	0.31533333333333335	0.31866666666666665	0.32266666666666666	0.312	0.29333333333333333	0.31	0.2846666666666667	0.2846666666666667	0.2946666666666667	0.264	0.25266666666666665	0.24866666666666667	0.254	0.26	0.24533333333333332	0.2673333333333333	0.24266666666666667	0.242	0.21866666666666668	0.21333333333333335	0.20133333333333334	0.22133333333333333	0.20266666666666666	0.21266666666666667	0.188	0.204	0.19333333333333333	0.17333333333333334	0.18133333333333335	0.18466666666666667	0.18933333333333333	0.17533333333333334	0.166	0.14666666666666667	0.164	0.15533333333333332	0.174	0.16	0.14266666666666666	0.12933333333333333	0.12533333333333332	0.14266666666666666	0.11466666666666667	0.122	0.13133333333333333	0.10333333333333333	0.112	0.11933333333333333	0.11	0.10933333333333334	0.092	0.11466666666666667	0.10066666666666667	0.096	0.08866666666666667	0.08266666666666667	0.07866666666666666	0.08266666666666667	0.078	0.07933333333333334	0.07866666666666666	0.058666666666666666	0.074	0.06933333333333333	0.058	0.06866666666666667	0.05733333333333333	0.06466666666666666	0.048666666666666664	0.051333333333333335	0.048666666666666664	0.04933333333333333	0.050666666666666665	
0.5506666666666666	0.522	0.5193333333333333	0.5213333333333333	0.45466666666666666	0.4886666666666667	0.468	0.46066666666666667	0.48333333333333334	0.44533333333333336	0.432	0.434	0.4126666666666667	0.41933333333333334	0.408	0.402	0.392	0.4106666666666667	0.402	0.38666666666666666	0.37733333333333335	0.35733333333333334	0.33666666666666667	0.348	0.33066666666666666	0.312	0.3	0.3293333333333333	0.278	0.31266666666666665	0.25466666666666665	0.288	0.282	0.296	0.276	0.27666666666666667	0.2733333333333333	0.23666666666666666	0.252	0.25933333333333336	0.23066666666666666	0.2613333333333333	0.23	0.23066666666666666	0.23333333333333334	0.216	0.20133333333333334	0.20933333333333334	0.21666666666666667	0.218	0.196	0.174	0.17933333333333334	0.18533333333333332	0.17066666666666666	0.17133333333333334	0.15466666666666667	0.164	0.16733333333333333	0.146	0.15333333333333332	0.14533333333333334	0.156	0.156	0.12733333333333333	0.15733333333333333	0.122	0.12733333333333333	0.128	0.13266666666666665	0.098	0.10066666666666667	0.12933333333333333	0.104	0.106	0.12733333333333333	0.10666666666666667	0.076	0.09133333333333334	0.08533333333333333	0.08333333333333333	0.08266666666666667	0.07466666666666667	0.07666666666666666	0.07666666666666666	0.07133333333333333	0.05333333333333334	0.06933333333333333	0.07333333333333333	0.07266666666666667	0.05533333333333333	0.058	0.05266666666666667	0.056666666666666664	0.068	0.04666666666666667	0.06066666666666667	0.05	0.05266666666666667	
0.5286666666666666	0.4826666666666667	0.508	0.478	0.5033333333333333	0.49266666666666664	0.49333333333333335	0.468	0.4513333333333333	0.43533333333333335	0.43866666666666665	0.436	0.43866666666666665	0.41933333333333334	0.42333333333333334	0.396	0.38666666666666666	0.39	0.384	0.36466666666666664	0.372	0.3413333333333333	0.33466666666666667	0.3313333333333333	0.31466666666666665	0.334	0.326	0.306	0.31	0.2926666666666667	0.2846666666666667	0.2813333333333333	0.2826666666666667	0.27266666666666667	0.28733333333333333	0.28733333333333333	0.258	0.25	0.25333333333333335	0.248	0.23666666666666666	0.23666666666666666	0.226	0.23533333333333334	0.216	0.22266666666666668	0.2	0.19666666666666666	0.216	0.21733333333333332	0.20133333333333334	0.19933333333333333	0.17	0.15933333333333333	0.206	0.16866666666666666	0.164	0.166	0.162	0.15666666666666668	0.13866666666666666	0.15266666666666667	0.13066666666666665	0.14333333333333334	0.11333333333333333	0.13266666666666665	0.122	0.12333333333333334	0.134	0.116	0.112	0.102	0.104	0.11333333333333333	0.09666666666666666	0.102	0.088	0.10266666666666667	0.10533333333333333	0.08666666666666667	0.082	0.096	0.092	0.07533333333333334	0.072	0.08933333333333333	0.07266666666666667	0.06533333333333333	0.07733333333333334	0.06933333333333333	0.06533333333333333	0.06666666666666667	0.062	0.058666666666666666	0.06866666666666667	0.056	0.05333333333333334	0.04	0.048666666666666664	
0.5306666666666666	0.4653333333333333	0.518	0.48733333333333334	0.478	0.48933333333333334	0.454	0.4666666666666667	0.472	0.43066666666666664	0.45066666666666666	0.41333333333333333	0.454	0.3973333333333333	0.4013333333333333	0.388	0.3446666666666667	0.37066666666666664	0.356	0.37733333333333335	0.37066666666666664	0.38	0.35	0.31333333333333335	0.37133333333333335	0.30466666666666664	0.31466666666666665	0.314	0.31733333333333336	0.30866666666666664	0.30266666666666664	0.2713333333333333	0.272	0.252	0.25466666666666665	0.286	0.2693333333333333	0.24733333333333332	0.23533333333333334	0.22933333333333333	0.24133333333333334	0.23733333333333334	0.212	0.22	0.218	0.19466666666666665	0.218	0.19266666666666668	0.19266666666666668	0.21266666666666667	0.17733333333333334	0.19733333333333333	0.17	0.188	0.17066666666666666	0.182	0.17133333333333334	0.168	0.15466666666666667	0.15266666666666667	0.15333333333333332	0.13066666666666665	0.154	0.128	0.13333333333333333	0.14266666666666666	0.13066666666666665	0.132	0.11733333333333333	0.11733333333333333	0.12266666666666666	0.11933333333333333	0.098	0.10533333333333333	0.10466666666666667	0.096	0.078	0.08133333333333333	0.08866666666666667	0.10666666666666667	0.08933333333333333	0.07666666666666666	0.08666666666666667	0.07266666666666667	0.08666666666666667	0.07933333333333334	0.074	0.06133333333333333	0.074	0.068	0.06533333333333333	0.056666666666666664	0.058666666666666666	0.058	0.056666666666666664	0.050666666666666665	0.056666666666666664	0.04733333333333333	0.050666666666666665	
0.5206666666666667	0.534	0.5113333333333333	0.4646666666666667	0.47733333333333333	0.47533333333333333	0.464	0.434	0.45466666666666666	0.4713333333333333	0.44066666666666665	0.406	0.39666666666666667	0.37533333333333335	0.404	0.39866666666666667	0.38	0.3586666666666667	0.3586666666666667	0.358	0.3413333333333333	0.33866666666666667	0.34933333333333333	0.3546666666666667	0.29733333333333334	0.2926666666666667	0.342	0.2773333333333333	0.316	0.31133333333333335	0.2813333333333333	0.2806666666666667	0.284	0.25866666666666666	0.2833333333333333	0.27666666666666667	0.252	0.246	0.258	0.25333333333333335	0.22533333333333333	0.25333333333333335	0.23533333333333334	0.19333333333333333	0.20133333333333334	0.19733333333333333	0.20266666666666666	0.19933333333333333	0.19333333333333333	0.18	0.19933333333333333	0.168	0.17666666666666667	0.16733333333333333	0.18666666666666668	0.154	0.16333333333333333	0.16	0.158	0.16	0.158	0.14266666666666666	0.13733333333333334	0.13533333333333333	0.14	0.13	0.13666666666666666	0.128	0.12733333333333333	0.12066666666666667	0.106	0.106	0.094	0.11933333333333333	0.108	0.10333333333333333	0.1	0.094	0.07666666666666666	0.07933333333333334	0.08533333333333333	0.09133333333333334	0.07666666666666666	0.08333333333333333	0.06866666666666667	0.064	0.08533333333333333	0.06733333333333333	0.07066666666666667	0.06866666666666667	0.07	0.059333333333333335	0.052	0.056	0.054	0.04666666666666667	0.048666666666666664	0.04133333333333333	0.054	
0.518	0.5126666666666667	0.4866666666666667	0.48	0.492	0.49933333333333335	0.43866666666666665	0.45466666666666666	0.4206666666666667	0.408	0.428	0.414	0.418	0.394	0.39	0.37866666666666665	0.378	0.36466666666666664	0.3606666666666667	0.3466666666666667	0.344	0.33666666666666667	0.31933333333333336	0.31866666666666665	0.31533333333333335	0.3433333333333333	0.29933333333333334	0.30933333333333335	0.2886666666666667	0.292	0.258	0.28933333333333333	0.2653333333333333	0.254	0.25533333333333336	0.24666666666666667	0.21333333333333335	0.264	0.23866666666666667	0.244	0.22733333333333333	0.23866666666666667	0.21066666666666667	0.216	0.20733333333333334	0.19933333333333333	0.21666666666666667	0.22133333333333333	0.19333333333333333	0.166	0.176	0.17133333333333334	0.16866666666666666	0.17333333333333334	0.15733333333333333	0.15666666666666668	0.16466666666666666	0.15133333333333332	0.16866666666666666	0.14266666666666666	0.14866666666666667	0.148	0.13	0.13	0.13066666666666665	0.10666666666666667	0.13066666666666665	0.112	0.11266666666666666	0.11533333333333333	0.11866666666666667	0.11466666666666667	0.098	0.10133333333333333	0.10066666666666667	0.09933333333333333	0.08466666666666667	0.09466666666666666	0.076	0.08	0.084	0.08666666666666667	0.07666666666666666	0.08533333333333333	0.07066666666666667	0.08333333333333333	0.074	0.050666666666666665	0.07	0.07866666666666666	0.07	0.056	0.06666666666666667	0.05333333333333334	0.050666666666666665	0.05	0.043333333333333335	0.04733333333333333	0.04466666666666667	
0.49733333333333335	0.49733333333333335	0.49333333333333335	0.43933333333333335	0.45266666666666666	0.4593333333333333	0.424	0.4266666666666667	0.43266666666666664	0.42333333333333334	0.432	0.41	0.39666666666666667	0.38266666666666665	0.39	0.37	0.33066666666666666	0.35733333333333334	0.346	0.36	0.366	0.33066666666666666	0.33066666666666666	0.32266666666666666	0.292	0.2786666666666667	0.3233333333333333	0.316	0.28733333333333333	0.274	0.2733333333333333	0.2886666666666667	0.252	0.24066666666666667	0.25933333333333336	0.23466666666666666	0.24133333333333334	0.264	0.234	0.22933333333333333	0.198	0.22666666666666666	0.204	0.20533333333333334	0.21466666666666667	0.20266666666666666	0.212	0.19866666666666666	0.164	0.17666666666666667	0.186	0.158	0.168	0.19533333333333333	0.15866666666666668	0.166	0.15666666666666668	0.16133333333333333	0.14066666666666666	0.13266666666666665	0.144	0.148	0.134	0.13466666666666666	0.132	0.13266666666666665	0.124	0.12866666666666668	0.116	0.11466666666666667	0.09933333333333333	0.12	0.12	0.114	0.10266666666666667	0.10266666666666667	0.10333333333333333	0.09133333333333334	0.092	0.096	0.08733333333333333	0.078	0.08066666666666666	0.074	0.08466666666666667	0.07266666666666667	0.06266666666666666	0.07133333333333333	0.06466666666666666	0.05733333333333333	0.058666666666666666	0.06866666666666667	0.06066666666666667	0.048666666666666664	0.04133333333333333	0.036	0.04066666666666666	0.04733333333333333	0.036	
0.4766666666666667	0.47	0.4866666666666667	0.4666666666666667	0.44133333333333336	0.434	0.42133333333333334	0.45	0.4093333333333333	0.3953333333333333	0.3953333333333333	0.3893333333333333	0.42133333333333334	0.394	0.3933333333333333	0.376	0.37133333333333335	0.3293333333333333	0.336	0.358	0.344	0.3413333333333333	0.3413333333333333	0.31133333333333335	0.32	0.32	0.30333333333333334	0.296	0.2886666666666667	0.278	0.29733333333333334	0.264	0.282	0.266	0.27066666666666667	0.24866666666666667	0.24	0.242	0.24133333333333334	0.21666666666666667	0.22066666666666668	0.232	0.21466666666666667	0.18333333333333332	0.198	0.208	0.17066666666666666	0.188	0.192	0.196	0.168	0.18933333333333333	0.18533333333333332	0.19	0.18	0.16	0.15066666666666667	0.15533333333333332	0.172	0.14733333333333334	0.142	0.15866666666666668	0.13133333333333333	0.13266666666666665	0.138	0.13066666666666665	0.12466666666666666	0.11866666666666667	0.11866666666666667	0.11266666666666666	0.108	0.084	0.10466666666666667	0.11533333333333333	0.098	0.11	0.07666666666666666	0.09066666666666667	0.10266666666666667	0.072	0.09866666666666667	0.06933333333333333	0.092	0.082	0.06866666666666667	0.056666666666666664	0.07533333333333334	0.06533333333333333	0.05733333333333333	0.06	0.062	0.056	0.058	0.056666666666666664	0.04533333333333334	0.035333333333333335	0.04466666666666667	0.05333333333333334	0.043333333333333335	
0.512	0.49	0.4706666666666667	0.4646666666666667	0.456	0.466	0.442	0.42733333333333334	0.4093333333333333	0.39466666666666667	0.4266666666666667	0.3913333333333333	0.36733333333333335	0.376	0.3913333333333333	0.3546666666666667	0.36866666666666664	0.3626666666666667	0.3433333333333333	0.3353333333333333	0.3486666666666667	0.352	0.30666666666666664	0.3406666666666667	0.308	0.2813333333333333	0.298	0.318	0.2773333333333333	0.306	0.278	0.2786666666666667	0.23533333333333334	0.26266666666666666	0.262	0.2633333333333333	0.254	0.23533333333333334	0.22933333333333333	0.23266666666666666	0.23133333333333334	0.22733333333333333	0.22	0.18933333333333333	0.20533333333333334	0.206	0.19133333333333333	0.184	0.19133333333333333	0.17266666666666666	0.16533333333333333	0.16266666666666665	0.17	0.16933333333333334	0.17466666666666666	0.15733333333333333	0.158	0.15133333333333332	0.16266666666666665	0.16066666666666668	0.146	0.134	0.12933333333333333	0.128	0.11	0.12466666666666666	0.11333333333333333	0.11933333333333333	0.13133333333333333	0.12066666666666667	0.10133333333333333	0.11666666666666667	0.11466666666666667	0.106	0.09933333333333333	0.09266666666666666	0.084	0.07466666666666667	0.074	0.07666666666666666	0.07666666666666666	0.07933333333333334	0.09	0.07266666666666667	0.07733333333333334	0.07066666666666667	0.05333333333333334	0.07733333333333334	0.064	0.06666666666666667	0.07333333333333333	0.052	0.044	0.062	0.04933333333333333	0.048666666666666664	0.048666666666666664	0.046	0.03933333333333333	
0.5046666666666667	0.5013333333333333	0.4726666666666667	0.474	0.46066666666666667	0.462	0.42	0.422	0.4266666666666667	0.398	0.3913333333333333	0.4046666666666667	0.422	0.4	0.38133333333333336	0.346	0.35333333333333333	0.3433333333333333	0.36333333333333334	0.332	0.32	0.32266666666666666	0.328	0.336	0.30666666666666664	0.32866666666666666	0.3	0.284	0.29533333333333334	0.296	0.308	0.266	0.258	0.246	0.26	0.23933333333333334	0.25666666666666665	0.248	0.22266666666666668	0.22333333333333333	0.22266666666666668	0.22066666666666668	0.22066666666666668	0.23	0.204	0.21266666666666667	0.17866666666666667	0.176	0.18466666666666667	0.18666666666666668	0.188	0.16	0.146	0.154	0.16066666666666668	0.16	0.16066666666666668	0.154	0.16	0.148	0.13866666666666666	0.14733333333333334	0.12666666666666668	0.12066666666666667	0.13133333333333333	0.118	0.128	0.112	0.11333333333333333	0.118	0.11533333333333333	0.10266666666666667	0.10133333333333333	0.10733333333333334	0.09666666666666666	0.09066666666666667	0.08266666666666667	0.08133333333333333	0.07933333333333334	0.09	0.08266666666666667	0.08	0.08133333333333333	0.08133333333333333	0.07666666666666666	0.06133333333333333	0.06466666666666666	0.06933333333333333	0.052	0.076	0.07	0.054	0.050666666666666665	0.054	0.052	0.04933333333333333	0.050666666666666665	0.04933333333333333	0.048	
0.52	0.466	0.44733333333333336	0.44466666666666665	0.44066666666666665	0.442	0.41933333333333334	0.434	0.416	0.42533333333333334	0.4013333333333333	0.36933333333333335	0.38666666666666666	0.386	0.36733333333333335	0.36666666666666664	0.374	0.36933333333333335	0.346	0.36333333333333334	0.35533333333333333	0.30666666666666664	0.30466666666666664	0.308	0.31333333333333335	0.31533333333333335	0.31933333333333336	0.28733333333333333	0.30933333333333335	0.2946666666666667	0.258	0.24666666666666667	0.24866666666666667	0.22466666666666665	0.248	0.26866666666666666	0.246	0.23733333333333334	0.23333333333333334	0.23266666666666666	0.19266666666666668	0.24133333333333334	0.21333333333333335	0.22466666666666665	0.186	0.202	0.192	0.16466666666666666	0.16533333333333333	0.19933333333333333	0.17866666666666667	0.17	0.15666666666666668	0.15466666666666667	0.15733333333333333	0.15466666666666667	0.16066666666666668	0.14733333333333334	0.156	0.14933333333333335	0.142	0.13133333333333333	0.12733333333333333	0.136	0.128	0.122	0.13466666666666666	0.11133333333333334	0.11933333333333333	0.098	0.11266666666666666	0.112	0.108	0.10466666666666667	0.096	0.09866666666666667	0.08	0.09733333333333333	0.08066666666666666	0.07933333333333334	0.08533333333333333	0.084	0.08333333333333333	0.06666666666666667	0.07533333333333334	0.074	0.068	0.04666666666666667	0.059333333333333335	0.05733333333333333	0.058	0.07733333333333334	0.052	0.058666666666666666	0.06533333333333333	0.056666666666666664	0.05	0.042666666666666665	0.03933333333333333	
0.5146666666666667	0.45666666666666667	0.4786666666666667	0.4646666666666667	0.424	0.43066666666666664	0.436	0.43	0.376	0.4086666666666667	0.41733333333333333	0.3893333333333333	0.378	0.386	0.35733333333333334	0.336	0.33666666666666667	0.336	0.374	0.3293333333333333	0.314	0.3333333333333333	0.328	0.32466666666666666	0.286	0.2853333333333333	0.2886666666666667	0.30466666666666664	0.26266666666666666	0.2846666666666667	0.27066666666666667	0.278	0.27666666666666667	0.266	0.23066666666666666	0.254	0.22	0.23666666666666666	0.23666666666666666	0.23533333333333334	0.19666666666666666	0.20066666666666666	0.216	0.222	0.19066666666666668	0.20733333333333334	0.18466666666666667	0.176	0.18066666666666667	0.17266666666666666	0.172	0.18466666666666667	0.16266666666666665	0.17266666666666666	0.154	0.15933333333333333	0.164	0.15533333333333332	0.14733333333333334	0.15133333333333332	0.15	0.13	0.13333333333333333	0.13266666666666665	0.13133333333333333	0.12333333333333334	0.11533333333333333	0.10533333333333333	0.11333333333333333	0.10866666666666666	0.11333333333333333	0.118	0.116	0.102	0.102	0.09733333333333333	0.09733333333333333	0.09733333333333333	0.078	0.08	0.08733333333333333	0.07933333333333334	0.07333333333333333	0.06866666666666667	0.07466666666666667	0.06666666666666667	0.06533333333333333	0.072	0.074	0.056666666666666664	0.06533333333333333	0.05533333333333333	0.06266666666666666	0.051333333333333335	0.050666666666666665	0.051333333333333335	0.03866666666666667	0.05266666666666667	0.042666666666666665	
0.4806666666666667	0.492	0.4746666666666667	0.4633333333333333	0.4	0.42	0.42133333333333334	0.39266666666666666	0.402	0.4126666666666667	0.41333333333333333	0.4086666666666667	0.426	0.38466666666666666	0.378	0.3406666666666667	0.3586666666666667	0.36533333333333334	0.31266666666666665	0.332	0.332	0.33	0.30666666666666664	0.30533333333333335	0.3006666666666667	0.26666666666666666	0.2693333333333333	0.306	0.2926666666666667	0.26866666666666666	0.26	0.2866666666666667	0.262	0.242	0.23866666666666667	0.23133333333333334	0.23933333333333334	0.238	0.20266666666666666	0.22133333333333333	0.214	0.198	0.22666666666666666	0.202	0.21133333333333335	0.20866666666666667	0.20466666666666666	0.18933333333333333	0.182	0.18333333333333332	0.16466666666666666	0.18666666666666668	0.174	0.15133333333333332	0.17333333333333334	0.16066666666666668	0.15133333333333332	0.13333333333333333	0.15066666666666667	0.148	0.12933333333333333	0.14133333333333334	0.12533333333333332	0.11666666666666667	0.13333333333333333	0.11266666666666666	0.11066666666666666	0.10333333333333333	0.09733333333333333	0.11533333333333333	0.09666666666666666	0.09466666666666666	0.11066666666666666	0.08866666666666667	0.09266666666666666	0.09666666666666666	0.09066666666666667	0.09133333333333334	0.09066666666666667	0.08666666666666667	0.08533333333333333	0.07733333333333334	0.08266666666666667	0.07	0.08733333333333333	0.06666666666666667	0.068	0.07266666666666667	0.07266666666666667	0.06066666666666667	0.068	0.05733333333333333	0.05266666666666667	0.05	0.04066666666666666	0.06	0.048666666666666664	0.04	0.04066666666666666	
0.4766666666666667	0.452	0.432	0.44	0.422	0.432	0.42733333333333334	0.434	0.4086666666666667	0.416	0.38	0.37133333333333335	0.36133333333333334	0.35733333333333334	0.388	0.358	0.3486666666666667	0.3506666666666667	0.3313333333333333	0.33466666666666667	0.33266666666666667	0.33866666666666667	0.326	0.3473333333333333	0.31333333333333335	0.2673333333333333	0.29	0.27066666666666667	0.2886666666666667	0.2633333333333333	0.28	0.28	0.28	0.25	0.23533333333333334	0.26466666666666666	0.246	0.23066666666666666	0.23733333333333334	0.23666666666666666	0.22	0.206	0.19866666666666666	0.18866666666666668	0.21933333333333332	0.18533333333333332	0.17533333333333334	0.18466666666666667	0.17933333333333334	0.17733333333333334	0.176	0.166	0.16666666666666666	0.15733333333333333	0.17333333333333334	0.156	0.17066666666666666	0.13666666666666666	0.14466666666666667	0.14466666666666667	0.11666666666666667	0.13	0.11733333333333333	0.128	0.124	0.11066666666666666	0.11533333333333333	0.108	0.10733333333333334	0.124	0.10266666666666667	0.11066666666666666	0.09866666666666667	0.08933333333333333	0.09466666666666666	0.096	0.09066666666666667	0.078	0.08333333333333333	0.07333333333333333	0.07066666666666667	0.102	0.072	0.08	0.06933333333333333	0.06266666666666666	0.06466666666666666	0.06066666666666667	0.07	0.062	0.06133333333333333	0.062	0.058	0.046	0.04533333333333334	0.048666666666666664	0.05	0.052	0.050666666666666665	
0.5153333333333333	0.468	0.452	0.4806666666666667	0.44266666666666665	0.446	0.43133333333333335	0.42933333333333334	0.42133333333333334	0.39666666666666667	0.4126666666666667	0.37933333333333336	0.36666666666666664	0.37866666666666665	0.38133333333333336	0.3466666666666667	0.3413333333333333	0.3473333333333333	0.3466666666666667	0.3426666666666667	0.3393333333333333	0.31733333333333336	0.30666666666666664	0.31733333333333336	0.2806666666666667	0.28733333333333333	0.308	0.244	0.27266666666666667	0.282	0.2826666666666667	0.2833333333333333	0.24733333333333332	0.27266666666666667	0.248	0.252	0.232	0.26466666666666666	0.22066666666666668	0.24066666666666667	0.23866666666666667	0.20266666666666666	0.21466666666666667	0.19066666666666668	0.20266666666666666	0.2	0.19333333333333333	0.198	0.17666666666666667	0.17933333333333334	0.17066666666666666	0.168	0.16733333333333333	0.14866666666666667	0.15466666666666667	0.15066666666666667	0.136	0.142	0.13933333333333334	0.14933333333333335	0.14466666666666667	0.136	0.128	0.10866666666666666	0.122	0.13666666666666666	0.13066666666666665	0.10733333333333334	0.10066666666666667	0.102	0.10066666666666667	0.09533333333333334	0.108	0.094	0.09	0.08666666666666667	0.086	0.10133333333333333	0.08266666666666667	0.082	0.08133333333333333	0.09133333333333334	0.07466666666666667	0.062	0.06666666666666667	0.066	0.062	0.066	0.054	0.06	0.05266666666666667	0.052	0.05533333333333333	0.056	0.044	0.04466666666666667	0.05466666666666667	0.046	0.043333333333333335	
0.47333333333333333	0.44666666666666666	0.458	0.4513333333333333	0.42933333333333334	0.424	0.44	0.418	0.372	0.4013333333333333	0.39266666666666666	0.39666666666666667	0.38266666666666665	0.3913333333333333	0.392	0.37866666666666665	0.37	0.3273333333333333	0.346	0.344	0.33866666666666667	0.326	0.3253333333333333	0.30733333333333335	0.2886666666666667	0.31266666666666665	0.292	0.302	0.25933333333333336	0.252	0.2753333333333333	0.2833333333333333	0.25533333333333336	0.256	0.246	0.23266666666666666	0.242	0.23933333333333334	0.20666666666666667	0.206	0.23333333333333334	0.24666666666666667	0.21866666666666668	0.20133333333333334	0.19666666666666666	0.19266666666666668	0.2	0.2	0.158	0.18266666666666667	0.15866666666666668	0.174	0.168	0.156	0.158	0.15133333333333332	0.14933333333333335	0.16466666666666666	0.15466666666666667	0.14533333333333334	0.12733333333333333	0.14133333333333334	0.126	0.13933333333333334	0.124	0.13266666666666665	0.136	0.11466666666666667	0.11133333333333334	0.09933333333333333	0.11133333333333334	0.11333333333333333	0.086	0.108	0.082	0.094	0.09	0.082	0.07466666666666667	0.07933333333333334	0.076	0.082	0.076	0.08333333333333333	0.072	0.08066666666666666	0.06933333333333333	0.064	0.068	0.056	0.064	0.06066666666666667	0.04933333333333333	0.048	0.064	0.04466666666666667	0.046	0.04066666666666666	0.044	
0.476	0.45466666666666666	0.442	0.4693333333333333	0.4086666666666667	0.438	0.4106666666666667	0.446	0.416	0.4	0.4246666666666667	0.38866666666666666	0.38	0.37733333333333335	0.374	0.36933333333333335	0.358	0.33866666666666667	0.32466666666666666	0.34933333333333333	0.338	0.30133333333333334	0.338	0.31466666666666665	0.31	0.278	0.282	0.3	0.292	0.2926666666666667	0.26866666666666666	0.25933333333333336	0.25266666666666665	0.2673333333333333	0.242	0.24	0.2633333333333333	0.22	0.214	0.23066666666666666	0.22466666666666665	0.22466666666666665	0.208	0.20333333333333334	0.19133333333333333	0.21	0.204	0.176	0.17866666666666667	0.184	0.16266666666666665	0.15733333333333333	0.162	0.156	0.154	0.16266666666666665	0.15066666666666667	0.146	0.12333333333333334	0.14066666666666666	0.142	0.138	0.11333333333333333	0.13133333333333333	0.12266666666666666	0.124	0.11466666666666667	0.11466666666666667	0.106	0.11133333333333334	0.104	0.10466666666666667	0.09133333333333334	0.09533333333333334	0.09066666666666667	0.09133333333333334	0.08866666666666667	0.092	0.08866666666666667	0.088	0.084	0.07066666666666667	0.07533333333333334	0.088	0.07533333333333334	0.078	0.07333333333333333	0.058	0.058	0.054	0.058666666666666666	0.05733333333333333	0.05533333333333333	0.05333333333333334	0.04533333333333334	0.05533333333333333	0.05333333333333334	0.05266666666666667	0.04733333333333333	
0.4646666666666667	0.492	0.45466666666666666	0.43266666666666664	0.44133333333333336	0.426	0.4206666666666667	0.394	0.384	0.4246666666666667	0.37133333333333335	0.36733333333333335	0.37266666666666665	0.38333333333333336	0.35133333333333333	0.38333333333333336	0.35733333333333334	0.31066666666666665	0.3506666666666667	0.31466666666666665	0.33866666666666667	0.30266666666666664	0.32466666666666666	0.2826666666666667	0.2786666666666667	0.274	0.2773333333333333	0.272	0.28	0.2866666666666667	0.27266666666666667	0.2673333333333333	0.272	0.23333333333333334	0.24333333333333335	0.24533333333333332	0.23333333333333334	0.222	0.22133333333333333	0.21866666666666668	0.22866666666666666	0.21733333333333332	0.20533333333333334	0.222	0.18466666666666667	0.20666666666666667	0.18266666666666667	0.204	0.17533333333333334	0.19333333333333333	0.172	0.17266666666666666	0.15066666666666667	0.17133333333333334	0.18133333333333335	0.16	0.14533333333333334	0.15133333333333332	0.13533333333333333	0.164	0.14466666666666667	0.13533333333333333	0.128	0.118	0.13066666666666665	0.134	0.11	0.10066666666666667	0.12133333333333333	0.11066666666666666	0.10333333333333333	0.10533333333333333	0.096	0.096	0.10266666666666667	0.094	0.07333333333333333	0.08866666666666667	0.09066666666666667	0.07266666666666667	0.08666666666666667	0.076	0.082	0.07	0.06866666666666667	0.072	0.058666666666666666	0.05533333333333333	0.06666666666666667	0.05466666666666667	0.054	0.058666666666666666	0.059333333333333335	0.05733333333333333	0.05533333333333333	0.04933333333333333	0.05333333333333334	0.04666666666666667	0.03933333333333333	
0.47333333333333333	0.468	0.424	0.488	0.436	0.4093333333333333	0.4513333333333333	0.4126666666666667	0.42866666666666664	0.416	0.398	0.392	0.35933333333333334	0.38466666666666666	0.36533333333333334	0.33266666666666667	0.33666666666666667	0.32466666666666666	0.362	0.33666666666666667	0.31533333333333335	0.312	0.3373333333333333	0.3006666666666667	0.304	0.26866666666666666	0.26066666666666666	0.28	0.2906666666666667	0.26	0.25866666666666666	0.23266666666666666	0.25333333333333335	0.248	0.23266666666666666	0.22933333333333333	0.24666666666666667	0.25066666666666665	0.21666666666666667	0.20666666666666667	0.22333333333333333	0.208	0.204	0.216	0.196	0.20266666666666666	0.19133333333333333	0.17066666666666666	0.18333333333333332	0.18066666666666667	0.17533333333333334	0.16333333333333333	0.16533333333333333	0.16266666666666665	0.15666666666666668	0.152	0.16666666666666666	0.13733333333333334	0.142	0.14266666666666666	0.12066666666666667	0.13466666666666666	0.12	0.114	0.112	0.132	0.122	0.11733333333333333	0.10733333333333334	0.104	0.10533333333333333	0.11	0.09466666666666666	0.098	0.09533333333333334	0.10533333333333333	0.09133333333333334	0.08666666666666667	0.07733333333333334	0.078	0.08266666666666667	0.07533333333333334	0.06333333333333334	0.059333333333333335	0.064	0.06866666666666667	0.07733333333333334	0.06866666666666667	0.056	0.062	0.06133333333333333	0.06733333333333333	0.046	0.051333333333333335	0.04133333333333333	0.05733333333333333	0.03866666666666667	0.05733333333333333	0.044	
0.4513333333333333	0.478	0.4666666666666667	0.44733333333333336	0.4146666666666667	0.45066666666666666	0.39666666666666667	0.4073333333333333	0.388	0.408	0.4073333333333333	0.4026666666666667	0.37466666666666665	0.3606666666666667	0.354	0.3566666666666667	0.36866666666666664	0.34	0.3426666666666667	0.31933333333333336	0.32266666666666666	0.302	0.28733333333333333	0.2906666666666667	0.2946666666666667	0.29333333333333333	0.302	0.28933333333333333	0.2833333333333333	0.2733333333333333	0.25666666666666665	0.26	0.25666666666666665	0.22133333333333333	0.236	0.232	0.21733333333333332	0.22866666666666666	0.22266666666666668	0.216	0.21866666666666668	0.21333333333333335	0.21733333333333332	0.212	0.192	0.17933333333333334	0.18733333333333332	0.17733333333333334	0.19666666666666666	0.168	0.16866666666666666	0.18133333333333335	0.15533333333333332	0.15533333333333332	0.15933333333333333	0.15666666666666668	0.126	0.14733333333333334	0.13733333333333334	0.154	0.13	0.14533333333333334	0.13066666666666665	0.14266666666666666	0.12066666666666667	0.10666666666666667	0.12266666666666666	0.10066666666666667	0.10266666666666667	0.096	0.09866666666666667	0.106	0.10133333333333333	0.10466666666666667	0.08133333333333333	0.10133333333333333	0.08666666666666667	0.084	0.07533333333333334	0.088	0.07666666666666666	0.07866666666666666	0.06733333333333333	0.06933333333333333	0.07533333333333334	0.06666666666666667	0.05733333333333333	0.06133333333333333	0.056666666666666664	0.064	0.056666666666666664	0.05466666666666667	0.06066666666666667	0.05266666666666667	0.05266666666666667	0.042666666666666665	0.04933333333333333	0.050666666666666665	0.04	
0.48133333333333334	0.464	0.464	0.45	0.44666666666666666	0.41533333333333333	0.4166666666666667	0.38133333333333336	0.39866666666666667	0.33266666666666667	0.37333333333333335	0.38066666666666665	0.3506666666666667	0.4	0.36666666666666664	0.31866666666666665	0.36733333333333335	0.328	0.3293333333333333	0.3486666666666667	0.3433333333333333	0.31066666666666665	0.296	0.30733333333333335	0.302	0.272	0.282	0.2693333333333333	0.2853333333333333	0.25266666666666665	0.25066666666666665	0.23533333333333334	0.25466666666666665	0.222	0.246	0.22466666666666665	0.23533333333333334	0.214	0.212	0.23466666666666666	0.21533333333333332	0.18733333333333332	0.20933333333333334	0.19333333333333333	0.19733333333333333	0.186	0.17666666666666667	0.178	0.19333333333333333	0.156	0.16466666666666666	0.16933333333333334	0.18866666666666668	0.17733333333333334	0.142	0.15733333333333333	0.13866666666666666	0.13733333333333334	0.146	0.11933333333333333	0.132	0.11666666666666667	0.13333333333333333	0.13733333333333334	0.13733333333333334	0.11333333333333333	0.114	0.10933333333333334	0.11466666666666667	0.114	0.10133333333333333	0.09666666666666666	0.096	0.09133333333333334	0.09066666666666667	0.09666666666666666	0.09466666666666666	0.07666666666666666	0.08133333333333333	0.06866666666666667	0.07266666666666667	0.08466666666666667	0.076	0.07533333333333334	0.07533333333333334	0.062	0.06466666666666666	0.06866666666666667	0.05266666666666667	0.064	0.051333333333333335	0.058	0.05466666666666667	0.05466666666666667	0.05266666666666667	0.048	0.038	0.05533333333333333	0.04066666666666666	
0.47	0.444	0.4493333333333333	0.4513333333333333	0.44733333333333336	0.42933333333333334	0.4166666666666667	0.41733333333333333	0.392	0.392	0.36866666666666664	0.388	0.38533333333333336	0.35333333333333333	0.35733333333333334	0.3586666666666667	0.35	0.32133333333333336	0.35533333333333333	0.30866666666666664	0.31	0.3	0.31666666666666665	0.32266666666666666	0.31066666666666665	0.278	0.2753333333333333	0.27466666666666667	0.2866666666666667	0.25733333333333336	0.24266666666666667	0.2613333333333333	0.23866666666666667	0.246	0.24466666666666667	0.234	0.22933333333333333	0.22666666666666666	0.248	0.22333333333333333	0.21866666666666668	0.21733333333333332	0.18733333333333332	0.18266666666666667	0.204	0.18133333333333335	0.19933333333333333	0.18733333333333332	0.16066666666666668	0.174	0.18333333333333332	0.15733333333333333	0.15666666666666668	0.134	0.146	0.15533333333333332	0.14466666666666667	0.15	0.13666666666666666	0.14666666666666667	0.14533333333333334	0.13933333333333334	0.146	0.12866666666666668	0.13333333333333333	0.11066666666666666	0.11866666666666667	0.12266666666666666	0.102	0.112	0.10866666666666666	0.10066666666666667	0.11066666666666666	0.102	0.09133333333333334	0.09466666666666666	0.092	0.09733333333333333	0.07866666666666666	0.08266666666666667	0.078	0.07866666666666666	0.07266666666666667	0.07933333333333334	0.06666666666666667	0.06466666666666666	0.05266666666666667	0.06266666666666666	0.068	0.06133333333333333	0.05533333333333333	0.05533333333333333	0.05733333333333333	0.05733333333333333	0.04133333333333333	0.05333333333333334	0.046	0.042	0.04066666666666666	
0.49333333333333335	0.46266666666666667	0.45666666666666667	0.45066666666666666	0.432	0.42933333333333334	0.37733333333333335	0.3913333333333333	0.39466666666666667	0.388	0.392	0.37266666666666665	0.364	0.3566666666666667	0.36666666666666664	0.332	0.336	0.35333333333333333	0.29333333333333333	0.3453333333333333	0.2986666666666667	0.31333333333333335	0.3253333333333333	0.2806666666666667	0.2986666666666667	0.306	0.2853333333333333	0.25733333333333336	0.2833333333333333	0.26666666666666666	0.256	0.25133333333333335	0.2653333333333333	0.232	0.22066666666666668	0.22466666666666665	0.21933333333333332	0.25866666666666666	0.19133333333333333	0.2	0.21133333333333335	0.20066666666666666	0.21333333333333335	0.19	0.18733333333333332	0.17533333333333334	0.16666666666666666	0.184	0.17866666666666667	0.18066666666666667	0.17533333333333334	0.15533333333333332	0.166	0.16333333333333333	0.15266666666666667	0.15333333333333332	0.14266666666666666	0.164	0.126	0.14333333333333334	0.11466666666666667	0.136	0.11333333333333333	0.11333333333333333	0.10866666666666666	0.11666666666666667	0.11	0.132	0.102	0.10266666666666667	0.09066666666666667	0.10666666666666667	0.10333333333333333	0.09	0.10466666666666667	0.08466666666666667	0.08533333333333333	0.09266666666666666	0.08733333333333333	0.076	0.08333333333333333	0.08666666666666667	0.08133333333333333	0.07533333333333334	0.06666666666666667	0.06066666666666667	0.059333333333333335	0.06266666666666666	0.062	0.05466666666666667	0.056666666666666664	0.05733333333333333	0.04533333333333334	0.052	0.04666666666666667	0.05333333333333334	0.043333333333333335	0.06066666666666667	0.037333333333333336	
0.49533333333333335	0.4686666666666667	0.444	0.38333333333333336	0.4186666666666667	0.44266666666666665	0.4146666666666667	0.4033333333333333	0.42133333333333334	0.404	0.398	0.392	0.35933333333333334	0.3526666666666667	0.3486666666666667	0.35533333333333333	0.3373333333333333	0.328	0.3233333333333333	0.3253333333333333	0.3006666666666667	0.29133333333333333	0.278	0.284	0.284	0.2653333333333333	0.26266666666666666	0.2926666666666667	0.26466666666666666	0.268	0.2786666666666667	0.27466666666666667	0.23133333333333334	0.23466666666666666	0.218	0.226	0.23266666666666666	0.20733333333333334	0.22133333333333333	0.20866666666666667	0.20866666666666667	0.20933333333333334	0.19733333333333333	0.18533333333333332	0.19266666666666668	0.17666666666666667	0.172	0.17866666666666667	0.156	0.16866666666666666	0.144	0.168	0.15466666666666667	0.16066666666666668	0.15066666666666667	0.15	0.14733333333333334	0.13666666666666666	0.13533333333333333	0.15	0.11066666666666666	0.14666666666666667	0.136	0.118	0.12933333333333333	0.112	0.10266666666666667	0.116	0.116	0.11866666666666667	0.11133333333333334	0.11133333333333334	0.09933333333333333	0.09466666666666666	0.09866666666666667	0.09133333333333334	0.09733333333333333	0.072	0.088	0.08733333333333333	0.074	0.076	0.07066666666666667	0.06733333333333333	0.064	0.07933333333333334	0.06066666666666667	0.06866666666666667	0.06733333333333333	0.05533333333333333	0.05333333333333334	0.046	0.050666666666666665	0.054	0.050666666666666665	0.048	0.03666666666666667	0.038	0.03933333333333333	
0.42933333333333334	0.47	0.43533333333333335	0.42866666666666664	0.414	0.4246666666666667	0.39666666666666667	0.404	0.3893333333333333	0.36466666666666664	0.38266666666666665	0.37533333333333335	0.36133333333333334	0.36933333333333335	0.3466666666666667	0.31666666666666665	0.3626666666666667	0.33266666666666667	0.31266666666666665	0.30933333333333335	0.322	0.31	0.33066666666666666	0.312	0.30266666666666664	0.2673333333333333	0.2713333333333333	0.27066666666666667	0.264	0.278	0.272	0.24533333333333332	0.23466666666666666	0.24533333333333332	0.24533333333333332	0.23066666666666666	0.228	0.23133333333333334	0.20933333333333334	0.20266666666666666	0.20733333333333334	0.20933333333333334	0.188	0.216	0.196	0.18466666666666667	0.19666666666666666	0.162	0.17333333333333334	0.17733333333333334	0.15266666666666667	0.164	0.168	0.15533333333333332	0.14333333333333334	0.13733333333333334	0.14533333333333334	0.142	0.14133333333333334	0.13	0.134	0.13066666666666665	0.136	0.12266666666666666	0.10266666666666667	0.11333333333333333	0.13733333333333334	0.11066666666666666	0.10266666666666667	0.09466666666666666	0.09666666666666666	0.10466666666666667	0.09733333333333333	0.10133333333333333	0.07933333333333334	0.07733333333333334	0.088	0.088	0.088	0.09466666666666666	0.07066666666666667	0.078	0.08	0.07066666666666667	0.06733333333333333	0.064	0.06133333333333333	0.058666666666666666	0.06533333333333333	0.07	0.04933333333333333	0.05533333333333333	0.04933333333333333	0.04466666666666667	0.05466666666666667	0.04533333333333334	0.04	0.034666666666666665	0.04133333333333333	
0.458	0.4653333333333333	0.46	0.44333333333333336	0.3973333333333333	0.408	0.4086666666666667	0.404	0.36466666666666664	0.356	0.392	0.36533333333333334	0.3393333333333333	0.364	0.36733333333333335	0.338	0.33466666666666667	0.32	0.32	0.3	0.33	0.30266666666666664	0.296	0.2946666666666667	0.2653333333333333	0.276	0.30466666666666664	0.258	0.266	0.282	0.2693333333333333	0.252	0.24866666666666667	0.22466666666666665	0.242	0.232	0.216	0.22333333333333333	0.22533333333333333	0.21066666666666667	0.208	0.206	0.19133333333333333	0.18666666666666668	0.186	0.2	0.19666666666666666	0.20333333333333334	0.184	0.174	0.174	0.16733333333333333	0.148	0.16933333333333334	0.15866666666666668	0.136	0.13066666666666665	0.13266666666666665	0.13266666666666665	0.14466666666666667	0.12133333333333333	0.13266666666666665	0.11933333333333333	0.12733333333333333	0.11533333333333333	0.11266666666666666	0.09933333333333333	0.122	0.11066666666666666	0.09733333333333333	0.10466666666666667	0.096	0.09533333333333334	0.098	0.08466666666666667	0.08933333333333333	0.09	0.076	0.07733333333333334	0.086	0.072	0.06466666666666666	0.08066666666666666	0.08333333333333333	0.07466666666666667	0.054	0.06466666666666666	0.06333333333333334	0.059333333333333335	0.05333333333333334	0.059333333333333335	0.06666666666666667	0.05333333333333334	0.04733333333333333	0.05	0.04133333333333333	0.048	0.037333333333333336	0.04	
0.4673333333333333	0.44866666666666666	0.45066666666666666	0.40066666666666667	0.42533333333333334	0.426	0.38466666666666666	0.39666666666666667	0.38666666666666666	0.38133333333333336	0.35533333333333333	0.376	0.37733333333333335	0.352	0.36466666666666664	0.344	0.3313333333333333	0.32866666666666666	0.3353333333333333	0.31266666666666665	0.29733333333333334	0.31333333333333335	0.32666666666666666	0.306	0.2966666666666667	0.288	0.286	0.2773333333333333	0.24333333333333335	0.25733333333333336	0.258	0.21666666666666667	0.25533333333333336	0.22333333333333333	0.22733333333333333	0.24466666666666667	0.22533333333333333	0.22066666666666668	0.19866666666666666	0.21533333333333332	0.20333333333333334	0.206	0.18866666666666668	0.16266666666666665	0.19066666666666668	0.188	0.17133333333333334	0.174	0.15666666666666668	0.16533333333333333	0.156	0.17933333333333334	0.15333333333333332	0.162	0.16066666666666668	0.154	0.14066666666666666	0.15066666666666667	0.122	0.11866666666666667	0.13466666666666666	0.12466666666666666	0.118	0.13066666666666665	0.12133333333333333	0.11466666666666667	0.106	0.10866666666666666	0.102	0.106	0.09333333333333334	0.09666666666666666	0.104	0.09133333333333334	0.09133333333333334	0.09	0.074	0.09	0.082	0.08266666666666667	0.08933333333333333	0.07666666666666666	0.07533333333333334	0.06933333333333333	0.07133333333333333	0.06133333333333333	0.062	0.05733333333333333	0.056666666666666664	0.05733333333333333	0.05333333333333334	0.058666666666666666	0.064	0.042666666666666665	0.04666666666666667	0.04733333333333333	0.038	0.03666666666666667	0.04	
0.4646666666666667	0.452	0.4186666666666667	0.4493333333333333	0.42133333333333334	0.4126666666666667	0.42333333333333334	0.402	0.40066666666666667	0.36533333333333334	0.4026666666666667	0.37	0.36666666666666664	0.346	0.33866666666666667	0.3373333333333333	0.334	0.34	0.322	0.30533333333333335	0.31933333333333336	0.30266666666666664	0.31466666666666665	0.2813333333333333	0.2713333333333333	0.2673333333333333	0.276	0.2713333333333333	0.272	0.24466666666666667	0.25266666666666665	0.25266666666666665	0.23666666666666666	0.232	0.24133333333333334	0.22933333333333333	0.246	0.20933333333333334	0.21066666666666667	0.19133333333333333	0.18733333333333332	0.19666666666666666	0.214	0.21533333333333332	0.178	0.176	0.17266666666666666	0.18266666666666667	0.182	0.16066666666666668	0.15733333333333333	0.162	0.16466666666666666	0.15866666666666668	0.13733333333333334	0.138	0.13066666666666665	0.14333333333333334	0.14533333333333334	0.122	0.132	0.11733333333333333	0.116	0.11666666666666667	0.12066666666666667	0.114	0.12	0.10866666666666666	0.118	0.102	0.096	0.09266666666666666	0.10133333333333333	0.09933333333333333	0.08866666666666667	0.08	0.08533333333333333	0.07866666666666666	0.086	0.08333333333333333	0.07	0.08	0.07533333333333334	0.07333333333333333	0.07333333333333333	0.054	0.06	0.054	0.04533333333333334	0.06666666666666667	0.052	0.05733333333333333	0.050666666666666665	0.052	0.042	0.051333333333333335	0.04733333333333333	0.042666666666666665	0.03866666666666667	
0.4866666666666667	0.45866666666666667	0.42333333333333334	0.4033333333333333	0.43266666666666664	0.4086666666666667	0.4026666666666667	0.4033333333333333	0.382	0.37666666666666665	0.37666666666666665	0.37466666666666665	0.36733333333333335	0.33066666666666666	0.3446666666666667	0.33066666666666666	0.33	0.3273333333333333	0.332	0.2853333333333333	0.316	0.2853333333333333	0.31	0.31466666666666665	0.29933333333333334	0.26866666666666666	0.26066666666666666	0.282	0.2673333333333333	0.27066666666666667	0.2613333333333333	0.26	0.22066666666666668	0.20533333333333334	0.232	0.24333333333333335	0.24866666666666667	0.20933333333333334	0.21	0.20666666666666667	0.224	0.184	0.20133333333333334	0.19933333333333333	0.19133333333333333	0.19866666666666666	0.18333333333333332	0.18333333333333332	0.15466666666666667	0.18466666666666667	0.164	0.17066666666666666	0.15133333333333332	0.152	0.16266666666666665	0.138	0.15	0.128	0.13933333333333334	0.12133333333333333	0.156	0.13466666666666666	0.13866666666666666	0.11266666666666666	0.11266666666666666	0.10333333333333333	0.10866666666666666	0.106	0.114	0.10066666666666667	0.09866666666666667	0.09533333333333334	0.10066666666666667	0.08933333333333333	0.076	0.08933333333333333	0.08066666666666666	0.09133333333333334	0.07133333333333333	0.07866666666666666	0.09866666666666667	0.07933333333333334	0.07266666666666667	0.07	0.06266666666666666	0.059333333333333335	0.06733333333333333	0.06	0.058	0.062	0.059333333333333335	0.043333333333333335	0.05733333333333333	0.042666666666666665	0.046	0.044	0.03933333333333333	0.03266666666666666	0.04066666666666666	
0.45	0.4573333333333333	0.4093333333333333	0.412	0.43066666666666664	0.4013333333333333	0.36733333333333335	0.396	0.37533333333333335	0.4013333333333333	0.354	0.3546666666666667	0.3413333333333333	0.362	0.324	0.3473333333333333	0.32266666666666666	0.30733333333333335	0.31866666666666665	0.32866666666666666	0.30666666666666664	0.294	0.2866666666666667	0.2733333333333333	0.26066666666666666	0.2946666666666667	0.272	0.24733333333333332	0.27666666666666667	0.2693333333333333	0.23866666666666667	0.248	0.256	0.22533333333333333	0.21733333333333332	0.20066666666666666	0.232	0.22133333333333333	0.21733333333333332	0.20266666666666666	0.20066666666666666	0.168	0.19866666666666666	0.17333333333333334	0.18333333333333332	0.18733333333333332	0.17866666666666667	0.182	0.17933333333333334	0.16066666666666668	0.14933333333333335	0.172	0.16866666666666666	0.152	0.15866666666666668	0.14666666666666667	0.14666666666666667	0.12933333333333333	0.138	0.12133333333333333	0.12466666666666666	0.132	0.118	0.128	0.10666666666666667	0.09066666666666667	0.112	0.116	0.11466666666666667	0.104	0.09066666666666667	0.09666666666666666	0.096	0.086	0.092	0.07933333333333334	0.08	0.07733333333333334	0.08533333333333333	0.07866666666666666	0.07066666666666667	0.068	0.06	0.072	0.06333333333333334	0.05333333333333334	0.054	0.078	0.05466666666666667	0.04666666666666667	0.05266666666666667	0.04733333333333333	0.048	0.05266666666666667	0.043333333333333335	0.04666666666666667	0.043333333333333335	0.03333333333333333	0.03333333333333333	
0.454	0.43	0.4106666666666667	0.43266666666666664	0.4186666666666667	0.426	0.41	0.38533333333333336	0.38333333333333336	0.3873333333333333	0.39066666666666666	0.36733333333333335	0.356	0.3253333333333333	0.35533333333333333	0.32066666666666666	0.30866666666666664	0.308	0.33	0.30266666666666664	0.316	0.3	0.292	0.3006666666666667	0.2733333333333333	0.29	0.2853333333333333	0.26466666666666666	0.24333333333333335	0.242	0.24	0.238	0.22866666666666666	0.23533333333333334	0.23933333333333334	0.22933333333333333	0.21666666666666667	0.21266666666666667	0.20733333333333334	0.202	0.21733333333333332	0.20933333333333334	0.19466666666666665	0.16733333333333333	0.18	0.18	0.18133333333333335	0.16933333333333334	0.178	0.18133333333333335	0.158	0.144	0.14933333333333335	0.144	0.14466666666666667	0.15666666666666668	0.158	0.14533333333333334	0.13733333333333334	0.14066666666666666	0.13066666666666665	0.132	0.12066666666666667	0.11666666666666667	0.112	0.11666666666666667	0.122	0.09933333333333333	0.10866666666666666	0.098	0.094	0.10866666666666666	0.08	0.09533333333333334	0.09133333333333334	0.09133333333333334	0.08666666666666667	0.086	0.07333333333333333	0.078	0.07	0.06266666666666666	0.068	0.07866666666666666	0.06533333333333333	0.06466666666666666	0.064	0.052	0.052	0.05533333333333333	0.06	0.05333333333333334	0.04666666666666667	0.051333333333333335	0.052	0.043333333333333335	0.046	0.04533333333333334	0.043333333333333335	
0.4533333333333333	0.428	0.43933333333333335	0.42866666666666664	0.38	0.366	0.38133333333333336	0.38466666666666666	0.388	0.37333333333333335	0.362	0.356	0.3526666666666667	0.33	0.3406666666666667	0.31066666666666665	0.292	0.29933333333333334	0.326	0.29733333333333334	0.3006666666666667	0.29333333333333333	0.26666666666666666	0.30333333333333334	0.2633333333333333	0.26666666666666666	0.2733333333333333	0.26066666666666666	0.2633333333333333	0.25866666666666666	0.25	0.23866666666666667	0.25866666666666666	0.21333333333333335	0.23	0.232	0.22466666666666665	0.21933333333333332	0.18533333333333332	0.21666666666666667	0.19	0.17866666666666667	0.18933333333333333	0.18533333333333332	0.20466666666666666	0.18133333333333335	0.174	0.17	0.168	0.172	0.17066666666666666	0.166	0.17266666666666666	0.15266666666666667	0.14533333333333334	0.13466666666666666	0.14533333333333334	0.13466666666666666	0.112	0.13733333333333334	0.12666666666666668	0.122	0.142	0.11733333333333333	0.11666666666666667	0.11066666666666666	0.12333333333333334	0.10866666666666666	0.114	0.106	0.10333333333333333	0.09533333333333334	0.08466666666666667	0.092	0.09466666666666666	0.09266666666666666	0.09333333333333334	0.084	0.08733333333333333	0.082	0.08066666666666666	0.064	0.07266666666666667	0.07466666666666667	0.06466666666666666	0.062	0.068	0.05533333333333333	0.054	0.06	0.06066666666666667	0.06133333333333333	0.04533333333333334	0.03933333333333333	0.044	0.059333333333333335	0.04066666666666666	0.035333333333333335	0.04066666666666666	
0.43133333333333335	0.436	0.4246666666666667	0.39866666666666667	0.42533333333333334	0.4073333333333333	0.4026666666666667	0.37333333333333335	0.394	0.36533333333333334	0.36733333333333335	0.36866666666666664	0.3446666666666667	0.2986666666666667	0.31666666666666665	0.3333333333333333	0.328	0.33266666666666667	0.30933333333333335	0.31466666666666665	0.2986666666666667	0.25733333333333336	0.2713333333333333	0.2793333333333333	0.2653333333333333	0.25466666666666665	0.256	0.27066666666666667	0.26066666666666666	0.26666666666666666	0.25466666666666665	0.24533333333333332	0.24466666666666667	0.24466666666666667	0.232	0.24133333333333334	0.216	0.18	0.202	0.20733333333333334	0.20866666666666667	0.19333333333333333	0.188	0.178	0.17866666666666667	0.184	0.17933333333333334	0.15466666666666667	0.16333333333333333	0.152	0.16266666666666665	0.17266666666666666	0.14666666666666667	0.14	0.14733333333333334	0.152	0.12266666666666666	0.14	0.12066666666666667	0.14066666666666666	0.13333333333333333	0.12866666666666668	0.12066666666666667	0.11866666666666667	0.122	0.116	0.10733333333333334	0.096	0.11066666666666666	0.08	0.11533333333333333	0.09666666666666666	0.10533333333333333	0.092	0.09466666666666666	0.09133333333333334	0.088	0.07666666666666666	0.09133333333333334	0.084	0.07066666666666667	0.06133333333333333	0.07133333333333333	0.064	0.05	0.06866666666666667	0.07066666666666667	0.058666666666666666	0.056	0.06	0.048666666666666664	0.04933333333333333	0.056	0.042666666666666665	0.04133333333333333	0.05	0.04933333333333333	0.050666666666666665	0.04	
0.4513333333333333	0.43933333333333335	0.4026666666666667	0.43266666666666664	0.43466666666666665	0.404	0.36933333333333335	0.37733333333333335	0.36666666666666664	0.40066666666666667	0.354	0.3433333333333333	0.294	0.3446666666666667	0.3406666666666667	0.322	0.32133333333333336	0.28933333333333333	0.30733333333333335	0.298	0.298	0.308	0.2653333333333333	0.2846666666666667	0.294	0.2926666666666667	0.2673333333333333	0.2613333333333333	0.26266666666666666	0.25266666666666665	0.22933333333333333	0.22066666666666668	0.234	0.24	0.22666666666666666	0.218	0.20266666666666666	0.234	0.198	0.21666666666666667	0.188	0.2	0.19666666666666666	0.17333333333333334	0.186	0.17	0.17933333333333334	0.18666666666666668	0.17266666666666666	0.17666666666666667	0.15666666666666668	0.164	0.16066666666666668	0.14733333333333334	0.16066666666666668	0.156	0.14466666666666667	0.122	0.13333333333333333	0.11533333333333333	0.108	0.11866666666666667	0.1	0.132	0.13066666666666665	0.11266666666666666	0.11466666666666667	0.10466666666666667	0.09733333333333333	0.096	0.10866666666666666	0.08733333333333333	0.09466666666666666	0.10333333333333333	0.082	0.076	0.074	0.09	0.07333333333333333	0.07333333333333333	0.07333333333333333	0.07866666666666666	0.06733333333333333	0.068	0.07266666666666667	0.06133333333333333	0.056666666666666664	0.07333333333333333	0.056	0.05533333333333333	0.04666666666666667	0.04466666666666667	0.06066666666666667	0.04666666666666667	0.048666666666666664	0.034	0.03333333333333333	0.03133333333333333	0.03266666666666666	
0.4633333333333333	0.4026666666666667	0.416	0.402	0.42333333333333334	0.402	0.37733333333333335	0.40066666666666667	0.3586666666666667	0.36333333333333334	0.3473333333333333	0.356	0.33866666666666667	0.33266666666666667	0.31866666666666665	0.31733333333333336	0.3406666666666667	0.32866666666666666	0.32866666666666666	0.29733333333333334	0.30733333333333335	0.302	0.2693333333333333	0.2906666666666667	0.24533333333333332	0.286	0.248	0.272	0.2693333333333333	0.25266666666666665	0.22733333333333333	0.246	0.25	0.204	0.21333333333333335	0.19933333333333333	0.22	0.20866666666666667	0.206	0.2	0.21666666666666667	0.20466666666666666	0.18933333333333333	0.18133333333333335	0.18733333333333332	0.16066666666666668	0.154	0.18133333333333335	0.16533333333333333	0.15266666666666667	0.15266666666666667	0.146	0.15266666666666667	0.14733333333333334	0.15866666666666668	0.15533333333333332	0.13533333333333333	0.144	0.13733333333333334	0.13266666666666665	0.11066666666666666	0.11333333333333333	0.126	0.11466666666666667	0.12066666666666667	0.11933333333333333	0.09933333333333333	0.10933333333333334	0.09333333333333334	0.09666666666666666	0.106	0.09066666666666667	0.08933333333333333	0.09733333333333333	0.08333333333333333	0.08733333333333333	0.08	0.08133333333333333	0.09533333333333334	0.07333333333333333	0.07	0.08533333333333333	0.068	0.06733333333333333	0.05733333333333333	0.066	0.06266666666666666	0.059333333333333335	0.059333333333333335	0.056	0.059333333333333335	0.056666666666666664	0.03933333333333333	0.05	0.043333333333333335	0.034	0.032	0.037333333333333336	0.042	
0.44333333333333336	0.4246666666666667	0.4106666666666667	0.4066666666666667	0.4126666666666667	0.39666666666666667	0.37866666666666665	0.38666666666666666	0.35533333333333333	0.364	0.35733333333333334	0.3393333333333333	0.3413333333333333	0.34	0.336	0.32266666666666666	0.32666666666666666	0.30866666666666664	0.30733333333333335	0.302	0.31333333333333335	0.29	0.2946666666666667	0.29333333333333333	0.264	0.276	0.26	0.246	0.258	0.23333333333333334	0.24466666666666667	0.232	0.238	0.22	0.21533333333333332	0.21733333333333332	0.21666666666666667	0.21466666666666667	0.204	0.20333333333333334	0.20066666666666666	0.20133333333333334	0.19	0.18866666666666668	0.16933333333333334	0.168	0.17333333333333334	0.14866666666666667	0.17666666666666667	0.17133333333333334	0.164	0.15066666666666667	0.13333333333333333	0.15	0.15133333333333332	0.13533333333333333	0.15066666666666667	0.14133333333333334	0.12533333333333332	0.13733333333333334	0.13066666666666665	0.12066666666666667	0.11	0.11933333333333333	0.10866666666666666	0.10733333333333334	0.10666666666666667	0.10466666666666667	0.10266666666666667	0.09666666666666666	0.10133333333333333	0.088	0.11066666666666666	0.088	0.08866666666666667	0.06933333333333333	0.08266666666666667	0.08733333333333333	0.08866666666666667	0.07133333333333333	0.06733333333333333	0.06266666666666666	0.07333333333333333	0.07	0.05733333333333333	0.051333333333333335	0.06133333333333333	0.05466666666666667	0.064	0.06266666666666666	0.042	0.03666666666666667	0.04466666666666667	0.04133333333333333	0.044	0.04133333333333333	0.04466666666666667	0.046	0.03666666666666667	
0.42866666666666664	0.408	0.4206666666666667	0.3953333333333333	0.406	0.41333333333333333	0.388	0.37133333333333335	0.37266666666666665	0.358	0.344	0.35133333333333333	0.3466666666666667	0.31133333333333335	0.326	0.32133333333333336	0.30733333333333335	0.3006666666666667	0.2886666666666667	0.28933333333333333	0.314	0.312	0.2833333333333333	0.29	0.25333333333333335	0.2826666666666667	0.278	0.2733333333333333	0.22333333333333333	0.24866666666666667	0.23533333333333334	0.22933333333333333	0.22933333333333333	0.2	0.24133333333333334	0.23266666666666666	0.204	0.21	0.19	0.18266666666666667	0.196	0.19466666666666665	0.176	0.18466666666666667	0.184	0.16266666666666665	0.176	0.16866666666666666	0.168	0.15466666666666667	0.15533333333333332	0.14933333333333335	0.14333333333333334	0.16133333333333333	0.15933333333333333	0.13	0.12733333333333333	0.12533333333333332	0.124	0.13333333333333333	0.12133333333333333	0.13266666666666665	0.11666666666666667	0.11266666666666666	0.104	0.10066666666666667	0.10933333333333334	0.1	0.11266666666666666	0.10733333333333334	0.08666666666666667	0.08333333333333333	0.09733333333333333	0.07866666666666666	0.10466666666666667	0.082	0.07666666666666666	0.08266666666666667	0.07666666666666666	0.066	0.066	0.072	0.064	0.07333333333333333	0.06933333333333333	0.06933333333333333	0.043333333333333335	0.06466666666666666	0.06	0.072	0.058	0.064	0.048	0.04666666666666667	0.048666666666666664	0.052	0.04066666666666666	0.03266666666666666	0.04066666666666666	
0.4206666666666667	0.41733333333333333	0.412	0.40066666666666667	0.37533333333333335	0.35733333333333334	0.394	0.37333333333333335	0.35	0.35733333333333334	0.35	0.33	0.35133333333333333	0.328	0.342	0.332	0.29933333333333334	0.30666666666666664	0.2853333333333333	0.308	0.3006666666666667	0.30266666666666664	0.29933333333333334	0.30266666666666664	0.2826666666666667	0.24	0.26266666666666666	0.25066666666666665	0.25933333333333336	0.24866666666666667	0.2653333333333333	0.218	0.22333333333333333	0.214	0.21066666666666667	0.21066666666666667	0.21933333333333332	0.222	0.20333333333333334	0.21666666666666667	0.19266666666666668	0.16666666666666666	0.188	0.17666666666666667	0.17733333333333334	0.18066666666666667	0.166	0.15266666666666667	0.14333333333333334	0.162	0.174	0.148	0.14333333333333334	0.15333333333333332	0.13266666666666665	0.146	0.12866666666666668	0.13266666666666665	0.12933333333333333	0.10666666666666667	0.128	0.12333333333333334	0.13666666666666666	0.12066666666666667	0.10466666666666667	0.11466666666666667	0.10133333333333333	0.098	0.106	0.11133333333333334	0.098	0.104	0.09266666666666666	0.08133333333333333	0.104	0.09133333333333334	0.076	0.088	0.07666666666666666	0.07466666666666667	0.08066666666666666	0.066	0.07266666666666667	0.068	0.066	0.066	0.054	0.06933333333333333	0.04933333333333333	0.054	0.05	0.03866666666666667	0.038	0.05466666666666667	0.04133333333333333	0.048	0.036	0.044	0.03333333333333333	
0.424	0.3993333333333333	0.392	0.37733333333333335	0.38533333333333336	0.36466666666666664	0.3953333333333333	0.388	0.3913333333333333	0.38133333333333336	0.366	0.36133333333333334	0.366	0.336	0.324	0.30866666666666664	0.33266666666666667	0.316	0.3313333333333333	0.288	0.2886666666666667	0.24333333333333335	0.30533333333333335	0.2853333333333333	0.282	0.2773333333333333	0.2733333333333333	0.256	0.246	0.22666666666666666	0.23933333333333334	0.25466666666666665	0.23533333333333334	0.228	0.208	0.20333333333333334	0.192	0.214	0.18933333333333333	0.19533333333333333	0.19533333333333333	0.176	0.194	0.178	0.184	0.164	0.16333333333333333	0.15933333333333333	0.156	0.14133333333333334	0.18333333333333332	0.15133333333333332	0.13333333333333333	0.142	0.13466666666666666	0.15	0.142	0.13666666666666666	0.132	0.12266666666666666	0.11866666666666667	0.13133333333333333	0.102	0.12	0.126	0.11133333333333334	0.10533333333333333	0.11933333333333333	0.08666666666666667	0.11533333333333333	0.08866666666666667	0.08866666666666667	0.09466666666666666	0.07866666666666666	0.08133333333333333	0.074	0.07866666666666666	0.06666666666666667	0.07066666666666667	0.06733333333333333	0.06866666666666667	0.07533333333333334	0.078	0.062	0.06533333333333333	0.05266666666666667	0.056	0.048	0.06333333333333334	0.062	0.05	0.042666666666666665	0.04	0.04133333333333333	0.04733333333333333	0.04533333333333334	0.046	0.03133333333333333	0.024666666666666667	
0.41133333333333333	0.4246666666666667	0.4066666666666667	0.428	0.4166666666666667	0.37266666666666665	0.378	0.382	0.36466666666666664	0.36133333333333334	0.3426666666666667	0.356	0.318	0.31266666666666665	0.3313333333333333	0.30533333333333335	0.29733333333333334	0.296	0.32066666666666666	0.302	0.29133333333333333	0.274	0.2886666666666667	0.27666666666666667	0.25866666666666666	0.256	0.264	0.23933333333333334	0.25	0.23933333333333334	0.23	0.22466666666666665	0.21866666666666668	0.236	0.21466666666666667	0.20333333333333334	0.23133333333333334	0.21133333333333335	0.22666666666666666	0.212	0.19133333333333333	0.17266666666666666	0.19066666666666668	0.192	0.168	0.17333333333333334	0.16533333333333333	0.162	0.16133333333333333	0.17	0.16466666666666666	0.15066666666666667	0.13933333333333334	0.15933333333333333	0.14533333333333334	0.14733333333333334	0.132	0.12933333333333333	0.13266666666666665	0.12533333333333332	0.12466666666666666	0.114	0.122	0.10733333333333334	0.11133333333333334	0.12	0.114	0.096	0.08733333333333333	0.09133333333333334	0.10133333333333333	0.096	0.09	0.092	0.08133333333333333	0.08066666666666666	0.074	0.09266666666666666	0.07466666666666667	0.086	0.07	0.07066666666666667	0.072	0.06066666666666667	0.058666666666666666	0.07	0.06533333333333333	0.06066666666666667	0.05466666666666667	0.056	0.051333333333333335	0.048666666666666664	0.05333333333333334	0.056	0.04133333333333333	0.046	0.046	0.042	0.046	
0.4246666666666667	0.43666666666666665	0.3933333333333333	0.38866666666666666	0.38133333333333336	0.4086666666666667	0.37	0.3446666666666667	0.35933333333333334	0.35733333333333334	0.352	0.3233333333333333	0.33866666666666667	0.3393333333333333	0.324	0.33	0.30333333333333334	0.3	0.29733333333333334	0.28933333333333333	0.28933333333333333	0.264	0.2853333333333333	0.256	0.2786666666666667	0.2673333333333333	0.268	0.26666666666666666	0.24066666666666667	0.256	0.23866666666666667	0.222	0.23066666666666666	0.21533333333333332	0.20333333333333334	0.21	0.20466666666666666	0.20733333333333334	0.20333333333333334	0.18466666666666667	0.208	0.19333333333333333	0.19333333333333333	0.17733333333333334	0.16933333333333334	0.178	0.164	0.164	0.17133333333333334	0.164	0.15933333333333333	0.152	0.16133333333333333	0.15066666666666667	0.15	0.14666666666666667	0.13866666666666666	0.14533333333333334	0.124	0.13133333333333333	0.11333333333333333	0.13266666666666665	0.11866666666666667	0.112	0.11133333333333334	0.10666666666666667	0.116	0.1	0.10666666666666667	0.1	0.10133333333333333	0.10466666666666667	0.07933333333333334	0.078	0.07733333333333334	0.076	0.07866666666666666	0.08733333333333333	0.07733333333333334	0.068	0.07266666666666667	0.07133333333333333	0.06066666666666667	0.08266666666666667	0.06	0.06066666666666667	0.06	0.05333333333333334	0.048	0.064	0.058666666666666666	0.048666666666666664	0.052	0.042	0.04466666666666667	0.03866666666666667	0.03866666666666667	0.04133333333333333	0.03933333333333333	
0.44466666666666665	0.4066666666666667	0.4033333333333333	0.41333333333333333	0.376	0.4013333333333333	0.4053333333333333	0.37133333333333335	0.37466666666666665	0.36866666666666664	0.366	0.33666666666666667	0.32066666666666666	0.31133333333333335	0.322	0.3313333333333333	0.29933333333333334	0.31466666666666665	0.31333333333333335	0.2886666666666667	0.294	0.29333333333333333	0.29333333333333333	0.26666666666666666	0.272	0.27466666666666667	0.25133333333333335	0.242	0.2773333333333333	0.25533333333333336	0.22666666666666666	0.25933333333333336	0.22533333333333333	0.21733333333333332	0.222	0.222	0.19733333333333333	0.20133333333333334	0.22	0.186	0.188	0.19933333333333333	0.18666666666666668	0.17466666666666666	0.174	0.17133333333333334	0.17333333333333334	0.18466666666666667	0.16266666666666665	0.19466666666666665	0.154	0.176	0.146	0.132	0.14066666666666666	0.13866666666666666	0.132	0.124	0.11933333333333333	0.12466666666666666	0.11733333333333333	0.13466666666666666	0.10733333333333334	0.112	0.10866666666666666	0.10466666666666667	0.09733333333333333	0.10066666666666667	0.082	0.10133333333333333	0.09133333333333334	0.078	0.10066666666666667	0.08666666666666667	0.06933333333333333	0.08266666666666667	0.092	0.07	0.08	0.064	0.068	0.06466666666666666	0.06533333333333333	0.06	0.054	0.06266666666666666	0.062	0.06133333333333333	0.058	0.054	0.037333333333333336	0.05533333333333333	0.05466666666666667	0.050666666666666665	0.048666666666666664	0.04133333333333333	0.04933333333333333	0.03333333333333333	0.028	
0.41333333333333333	0.41133333333333333	0.4033333333333333	0.428	0.3893333333333333	0.37133333333333335	0.37333333333333335	0.37466666666666665	0.3546666666666667	0.36666666666666664	0.3546666666666667	0.3333333333333333	0.3506666666666667	0.33866666666666667	0.32133333333333336	0.32666666666666666	0.32866666666666666	0.2966666666666667	0.3313333333333333	0.286	0.26266666666666666	0.26666666666666666	0.27266666666666667	0.26066666666666666	0.25666666666666665	0.252	0.26866666666666666	0.23466666666666666	0.25466666666666665	0.24133333333333334	0.24066666666666667	0.23466666666666666	0.21266666666666667	0.24933333333333332	0.20333333333333334	0.21133333333333335	0.188	0.18133333333333335	0.20866666666666667	0.20266666666666666	0.16066666666666668	0.204	0.18466666666666667	0.16933333333333334	0.17266666666666666	0.184	0.15666666666666668	0.154	0.154	0.15533333333333332	0.154	0.15466666666666667	0.14333333333333334	0.14333333333333334	0.13533333333333333	0.13333333333333333	0.124	0.14066666666666666	0.11133333333333334	0.11133333333333334	0.13	0.11933333333333333	0.11533333333333333	0.11	0.11266666666666666	0.124	0.104	0.102	0.10666666666666667	0.08733333333333333	0.10333333333333333	0.09733333333333333	0.08866666666666667	0.09	0.09133333333333334	0.082	0.07066666666666667	0.07733333333333334	0.07533333333333334	0.084	0.07866666666666666	0.07133333333333333	0.066	0.07266666666666667	0.06533333333333333	0.07	0.058	0.051333333333333335	0.06	0.056	0.04466666666666667	0.05	0.048	0.03666666666666667	0.04	0.037333333333333336	0.03666666666666667	0.04533333333333334	0.030666666666666665	
0.41	0.44333333333333336	0.3913333333333333	0.38266666666666665	0.41533333333333333	0.4	0.392	0.368	0.352	0.3526666666666667	0.334	0.322	0.316	0.33666666666666667	0.31333333333333335	0.308	0.31066666666666665	0.294	0.286	0.2866666666666667	0.2966666666666667	0.26066666666666666	0.2786666666666667	0.25066666666666665	0.27266666666666667	0.22933333333333333	0.264	0.248	0.208	0.25533333333333336	0.22733333333333333	0.23933333333333334	0.24	0.20933333333333334	0.206	0.18933333333333333	0.20066666666666666	0.20333333333333334	0.18466666666666667	0.172	0.182	0.174	0.164	0.18733333333333332	0.18733333333333332	0.18066666666666667	0.15333333333333332	0.15466666666666667	0.17933333333333334	0.16466666666666666	0.158	0.14933333333333335	0.144	0.15133333333333332	0.13666666666666666	0.12066666666666667	0.138	0.128	0.12	0.12866666666666668	0.11933333333333333	0.11266666666666666	0.126	0.11533333333333333	0.11666666666666667	0.10666666666666667	0.102	0.092	0.09066666666666667	0.084	0.09	0.08933333333333333	0.08666666666666667	0.07933333333333334	0.08133333333333333	0.08466666666666667	0.09133333333333334	0.078	0.07866666666666666	0.076	0.06666666666666667	0.068	0.06666666666666667	0.06333333333333334	0.06066666666666667	0.06666666666666667	0.05333333333333334	0.05333333333333334	0.06133333333333333	0.048666666666666664	0.05	0.04533333333333334	0.03933333333333333	0.05533333333333333	0.04666666666666667	0.04	0.034	0.034666666666666665	0.03133333333333333	
0.42333333333333334	0.42333333333333334	0.3993333333333333	0.4	0.36333333333333334	0.37066666666666664	0.37133333333333335	0.364	0.366	0.356	0.3293333333333333	0.31933333333333336	0.32266666666666666	0.32133333333333336	0.32	0.3233333333333333	0.3006666666666667	0.28733333333333333	0.30133333333333334	0.32866666666666666	0.2713333333333333	0.276	0.2813333333333333	0.25533333333333336	0.244	0.25733333333333336	0.25866666666666666	0.284	0.25866666666666666	0.23066666666666666	0.25733333333333336	0.24333333333333335	0.24533333333333332	0.23	0.208	0.20866666666666667	0.19133333333333333	0.19666666666666666	0.218	0.19533333333333333	0.17266666666666666	0.182	0.17933333333333334	0.17733333333333334	0.18733333333333332	0.16533333333333333	0.15266666666666667	0.164	0.162	0.16533333333333333	0.146	0.15333333333333332	0.14333333333333334	0.138	0.15733333333333333	0.13733333333333334	0.13933333333333334	0.11866666666666667	0.124	0.11466666666666667	0.10933333333333334	0.11733333333333333	0.10866666666666666	0.10866666666666666	0.11066666666666666	0.088	0.09333333333333334	0.11733333333333333	0.084	0.094	0.07666666666666666	0.094	0.076	0.084	0.07333333333333333	0.07266666666666667	0.07933333333333334	0.068	0.06733333333333333	0.06733333333333333	0.07066666666666667	0.06933333333333333	0.072	0.06666666666666667	0.05466666666666667	0.06066666666666667	0.06066666666666667	0.048	0.043333333333333335	0.05266666666666667	0.054	0.058	0.04	0.038	0.048	0.032	0.04066666666666666	0.042666666666666665	0.03866666666666667	
0.41133333333333333	0.41133333333333333	0.3993333333333333	0.3913333333333333	0.37666666666666665	0.378	0.38666666666666666	0.38533333333333336	0.33866666666666667	0.352	0.354	0.31533333333333335	0.3473333333333333	0.3373333333333333	0.316	0.31266666666666665	0.294	0.31533333333333335	0.29	0.3	0.2806666666666667	0.26666666666666666	0.286	0.25266666666666665	0.25333333333333335	0.24933333333333332	0.25666666666666665	0.24066666666666667	0.24133333333333334	0.244	0.234	0.22866666666666666	0.21133333333333335	0.21866666666666668	0.218	0.20466666666666666	0.21066666666666667	0.18933333333333333	0.18866666666666668	0.20066666666666666	0.19333333333333333	0.19933333333333333	0.17266666666666666	0.16	0.184	0.17533333333333334	0.16666666666666666	0.18666666666666668	0.15733333333333333	0.15066666666666667	0.16133333333333333	0.16266666666666665	0.12	0.13933333333333334	0.14133333333333334	0.13	0.126	0.12	0.12533333333333332	0.11466666666666667	0.12866666666666668	0.114	0.13	0.11	0.10866666666666666	0.10133333333333333	0.11333333333333333	0.09733333333333333	0.09666666666666666	0.09533333333333334	0.10133333333333333	0.09933333333333333	0.09066666666666667	0.08	0.07866666666666666	0.08066666666666666	0.06466666666666666	0.07466666666666667	0.06466666666666666	0.078	0.06866666666666667	0.06133333333333333	0.06333333333333334	0.059333333333333335	0.05533333333333333	0.054	0.056	0.044	0.05466666666666667	0.054	0.06733333333333333	0.04066666666666666	0.04466666666666667	0.03266666666666666	0.05333333333333334	0.04533333333333334	0.04	0.042666666666666665	0.03266666666666666	
0.398	0.4166666666666667	0.3913333333333333	0.394	0.38466666666666666	0.3893333333333333	0.3606666666666667	0.3933333333333333	0.33866666666666667	0.36933333333333335	0.35333333333333333	0.324	0.318	0.3393333333333333	0.292	0.30333333333333334	0.276	0.288	0.2906666666666667	0.268	0.26666666666666666	0.2733333333333333	0.2773333333333333	0.264	0.24	0.256	0.262	0.25	0.236	0.23933333333333334	0.218	0.21866666666666668	0.25	0.22133333333333333	0.21733333333333332	0.198	0.20933333333333334	0.21533333333333332	0.21933333333333332	0.192	0.18	0.21	0.19733333333333333	0.14933333333333335	0.15933333333333333	0.164	0.168	0.17	0.16533333333333333	0.14266666666666666	0.14933333333333335	0.14733333333333334	0.14666666666666667	0.11933333333333333	0.13066666666666665	0.128	0.14733333333333334	0.14333333333333334	0.12266666666666666	0.126	0.132	0.12733333333333333	0.102	0.10133333333333333	0.10466666666666667	0.116	0.10333333333333333	0.09866666666666667	0.10466666666666667	0.08733333333333333	0.10666666666666667	0.08733333333333333	0.088	0.08866666666666667	0.086	0.086	0.08	0.06266666666666666	0.07733333333333334	0.076	0.06533333333333333	0.07066666666666667	0.06	0.06533333333333333	0.06533333333333333	0.059333333333333335	0.048666666666666664	0.04666666666666667	0.04733333333333333	0.05266666666666667	0.04666666666666667	0.04533333333333334	0.04	0.037333333333333336	0.042	0.03266666666666666	0.03866666666666667	0.042	0.032	
0.4266666666666667	0.43466666666666665	0.43866666666666665	0.39066666666666666	0.36	0.39066666666666666	0.37066666666666664	0.358	0.36333333333333334	0.34	0.33466666666666667	0.356	0.32866666666666666	0.304	0.30866666666666664	0.292	0.29733333333333334	0.28733333333333333	0.284	0.2846666666666667	0.2753333333333333	0.26266666666666666	0.2786666666666667	0.278	0.24466666666666667	0.266	0.24866666666666667	0.22133333333333333	0.254	0.25333333333333335	0.218	0.22666666666666666	0.21533333333333332	0.21333333333333335	0.19866666666666666	0.206	0.192	0.22533333333333333	0.19533333333333333	0.20933333333333334	0.194	0.16866666666666666	0.16666666666666666	0.19	0.17	0.174	0.15666666666666668	0.15466666666666667	0.144	0.15866666666666668	0.13266666666666665	0.14133333333333334	0.156	0.122	0.11933333333333333	0.134	0.11733333333333333	0.13933333333333334	0.12666666666666668	0.10733333333333334	0.12733333333333333	0.11866666666666667	0.114	0.12	0.10266666666666667	0.10133333333333333	0.116	0.108	0.10533333333333333	0.10533333333333333	0.09333333333333334	0.09133333333333334	0.09266666666666666	0.092	0.092	0.08466666666666667	0.08	0.08133333333333333	0.066	0.07	0.074	0.06	0.06866666666666667	0.07	0.06066666666666667	0.064	0.05533333333333333	0.05333333333333334	0.04933333333333333	0.062	0.048666666666666664	0.05	0.051333333333333335	0.042666666666666665	0.048666666666666664	0.04933333333333333	0.04533333333333334	0.04733333333333333	0.038	
0.422	0.422	0.39066666666666666	0.4086666666666667	0.35933333333333334	0.382	0.364	0.35133333333333333	0.3466666666666667	0.354	0.32866666666666666	0.35	0.33	0.316	0.316	0.314	0.292	0.30133333333333334	0.3233333333333333	0.292	0.2733333333333333	0.24466666666666667	0.26866666666666666	0.27066666666666667	0.2786666666666667	0.24333333333333335	0.25933333333333336	0.25533333333333336	0.23266666666666666	0.23866666666666667	0.22066666666666668	0.24333333333333335	0.24066666666666667	0.206	0.21	0.196	0.18933333333333333	0.20333333333333334	0.19266666666666668	0.172	0.17933333333333334	0.17266666666666666	0.172	0.17533333333333334	0.17533333333333334	0.17266666666666666	0.164	0.16933333333333334	0.146	0.13466666666666666	0.15333333333333332	0.15133333333333332	0.14066666666666666	0.128	0.14866666666666667	0.156	0.10933333333333334	0.134	0.12866666666666668	0.12333333333333334	0.13066666666666665	0.112	0.098	0.11666666666666667	0.13333333333333333	0.10933333333333334	0.106	0.092	0.09666666666666666	0.07866666666666666	0.078	0.08933333333333333	0.07266666666666667	0.09133333333333334	0.09333333333333334	0.078	0.07466666666666667	0.07	0.07333333333333333	0.06133333333333333	0.07866666666666666	0.06866666666666667	0.066	0.064	0.06733333333333333	0.050666666666666665	0.058	0.062	0.037333333333333336	0.04733333333333333	0.05266666666666667	0.04533333333333334	0.03866666666666667	0.054	0.042	0.04933333333333333	0.04666666666666667	0.04466666666666667	0.043333333333333335	
0.43733333333333335	0.418	0.392	0.3626666666666667	0.38066666666666665	0.36466666666666664	0.36	0.3473333333333333	0.36733333333333335	0.31666666666666665	0.3353333333333333	0.32466666666666666	0.32266666666666666	0.31133333333333335	0.31666666666666665	0.30533333333333335	0.312	0.27666666666666667	0.2806666666666667	0.2693333333333333	0.30733333333333335	0.25466666666666665	0.2793333333333333	0.27466666666666667	0.24266666666666667	0.2673333333333333	0.24466666666666667	0.23466666666666666	0.254	0.23733333333333334	0.242	0.23933333333333334	0.238	0.208	0.22	0.23066666666666666	0.20066666666666666	0.20733333333333334	0.17533333333333334	0.19	0.18733333333333332	0.2	0.174	0.17066666666666666	0.15533333333333332	0.15933333333333333	0.176	0.15266666666666667	0.156	0.13866666666666666	0.134	0.14533333333333334	0.14	0.12666666666666668	0.12933333333333333	0.14066666666666666	0.12533333333333332	0.12	0.12933333333333333	0.11933333333333333	0.11666666666666667	0.118	0.11866666666666667	0.11333333333333333	0.104	0.09666666666666666	0.10466666666666667	0.106	0.08466666666666667	0.09133333333333334	0.08533333333333333	0.08533333333333333	0.09266666666666666	0.076	0.07666666666666666	0.09666666666666666	0.078	0.07533333333333334	0.07466666666666667	0.07066666666666667	0.07466666666666667	0.07066666666666667	0.06266666666666666	0.06666666666666667	0.05266666666666667	0.05266666666666667	0.062	0.054	0.06066666666666667	0.056	0.034	0.052	0.05333333333333334	0.043333333333333335	0.046	0.04466666666666667	0.03866666666666667	0.04	0.037333333333333336	
0.43733333333333335	0.39266666666666666	0.41	0.4	0.36866666666666664	0.386	0.352	0.37266666666666665	0.32266666666666666	0.31266666666666665	0.32666666666666666	0.368	0.3293333333333333	0.2793333333333333	0.31333333333333335	0.31133333333333335	0.29733333333333334	0.282	0.25933333333333336	0.25266666666666665	0.278	0.26466666666666666	0.252	0.248	0.26866666666666666	0.25133333333333335	0.262	0.23533333333333334	0.238	0.234	0.22333333333333333	0.24066666666666667	0.206	0.19866666666666666	0.194	0.19533333333333333	0.19466666666666665	0.21466666666666667	0.19066666666666668	0.18733333333333332	0.18933333333333333	0.176	0.17533333333333334	0.176	0.172	0.18333333333333332	0.16133333333333333	0.168	0.168	0.15933333333333333	0.15066666666666667	0.15533333333333332	0.14733333333333334	0.15533333333333332	0.138	0.132	0.13933333333333334	0.12666666666666668	0.12933333333333333	0.122	0.12266666666666666	0.11933333333333333	0.10666666666666667	0.098	0.106	0.09066666666666667	0.106	0.10133333333333333	0.1	0.09666666666666666	0.07733333333333334	0.09	0.08266666666666667	0.08933333333333333	0.076	0.07666666666666666	0.07533333333333334	0.07533333333333334	0.07266666666666667	0.068	0.08666666666666667	0.056666666666666664	0.07133333333333333	0.056666666666666664	0.06466666666666666	0.07133333333333333	0.058	0.05	0.05466666666666667	0.05733333333333333	0.050666666666666665	0.04933333333333333	0.05	0.04666666666666667	0.04666666666666667	0.043333333333333335	0.03333333333333333	0.042	0.04133333333333333	
0.398	0.37666666666666665	0.4086666666666667	0.36133333333333334	0.398	0.33866666666666667	0.3473333333333333	0.33666666666666667	0.37266666666666665	0.348	0.3253333333333333	0.34	0.3273333333333333	0.30266666666666664	0.31133333333333335	0.31666666666666665	0.2986666666666667	0.31533333333333335	0.284	0.24866666666666667	0.268	0.25133333333333335	0.2733333333333333	0.26866666666666666	0.238	0.23066666666666666	0.24333333333333335	0.246	0.2613333333333333	0.23666666666666666	0.236	0.21266666666666667	0.214	0.21733333333333332	0.19666666666666666	0.218	0.192	0.19666666666666666	0.19066666666666668	0.17533333333333334	0.18533333333333332	0.17933333333333334	0.178	0.16533333333333333	0.156	0.14666666666666667	0.15733333333333333	0.162	0.16066666666666668	0.14466666666666667	0.14666666666666667	0.14066666666666666	0.14066666666666666	0.12666666666666668	0.13933333333333334	0.132	0.12933333333333333	0.11333333333333333	0.12466666666666666	0.10666666666666667	0.11266666666666666	0.11533333333333333	0.09866666666666667	0.11	0.10866666666666666	0.10666666666666667	0.106	0.10066666666666667	0.09333333333333334	0.092	0.09666666666666666	0.08133333333333333	0.09466666666666666	0.08733333333333333	0.08533333333333333	0.07866666666666666	0.07733333333333334	0.072	0.06866666666666667	0.058666666666666666	0.076	0.06266666666666666	0.06933333333333333	0.07	0.062	0.051333333333333335	0.05533333333333333	0.058666666666666666	0.046	0.042666666666666665	0.051333333333333335	0.056	0.04666666666666667	0.042	0.056	0.04	0.042	0.03933333333333333	0.03266666666666666	
0.432	0.38	0.37733333333333335	0.3953333333333333	0.36466666666666664	0.3873333333333333	0.374	0.4033333333333333	0.334	0.33466666666666667	0.3293333333333333	0.3333333333333333	0.30266666666666664	0.298	0.304	0.2966666666666667	0.2966666666666667	0.32466666666666666	0.2853333333333333	0.2693333333333333	0.282	0.2833333333333333	0.2653333333333333	0.25866666666666666	0.2633333333333333	0.24733333333333332	0.24266666666666667	0.22733333333333333	0.24933333333333332	0.21466666666666667	0.21533333333333332	0.214	0.228	0.21933333333333332	0.21066666666666667	0.196	0.192	0.19	0.186	0.17533333333333334	0.192	0.168	0.19133333333333333	0.176	0.15666666666666668	0.16733333333333333	0.17533333333333334	0.168	0.16666666666666666	0.15266666666666667	0.158	0.152	0.12733333333333333	0.136	0.13533333333333333	0.11666666666666667	0.10933333333333334	0.134	0.12266666666666666	0.11133333333333334	0.126	0.09933333333333333	0.10933333333333334	0.10866666666666666	0.10933333333333334	0.1	0.10466666666666667	0.08733333333333333	0.10333333333333333	0.09666666666666666	0.08	0.08	0.08533333333333333	0.086	0.086	0.07866666666666666	0.06266666666666666	0.068	0.07133333333333333	0.07466666666666667	0.072	0.06066666666666667	0.06266666666666666	0.06266666666666666	0.059333333333333335	0.05	0.058666666666666666	0.04933333333333333	0.052	0.051333333333333335	0.054	0.04933333333333333	0.058	0.04133333333333333	0.05266666666666667	0.04533333333333334	0.04733333333333333	0.04533333333333334	0.028666666666666667	
0.39466666666666667	0.4073333333333333	0.376	0.38866666666666666	0.394	0.36733333333333335	0.3433333333333333	0.36333333333333334	0.3526666666666667	0.332	0.33	0.344	0.31	0.2906666666666667	0.29133333333333333	0.2793333333333333	0.278	0.29733333333333334	0.2966666666666667	0.30866666666666664	0.258	0.2653333333333333	0.26	0.236	0.246	0.266	0.232	0.22266666666666668	0.22933333333333333	0.21933333333333332	0.216	0.20133333333333334	0.20333333333333334	0.22333333333333333	0.20066666666666666	0.206	0.17133333333333334	0.17266666666666666	0.18066666666666667	0.18266666666666667	0.16733333333333333	0.18066666666666667	0.15933333333333333	0.178	0.17466666666666666	0.16866666666666666	0.14933333333333335	0.15133333333333332	0.15666666666666668	0.14866666666666667	0.15733333333333333	0.15133333333333332	0.13666666666666666	0.13933333333333334	0.12666666666666668	0.13733333333333334	0.11933333333333333	0.12333333333333334	0.118	0.12866666666666668	0.114	0.10933333333333334	0.102	0.12066666666666667	0.10933333333333334	0.092	0.09533333333333334	0.10133333333333333	0.10266666666666667	0.09533333333333334	0.07533333333333334	0.074	0.07933333333333334	0.06466666666666666	0.07066666666666667	0.076	0.07133333333333333	0.06666666666666667	0.059333333333333335	0.064	0.068	0.06933333333333333	0.068	0.05733333333333333	0.05333333333333334	0.051333333333333335	0.062	0.05466666666666667	0.058	0.046	0.04733333333333333	0.056666666666666664	0.038	0.03933333333333333	0.042666666666666665	0.04466666666666667	0.03933333333333333	0.04066666666666666	0.03666666666666667	
0.394	0.394	0.37	0.3933333333333333	0.368	0.39	0.3626666666666667	0.35333333333333333	0.3546666666666667	0.364	0.32066666666666666	0.32266666666666666	0.32066666666666666	0.30466666666666664	0.29733333333333334	0.29733333333333334	0.26866666666666666	0.28733333333333333	0.27266666666666667	0.2673333333333333	0.27	0.25466666666666665	0.26066666666666666	0.24933333333333332	0.24333333333333335	0.25533333333333336	0.236	0.234	0.21333333333333335	0.21533333333333332	0.21133333333333335	0.24666666666666667	0.2	0.22066666666666668	0.19666666666666666	0.21	0.19666666666666666	0.19066666666666668	0.17733333333333334	0.17333333333333334	0.18266666666666667	0.182	0.156	0.16666666666666666	0.15266666666666667	0.15866666666666668	0.178	0.158	0.13266666666666665	0.14933333333333335	0.144	0.13266666666666665	0.14133333333333334	0.146	0.13933333333333334	0.144	0.104	0.12866666666666668	0.13066666666666665	0.12466666666666666	0.12066666666666667	0.09866666666666667	0.10666666666666667	0.096	0.11733333333333333	0.10533333333333333	0.09666666666666666	0.09866666666666667	0.096	0.09466666666666666	0.09466666666666666	0.09	0.09066666666666667	0.08533333333333333	0.08133333333333333	0.09866666666666667	0.086	0.06533333333333333	0.074	0.068	0.062	0.06066666666666667	0.06333333333333334	0.06933333333333333	0.05	0.050666666666666665	0.05533333333333333	0.05266666666666667	0.05533333333333333	0.04933333333333333	0.05533333333333333	0.052	0.038	0.04066666666666666	0.04466666666666667	0.03866666666666667	0.03666666666666667	0.03333333333333333	0.03866666666666667	
0.412	0.3626666666666667	0.3893333333333333	0.374	0.324	0.3526666666666667	0.3446666666666667	0.342	0.318	0.31133333333333335	0.33666666666666667	0.3273333333333333	0.3273333333333333	0.31266666666666665	0.30533333333333335	0.2793333333333333	0.30133333333333334	0.30933333333333335	0.29933333333333334	0.2866666666666667	0.2733333333333333	0.252	0.238	0.242	0.254	0.22333333333333333	0.228	0.25466666666666665	0.24533333333333332	0.23533333333333334	0.23266666666666666	0.22066666666666668	0.21133333333333335	0.216	0.188	0.18133333333333335	0.21133333333333335	0.18266666666666667	0.19866666666666666	0.178	0.18733333333333332	0.17533333333333334	0.18066666666666667	0.14333333333333334	0.17066666666666666	0.156	0.15866666666666668	0.14466666666666667	0.14866666666666667	0.15066666666666667	0.146	0.15266666666666667	0.146	0.124	0.13066666666666665	0.128	0.118	0.114	0.10933333333333334	0.11266666666666666	0.128	0.13	0.12533333333333332	0.092	0.10866666666666666	0.09666666666666666	0.10733333333333334	0.09533333333333334	0.09133333333333334	0.09533333333333334	0.092	0.08466666666666667	0.08666666666666667	0.07266666666666667	0.088	0.07933333333333334	0.07733333333333334	0.066	0.068	0.06666666666666667	0.078	0.068	0.06066666666666667	0.06333333333333334	0.06466666666666666	0.05333333333333334	0.056	0.054	0.056	0.046	0.046	0.048666666666666664	0.04	0.038	0.046	0.03866666666666667	0.042666666666666665	0.038	0.03866666666666667	
0.398	0.394	0.386	0.39466666666666667	0.3506666666666667	0.36333333333333334	0.36733333333333335	0.35533333333333333	0.35133333333333333	0.302	0.338	0.29733333333333334	0.30866666666666664	0.31	0.3413333333333333	0.2966666666666667	0.2886666666666667	0.2966666666666667	0.27	0.2966666666666667	0.3	0.258	0.2693333333333333	0.22333333333333333	0.23066666666666666	0.258	0.24466666666666667	0.22666666666666666	0.24466666666666667	0.21333333333333335	0.238	0.21333333333333335	0.21266666666666667	0.20533333333333334	0.216	0.21466666666666667	0.19	0.17666666666666667	0.19133333333333333	0.19066666666666668	0.19333333333333333	0.18466666666666667	0.174	0.16466666666666666	0.16533333333333333	0.162	0.144	0.16133333333333333	0.15533333333333332	0.14466666666666667	0.15	0.13933333333333334	0.15133333333333332	0.14466666666666667	0.12666666666666668	0.12866666666666668	0.13	0.12333333333333334	0.11133333333333334	0.11866666666666667	0.12333333333333334	0.09866666666666667	0.12466666666666666	0.09466666666666666	0.096	0.088	0.10333333333333333	0.1	0.084	0.09733333333333333	0.08	0.08066666666666666	0.076	0.08733333333333333	0.08933333333333333	0.06733333333333333	0.068	0.06466666666666666	0.08333333333333333	0.07266666666666667	0.07	0.05533333333333333	0.059333333333333335	0.058666666666666666	0.05533333333333333	0.056666666666666664	0.05733333333333333	0.05333333333333334	0.056666666666666664	0.05	0.04733333333333333	0.03866666666666667	0.03933333333333333	0.048	0.03266666666666666	0.04	0.04	0.03333333333333333	0.028666666666666667	
0.404	0.396	0.384	0.36733333333333335	0.346	0.36866666666666664	0.352	0.3373333333333333	0.3433333333333333	0.376	0.3426666666666667	0.31133333333333335	0.30866666666666664	0.30933333333333335	0.30933333333333335	0.29	0.2926666666666667	0.28	0.296	0.26666666666666666	0.25666666666666665	0.26866666666666666	0.2693333333333333	0.25666666666666665	0.24066666666666667	0.254	0.21866666666666668	0.23933333333333334	0.24466666666666667	0.23	0.22866666666666666	0.214	0.20666666666666667	0.19333333333333333	0.18933333333333333	0.21133333333333335	0.19533333333333333	0.20266666666666666	0.18133333333333335	0.184	0.18933333333333333	0.182	0.178	0.158	0.168	0.168	0.13866666666666666	0.15266666666666667	0.13733333333333334	0.164	0.12866666666666668	0.14133333333333334	0.124	0.122	0.134	0.13133333333333333	0.124	0.13333333333333333	0.11133333333333334	0.11866666666666667	0.12066666666666667	0.11266666666666666	0.106	0.10533333333333333	0.10666666666666667	0.10133333333333333	0.10666666666666667	0.09133333333333334	0.07333333333333333	0.088	0.104	0.09733333333333333	0.07933333333333334	0.08933333333333333	0.076	0.09066666666666667	0.068	0.07533333333333334	0.06733333333333333	0.07333333333333333	0.07266666666666667	0.062	0.07333333333333333	0.056666666666666664	0.062	0.058666666666666666	0.05266666666666667	0.056	0.05266666666666667	0.04733333333333333	0.04133333333333333	0.048666666666666664	0.04466666666666667	0.05	0.037333333333333336	0.04066666666666666	0.04066666666666666	0.046	0.03666666666666667	
0.37866666666666665	0.36933333333333335	0.3993333333333333	0.38866666666666666	0.36533333333333334	0.3426666666666667	0.356	0.35733333333333334	0.31133333333333335	0.31333333333333335	0.32866666666666666	0.302	0.306	0.298	0.29733333333333334	0.30466666666666664	0.2793333333333333	0.274	0.284	0.27066666666666667	0.256	0.25866666666666666	0.25866666666666666	0.242	0.246	0.23866666666666667	0.22933333333333333	0.24066666666666667	0.22133333333333333	0.23066666666666666	0.22333333333333333	0.226	0.20666666666666667	0.216	0.21266666666666667	0.196	0.19266666666666668	0.19333333333333333	0.194	0.204	0.17533333333333334	0.186	0.17933333333333334	0.158	0.164	0.154	0.15533333333333332	0.16466666666666666	0.15533333333333332	0.152	0.126	0.122	0.13	0.134	0.12866666666666668	0.12133333333333333	0.12066666666666667	0.11133333333333334	0.136	0.12666666666666668	0.11866666666666667	0.10866666666666666	0.11666666666666667	0.10933333333333334	0.106	0.09666666666666666	0.102	0.09933333333333333	0.08866666666666667	0.09533333333333334	0.08733333333333333	0.094	0.07933333333333334	0.08466666666666667	0.07533333333333334	0.07533333333333334	0.08666666666666667	0.07666666666666666	0.06733333333333333	0.06466666666666666	0.06466666666666666	0.068	0.06533333333333333	0.058	0.06466666666666666	0.06266666666666666	0.06	0.04933333333333333	0.04666666666666667	0.043333333333333335	0.05333333333333334	0.04133333333333333	0.03933333333333333	0.046	0.04933333333333333	0.04933333333333333	0.025333333333333333	0.04	0.034	
0.41933333333333334	0.4026666666666667	0.36533333333333334	0.37733333333333335	0.366	0.358	0.352	0.3393333333333333	0.3506666666666667	0.3233333333333333	0.3406666666666667	0.326	0.322	0.2966666666666667	0.31733333333333336	0.2813333333333333	0.29533333333333334	0.27266666666666667	0.2693333333333333	0.25866666666666666	0.278	0.2613333333333333	0.242	0.24866666666666667	0.23666666666666666	0.23533333333333334	0.256	0.23733333333333334	0.23466666666666666	0.22	0.20666666666666667	0.19466666666666665	0.20266666666666666	0.21066666666666667	0.19	0.18733333333333332	0.194	0.20333333333333334	0.17733333333333334	0.17933333333333334	0.16733333333333333	0.18533333333333332	0.152	0.16733333333333333	0.17266666666666666	0.154	0.16933333333333334	0.158	0.14466666666666667	0.13866666666666666	0.15466666666666667	0.146	0.134	0.136	0.136	0.12466666666666666	0.13133333333333333	0.12733333333333333	0.106	0.12733333333333333	0.10666666666666667	0.10866666666666666	0.10666666666666667	0.11933333333333333	0.10866666666666666	0.10933333333333334	0.10666666666666667	0.09666666666666666	0.08933333333333333	0.088	0.07933333333333334	0.07666666666666666	0.08266666666666667	0.09133333333333334	0.07466666666666667	0.078	0.07133333333333333	0.072	0.07066666666666667	0.06133333333333333	0.06133333333333333	0.062	0.056666666666666664	0.056666666666666664	0.066	0.059333333333333335	0.06	0.04533333333333334	0.048666666666666664	0.05	0.04666666666666667	0.05733333333333333	0.04666666666666667	0.04733333333333333	0.03933333333333333	0.038	0.04066666666666666	0.034666666666666665	0.035333333333333335	
0.43266666666666664	0.37133333333333335	0.36666666666666664	0.37866666666666665	0.36933333333333335	0.31266666666666665	0.36133333333333334	0.3393333333333333	0.332	0.35933333333333334	0.31	0.32666666666666666	0.362	0.314	0.304	0.30733333333333335	0.26266666666666666	0.26266666666666666	0.284	0.27266666666666667	0.2926666666666667	0.278	0.25666666666666665	0.24	0.25	0.23066666666666666	0.256	0.246	0.24333333333333335	0.24	0.21733333333333332	0.22266666666666668	0.198	0.21066666666666667	0.206	0.21	0.20666666666666667	0.18333333333333332	0.19466666666666665	0.174	0.21133333333333335	0.17933333333333334	0.178	0.18733333333333332	0.14733333333333334	0.15066666666666667	0.15533333333333332	0.15733333333333333	0.15333333333333332	0.134	0.142	0.136	0.134	0.138	0.154	0.13133333333333333	0.12733333333333333	0.11666666666666667	0.11533333333333333	0.11733333333333333	0.108	0.11266666666666666	0.12466666666666666	0.11	0.11333333333333333	0.10533333333333333	0.094	0.096	0.092	0.09333333333333334	0.09733333333333333	0.08333333333333333	0.078	0.07466666666666667	0.059333333333333335	0.08133333333333333	0.07266666666666667	0.08266666666666667	0.07333333333333333	0.06533333333333333	0.07066666666666667	0.06333333333333334	0.062	0.056666666666666664	0.06266666666666666	0.058	0.054	0.06333333333333334	0.052	0.05466666666666667	0.052	0.038	0.043333333333333335	0.04066666666666666	0.042	0.038	0.04533333333333334	0.03866666666666667	0.03	
0.4226666666666667	0.382	0.35533333333333333	0.3873333333333333	0.366	0.3586666666666667	0.324	0.33466666666666667	0.3453333333333333	0.3253333333333333	0.3273333333333333	0.3373333333333333	0.29533333333333334	0.31333333333333335	0.31333333333333335	0.288	0.2906666666666667	0.266	0.2613333333333333	0.26466666666666666	0.2906666666666667	0.2673333333333333	0.26466666666666666	0.274	0.24533333333333332	0.2633333333333333	0.244	0.22933333333333333	0.22	0.23333333333333334	0.21533333333333332	0.222	0.21066666666666667	0.21666666666666667	0.192	0.19866666666666666	0.19866666666666666	0.20666666666666667	0.206	0.17333333333333334	0.18466666666666667	0.17	0.158	0.168	0.16066666666666668	0.16133333333333333	0.16333333333333333	0.138	0.15266666666666667	0.142	0.15333333333333332	0.142	0.14933333333333335	0.14666666666666667	0.132	0.114	0.13066666666666665	0.11466666666666667	0.128	0.11466666666666667	0.10666666666666667	0.10533333333333333	0.10266666666666667	0.11666666666666667	0.09533333333333334	0.10866666666666666	0.10666666666666667	0.1	0.08933333333333333	0.09533333333333334	0.094	0.088	0.084	0.07733333333333334	0.07666666666666666	0.06533333333333333	0.08333333333333333	0.07	0.07	0.07133333333333333	0.08133333333333333	0.07466666666666667	0.06933333333333333	0.05733333333333333	0.052	0.056666666666666664	0.04733333333333333	0.051333333333333335	0.05	0.04933333333333333	0.05466666666666667	0.04	0.052	0.037333333333333336	0.04666666666666667	0.04533333333333334	0.04066666666666666	0.03333333333333333	0.030666666666666665	
0.404	0.39	0.36733333333333335	0.38333333333333336	0.38533333333333336	0.342	0.36	0.3233333333333333	0.308	0.32866666666666666	0.3353333333333333	0.33266666666666667	0.31266666666666665	0.30866666666666664	0.306	0.31466666666666665	0.30466666666666664	0.2786666666666667	0.27066666666666667	0.2713333333333333	0.26	0.24733333333333332	0.272	0.24333333333333335	0.23866666666666667	0.252	0.24133333333333334	0.254	0.21666666666666667	0.24066666666666667	0.24133333333333334	0.22866666666666666	0.196	0.23266666666666666	0.204	0.20866666666666667	0.20266666666666666	0.19333333333333333	0.18266666666666667	0.17133333333333334	0.18333333333333332	0.17933333333333334	0.17	0.16066666666666668	0.17933333333333334	0.17133333333333334	0.16733333333333333	0.15466666666666667	0.15466666666666667	0.15266666666666667	0.152	0.14666666666666667	0.15333333333333332	0.14	0.13866666666666666	0.12466666666666666	0.12	0.122	0.126	0.11333333333333333	0.106	0.09733333333333333	0.11466666666666667	0.10133333333333333	0.106	0.10066666666666667	0.10266666666666667	0.08333333333333333	0.09866666666666667	0.074	0.094	0.09333333333333334	0.09	0.08666666666666667	0.064	0.06133333333333333	0.07133333333333333	0.06866666666666667	0.07466666666666667	0.082	0.06666666666666667	0.06266666666666666	0.05533333333333333	0.06533333333333333	0.06133333333333333	0.056	0.046	0.05266666666666667	0.06666666666666667	0.054	0.04066666666666666	0.046	0.048	0.046	0.04133333333333333	0.04466666666666667	0.037333333333333336	0.035333333333333335	0.03866666666666667	
0.438	0.384	0.378	0.39	0.37933333333333336	0.35133333333333333	0.36466666666666664	0.356	0.348	0.332	0.31	0.336	0.3	0.2886666666666667	0.2653333333333333	0.324	0.27666666666666667	0.27666666666666667	0.29333333333333333	0.25666666666666665	0.26	0.27066666666666667	0.266	0.25333333333333335	0.23933333333333334	0.22	0.25266666666666665	0.21266666666666667	0.23466666666666666	0.196	0.21733333333333332	0.21	0.20866666666666667	0.21933333333333332	0.19666666666666666	0.21266666666666667	0.196	0.20533333333333334	0.18533333333333332	0.184	0.16733333333333333	0.17933333333333334	0.17333333333333334	0.166	0.17	0.17466666666666666	0.15066666666666667	0.14133333333333334	0.14466666666666667	0.15533333333333332	0.124	0.13466666666666666	0.14533333333333334	0.134	0.11466666666666667	0.13666666666666666	0.128	0.11866666666666667	0.11333333333333333	0.10666666666666667	0.10933333333333334	0.09933333333333333	0.11	0.106	0.118	0.09266666666666666	0.09933333333333333	0.09933333333333333	0.084	0.086	0.098	0.08333333333333333	0.08733333333333333	0.08533333333333333	0.082	0.06933333333333333	0.09333333333333334	0.07333333333333333	0.07333333333333333	0.066	0.056	0.07266666666666667	0.058666666666666666	0.068	0.04933333333333333	0.06466666666666666	0.04933333333333333	0.044	0.05533333333333333	0.058666666666666666	0.050666666666666665	0.05	0.042666666666666665	0.03666666666666667	0.04533333333333334	0.036	0.035333333333333335	0.03266666666666666	0.03666666666666667	
0.4086666666666667	0.40066666666666667	0.38133333333333336	0.362	0.36466666666666664	0.37266666666666665	0.3626666666666667	0.334	0.3486666666666667	0.326	0.33266666666666667	0.3393333333333333	0.306	0.334	0.2753333333333333	0.2673333333333333	0.2786666666666667	0.26666666666666666	0.286	0.262	0.2786666666666667	0.27	0.26	0.22866666666666666	0.256	0.224	0.24333333333333335	0.23266666666666666	0.22733333333333333	0.24866666666666667	0.22933333333333333	0.24066666666666667	0.21066666666666667	0.18866666666666668	0.214	0.19733333333333333	0.174	0.198	0.202	0.164	0.16066666666666668	0.17533333333333334	0.16466666666666666	0.17733333333333334	0.168	0.156	0.14666666666666667	0.152	0.13466666666666666	0.14733333333333334	0.16333333333333333	0.122	0.146	0.12466666666666666	0.13533333333333333	0.12266666666666666	0.11666666666666667	0.12733333333333333	0.11733333333333333	0.11466666666666667	0.10733333333333334	0.10866666666666666	0.11066666666666666	0.10466666666666667	0.11266666666666666	0.11333333333333333	0.08933333333333333	0.10266666666666667	0.1	0.09666666666666666	0.08733333333333333	0.07466666666666667	0.072	0.07866666666666666	0.07533333333333334	0.06733333333333333	0.06733333333333333	0.07266666666666667	0.07	0.07066666666666667	0.062	0.05	0.072	0.05266666666666667	0.068	0.052	0.05466666666666667	0.04533333333333334	0.05266666666666667	0.04733333333333333	0.05	0.043333333333333335	0.056666666666666664	0.04533333333333334	0.03333333333333333	0.03933333333333333	0.034666666666666665	0.037333333333333336	0.03866666666666667	
0.374	0.39466666666666667	0.364	0.38466666666666666	0.3526666666666667	0.32	0.3546666666666667	0.34933333333333333	0.33866666666666667	0.3253333333333333	0.336	0.31266666666666665	0.29333333333333333	0.272	0.27266666666666667	0.2826666666666667	0.29133333333333333	0.26866666666666666	0.27466666666666667	0.2713333333333333	0.2926666666666667	0.264	0.25133333333333335	0.25333333333333335	0.26266666666666666	0.226	0.23133333333333334	0.22533333333333333	0.228	0.228	0.20333333333333334	0.20466666666666666	0.20933333333333334	0.204	0.18733333333333332	0.19	0.20466666666666666	0.19733333333333333	0.198	0.206	0.18333333333333332	0.16866666666666666	0.162	0.166	0.168	0.156	0.146	0.14066666666666666	0.13666666666666666	0.14666666666666667	0.12133333333333333	0.13	0.13133333333333333	0.13466666666666666	0.14266666666666666	0.12533333333333332	0.112	0.12333333333333334	0.098	0.10466666666666667	0.11533333333333333	0.10733333333333334	0.11866666666666667	0.11	0.10666666666666667	0.09466666666666666	0.10266666666666667	0.09533333333333334	0.09266666666666666	0.09533333333333334	0.078	0.06733333333333333	0.08	0.08066666666666666	0.06533333333333333	0.078	0.07866666666666666	0.07066666666666667	0.06533333333333333	0.08333333333333333	0.066	0.068	0.068	0.062	0.062	0.06266666666666666	0.06333333333333334	0.06133333333333333	0.05733333333333333	0.05733333333333333	0.04666666666666667	0.044	0.04666666666666667	0.04	0.03866666666666667	0.034666666666666665	0.038	0.036	0.04133333333333333	
0.4093333333333333	0.398	0.36866666666666664	0.3466666666666667	0.346	0.336	0.36	0.352	0.3526666666666667	0.3406666666666667	0.3393333333333333	0.32266666666666666	0.32266666666666666	0.30933333333333335	0.29333333333333333	0.3006666666666667	0.284	0.274	0.29333333333333333	0.276	0.268	0.25533333333333336	0.2653333333333333	0.22266666666666668	0.25666666666666665	0.23866666666666667	0.22933333333333333	0.252	0.22533333333333333	0.21866666666666668	0.22333333333333333	0.22466666666666665	0.202	0.21533333333333332	0.20133333333333334	0.18933333333333333	0.202	0.208	0.20066666666666666	0.192	0.17733333333333334	0.17266666666666666	0.17466666666666666	0.158	0.16	0.178	0.16333333333333333	0.14533333333333334	0.15533333333333332	0.13733333333333334	0.14533333333333334	0.15266666666666667	0.126	0.14666666666666667	0.124	0.132	0.11733333333333333	0.11333333333333333	0.11866666666666667	0.11733333333333333	0.10866666666666666	0.102	0.12133333333333333	0.094	0.09466666666666666	0.10133333333333333	0.08733333333333333	0.10066666666666667	0.08666666666666667	0.078	0.07133333333333333	0.07733333333333334	0.08466666666666667	0.07933333333333334	0.07733333333333334	0.06933333333333333	0.08133333333333333	0.07266666666666667	0.07	0.06866666666666667	0.06933333333333333	0.05533333333333333	0.06333333333333334	0.062	0.06266666666666666	0.05466666666666667	0.05466666666666667	0.05	0.04	0.051333333333333335	0.051333333333333335	0.04466666666666667	0.03666666666666667	0.042666666666666665	0.04466666666666667	0.042666666666666665	0.042666666666666665	0.05266666666666667	0.03333333333333333	
0.392	0.3893333333333333	0.37733333333333335	0.378	0.334	0.374	0.3353333333333333	0.3313333333333333	0.30933333333333335	0.31066666666666665	0.326	0.33466666666666667	0.312	0.2926666666666667	0.2786666666666667	0.28733333333333333	0.29733333333333334	0.272	0.272	0.266	0.2673333333333333	0.252	0.26066666666666666	0.242	0.26	0.23666666666666666	0.2613333333333333	0.234	0.21466666666666667	0.20866666666666667	0.208	0.21666666666666667	0.21866666666666668	0.198	0.17533333333333334	0.20466666666666666	0.206	0.19133333333333333	0.204	0.17333333333333334	0.17533333333333334	0.17	0.16933333333333334	0.17133333333333334	0.16666666666666666	0.16666666666666666	0.15333333333333332	0.16	0.138	0.126	0.15333333333333332	0.132	0.132	0.138	0.14133333333333334	0.134	0.13133333333333333	0.136	0.11733333333333333	0.118	0.10866666666666666	0.10533333333333333	0.12266666666666666	0.10066666666666667	0.10333333333333333	0.09733333333333333	0.09733333333333333	0.084	0.104	0.098	0.086	0.08066666666666666	0.08066666666666666	0.07	0.07733333333333334	0.088	0.06666666666666667	0.06733333333333333	0.072	0.06	0.064	0.05333333333333334	0.056	0.06533333333333333	0.056666666666666664	0.058	0.044	0.04666666666666667	0.058666666666666666	0.04466666666666667	0.048	0.04133333333333333	0.05333333333333334	0.04533333333333334	0.03866666666666667	0.034	0.034	0.037333333333333336	0.043333333333333335	
0.392	0.36666666666666664	0.38466666666666666	0.368	0.364	0.38333333333333336	0.31333333333333335	0.324	0.3586666666666667	0.32666666666666666	0.3433333333333333	0.334	0.326	0.30266666666666664	0.274	0.2653333333333333	0.2693333333333333	0.296	0.2966666666666667	0.252	0.25066666666666665	0.26	0.256	0.23533333333333334	0.22466666666666665	0.24666666666666667	0.24666666666666667	0.21866666666666668	0.21533333333333332	0.20266666666666666	0.212	0.22733333333333333	0.20666666666666667	0.218	0.204	0.204	0.19	0.192	0.18066666666666667	0.174	0.17466666666666666	0.18533333333333332	0.17466666666666666	0.18733333333333332	0.16533333333333333	0.162	0.15133333333333332	0.16533333333333333	0.15866666666666668	0.14	0.13266666666666665	0.14933333333333335	0.132	0.13266666666666665	0.13466666666666666	0.13333333333333333	0.12533333333333332	0.12	0.10866666666666666	0.11266666666666666	0.09866666666666667	0.11333333333333333	0.11	0.106	0.104	0.098	0.088	0.10533333333333333	0.08733333333333333	0.09733333333333333	0.09133333333333334	0.09866666666666667	0.08666666666666667	0.07733333333333334	0.07733333333333334	0.06533333333333333	0.06266666666666666	0.06266666666666666	0.06533333333333333	0.058666666666666666	0.072	0.06533333333333333	0.06133333333333333	0.072	0.05333333333333334	0.05466666666666667	0.04933333333333333	0.06866666666666667	0.05733333333333333	0.048666666666666664	0.04666666666666667	0.046	0.054	0.04733333333333333	0.04666666666666667	0.050666666666666665	0.035333333333333335	0.035333333333333335	0.034666666666666665	
0.4146666666666667	0.3893333333333333	0.372	0.366	0.332	0.33666666666666667	0.3426666666666667	0.33466666666666667	0.314	0.32666666666666666	0.30466666666666664	0.33	0.2986666666666667	0.328	0.284	0.318	0.2926666666666667	0.2773333333333333	0.274	0.26066666666666666	0.25066666666666665	0.24266666666666667	0.25533333333333336	0.242	0.24333333333333335	0.24333333333333335	0.22333333333333333	0.25	0.23466666666666666	0.218	0.226	0.20133333333333334	0.21333333333333335	0.21733333333333332	0.21333333333333335	0.20133333333333334	0.212	0.196	0.17733333333333334	0.17733333333333334	0.186	0.174	0.17333333333333334	0.18533333333333332	0.15933333333333333	0.15866666666666668	0.14866666666666667	0.12866666666666668	0.154	0.138	0.13733333333333334	0.144	0.15066666666666667	0.128	0.14733333333333334	0.118	0.128	0.12	0.11866666666666667	0.11066666666666666	0.11666666666666667	0.12333333333333334	0.10533333333333333	0.10133333333333333	0.11466666666666667	0.1	0.108	0.098	0.094	0.08866666666666667	0.094	0.09666666666666666	0.08	0.07533333333333334	0.08266666666666667	0.07733333333333334	0.08133333333333333	0.07	0.058666666666666666	0.066	0.05333333333333334	0.06333333333333334	0.06533333333333333	0.054	0.058666666666666666	0.048666666666666664	0.048666666666666664	0.056	0.046	0.04733333333333333	0.03666666666666667	0.04933333333333333	0.044	0.03933333333333333	0.042	0.042666666666666665	0.04	0.04066666666666666	0.034	
0.4106666666666667	0.39066666666666666	0.406	0.37	0.364	0.326	0.346	0.35333333333333333	0.3413333333333333	0.3313333333333333	0.2966666666666667	0.308	0.31066666666666665	0.3253333333333333	0.30933333333333335	0.286	0.306	0.2886666666666667	0.24666666666666667	0.27466666666666667	0.26066666666666666	0.262	0.266	0.25533333333333336	0.22933333333333333	0.23133333333333334	0.25	0.21933333333333332	0.22733333333333333	0.23533333333333334	0.21333333333333335	0.21133333333333335	0.21933333333333332	0.206	0.19533333333333333	0.20333333333333334	0.20066666666666666	0.19	0.18666666666666668	0.21	0.162	0.184	0.16866666666666666	0.16866666666666666	0.17133333333333334	0.15	0.15466666666666667	0.17133333333333334	0.156	0.152	0.14466666666666667	0.12933333333333333	0.15133333333333332	0.14733333333333334	0.12866666666666668	0.14266666666666666	0.13266666666666665	0.126	0.108	0.122	0.10466666666666667	0.108	0.11733333333333333	0.11466666666666667	0.09666666666666666	0.1	0.09866666666666667	0.07733333333333334	0.09133333333333334	0.09466666666666666	0.084	0.09066666666666667	0.08	0.074	0.08733333333333333	0.08733333333333333	0.076	0.072	0.07266666666666667	0.068	0.06266666666666666	0.06533333333333333	0.06066666666666667	0.06	0.06466666666666666	0.05533333333333333	0.044	0.05733333333333333	0.04666666666666667	0.051333333333333335	0.05333333333333334	0.05466666666666667	0.03666666666666667	0.042666666666666665	0.034	0.04666666666666667	0.035333333333333335	0.04	0.03333333333333333	
0.37733333333333335	0.388	0.398	0.3586666666666667	0.3606666666666667	0.354	0.354	0.32866666666666666	0.358	0.314	0.3006666666666667	0.318	0.2786666666666667	0.2946666666666667	0.2966666666666667	0.302	0.292	0.2693333333333333	0.26	0.24666666666666667	0.2673333333333333	0.252	0.24466666666666667	0.25533333333333336	0.2773333333333333	0.23333333333333334	0.21666666666666667	0.21466666666666667	0.226	0.21733333333333332	0.20733333333333334	0.22533333333333333	0.214	0.216	0.18533333333333332	0.19466666666666665	0.184	0.204	0.17666666666666667	0.17333333333333334	0.17	0.16133333333333333	0.15733333333333333	0.17933333333333334	0.154	0.17333333333333334	0.14733333333333334	0.14066666666666666	0.15466666666666667	0.13466666666666666	0.12466666666666666	0.13933333333333334	0.14933333333333335	0.11666666666666667	0.148	0.13666666666666666	0.11866666666666667	0.12466666666666666	0.13	0.12066666666666667	0.11266666666666666	0.116	0.12533333333333332	0.11133333333333334	0.08733333333333333	0.08466666666666667	0.092	0.12333333333333334	0.08866666666666667	0.08333333333333333	0.09	0.08	0.072	0.07533333333333334	0.088	0.06866666666666667	0.08266666666666667	0.072	0.07066666666666667	0.06733333333333333	0.086	0.054	0.05733333333333333	0.062	0.05733333333333333	0.068	0.06533333333333333	0.05	0.05333333333333334	0.05333333333333334	0.04466666666666667	0.04466666666666667	0.036	0.05333333333333334	0.04066666666666666	0.034666666666666665	0.05	0.036	0.034	
0.3993333333333333	0.3546666666666667	0.38533333333333336	0.3446666666666667	0.3546666666666667	0.36133333333333334	0.31666666666666665	0.34933333333333333	0.3253333333333333	0.30333333333333334	0.288	0.316	0.30133333333333334	0.3233333333333333	0.252	0.26066666666666666	0.316	0.2786666666666667	0.2813333333333333	0.274	0.2773333333333333	0.24866666666666667	0.25466666666666665	0.24666666666666667	0.24066666666666667	0.252	0.23933333333333334	0.21666666666666667	0.22266666666666668	0.22866666666666666	0.23466666666666666	0.20666666666666667	0.23533333333333334	0.19733333333333333	0.19733333333333333	0.19133333333333333	0.18866666666666668	0.18133333333333335	0.19466666666666665	0.186	0.17933333333333334	0.18333333333333332	0.17133333333333334	0.158	0.16333333333333333	0.16066666666666668	0.15533333333333332	0.16533333333333333	0.14666666666666667	0.15933333333333333	0.156	0.13933333333333334	0.13	0.12733333333333333	0.126	0.11666666666666667	0.114	0.116	0.11666666666666667	0.13466666666666666	0.13066666666666665	0.10666666666666667	0.09533333333333334	0.1	0.09666666666666666	0.094	0.078	0.102	0.08066666666666666	0.08466666666666667	0.08533333333333333	0.07933333333333334	0.086	0.08466666666666667	0.072	0.08333333333333333	0.07866666666666666	0.07533333333333334	0.07466666666666667	0.07	0.06066666666666667	0.06066666666666667	0.064	0.06866666666666667	0.052	0.051333333333333335	0.052	0.054	0.054	0.054	0.042666666666666665	0.038	0.03133333333333333	0.042	0.043333333333333335	0.04	0.032	0.03866666666666667	0.04066666666666666	
0.38066666666666665	0.398	0.348	0.35333333333333333	0.36	0.35733333333333334	0.338	0.3393333333333333	0.32	0.33666666666666667	0.33866666666666667	0.30866666666666664	0.31	0.31066666666666665	0.302	0.31266666666666665	0.30466666666666664	0.2853333333333333	0.28	0.2773333333333333	0.25066666666666665	0.256	0.25933333333333336	0.25066666666666665	0.23866666666666667	0.23733333333333334	0.19733333333333333	0.24	0.23	0.22266666666666668	0.20266666666666666	0.194	0.21266666666666667	0.204	0.17466666666666666	0.19933333333333333	0.19533333333333333	0.18266666666666667	0.18533333333333332	0.17933333333333334	0.186	0.16133333333333333	0.156	0.15133333333333332	0.18466666666666667	0.18133333333333335	0.17533333333333334	0.158	0.15933333333333333	0.16066666666666668	0.13133333333333333	0.142	0.134	0.13066666666666665	0.14133333333333334	0.12066666666666667	0.13666666666666666	0.11	0.11133333333333334	0.10666666666666667	0.11266666666666666	0.102	0.104	0.1	0.09933333333333333	0.10266666666666667	0.082	0.09466666666666666	0.09466666666666666	0.084	0.08666666666666667	0.086	0.07066666666666667	0.08	0.06266666666666666	0.084	0.07866666666666666	0.06733333333333333	0.06	0.07266666666666667	0.06266666666666666	0.064	0.06066666666666667	0.06933333333333333	0.058666666666666666	0.066	0.05733333333333333	0.051333333333333335	0.05466666666666667	0.05333333333333334	0.050666666666666665	0.046	0.04066666666666666	0.04933333333333333	0.044	0.034666666666666665	0.04	0.042	0.03266666666666666	
