0.01	0.5149494949494949	1.0198989898989899	1.5248484848484847	2.0297979797979795	2.5347474747474745	3.039696969696969	3.544646464646464	4.049595959595959	4.554545454545454	5.059494949494949	5.564444444444444	6.0693939393939385	6.574343434343434	7.0792929292929285	7.584242424242424	8.089191919191919	8.594141414141413	9.099090909090908	9.604040404040404	10.108989898989899	10.613939393939393	11.118888888888888	11.623838383838383	12.128787878787877	12.633737373737373	13.138686868686868	13.643636363636363	14.148585858585857	14.653535353535352	15.158484848484848	15.663434343434343	16.16838383838384	16.673333333333336	17.17828282828283	17.683232323232325	18.188181818181818	18.693131313131314	19.19808080808081	19.703030303030303	20.2079797979798	20.712929292929292	21.21787878787879	21.722828282828285	22.227777777777778	22.732727272727274	23.237676767676767	23.742626262626263	24.247575757575756	24.752525252525253	25.25747474747475	25.762424242424242	26.267373737373738	26.77232323232323	27.277272727272727	27.782222222222224	28.287171717171717	28.792121212121213	29.297070707070706	29.802020202020202	30.3069696969697	30.81191919191919	31.316868686868688	31.82181818181818	32.32676767676767	32.831717171717166	33.336666666666666	33.84161616161616	34.34656565656565	34.851515151515144	35.356464646464644	35.86141414141414	36.36636363636363	36.87131313131313	37.37626262626262	37.881212121212116	38.386161616161615	38.89111111111111	39.3960606060606	39.901010101010094	40.405959595959594	40.91090909090909	41.41585858585858	41.92080808080808	42.42575757575757	42.930707070707065	43.435656565656565	43.94060606060606	44.44555555555555	44.95050505050504	45.45545454545454	45.960404040404036	46.46535353535353	46.97030303030303	47.47525252525252	47.980202020202015	48.48515151515151	48.99010101010101	49.4950505050505	50.0	
0.07133333333333333	0.066	0.06066666666666667	0.07	0.06266666666666666	0.05466666666666667	0.046	0.04533333333333334	0.04666666666666667	0.04066666666666666	0.05	0.042	0.046	0.03866666666666667	0.042666666666666665	0.042	0.038	0.03266666666666666	0.03333333333333333	0.042666666666666665	0.03666666666666667	0.03133333333333333	0.032	0.024666666666666667	0.028666666666666667	0.026	0.02666666666666667	0.02266666666666667	0.014	0.021333333333333333	0.020666666666666667	0.020666666666666667	0.017333333333333333	0.02266666666666667	0.019333333333333334	0.016666666666666666	0.023333333333333334	0.014	0.014666666666666666	0.015333333333333332	0.013333333333333334	0.015333333333333332	0.009333333333333334	0.01	0.014	0.01	0.012666666666666666	0.006666666666666667	0.008666666666666666	0.004	0.008	0.004	0.0033333333333333335	0.005333333333333333	0.004	0.006	0.0013333333333333333	0.004666666666666667	0.0033333333333333335	0.0006666666666666666	0.0013333333333333333	0.007333333333333333	0.0013333333333333333	0.0006666666666666666	0.002	0.0006666666666666666	0.0013333333333333333	0.0013333333333333333	0.0006666666666666666	0.0013333333333333333	0.0013333333333333333	0.0006666666666666666	0.0013333333333333333	0.0006666666666666666	0.0	0.0	0.0013333333333333333	0.0	0.0006666666666666666	0.0006666666666666666	0.0	0.0006666666666666666	0.0	0.0	0.0	0.0	0.0006666666666666666	0.0006666666666666666	0.0	0.0	0.0	0.0	0.0	0.0	0.0	0.0	0.0	0.0	0.0	
0.09066666666666667	0.078	0.078	0.06866666666666667	0.07133333333333333	0.07333333333333333	0.06733333333333333	0.074	0.06533333333333333	0.066	0.06	0.06066666666666667	0.06933333333333333	0.06533333333333333	0.050666666666666665	0.054	0.056	0.03866666666666667	0.05	0.05466666666666667	0.04733333333333333	0.04933333333333333	0.052	0.04133333333333333	0.042	0.04	0.04466666666666667	0.034	0.042	0.026	0.034666666666666665	0.028666666666666667	0.024	0.028	0.02266666666666667	0.024666666666666667	0.028666666666666667	0.026	0.017333333333333333	0.024666666666666667	0.015333333333333332	0.017333333333333333	0.010666666666666666	0.013333333333333334	0.020666666666666667	0.014	0.012666666666666666	0.007333333333333333	0.012666666666666666	0.005333333333333333	0.007333333333333333	0.008	0.006	0.006	0.005333333333333333	0.008	0.004666666666666667	0.006666666666666667	0.0026666666666666666	0.005333333333333333	0.002	0.0033333333333333335	0.0026666666666666666	0.0013333333333333333	0.0013333333333333333	0.0	0.0033333333333333335	0.0006666666666666666	0.0	0.002	0.0013333333333333333	0.002	0.0	0.0	0.0	0.0006666666666666666	0.0	0.0006666666666666666	0.0	0.0	0.0	0.0013333333333333333	0.0006666666666666666	0.0	0.0	0.0	0.0	0.0	0.0	0.0	0.0	0.0	0.0	0.0	0.0	0.0	0.0	0.0	0.0	
0.11066666666666666	0.11133333333333334	0.10666666666666667	0.09933333333333333	0.096	0.09133333333333334	0.09133333333333334	0.084	0.09866666666666667	0.08266666666666667	0.09933333333333333	0.076	0.08466666666666667	0.068	0.068	0.068	0.07466666666666667	0.07133333333333333	0.06933333333333333	0.06066666666666667	0.059333333333333335	0.052	0.04733333333333333	0.04933333333333333	0.04933333333333333	0.04933333333333333	0.062	0.043333333333333335	0.04666666666666667	0.036	0.050666666666666665	0.037333333333333336	0.035333333333333335	0.030666666666666665	0.035333333333333335	0.038	0.03	0.02266666666666667	0.028	0.023333333333333334	0.03133333333333333	0.018666666666666668	0.017333333333333333	0.022	0.021333333333333333	0.016666666666666666	0.016666666666666666	0.020666666666666667	0.012666666666666666	0.01	0.006	0.012666666666666666	0.009333333333333334	0.008666666666666666	0.009333333333333334	0.010666666666666666	0.005333333333333333	0.004	0.002	0.0026666666666666666	0.004	0.004	0.002	0.002	0.002	0.0	0.0013333333333333333	0.0013333333333333333	0.0006666666666666666	0.0026666666666666666	0.0	0.0006666666666666666	0.0033333333333333335	0.0006666666666666666	0.0013333333333333333	0.0	0.0006666666666666666	0.0013333333333333333	0.0	0.0	0.002	0.0013333333333333333	0.0006666666666666666	0.0006666666666666666	0.0	0.0006666666666666666	0.0	0.0	0.0	0.0	0.0	0.0	0.0	0.0	0.0	0.0	0.0	0.0	0.0	
0.12466666666666666	0.12133333333333333	0.122	0.132	0.10266666666666667	0.106	0.09466666666666666	0.11	0.10933333333333334	0.10266666666666667	0.10533333333333333	0.08733333333333333	0.096	0.08733333333333333	0.08133333333333333	0.08	0.09266666666666666	0.07666666666666666	0.08466666666666667	0.084	0.078	0.06333333333333334	0.064	0.06266666666666666	0.06733333333333333	0.05333333333333334	0.058	0.06133333333333333	0.06133333333333333	0.037333333333333336	0.043333333333333335	0.043333333333333335	0.04	0.043333333333333335	0.03866666666666667	0.04466666666666667	0.034	0.034	0.028666666666666667	0.037333333333333336	0.025333333333333333	0.024666666666666667	0.027333333333333334	0.03	0.026	0.023333333333333334	0.02	0.020666666666666667	0.016	0.011333333333333334	0.016	0.008666666666666666	0.011333333333333334	0.010666666666666666	0.008	0.008666666666666666	0.006666666666666667	0.004	0.005333333333333333	0.005333333333333333	0.005333333333333333	0.005333333333333333	0.004	0.0033333333333333335	0.002	0.0013333333333333333	0.0013333333333333333	0.002	0.0006666666666666666	0.0006666666666666666	0.0006666666666666666	0.002	0.0006666666666666666	0.002	0.0033333333333333335	0.0006666666666666666	0.0006666666666666666	0.0006666666666666666	0.0	0.0006666666666666666	0.0	0.0006666666666666666	0.0	0.0013333333333333333	0.0	0.0006666666666666666	0.0	0.0006666666666666666	0.0	0.0	0.0	0.0	0.0	0.0	0.0	0.0	0.0	0.0	0.0	
0.294	0.33066666666666666	0.2986666666666667	0.31533333333333335	0.26666666666666666	0.2773333333333333	0.278	0.2833333333333333	0.238	0.27	0.23933333333333334	0.20866666666666667	0.23533333333333334	0.21133333333333335	0.22933333333333333	0.204	0.18533333333333332	0.19533333333333333	0.186	0.17	0.19	0.16666666666666666	0.17	0.156	0.14466666666666667	0.14933333333333335	0.15466666666666667	0.14666666666666667	0.14266666666666666	0.13066666666666665	0.13066666666666665	0.13	0.10533333333333333	0.10733333333333334	0.108	0.112	0.096	0.096	0.07666666666666666	0.07466666666666667	0.06466666666666666	0.059333333333333335	0.05733333333333333	0.06266666666666666	0.04933333333333333	0.07066666666666667	0.04666666666666667	0.04466666666666667	0.044	0.04933333333333333	0.038	0.042666666666666665	0.029333333333333333	0.028666666666666667	0.028666666666666667	0.022	0.025333333333333333	0.024666666666666667	0.019333333333333334	0.017333333333333333	0.02266666666666667	0.011333333333333334	0.014666666666666666	0.015333333333333332	0.015333333333333332	0.008	0.008	0.008666666666666666	0.004	0.006666666666666667	0.004	0.010666666666666666	0.006666666666666667	0.009333333333333334	0.005333333333333333	0.0013333333333333333	0.0026666666666666666	0.005333333333333333	0.004666666666666667	0.0033333333333333335	0.0013333333333333333	0.0026666666666666666	0.0013333333333333333	0.0013333333333333333	0.0006666666666666666	0.002	0.0033333333333333335	0.0006666666666666666	0.0006666666666666666	0.002	0.0006666666666666666	0.0	0.0006666666666666666	0.0006666666666666666	0.0006666666666666666	0.0013333333333333333	0.0	0.0013333333333333333	0.0	
1.1166666666666667	1.118	1.0566666666666666	1.0053333333333334	1.0273333333333334	0.9846666666666667	0.9933333333333333	0.9306666666666666	0.9213333333333333	0.844	0.8413333333333334	0.8486666666666667	0.7946666666666666	0.738	0.774	0.7273333333333334	0.73	0.692	0.6773333333333333	0.6126666666666667	0.6606666666666666	0.5933333333333334	0.5806666666666667	0.582	0.552	0.48333333333333334	0.4886666666666667	0.5066666666666667	0.474	0.4073333333333333	0.404	0.428	0.38133333333333336	0.426	0.35333333333333333	0.32	0.3233333333333333	0.3293333333333333	0.316	0.28733333333333333	0.246	0.2713333333333333	0.24133333333333334	0.24733333333333332	0.19866666666666666	0.204	0.198	0.18	0.17666666666666667	0.176	0.156	0.136	0.136	0.11933333333333333	0.11666666666666667	0.08466666666666667	0.09466666666666666	0.08933333333333333	0.08533333333333333	0.07333333333333333	0.06666666666666667	0.058666666666666666	0.054	0.05466666666666667	0.043333333333333335	0.042666666666666665	0.04066666666666666	0.034	0.035333333333333335	0.032	0.03333333333333333	0.022	0.02666666666666667	0.019333333333333334	0.022	0.020666666666666667	0.016666666666666666	0.008666666666666666	0.013333333333333334	0.016	0.013333333333333334	0.010666666666666666	0.007333333333333333	0.005333333333333333	0.007333333333333333	0.011333333333333334	0.004666666666666667	0.006	0.006666666666666667	0.005333333333333333	0.004666666666666667	0.004	0.002	0.0026666666666666666	0.0013333333333333333	0.005333333333333333	0.0033333333333333335	0.0013333333333333333	0.0013333333333333333	
2.010666666666667	1.924	1.9066666666666667	1.8446666666666667	1.7153333333333334	1.77	1.6466666666666667	1.6153333333333333	1.6	1.5093333333333334	1.458	1.39	1.4426666666666668	1.3486666666666667	1.3533333333333333	1.274	1.3073333333333332	1.176	1.174	1.1406666666666667	1.1346666666666667	1.0413333333333334	1.0573333333333332	0.9693333333333334	0.9453333333333334	0.8826666666666667	0.9086666666666666	0.8446666666666667	0.84	0.8393333333333334	0.7753333333333333	0.7446666666666667	0.694	0.686	0.646	0.6266666666666667	0.59	0.5786666666666667	0.49266666666666664	0.5226666666666666	0.47733333333333333	0.456	0.4266666666666667	0.4086666666666667	0.36933333333333335	0.39066666666666666	0.32866666666666666	0.33266666666666667	0.30866666666666664	0.30933333333333335	0.26466666666666666	0.244	0.24333333333333335	0.19933333333333333	0.208	0.15666666666666668	0.164	0.15066666666666667	0.134	0.128	0.122	0.12133333333333333	0.102	0.09666666666666666	0.07533333333333334	0.078	0.07533333333333334	0.07333333333333333	0.058	0.04666666666666667	0.05266666666666667	0.056666666666666664	0.043333333333333335	0.038	0.04	0.024	0.030666666666666665	0.029333333333333333	0.03	0.021333333333333333	0.022	0.02	0.019333333333333334	0.014666666666666666	0.018	0.018666666666666668	0.017333333333333333	0.006	0.016666666666666666	0.006666666666666667	0.008	0.004666666666666667	0.011333333333333334	0.005333333333333333	0.0033333333333333335	0.005333333333333333	0.004666666666666667	0.0026666666666666666	0.0033333333333333335	
2.818	2.9606666666666666	2.7293333333333334	2.7006666666666668	2.602	2.588	2.3613333333333335	2.36	2.2906666666666666	2.2293333333333334	2.162	2.070666666666667	2.0646666666666667	2.0286666666666666	1.9746666666666666	1.8233333333333333	1.7573333333333334	1.748	1.7206666666666666	1.686	1.6273333333333333	1.5013333333333334	1.5033333333333334	1.4446666666666668	1.364	1.352	1.2986666666666666	1.2286666666666666	1.1846666666666668	1.1893333333333334	1.1553333333333333	1.0473333333333332	1.0553333333333332	1.0033333333333334	0.944	0.9126666666666666	0.8313333333333334	0.8026666666666666	0.798	0.796	0.6866666666666666	0.6813333333333333	0.6206666666666667	0.5833333333333334	0.596	0.5366666666666666	0.49533333333333335	0.4713333333333333	0.44333333333333336	0.4013333333333333	0.38133333333333336	0.346	0.30733333333333335	0.31466666666666665	0.272	0.25533333333333336	0.25133333333333335	0.21333333333333335	0.20533333333333334	0.18866666666666668	0.17	0.166	0.146	0.15133333333333332	0.11466666666666667	0.11	0.09066666666666667	0.096	0.09466666666666666	0.09	0.08333333333333333	0.06933333333333333	0.06866666666666667	0.06333333333333334	0.06133333333333333	0.056666666666666664	0.04466666666666667	0.038	0.048	0.034666666666666665	0.036	0.036	0.034	0.019333333333333334	0.019333333333333334	0.021333333333333333	0.023333333333333334	0.016666666666666666	0.012	0.014666666666666666	0.018666666666666668	0.015333333333333332	0.009333333333333334	0.011333333333333334	0.008	0.006666666666666667	0.005333333333333333	0.004	0.005333333333333333	
3.6133333333333333	3.6446666666666667	3.5846666666666667	3.414	3.2306666666666666	3.208666666666667	3.072	2.9433333333333334	2.924	2.9033333333333333	2.7733333333333334	2.723333333333333	2.61	2.516	2.536	2.314	2.2826666666666666	2.220666666666667	2.287333333333333	2.078666666666667	2.0686666666666667	1.986	1.9186666666666667	1.9173333333333333	1.7826666666666666	1.6906666666666668	1.6866666666666668	1.6026666666666667	1.6086666666666667	1.4906666666666666	1.41	1.4046666666666667	1.2746666666666666	1.2366666666666666	1.1733333333333333	1.1713333333333333	1.0886666666666667	1.07	0.948	0.998	0.882	0.8873333333333333	0.836	0.8126666666666666	0.708	0.698	0.606	0.6273333333333333	0.5673333333333334	0.57	0.49933333333333335	0.4573333333333333	0.414	0.406	0.3506666666666667	0.3466666666666667	0.3	0.27066666666666667	0.252	0.2633333333333333	0.23066666666666666	0.214	0.19266666666666668	0.17733333333333334	0.172	0.172	0.156	0.12133333333333333	0.12666666666666668	0.114	0.11466666666666667	0.09266666666666666	0.092	0.072	0.08	0.06933333333333333	0.050666666666666665	0.06866666666666667	0.048	0.051333333333333335	0.048666666666666664	0.03866666666666667	0.03933333333333333	0.04	0.02266666666666667	0.034	0.025333333333333333	0.018	0.024	0.013333333333333334	0.013333333333333334	0.008	0.010666666666666666	0.012666666666666666	0.006666666666666667	0.007333333333333333	0.007333333333333333	0.004	0.004	
4.617333333333334	4.564	4.336	4.312666666666667	4.157333333333334	4.015333333333333	3.8186666666666667	3.7053333333333334	3.6306666666666665	3.6193333333333335	3.4393333333333334	3.304	3.280666666666667	3.0966666666666667	3.070666666666667	2.8973333333333335	2.8886666666666665	2.828	2.732	2.656	2.6353333333333335	2.457333333333333	2.406	2.352	2.272	2.0653333333333332	2.0726666666666667	1.9853333333333334	1.9973333333333334	1.8893333333333333	1.7633333333333334	1.7386666666666666	1.6713333333333333	1.61	1.5493333333333332	1.5006666666666666	1.418	1.3166666666666667	1.2233333333333334	1.258	1.1233333333333333	1.124	1.0166666666666666	1.022	0.9433333333333334	0.8853333333333333	0.8193333333333334	0.78	0.714	0.6766666666666666	0.6086666666666667	0.5533333333333333	0.5346666666666666	0.46266666666666667	0.44	0.4106666666666667	0.398	0.354	0.366	0.30333333333333334	0.30466666666666664	0.2693333333333333	0.262	0.20333333333333334	0.216	0.20733333333333334	0.19133333333333333	0.15466666666666667	0.14466666666666667	0.15133333333333332	0.13266666666666665	0.114	0.11133333333333334	0.09466666666666666	0.102	0.082	0.09133333333333334	0.07133333333333333	0.07266666666666667	0.06466666666666666	0.054	0.05733333333333333	0.044	0.03866666666666667	0.02266666666666667	0.034	0.032	0.023333333333333334	0.02	0.023333333333333334	0.013333333333333334	0.013333333333333334	0.016	0.02	0.011333333333333334	0.008666666666666666	0.015333333333333332	0.005333333333333333	0.004666666666666667	
5.756666666666667	5.530666666666667	5.289333333333333	5.318	5.030666666666667	4.976	4.7973333333333334	4.559333333333333	4.607333333333333	4.432	4.268666666666666	4.144666666666667	4.040666666666667	3.886	3.908	3.68	3.6013333333333333	3.4593333333333334	3.4153333333333333	3.212	3.1293333333333333	3.0593333333333335	3.008	3.01	2.7866666666666666	2.662	2.5393333333333334	2.421333333333333	2.392	2.264	2.17	2.136	2.014666666666667	1.9486666666666668	1.8593333333333333	1.784	1.6946666666666668	1.6073333333333333	1.5533333333333332	1.5566666666666666	1.4313333333333333	1.306	1.2533333333333334	1.2566666666666666	1.128	1.1186666666666667	1.0353333333333334	0.962	0.8866666666666667	0.848	0.716	0.7246666666666667	0.628	0.67	0.574	0.5026666666666667	0.4826666666666667	0.44533333333333336	0.372	0.39866666666666667	0.3506666666666667	0.3426666666666667	0.2846666666666667	0.27466666666666667	0.2633333333333333	0.24533333333333332	0.21866666666666668	0.20533333333333334	0.212	0.196	0.17133333333333334	0.15466666666666667	0.10733333333333334	0.12466666666666666	0.10666666666666667	0.10666666666666667	0.09266666666666666	0.09533333333333334	0.07333333333333333	0.08066666666666666	0.064	0.05466666666666667	0.06066666666666667	0.04933333333333333	0.046	0.04466666666666667	0.038	0.03933333333333333	0.044	0.026	0.02266666666666667	0.024	0.018666666666666668	0.016666666666666666	0.014	0.011333333333333334	0.014	0.012666666666666666	0.01	
19.002	18.541333333333334	17.801333333333332	17.313333333333333	16.8	16.391333333333332	15.921333333333333	15.456	15.008666666666667	14.484	14.108666666666666	13.940666666666667	13.427333333333333	12.966666666666667	12.691333333333333	12.140666666666666	12.086666666666666	11.356666666666667	11.055333333333333	10.548666666666668	10.507333333333333	9.856	9.67	9.224666666666666	9.172	8.582	8.284666666666666	8.153333333333334	7.812666666666667	7.403333333333333	7.248666666666667	6.995333333333333	6.672666666666666	6.336	5.978	5.847333333333333	5.586666666666667	5.326	4.941333333333334	4.852	4.562666666666667	4.3613333333333335	4.156666666666666	3.949333333333333	3.6133333333333333	3.514	3.1046666666666667	3.02	2.752	2.61	2.3866666666666667	2.246	1.9926666666666666	1.9246666666666667	1.658	1.5373333333333334	1.454	1.302	1.1813333333333333	1.162	1.0406666666666666	0.948	0.8993333333333333	0.8113333333333334	0.774	0.6606666666666666	0.6626666666666666	0.5893333333333334	0.5053333333333333	0.48533333333333334	0.456	0.42133333333333334	0.366	0.3413333333333333	0.31666666666666665	0.32	0.24533333333333332	0.24533333333333332	0.218	0.17466666666666666	0.17466666666666666	0.15866666666666668	0.15066666666666667	0.12333333333333334	0.124	0.112	0.10733333333333334	0.10266666666666667	0.07666666666666666	0.06266666666666666	0.066	0.05533333333333333	0.03933333333333333	0.04	0.03866666666666667	0.04	0.034	0.026	0.02	
11.238	11.144	10.634	10.428	10.086666666666666	9.851333333333333	9.552	9.236	8.978666666666667	8.659333333333333	8.524666666666667	8.182666666666666	8.108666666666666	7.74	7.534	7.205333333333333	7.238666666666667	6.741333333333333	6.752666666666666	6.394	6.242666666666667	5.992666666666667	5.8966666666666665	5.628	5.471333333333333	5.164	5.094	4.896	4.774	4.526666666666666	4.3	4.236	3.9486666666666665	3.828666666666667	3.696	3.5853333333333333	3.3213333333333335	3.1906666666666665	3.0653333333333332	2.9646666666666666	2.7386666666666666	2.6586666666666665	2.4186666666666667	2.3713333333333333	2.172	2.1093333333333333	1.9226666666666667	1.9293333333333333	1.6686666666666667	1.5726666666666667	1.4166666666666667	1.2926666666666666	1.264	1.148	1.0293333333333334	0.9653333333333334	0.898	0.7826666666666666	0.7786666666666666	0.7046666666666667	0.664	0.5686666666666667	0.5453333333333333	0.504	0.4846666666666667	0.44466666666666665	0.4206666666666667	0.35733333333333334	0.36466666666666664	0.33466666666666667	0.28733333333333333	0.26466666666666666	0.238	0.21266666666666667	0.202	0.18	0.156	0.16266666666666665	0.15266666666666667	0.11466666666666667	0.114	0.1	0.098	0.09266666666666666	0.08	0.06933333333333333	0.06266666666666666	0.05333333333333334	0.062	0.038	0.029333333333333333	0.035333333333333335	0.03866666666666667	0.03266666666666666	0.021333333333333333	0.018666666666666668	0.01	0.015333333333333332	0.020666666666666667	
9.442666666666666	9.260666666666667	8.806666666666667	8.785333333333334	8.346	8.229333333333333	8.225333333333333	7.692	7.432	7.4126666666666665	7.107333333333333	6.871333333333333	6.606	6.4206666666666665	6.332	6.1113333333333335	6.037333333333334	5.724	5.662	5.347333333333333	5.235333333333333	5.113333333333333	4.9446666666666665	4.790666666666667	4.631333333333333	4.479333333333333	4.306666666666667	4.075333333333333	3.949333333333333	3.75	3.686	3.478	3.2973333333333334	3.244666666666667	3.0673333333333335	3.0273333333333334	2.7666666666666666	2.6946666666666665	2.502	2.4553333333333334	2.3146666666666667	2.287333333333333	2.0866666666666664	2.06	1.8486666666666667	1.776	1.648	1.5666666666666667	1.4553333333333334	1.3466666666666667	1.2466666666666666	1.19	1.092	1.0646666666666667	0.9053333333333333	0.8146666666666667	0.808	0.758	0.678	0.6186666666666667	0.612	0.5693333333333334	0.49333333333333335	0.468	0.4706666666666667	0.37733333333333335	0.37533333333333335	0.3406666666666667	0.3353333333333333	0.2853333333333333	0.26266666666666666	0.25466666666666665	0.218	0.196	0.186	0.17666666666666667	0.15466666666666667	0.15133333333333332	0.14933333333333335	0.12466666666666666	0.10866666666666666	0.09066666666666667	0.08866666666666667	0.09266666666666666	0.07666666666666666	0.066	0.06933333333333333	0.06	0.038	0.044	0.032	0.03666666666666667	0.035333333333333335	0.027333333333333334	0.022	0.019333333333333334	0.022	0.015333333333333332	0.012666666666666666	
10.265333333333333	10.144	9.802	9.604	9.109333333333334	8.988	8.676666666666666	8.347333333333333	8.131333333333334	7.832	7.801333333333333	7.446	7.472666666666667	7.024	6.814	6.656666666666666	6.533333333333333	6.214	6.223333333333334	5.834	5.74	5.503333333333333	5.382	5.046666666666667	4.97	4.864	4.72	4.484	4.344666666666667	4.189333333333333	3.958	3.8606666666666665	3.7226666666666666	3.5833333333333335	3.43	3.2786666666666666	3.144	2.989333333333333	2.736666666666667	2.8533333333333335	2.516	2.538	2.2346666666666666	2.198	2.05	1.9466666666666668	1.8406666666666667	1.8286666666666667	1.566	1.4846666666666666	1.3606666666666667	1.2906666666666666	1.2013333333333334	1.17	1.06	0.9453333333333334	0.862	0.8306666666666667	0.744	0.7386666666666667	0.62	0.5726666666666667	0.5753333333333334	0.49333333333333335	0.466	0.4166666666666667	0.42933333333333334	0.39266666666666666	0.364	0.31	0.292	0.268	0.24933333333333332	0.214	0.20733333333333334	0.198	0.17466666666666666	0.168	0.16666666666666666	0.13533333333333333	0.12266666666666666	0.112	0.10933333333333334	0.08533333333333333	0.07466666666666667	0.07266666666666667	0.07266666666666667	0.058666666666666666	0.05733333333333333	0.04933333333333333	0.05	0.03933333333333333	0.03333333333333333	0.035333333333333335	0.018	0.036	0.022	0.017333333333333333	0.02666666666666667	
10.665333333333333	10.518	9.957333333333333	9.864	9.604666666666667	9.285333333333334	9.236666666666666	8.818666666666667	8.492666666666667	8.366	8.080666666666668	7.768666666666666	7.676	7.373333333333333	7.261333333333333	6.858	6.728666666666666	6.559333333333333	6.386	6.06	6.018666666666666	5.640666666666666	5.703333333333333	5.34	5.267333333333333	4.895333333333333	4.806	4.6193333333333335	4.438666666666666	4.354666666666667	4.108666666666666	3.9646666666666666	3.82	3.6886666666666668	3.5686666666666667	3.514	3.3193333333333332	3.1326666666666667	2.9326666666666665	2.9006666666666665	2.7293333333333334	2.6386666666666665	2.4513333333333334	2.3393333333333333	2.1093333333333333	2.0533333333333332	1.95	1.83	1.7346666666666666	1.5906666666666667	1.4326666666666668	1.392	1.2586666666666666	1.252	1.104	1.0193333333333334	0.8966666666666666	0.872	0.7893333333333333	0.7486666666666667	0.6946666666666667	0.6686666666666666	0.634	0.556	0.5333333333333333	0.4653333333333333	0.42866666666666664	0.38266666666666665	0.36133333333333334	0.33466666666666667	0.2926666666666667	0.2613333333333333	0.266	0.244	0.23266666666666666	0.20533333333333334	0.16933333333333334	0.18533333333333332	0.16733333333333333	0.14133333333333334	0.14666666666666667	0.114	0.09733333333333333	0.11666666666666667	0.09466666666666666	0.07133333333333333	0.076	0.06266666666666666	0.064	0.048666666666666664	0.038	0.042	0.03333333333333333	0.027333333333333334	0.025333333333333333	0.026	0.023333333333333334	0.018666666666666668	0.018	
11.382	11.196	10.621333333333334	10.390666666666666	10.209333333333333	9.848	9.458	9.226	9.048	8.882	8.536666666666667	8.240666666666666	8.190666666666667	7.923333333333333	7.7	7.304666666666667	7.317333333333333	6.968666666666667	6.732666666666667	6.544666666666667	6.394666666666667	5.948666666666667	5.948666666666667	5.644	5.569333333333334	5.192666666666667	5.0793333333333335	4.930666666666666	4.892666666666667	4.561333333333334	4.396	4.266666666666667	4.126666666666667	3.8673333333333333	3.738	3.6133333333333333	3.368	3.292666666666667	3.0533333333333332	3.0206666666666666	2.8513333333333333	2.699333333333333	2.518666666666667	2.5646666666666667	2.366	2.220666666666667	2.001333333333333	1.938	1.7753333333333334	1.6313333333333333	1.5146666666666666	1.504	1.3326666666666667	1.2393333333333334	1.1433333333333333	1.0826666666666667	0.9666666666666667	0.9086666666666666	0.842	0.7753333333333333	0.7366666666666667	0.6693333333333333	0.6493333333333333	0.542	0.5286666666666666	0.462	0.48533333333333334	0.39	0.39466666666666667	0.3526666666666667	0.32133333333333336	0.33	0.2813333333333333	0.28933333333333333	0.248	0.19933333333333333	0.17666666666666667	0.172	0.156	0.15266666666666667	0.13333333333333333	0.13266666666666665	0.11733333333333333	0.10466666666666667	0.08466666666666667	0.09733333333333333	0.07666666666666666	0.058666666666666666	0.06666666666666667	0.052	0.05	0.050666666666666665	0.03666666666666667	0.037333333333333336	0.02666666666666667	0.028	0.018666666666666668	0.02266666666666667	0.012	
12.100666666666667	11.753333333333334	11.364	11.142	10.679333333333334	10.486666666666666	10.044	9.864	9.789333333333333	9.306666666666667	9.156666666666666	8.752666666666666	8.666	8.355333333333334	8.306666666666667	7.752	7.62	7.243333333333333	7.243333333333333	6.846	6.766	6.492	6.344	6.024666666666667	5.941333333333334	5.67	5.553333333333334	5.318	5.053333333333334	4.932666666666667	4.655333333333333	4.607333333333333	4.317333333333333	4.246666666666667	4.056666666666667	3.788666666666667	3.5773333333333333	3.486	3.2933333333333334	3.252666666666667	3.0313333333333334	2.9406666666666665	2.743333333333333	2.664	2.466	2.4193333333333333	2.174	2.1186666666666665	1.8806666666666667	1.8506666666666667	1.6446666666666667	1.5826666666666667	1.3846666666666667	1.34	1.2293333333333334	1.146	1.1233333333333333	0.966	0.9153333333333333	0.806	0.7973333333333333	0.71	0.6326666666666667	0.654	0.5766666666666667	0.5886666666666667	0.5106666666666667	0.44266666666666665	0.412	0.39866666666666667	0.36733333333333335	0.3253333333333333	0.326	0.2886666666666667	0.274	0.22533333333333333	0.244	0.198	0.192	0.18133333333333335	0.146	0.13666666666666666	0.128	0.09333333333333334	0.11066666666666666	0.098	0.07066666666666667	0.07466666666666667	0.07	0.06266666666666666	0.04733333333333333	0.04066666666666666	0.042	0.032	0.03933333333333333	0.02666666666666667	0.022	0.023333333333333334	0.016	
12.87	12.488666666666667	11.938666666666666	11.845333333333333	11.311333333333334	11.104	10.825333333333333	10.59	10.242666666666667	9.883333333333333	9.693333333333333	9.316666666666666	9.177333333333333	8.773333333333333	8.724666666666666	8.192666666666666	8.180666666666667	7.862666666666667	7.666	7.265333333333333	7.330666666666667	6.808	6.682	6.486666666666666	6.282666666666667	5.976	5.806666666666667	5.688	5.4366666666666665	5.194	4.988	4.879333333333333	4.673333333333333	4.543333333333333	4.268	4.166	3.922	3.6926666666666668	3.4873333333333334	3.4873333333333334	3.1293333333333333	3.142	2.9006666666666665	2.776	2.5606666666666666	2.5553333333333335	2.3313333333333333	2.223333333333333	2.0453333333333332	1.9373333333333334	1.744	1.6793333333333333	1.5146666666666666	1.414	1.306	1.2266666666666666	1.1266666666666667	1.048	1.0053333333333334	0.8913333333333333	0.8406666666666667	0.762	0.7346666666666667	0.6453333333333333	0.624	0.5846666666666667	0.544	0.4826666666666667	0.46	0.42	0.38133333333333336	0.37333333333333335	0.354	0.27666666666666667	0.282	0.23933333333333334	0.226	0.236	0.18666666666666668	0.17266666666666666	0.17266666666666666	0.15533333333333332	0.128	0.124	0.10933333333333334	0.09533333333333334	0.08	0.07466666666666667	0.064	0.06466666666666666	0.06	0.05266666666666667	0.046	0.046	0.038	0.035333333333333335	0.03	0.020666666666666667	0.022	
13.632666666666667	13.401333333333334	12.573333333333334	12.586	11.988	11.845333333333333	11.562666666666667	11.152	10.721333333333334	10.446666666666667	10.177333333333333	10.03	9.708666666666666	9.223333333333333	9.247333333333334	8.642	8.563333333333333	8.25	8.147333333333334	7.714	7.666666666666667	7.242666666666667	7.070666666666667	6.8853333333333335	6.668	6.262	6.081333333333333	5.956	5.682666666666667	5.566666666666666	5.314	5.0553333333333335	4.956	4.79	4.351333333333334	4.422	4.076	3.9913333333333334	3.768	3.6726666666666667	3.31	3.364	3.038666666666667	2.9466666666666668	2.763333333333333	2.5986666666666665	2.3966666666666665	2.3526666666666665	2.167333333333333	2.018	1.8366666666666667	1.7866666666666666	1.6346666666666667	1.474	1.372	1.316	1.2113333333333334	1.124	1.0193333333333334	0.9593333333333334	0.8433333333333334	0.8253333333333334	0.7793333333333333	0.6873333333333334	0.6506666666666666	0.6006666666666667	0.5786666666666667	0.4786666666666667	0.4573333333333333	0.4093333333333333	0.3913333333333333	0.37533333333333335	0.35	0.33066666666666666	0.2906666666666667	0.26066666666666666	0.23533333333333334	0.21733333333333332	0.188	0.18	0.15533333333333332	0.15533333333333332	0.14	0.134	0.10533333333333333	0.11466666666666667	0.09266666666666666	0.088	0.07	0.06866666666666667	0.07466666666666667	0.059333333333333335	0.04466666666666667	0.03933333333333333	0.036	0.037333333333333336	0.026	0.03	0.018666666666666668	
13.989333333333333	13.688	13.06	12.995333333333333	12.52	12.131333333333334	11.789333333333333	11.58	11.006666666666666	10.756	10.532	10.211333333333334	10.014666666666667	9.534	9.406	9.151333333333334	8.831333333333333	8.526	8.264	8.024666666666667	7.6786666666666665	7.524	7.339333333333333	6.8933333333333335	6.914666666666666	6.512	6.384666666666667	5.962	6.018666666666666	5.76	5.399333333333334	5.252	5.056	4.808666666666666	4.61	4.418	4.16	4.21	3.820666666666667	3.699333333333333	3.3953333333333333	3.445333333333333	3.1266666666666665	3.033333333333333	2.858	2.6546666666666665	2.6166666666666667	2.4593333333333334	2.228	2.1613333333333333	1.9826666666666666	1.798	1.6726666666666667	1.5786666666666667	1.426	1.3533333333333333	1.2406666666666666	1.16	1.048	0.9633333333333334	0.9233333333333333	0.848	0.8246666666666667	0.6966666666666667	0.6753333333333333	0.608	0.5813333333333334	0.5293333333333333	0.51	0.44	0.4126666666666667	0.374	0.36466666666666664	0.3486666666666667	0.316	0.2886666666666667	0.25733333333333336	0.244	0.21466666666666667	0.18466666666666667	0.17333333333333334	0.17466666666666666	0.15333333333333332	0.13333333333333333	0.112	0.12266666666666666	0.10666666666666667	0.09466666666666666	0.09533333333333334	0.07733333333333334	0.074	0.050666666666666665	0.048666666666666664	0.043333333333333335	0.034666666666666665	0.035333333333333335	0.032	0.027333333333333334	0.020666666666666667	
14.088666666666667	14.02	13.282	12.978666666666667	12.582666666666666	12.256	12.012	11.904666666666667	11.522666666666666	11.078	10.853333333333333	10.354666666666667	10.285333333333334	9.889333333333333	9.737333333333334	9.15	9.019333333333334	8.597333333333333	8.516	8.094666666666667	8.066666666666666	7.639333333333333	7.550666666666666	7.068666666666667	7.096666666666667	6.504	6.534666666666666	6.260666666666666	5.976666666666667	5.881333333333333	5.684	5.311333333333334	5.1433333333333335	4.997333333333334	4.698666666666667	4.576666666666667	4.3566666666666665	4.149333333333334	3.95	3.794	3.5993333333333335	3.44	3.24	3.1206666666666667	2.8673333333333333	2.8186666666666667	2.510666666666667	2.466	2.2706666666666666	2.1473333333333335	1.9913333333333334	1.9053333333333333	1.732	1.632	1.4533333333333334	1.3853333333333333	1.2946666666666666	1.1566666666666667	1.0793333333333333	1.0466666666666666	0.944	0.8906666666666667	0.7673333333333333	0.79	0.7153333333333334	0.6146666666666667	0.5646666666666667	0.5073333333333333	0.5193333333333333	0.44666666666666666	0.43333333333333335	0.41	0.3626666666666667	0.3466666666666667	0.3333333333333333	0.2866666666666667	0.23866666666666667	0.236	0.21133333333333335	0.19133333333333333	0.17333333333333334	0.15933333333333333	0.142	0.136	0.12733333333333333	0.11066666666666666	0.1	0.08733333333333333	0.086	0.07666666666666666	0.06866666666666667	0.06466666666666666	0.04533333333333334	0.044	0.03866666666666667	0.037333333333333336	0.03266666666666666	0.025333333333333333	0.02	
14.450666666666667	14.112666666666666	13.602	13.437333333333333	12.843333333333334	12.756	12.230666666666666	11.862	11.572666666666667	11.342	10.984	10.538666666666666	10.462	9.995333333333333	9.846666666666666	9.403333333333334	9.213333333333333	8.708666666666666	8.61	8.364	8.156666666666666	7.653333333333333	7.582666666666666	7.286666666666667	7.1706666666666665	6.784	6.5953333333333335	6.323333333333333	6.018	5.875333333333334	5.739333333333334	5.4446666666666665	5.274	4.992	4.744666666666666	4.65	4.388	4.240666666666667	3.99	3.8813333333333335	3.638	3.505333333333333	3.26	3.148	2.953333333333333	2.922	2.6693333333333333	2.4673333333333334	2.2933333333333334	2.1746666666666665	2.0553333333333335	1.8686666666666667	1.7586666666666666	1.5573333333333332	1.484	1.3586666666666667	1.2933333333333332	1.1633333333333333	1.1313333333333333	1.0426666666666666	0.9546666666666667	0.8693333333333333	0.8233333333333334	0.7606666666666667	0.7326666666666667	0.6466666666666666	0.6293333333333333	0.518	0.5193333333333333	0.4633333333333333	0.42866666666666664	0.41533333333333333	0.3873333333333333	0.322	0.32133333333333336	0.284	0.2653333333333333	0.21466666666666667	0.21533333333333332	0.214	0.18066666666666667	0.16533333333333333	0.14066666666666666	0.13666666666666666	0.11133333333333334	0.12066666666666667	0.08266666666666667	0.09066666666666667	0.07933333333333334	0.08466666666666667	0.056	0.05733333333333333	0.048666666666666664	0.04533333333333334	0.05	0.035333333333333335	0.04533333333333334	0.027333333333333334	0.028666666666666667	
14.88	14.450666666666667	13.755333333333333	13.51	13.13	12.565333333333333	12.350666666666667	12.007333333333333	11.721333333333334	11.442	10.919333333333332	10.704666666666666	10.459333333333333	10.191333333333333	9.975333333333333	9.460666666666667	9.284666666666666	8.862	8.916	8.325333333333333	8.289333333333333	7.937333333333333	7.820666666666667	7.332666666666666	7.3293333333333335	6.676666666666667	6.704666666666666	6.530666666666667	6.318	6.007333333333333	5.639333333333333	5.594	5.279333333333334	5.19	4.968	4.79	4.47	4.414666666666666	4.058	3.982666666666667	3.612	3.572	3.2253333333333334	3.240666666666667	2.9886666666666666	2.8426666666666667	2.658	2.533333333333333	2.3	2.188	2.0906666666666665	1.94	1.7546666666666666	1.6746666666666667	1.5506666666666666	1.4153333333333333	1.3493333333333333	1.2326666666666666	1.1413333333333333	1.0246666666666666	0.988	0.9186666666666666	0.8453333333333334	0.792	0.7273333333333334	0.6606666666666666	0.6266666666666667	0.5446666666666666	0.5153333333333333	0.4766666666666667	0.462	0.3953333333333333	0.36733333333333335	0.36333333333333334	0.318	0.30266666666666664	0.2833333333333333	0.25266666666666665	0.20933333333333334	0.20866666666666667	0.19466666666666665	0.178	0.14666666666666667	0.12466666666666666	0.132	0.10466666666666667	0.10933333333333334	0.098	0.10066666666666667	0.07533333333333334	0.06333333333333334	0.05733333333333333	0.043333333333333335	0.05333333333333334	0.046	0.036	0.034666666666666665	0.029333333333333333	0.02266666666666667	
15.037333333333333	14.578666666666667	14.079333333333333	13.920666666666667	13.354666666666667	13.0	12.432	12.352	11.893333333333333	11.572	11.296	10.934666666666667	10.657333333333334	10.19	10.122	9.680666666666667	9.446	9.052666666666667	8.922666666666666	8.569333333333333	8.354	7.927333333333333	7.963333333333333	7.544	7.403333333333333	6.91	6.8293333333333335	6.514	6.324666666666666	6.065333333333333	5.911333333333333	5.658	5.359333333333334	5.264666666666667	4.949333333333334	4.802	4.6066666666666665	4.392	4.128	3.9353333333333333	3.696	3.652	3.3626666666666667	3.243333333333333	3.0353333333333334	2.9033333333333333	2.728666666666667	2.602	2.416	2.2826666666666666	2.126	1.9973333333333334	1.776	1.6806666666666668	1.5906666666666667	1.4146666666666667	1.3286666666666667	1.2433333333333334	1.132	1.048	1.008	0.9066666666666666	0.8773333333333333	0.794	0.6906666666666667	0.66	0.6273333333333333	0.5506666666666666	0.5326666666666666	0.5146666666666667	0.466	0.408	0.37933333333333336	0.35	0.32066666666666666	0.2846666666666667	0.28	0.25866666666666666	0.22266666666666668	0.21266666666666667	0.18866666666666668	0.16866666666666666	0.15133333333333332	0.14666666666666667	0.13533333333333333	0.11266666666666666	0.10466666666666667	0.10266666666666667	0.086	0.07133333333333333	0.06533333333333333	0.06733333333333333	0.062	0.058666666666666666	0.046	0.034666666666666665	0.03333333333333333	0.028666666666666667	0.03333333333333333	
15.19	15.026	14.288	14.041333333333334	13.486666666666666	13.231333333333334	12.858	12.482666666666667	12.258666666666667	11.841333333333333	11.512666666666666	11.106	10.894	10.361333333333333	10.269333333333334	9.878666666666666	9.688	9.218666666666667	9.095333333333333	8.648	8.532666666666668	8.122	8.094666666666667	7.6306666666666665	7.457333333333334	7.146	6.838	6.688666666666666	6.405333333333333	6.193333333333333	6.1033333333333335	5.808666666666666	5.539333333333333	5.355333333333333	5.125333333333334	4.982666666666667	4.54	4.415333333333334	4.1593333333333335	4.163333333333333	3.8926666666666665	3.6533333333333333	3.465333333333333	3.4006666666666665	3.124	3.0033333333333334	2.806	2.6666666666666665	2.406	2.3393333333333333	2.1326666666666667	2.034	1.848	1.7213333333333334	1.6106666666666667	1.508	1.268	1.2873333333333334	1.17	1.0686666666666667	1.0226666666666666	0.9053333333333333	0.8686666666666667	0.7726666666666666	0.7413333333333333	0.6586666666666666	0.62	0.58	0.5393333333333333	0.47733333333333333	0.456	0.4046666666666667	0.4086666666666667	0.362	0.32066666666666666	0.29933333333333334	0.282	0.2633333333333333	0.22	0.20133333333333334	0.182	0.17	0.152	0.138	0.12733333333333333	0.142	0.11533333333333333	0.112	0.07533333333333334	0.07666666666666666	0.07266666666666667	0.06533333333333333	0.06066666666666667	0.04733333333333333	0.04466666666666667	0.04133333333333333	0.034666666666666665	0.028	0.028666666666666667	
15.502	15.180666666666667	14.502	14.377333333333333	13.852666666666666	13.551333333333334	13.061333333333334	12.874666666666666	12.422666666666666	11.932666666666666	11.76	11.266	11.202	10.696	10.468666666666667	10.094666666666667	9.916666666666666	9.332666666666666	9.146666666666667	8.791333333333334	8.82	8.18	8.209333333333333	7.661333333333333	7.682	7.302666666666667	7.072	6.854666666666667	6.608	6.382	6.008666666666667	5.897333333333333	5.62	5.422666666666666	5.168	4.960666666666667	4.6786666666666665	4.586	4.229333333333333	4.148666666666666	3.94	3.82	3.517333333333333	3.474666666666667	3.064	3.0033333333333334	2.81	2.679333333333333	2.446	2.3666666666666667	2.1266666666666665	2.0873333333333335	1.8846666666666667	1.758	1.6033333333333333	1.5246666666666666	1.4113333333333333	1.2773333333333334	1.2286666666666666	1.074	1.0733333333333333	0.914	0.874	0.7946666666666666	0.764	0.7	0.6446666666666667	0.6066666666666667	0.556	0.5006666666666667	0.45666666666666667	0.43666666666666665	0.364	0.3526666666666667	0.314	0.3233333333333333	0.26466666666666666	0.25933333333333336	0.24866666666666667	0.22666666666666666	0.206	0.17866666666666667	0.166	0.14466666666666667	0.13333333333333333	0.13466666666666666	0.116	0.09733333333333333	0.07733333333333334	0.09133333333333334	0.07466666666666667	0.07533333333333334	0.058	0.04666666666666667	0.04133333333333333	0.04	0.030666666666666665	0.03933333333333333	0.021333333333333333	
15.806666666666667	15.575333333333333	14.736666666666666	14.46	14.152666666666667	13.982666666666667	13.426	12.994	12.692666666666666	12.224	12.022	11.736	11.309333333333333	10.913333333333334	10.800666666666666	10.26	10.142666666666667	9.484	9.312	8.950666666666667	8.821333333333333	8.568666666666667	8.202666666666667	7.814666666666667	7.766666666666667	7.427333333333333	7.234666666666667	6.93	6.686	6.3806666666666665	6.256666666666667	5.921333333333333	5.728	5.489333333333334	5.222	5.078	4.713333333333333	4.675333333333334	4.278666666666667	4.204	4.010666666666666	3.969333333333333	3.578666666666667	3.424	3.256	3.1146666666666665	2.8646666666666665	2.7306666666666666	2.428	2.3686666666666665	2.1253333333333333	2.056	1.8846666666666667	1.796	1.6046666666666667	1.4873333333333334	1.418	1.2553333333333334	1.1686666666666667	1.1333333333333333	1.0213333333333334	0.938	0.97	0.8573333333333333	0.7173333333333334	0.6933333333333334	0.6873333333333334	0.6026666666666667	0.562	0.5093333333333333	0.496	0.41933333333333334	0.4206666666666667	0.37066666666666664	0.3406666666666667	0.318	0.2693333333333333	0.2853333333333333	0.24266666666666667	0.256	0.21	0.16666666666666666	0.17866666666666667	0.15333333333333332	0.13266666666666665	0.14	0.08933333333333333	0.08933333333333333	0.09866666666666667	0.07533333333333334	0.06933333333333333	0.08333333333333333	0.06733333333333333	0.04733333333333333	0.04666666666666667	0.04066666666666666	0.029333333333333333	0.03266666666666666	0.027333333333333334	
16.252666666666666	15.904	15.306	14.912666666666667	14.364	14.165333333333333	13.607333333333333	13.281333333333333	12.896666666666667	12.586	12.218	11.89	11.639333333333333	11.275333333333334	11.026	10.440666666666667	10.425333333333333	9.918666666666667	9.722666666666667	9.084666666666667	9.058	8.676	8.446666666666667	8.036	7.843333333333334	7.6353333333333335	7.459333333333333	7.082	6.692	6.585333333333334	6.3806666666666665	6.066	5.782	5.652	5.3933333333333335	5.186	4.968666666666667	4.754666666666667	4.432666666666667	4.304666666666667	4.082	3.9913333333333334	3.5966666666666667	3.556	3.3133333333333335	3.208666666666667	2.917333333333333	2.808666666666667	2.5513333333333335	2.501333333333333	2.287333333333333	2.1026666666666665	1.9453333333333334	1.798	1.6986666666666668	1.5253333333333334	1.4706666666666666	1.344	1.2533333333333334	1.1426666666666667	1.0906666666666667	0.964	0.9066666666666666	0.8046666666666666	0.758	0.718	0.724	0.628	0.5566666666666666	0.5386666666666666	0.5186666666666667	0.432	0.4126666666666667	0.392	0.33066666666666666	0.322	0.294	0.2833333333333333	0.23333333333333334	0.214	0.192	0.198	0.17133333333333334	0.158	0.15933333333333333	0.13733333333333334	0.12866666666666668	0.08866666666666667	0.09266666666666666	0.08333333333333333	0.07866666666666666	0.082	0.054	0.058666666666666666	0.059333333333333335	0.032	0.04133333333333333	0.037333333333333336	0.023333333333333334	
16.53	16.203333333333333	15.642	15.323333333333334	14.680666666666667	14.402	13.935333333333332	13.700666666666667	13.183333333333334	12.804666666666666	12.400666666666666	12.036	11.93	11.347333333333333	11.100666666666667	10.63	10.494	10.158666666666667	9.697333333333333	9.396	9.348666666666666	8.866666666666667	8.636	8.356666666666667	8.036	7.680666666666666	7.568666666666667	7.212666666666666	6.98	6.709333333333333	6.386666666666667	6.228666666666666	6.006	5.8373333333333335	5.53	5.254666666666667	4.976666666666667	4.8	4.55	4.391333333333334	4.216	4.0986666666666665	3.7813333333333334	3.6213333333333333	3.372	3.174	3.0126666666666666	2.898	2.6533333333333333	2.4873333333333334	2.2546666666666666	2.2093333333333334	1.9933333333333334	1.8693333333333333	1.6886666666666668	1.5653333333333332	1.5033333333333334	1.2833333333333334	1.262	1.134	1.1046666666666667	1.0453333333333332	0.9573333333333334	0.83	0.8333333333333334	0.7146666666666667	0.6693333333333333	0.6246666666666667	0.5846666666666667	0.54	0.498	0.4713333333333333	0.43533333333333335	0.38	0.35	0.352	0.2833333333333333	0.26	0.25733333333333336	0.24466666666666667	0.218	0.19133333333333333	0.17466666666666666	0.16666666666666666	0.13666666666666666	0.12733333333333333	0.10466666666666667	0.10733333333333334	0.09	0.08466666666666667	0.06133333333333333	0.068	0.06733333333333333	0.06333333333333334	0.054	0.04133333333333333	0.04133333333333333	0.037333333333333336	0.03133333333333333	
16.825333333333333	16.63	15.850666666666667	15.468	14.899333333333333	14.739333333333333	14.325333333333333	13.812666666666667	13.543333333333333	13.069333333333333	12.66	12.313333333333333	12.165333333333333	11.644	11.444666666666667	10.916	10.728666666666667	10.012666666666666	10.050666666666666	9.526	9.422	8.962	8.967333333333332	8.530666666666667	8.278666666666666	7.906666666666666	7.636	7.286	7.1226666666666665	6.824666666666666	6.539333333333333	6.284666666666666	6.258	5.981333333333334	5.675333333333334	5.411333333333333	5.131333333333333	4.94	4.599333333333333	4.500666666666667	4.172	4.107333333333333	3.8553333333333333	3.7613333333333334	3.4553333333333334	3.3466666666666667	3.002666666666667	2.9006666666666665	2.687333333333333	2.5813333333333333	2.320666666666667	2.156	2.0533333333333332	1.868	1.7773333333333334	1.5913333333333333	1.4926666666666666	1.37	1.3673333333333333	1.2213333333333334	1.0793333333333333	1.024	0.948	0.9046666666666666	0.8473333333333334	0.7313333333333333	0.718	0.648	0.5393333333333333	0.546	0.5033333333333333	0.498	0.4493333333333333	0.406	0.366	0.348	0.312	0.27666666666666667	0.266	0.22666666666666666	0.21466666666666667	0.192	0.19933333333333333	0.162	0.13133333333333333	0.11333333333333333	0.11866666666666667	0.09666666666666666	0.088	0.09733333333333333	0.08533333333333333	0.066	0.07266666666666667	0.054	0.05266666666666667	0.037333333333333336	0.03333333333333333	0.032	0.02666666666666667	
17.236666666666668	16.994666666666667	16.06	15.962	15.233333333333333	14.93	14.609333333333334	14.097333333333333	13.705333333333334	13.32	13.018	12.423333333333334	12.462666666666667	11.928	11.678666666666667	10.943333333333333	10.915333333333333	10.532666666666668	10.194	9.855333333333334	9.570666666666666	9.216666666666667	9.125333333333334	8.622666666666667	8.536666666666667	8.111333333333333	7.834	7.444	7.207333333333334	6.841333333333333	6.712	6.494	6.216666666666667	5.956666666666667	5.721333333333333	5.52	5.122	5.154	4.854	4.548	4.344666666666667	4.270666666666667	3.9873333333333334	3.684	3.4833333333333334	3.3853333333333335	3.1746666666666665	2.9526666666666666	2.736666666666667	2.67	2.272	2.263333333333333	2.014666666666667	1.9233333333333333	1.7666666666666666	1.716	1.532	1.4353333333333333	1.292	1.2213333333333334	1.1873333333333334	1.062	1.0	0.9293333333333333	0.854	0.748	0.7506666666666667	0.646	0.6026666666666667	0.5693333333333334	0.5393333333333333	0.43133333333333335	0.436	0.38266666666666665	0.358	0.308	0.32866666666666666	0.32	0.2613333333333333	0.25666666666666665	0.234	0.21333333333333335	0.16533333333333333	0.16666666666666666	0.13733333333333334	0.13333333333333333	0.11933333333333333	0.12666666666666668	0.09933333333333333	0.10666666666666667	0.07666666666666666	0.07733333333333334	0.059333333333333335	0.06866666666666667	0.054	0.044	0.034666666666666665	0.03266666666666666	0.034	
17.503333333333334	17.246666666666666	16.562	16.143333333333334	15.52	15.141333333333334	14.664	14.312666666666667	14.066666666666666	13.577333333333334	13.47	12.722666666666667	12.635333333333334	12.133333333333333	11.856666666666667	11.328	11.229333333333333	10.702666666666667	10.466666666666667	10.052666666666667	9.876	9.436666666666667	9.374	8.791333333333334	8.572666666666667	8.267333333333333	7.936	7.530666666666667	7.3726666666666665	7.092	6.933333333333334	6.517333333333333	6.300666666666666	6.021333333333334	5.728666666666666	5.599333333333333	5.346666666666667	5.184666666666667	4.849333333333333	4.728	4.505333333333334	4.352	4.082666666666666	3.918	3.5806666666666667	3.4073333333333333	3.1466666666666665	3.066666666666667	2.876	2.6353333333333335	2.422	2.2666666666666666	2.1386666666666665	1.9993333333333334	1.8793333333333333	1.6806666666666668	1.5633333333333332	1.4033333333333333	1.3766666666666667	1.2073333333333334	1.1793333333333333	1.0573333333333332	1.0233333333333334	0.9213333333333333	0.8586666666666667	0.7966666666666666	0.724	0.6526666666666666	0.682	0.5626666666666666	0.55	0.446	0.46	0.4	0.38266666666666665	0.3333333333333333	0.32266666666666666	0.28933333333333333	0.2793333333333333	0.248	0.22266666666666668	0.19466666666666665	0.20466666666666666	0.196	0.13266666666666665	0.13933333333333334	0.12333333333333334	0.12066666666666667	0.11066666666666666	0.09266666666666666	0.09066666666666667	0.07733333333333334	0.07	0.05	0.052	0.04533333333333334	0.04466666666666667	0.04066666666666666	0.03666666666666667	
17.878	17.692	16.896	16.386	15.77	15.592	15.158666666666667	14.742	14.365333333333334	13.772	13.558666666666667	12.918	12.817333333333334	12.15	11.992	11.474666666666666	11.414	10.832666666666666	10.710666666666667	10.28	10.062666666666667	9.506	9.424666666666667	8.904666666666667	8.836666666666666	8.399333333333333	8.144666666666666	7.8293333333333335	7.662	7.230666666666667	7.126	6.787333333333334	6.434	6.211333333333333	6.006	5.785333333333333	5.4046666666666665	5.298666666666667	5.091333333333333	4.774	4.505333333333334	4.442	4.1593333333333335	3.8846666666666665	3.6	3.5246666666666666	3.298	3.06	2.8973333333333335	2.6666666666666665	2.5326666666666666	2.263333333333333	2.08	2.04	1.8213333333333332	1.6353333333333333	1.5613333333333332	1.4746666666666666	1.4246666666666667	1.2446666666666666	1.1893333333333334	1.0973333333333333	1.0253333333333334	0.9113333333333333	0.8766666666666667	0.788	0.7613333333333333	0.632	0.6426666666666667	0.608	0.6066666666666667	0.5406666666666666	0.468	0.4086666666666667	0.39	0.38266666666666665	0.3393333333333333	0.308	0.258	0.24666666666666667	0.23066666666666666	0.21533333333333332	0.196	0.17533333333333334	0.164	0.136	0.122	0.122	0.09866666666666667	0.09333333333333334	0.09333333333333334	0.07733333333333334	0.054	0.052	0.042	0.04466666666666667	0.048	0.034	0.038	
18.402666666666665	17.926	17.035333333333334	16.877333333333333	16.417333333333332	15.992	15.319333333333333	15.121333333333334	14.640666666666666	14.276	13.754666666666667	13.27	13.087333333333333	12.577333333333334	12.386666666666667	11.892666666666667	11.491333333333333	11.148666666666667	10.809333333333333	10.361333333333333	10.225333333333333	9.708666666666666	9.724	9.049333333333333	8.972666666666667	8.438	8.276	7.963333333333333	7.892666666666667	7.400666666666667	7.261333333333333	7.006666666666667	6.664666666666666	6.406	6.05	5.852	5.439333333333333	5.290666666666667	4.998666666666667	4.871333333333333	4.612666666666667	4.408	4.0473333333333334	4.08	3.694	3.494666666666667	3.29	3.1853333333333333	2.986666666666667	2.772	2.5573333333333332	2.3586666666666667	2.1686666666666667	2.070666666666667	1.8933333333333333	1.7773333333333334	1.684	1.5426666666666666	1.4166666666666667	1.288	1.258	1.074	1.05	0.9386666666666666	0.898	0.8366666666666667	0.7466666666666667	0.6773333333333333	0.6733333333333333	0.5946666666666667	0.5446666666666666	0.472	0.486	0.4653333333333333	0.37933333333333336	0.35533333333333333	0.338	0.28933333333333333	0.304	0.24133333333333334	0.22933333333333333	0.21266666666666667	0.192	0.2	0.144	0.14733333333333334	0.148	0.11266666666666666	0.11066666666666666	0.08066666666666666	0.082	0.076	0.07866666666666666	0.06066666666666667	0.058666666666666666	0.03933333333333333	0.048666666666666664	0.03133333333333333	0.024666666666666667	
18.376	18.183333333333334	17.282	17.095333333333333	16.464666666666666	16.09	15.638	15.343333333333334	14.799333333333333	14.293333333333333	14.134	13.585333333333333	13.09	12.674	12.456	11.908666666666667	11.85	11.27	11.241333333333333	10.506666666666666	10.451333333333332	9.884	9.592666666666666	9.309333333333333	8.988666666666667	8.721333333333334	8.444	8.068	7.942666666666667	7.549333333333333	7.363333333333333	7.024666666666667	6.562	6.444	6.206	6.06	5.779333333333334	5.625333333333334	5.206666666666667	4.966666666666667	4.767333333333333	4.503333333333333	4.198666666666667	4.066666666666666	3.758	3.608	3.276	3.186	3.009333333333333	2.783333333333333	2.576	2.378	2.1613333333333333	2.05	1.9666666666666666	1.7746666666666666	1.674	1.4906666666666666	1.4313333333333333	1.3113333333333332	1.2433333333333334	1.1126666666666667	1.0306666666666666	0.9706666666666667	0.932	0.82	0.8146666666666667	0.74	0.6766666666666666	0.6053333333333333	0.5973333333333334	0.5393333333333333	0.4706666666666667	0.426	0.422	0.36933333333333335	0.3473333333333333	0.3233333333333333	0.276	0.26066666666666666	0.24733333333333332	0.24	0.192	0.176	0.172	0.136	0.11866666666666667	0.12933333333333333	0.11133333333333334	0.08466666666666667	0.08	0.07333333333333333	0.07666666666666666	0.06066666666666667	0.050666666666666665	0.025333333333333333	0.04133333333333333	0.04133333333333333	0.03	
18.774	18.577333333333332	17.511333333333333	17.346	16.792	16.354666666666667	15.975333333333333	15.434666666666667	14.986	14.616	14.349333333333334	13.668666666666667	13.331333333333333	12.831333333333333	12.868	12.160666666666666	12.165333333333333	11.519333333333334	11.246666666666666	10.540666666666667	10.426	9.988666666666667	9.748	9.392666666666667	9.164666666666667	8.734	8.623333333333333	8.244	7.989333333333334	7.616666666666666	7.362666666666667	7.057333333333333	6.748666666666667	6.578	6.244666666666666	6.1226666666666665	5.743333333333333	5.629333333333333	5.138	5.06	4.733333333333333	4.588	4.295333333333334	4.134	3.8686666666666665	3.5553333333333335	3.3	3.3393333333333333	3.017333333333333	2.792666666666667	2.594	2.541333333333333	2.243333333333333	2.088	1.9033333333333333	1.838	1.7113333333333334	1.588	1.4086666666666667	1.3406666666666667	1.2346666666666666	1.1446666666666667	1.0906666666666667	1.0066666666666666	0.892	0.8246666666666667	0.8213333333333334	0.7566666666666667	0.654	0.6033333333333334	0.5893333333333334	0.5346666666666666	0.49533333333333335	0.434	0.4026666666666667	0.376	0.37533333333333335	0.3413333333333333	0.30133333333333334	0.2833333333333333	0.25666666666666665	0.224	0.196	0.166	0.174	0.16466666666666666	0.14	0.128	0.12	0.11	0.098	0.07266666666666667	0.06466666666666666	0.06933333333333333	0.052	0.06333333333333334	0.046	0.034	0.04133333333333333	
19.244666666666667	18.67	17.986666666666668	17.557333333333332	17.096	16.86	16.175333333333334	15.596	15.109333333333334	14.814666666666668	14.326	13.965333333333334	13.535333333333334	13.042666666666667	12.913333333333334	12.238	11.983333333333333	11.645333333333333	11.649333333333333	10.678666666666667	10.690666666666667	9.966666666666667	9.965333333333334	9.524666666666667	9.333333333333334	8.922	8.712666666666667	8.284	7.878	7.795333333333334	7.436	7.246666666666667	6.764666666666667	6.668666666666667	6.339333333333333	6.1466666666666665	5.772666666666667	5.765333333333333	5.249333333333333	5.153333333333333	4.808	4.653333333333333	4.342	4.257333333333333	3.9046666666666665	3.740666666666667	3.5113333333333334	3.3466666666666667	2.98	2.8613333333333335	2.668	2.4273333333333333	2.27	2.076	1.998	1.742	1.7293333333333334	1.64	1.482	1.3666666666666667	1.2413333333333334	1.1886666666666668	1.096	1.01	0.966	0.8653333333333333	0.83	0.73	0.694	0.626	0.598	0.5173333333333333	0.5113333333333333	0.4573333333333333	0.4266666666666667	0.41533333333333333	0.3406666666666667	0.3273333333333333	0.314	0.262	0.23733333333333334	0.23333333333333334	0.20066666666666666	0.18533333333333332	0.16533333333333333	0.14666666666666667	0.12533333333333332	0.13066666666666665	0.11	0.09933333333333333	0.08666666666666667	0.068	0.07466666666666667	0.06466666666666666	0.056666666666666664	0.050666666666666665	0.04	0.044	0.03133333333333333	
19.327333333333332	18.962666666666667	18.080666666666666	17.773333333333333	17.16	16.78	16.297333333333334	15.791333333333334	15.440666666666667	14.928	14.544	14.124	13.88	13.53	13.056666666666667	12.414	12.344	11.754666666666667	11.546	10.944666666666667	10.871333333333334	10.355333333333334	10.124666666666666	9.697333333333333	9.308666666666667	9.145333333333333	8.792	8.464	8.224666666666666	7.953333333333333	7.566	7.302666666666667	7.033333333333333	6.767333333333333	6.359333333333334	6.383333333333334	5.8053333333333335	5.703333333333333	5.4366666666666665	5.298666666666667	4.886666666666667	4.718666666666667	4.456	4.296666666666667	3.945333333333333	3.7893333333333334	3.3533333333333335	3.382	3.1166666666666667	3.005333333333333	2.6213333333333333	2.4673333333333334	2.34	2.1966666666666668	2.038666666666667	1.8526666666666667	1.7313333333333334	1.7186666666666666	1.4833333333333334	1.4326666666666668	1.356	1.2066666666666668	1.1366666666666667	1.04	0.93	0.874	0.8593333333333333	0.752	0.7306666666666667	0.6313333333333333	0.5566666666666666	0.56	0.5206666666666667	0.468	0.45466666666666666	0.3953333333333333	0.37333333333333335	0.346	0.31533333333333335	0.262	0.25866666666666666	0.236	0.218	0.18666666666666668	0.17533333333333334	0.14866666666666667	0.13266666666666665	0.14133333333333334	0.10666666666666667	0.10666666666666667	0.08133333333333333	0.082	0.072	0.062	0.059333333333333335	0.051333333333333335	0.04066666666666666	0.035333333333333335	0.028666666666666667	
19.56	19.206666666666667	18.301333333333332	18.028666666666666	17.442	17.164666666666665	16.702	16.051333333333332	15.72	15.276	14.908	14.169333333333332	14.014	13.295333333333334	13.348666666666666	12.668	12.537333333333333	11.863333333333333	11.630666666666666	11.068	10.88	10.421333333333333	10.32	9.796	9.560666666666666	9.139333333333333	8.95	8.52	8.356666666666667	7.952	7.634	7.437333333333333	7.164666666666666	6.855333333333333	6.512	6.438	5.907333333333334	5.766666666666667	5.508666666666667	5.267333333333333	4.950666666666667	4.745333333333333	4.4446666666666665	4.304	3.946	3.9	3.596	3.36	3.1226666666666665	2.9993333333333334	2.7046666666666668	2.6073333333333335	2.45	2.256666666666667	2.0886666666666667	1.946	1.8013333333333332	1.6546666666666667	1.5606666666666666	1.4046666666666667	1.364	1.1946666666666668	1.1273333333333333	1.0226666666666666	0.9833333333333333	0.896	0.818	0.7346666666666667	0.722	0.6506666666666666	0.608	0.5673333333333334	0.5386666666666666	0.48	0.46	0.37733333333333335	0.378	0.3393333333333333	0.3393333333333333	0.2886666666666667	0.24466666666666667	0.22333333333333333	0.22333333333333333	0.17866666666666667	0.15733333333333333	0.16666666666666666	0.14466666666666667	0.132	0.11466666666666667	0.102	0.09866666666666667	0.10066666666666667	0.07733333333333334	0.08133333333333333	0.05266666666666667	0.056	0.03866666666666667	0.044	0.042	
19.857333333333333	19.395333333333333	18.493333333333332	18.318666666666665	17.624	17.372	16.852666666666668	16.374666666666666	15.758666666666667	15.429333333333334	15.037333333333333	14.477333333333334	14.045333333333334	13.539333333333333	13.309333333333333	12.89	12.678666666666667	12.098666666666666	11.952	11.270666666666667	11.146	10.511333333333333	10.434666666666667	9.871333333333334	9.737333333333334	9.254666666666667	8.943333333333333	8.642666666666667	8.327333333333334	8.060666666666666	7.814666666666667	7.487333333333333	7.200666666666667	6.980666666666667	6.511333333333333	6.488	6.064	5.960666666666667	5.634666666666667	5.459333333333333	5.036	4.795333333333334	4.449333333333334	4.506666666666667	4.066	3.966666666666667	3.584	3.4506666666666668	3.1633333333333336	3.0833333333333335	2.8	2.5806666666666667	2.4466666666666668	2.199333333333333	2.1473333333333335	2.013333333333333	1.8473333333333333	1.6393333333333333	1.5833333333333333	1.4213333333333333	1.3546666666666667	1.2773333333333334	1.142	1.0706666666666667	0.9826666666666667	0.8806666666666667	0.8526666666666667	0.7706666666666667	0.7593333333333333	0.6606666666666666	0.6193333333333333	0.5766666666666667	0.5233333333333333	0.5006666666666667	0.45866666666666667	0.37	0.39666666666666667	0.352	0.3273333333333333	0.28933333333333333	0.2846666666666667	0.232	0.21066666666666667	0.208	0.174	0.16333333333333333	0.17133333333333334	0.13666666666666666	0.134	0.104	0.08733333333333333	0.09133333333333334	0.08533333333333333	0.06666666666666667	0.056666666666666664	0.059333333333333335	0.03666666666666667	0.035333333333333335	0.038	
20.941333333333333	20.730666666666668	19.764666666666667	19.427333333333333	18.85333333333333	18.484666666666666	17.976	17.25733333333333	16.972	16.553333333333335	16.044666666666668	15.224	15.117333333333333	14.574	14.432666666666666	13.56	13.462	12.937333333333333	12.766666666666667	12.137333333333334	11.905333333333333	11.336	11.032	10.727333333333334	10.388666666666667	9.924666666666667	9.674666666666667	9.312	9.072	8.611333333333333	8.284666666666666	8.012666666666666	7.6	7.416	7.132	6.828	6.544	6.318666666666667	5.856	5.737333333333333	5.315333333333333	5.217333333333333	4.863333333333333	4.722	4.354	4.199333333333334	3.9106666666666667	3.6426666666666665	3.424	3.1853333333333333	3.0606666666666666	2.798	2.514	2.4273333333333333	2.216	2.1286666666666667	1.9353333333333333	1.7806666666666666	1.678	1.54	1.4586666666666666	1.2813333333333334	1.2273333333333334	1.17	1.0406666666666666	1.0026666666666666	0.9046666666666666	0.8493333333333334	0.826	0.704	0.6813333333333333	0.64	0.5793333333333334	0.5486666666666666	0.5386666666666666	0.43066666666666664	0.4226666666666667	0.36666666666666664	0.3446666666666667	0.29533333333333334	0.27266666666666667	0.27066666666666667	0.22866666666666666	0.21266666666666667	0.19066666666666668	0.19133333333333333	0.146	0.12933333333333333	0.12666666666666668	0.11133333333333334	0.10266666666666667	0.09266666666666666	0.1	0.07	0.07333333333333333	0.05533333333333333	0.05	0.046	0.038	
22.536	21.871333333333332	21.106666666666666	20.816	20.109333333333332	19.412	18.974	18.38533333333333	17.533333333333335	17.374	16.848	16.325333333333333	16.088666666666665	15.322666666666667	15.112666666666666	14.635333333333334	14.265333333333333	13.458	13.478666666666667	12.805333333333333	12.562666666666667	11.952666666666667	11.788666666666666	11.056666666666667	11.044	10.47	10.296666666666667	9.856	9.414666666666667	9.052	8.824	8.511333333333333	8.16	7.936	7.495333333333333	7.265333333333333	6.832	6.688666666666666	6.206666666666667	6.032	5.706	5.488666666666667	5.126666666666667	5.010666666666666	4.664666666666666	4.458	4.110666666666667	4.080666666666667	3.676	3.513333333333333	3.1406666666666667	2.982	2.7773333333333334	2.57	2.3706666666666667	2.234	2.041333333333333	1.902	1.7726666666666666	1.684	1.5726666666666667	1.4686666666666666	1.348	1.2173333333333334	1.1373333333333333	1.06	1.0293333333333334	0.9113333333333333	0.8573333333333333	0.7726666666666666	0.7346666666666667	0.6466666666666666	0.6066666666666667	0.5506666666666666	0.49933333333333335	0.47733333333333333	0.43733333333333335	0.374	0.36866666666666664	0.342	0.29	0.28	0.244	0.22666666666666666	0.19866666666666666	0.17733333333333334	0.166	0.15933333333333333	0.13733333333333334	0.13666666666666666	0.12266666666666666	0.10266666666666667	0.088	0.07	0.08066666666666666	0.054	0.05466666666666667	0.044	0.03866666666666667	
23.533333333333335	23.170666666666666	22.014666666666667	21.942	20.761333333333333	20.365333333333332	19.85333333333333	19.432	18.874	18.183333333333334	17.834666666666667	17.322666666666667	16.854666666666667	16.075333333333333	15.973333333333333	15.32	14.977333333333334	14.116	14.033333333333333	13.453333333333333	13.186	12.598	12.308	11.929333333333334	11.594	11.026666666666667	10.804	10.341333333333333	10.123333333333333	9.562	9.256	8.883333333333333	8.577333333333334	8.265333333333333	7.812666666666667	7.6626666666666665	7.272	6.995333333333333	6.576	6.348	5.902666666666667	5.828	5.3933333333333335	5.271333333333334	4.8886666666666665	4.654	4.344666666666667	4.1466666666666665	3.8746666666666667	3.6053333333333333	3.3226666666666667	3.2026666666666666	2.9206666666666665	2.7746666666666666	2.541333333333333	2.352	2.1633333333333336	2.0766666666666667	1.892	1.7333333333333334	1.6653333333333333	1.5146666666666666	1.3566666666666667	1.246	1.186	1.0853333333333333	1.0986666666666667	0.9866666666666667	0.9013333333333333	0.8046666666666666	0.78	0.6693333333333333	0.662	0.6373333333333333	0.5653333333333334	0.48733333333333334	0.45666666666666667	0.4166666666666667	0.37533333333333335	0.3466666666666667	0.33066666666666666	0.2826666666666667	0.27066666666666667	0.236	0.23533333333333334	0.2	0.18	0.16533333333333333	0.148	0.14	0.11466666666666667	0.116	0.088	0.084	0.07	0.066	0.059333333333333335	0.052	0.035333333333333335	
25.165333333333333	24.630666666666666	23.43	23.128	22.22	22.001333333333335	21.179333333333332	20.532	19.938	19.260666666666665	18.928	18.35	18.017333333333333	17.207333333333334	16.904	16.256666666666668	16.050666666666668	15.262	14.982	14.192	14.084	13.427333333333333	13.202666666666667	12.581333333333333	12.12	11.726	11.338	10.985333333333333	10.703333333333333	10.292666666666667	9.79	9.674	8.990666666666666	8.88	8.424666666666667	8.14	7.685333333333333	7.438	7.022	6.882	6.336666666666667	6.175333333333334	5.669333333333333	5.521333333333334	5.275333333333333	4.924666666666667	4.602666666666667	4.479333333333333	4.141333333333334	3.8926666666666665	3.5846666666666667	3.416	3.030666666666667	2.93	2.6986666666666665	2.490666666666667	2.31	2.1133333333333333	1.998	1.8573333333333333	1.752	1.6146666666666667	1.5293333333333334	1.384	1.3153333333333332	1.204	1.0773333333333333	1.074	0.974	0.884	0.8546666666666667	0.7586666666666667	0.678	0.6533333333333333	0.6106666666666667	0.5566666666666666	0.488	0.47533333333333333	0.4266666666666667	0.39666666666666667	0.3586666666666667	0.3253333333333333	0.28	0.2693333333333333	0.236	0.19866666666666666	0.19866666666666666	0.17933333333333334	0.15933333333333333	0.15933333333333333	0.13466666666666666	0.13533333333333333	0.09666666666666666	0.09533333333333334	0.076	0.07466666666666667	0.074	0.064	0.04066666666666666	
26.429333333333332	25.749333333333333	24.59	24.408666666666665	23.319333333333333	22.854666666666667	22.246666666666666	21.800666666666668	21.212666666666667	20.419333333333334	20.075333333333333	19.395333333333333	19.132666666666665	17.942	17.892666666666667	17.100666666666665	16.952666666666666	16.241333333333333	15.891333333333334	14.964666666666666	14.714	14.182666666666666	13.947333333333333	13.198666666666666	13.039333333333333	12.387333333333334	12.129333333333333	11.727333333333334	11.387333333333334	10.713333333333333	10.487333333333334	10.084666666666667	9.586	9.272666666666666	8.826666666666666	8.618666666666666	8.212666666666667	7.899333333333334	7.41	7.254666666666667	6.777333333333333	6.567333333333333	6.028666666666667	5.824666666666666	5.384	5.362666666666667	4.896	4.728	4.395333333333333	4.096	3.788	3.6006666666666667	3.298	3.046	2.892	2.628	2.493333333333333	2.3073333333333332	2.176	1.9966666666666666	1.926	1.7086666666666666	1.6693333333333333	1.4806666666666666	1.3726666666666667	1.3106666666666666	1.1613333333333333	1.076	1.0406666666666666	0.9193333333333333	0.884	0.7786666666666666	0.758	0.6853333333333333	0.6206666666666667	0.534	0.5433333333333333	0.47533333333333333	0.424	0.394	0.4013333333333333	0.3506666666666667	0.29933333333333334	0.3373333333333333	0.25	0.2673333333333333	0.206	0.204	0.17333333333333334	0.158	0.146	0.126	0.10666666666666667	0.086	0.08866666666666667	0.066	0.07	0.04133333333333333	0.04666666666666667	
27.834666666666667	27.322	26.323333333333334	25.726666666666667	24.566666666666666	24.398666666666667	23.756	22.932	22.366	21.42866666666667	21.002	20.272	20.058666666666667	19.139333333333333	18.89	18.129333333333335	17.800666666666668	17.145333333333333	16.670666666666666	15.873333333333333	15.729333333333333	14.917333333333334	14.768666666666666	14.053333333333333	13.852666666666666	13.156	12.704666666666666	12.078	11.9	11.412	10.915333333333333	10.54	10.306	9.860666666666667	9.456666666666667	9.258	8.554	8.212	7.856	7.71	7.150666666666667	6.995333333333333	6.49	6.268666666666666	5.780666666666667	5.606	5.156666666666666	4.953333333333333	4.673333333333333	4.4093333333333335	4.088666666666667	3.739333333333333	3.502	3.332	3.09	2.86	2.6	2.404	2.244666666666667	2.0866666666666664	1.9473333333333334	1.7926666666666666	1.678	1.588	1.5353333333333334	1.3146666666666667	1.2746666666666666	1.124	1.0526666666666666	1.0306666666666666	0.902	0.79	0.7973333333333333	0.6986666666666667	0.6693333333333333	0.5966666666666667	0.5693333333333334	0.49866666666666665	0.4726666666666667	0.43666666666666665	0.414	0.36933333333333335	0.3293333333333333	0.2906666666666667	0.2773333333333333	0.23933333333333334	0.22533333333333333	0.19066666666666668	0.16266666666666665	0.144	0.16266666666666665	0.13933333333333334	0.13666666666666666	0.10333333333333333	0.09933333333333333	0.07733333333333334	0.07933333333333334	0.068	0.050666666666666665	
29.336	28.546666666666667	27.61	26.949333333333332	26.288	25.610666666666667	24.557333333333332	24.279333333333334	23.454666666666668	22.775333333333332	22.118	21.404666666666667	21.15	20.256	20.138	18.912666666666667	18.894	17.771333333333335	17.501333333333335	16.766	16.433333333333334	15.682666666666666	15.604666666666667	14.642666666666667	14.328666666666667	13.828	13.542666666666667	12.909333333333333	12.734	11.734	11.675333333333333	11.210666666666667	10.661333333333333	10.364666666666666	9.813333333333333	9.538	9.056666666666667	8.796	8.265333333333333	8.057333333333334	7.589333333333333	7.236666666666666	6.759333333333333	6.466	6.174	5.8966666666666665	5.424666666666667	5.183333333333334	4.866	4.666	4.226	3.9953333333333334	3.6933333333333334	3.4673333333333334	3.212	3.024	2.774	2.534666666666667	2.414	2.203333333333333	2.1233333333333335	1.972	1.7513333333333334	1.6586666666666667	1.5966666666666667	1.4213333333333333	1.3346666666666667	1.224	1.152	1.1006666666666667	0.9433333333333334	0.882	0.83	0.734	0.7133333333333334	0.642	0.5866666666666667	0.5553333333333333	0.5033333333333333	0.5046666666666667	0.43066666666666664	0.404	0.3466666666666667	0.312	0.29933333333333334	0.2886666666666667	0.23933333333333334	0.218	0.196	0.186	0.16933333333333334	0.13733333333333334	0.126	0.10133333333333333	0.088	0.084	0.066	0.07733333333333334	0.06133333333333333	
30.174666666666667	29.604	28.494	27.730666666666668	27.059333333333335	26.279333333333334	25.386	24.842	24.192666666666668	23.442	22.8	22.106	21.550666666666668	20.783333333333335	20.600666666666665	19.650666666666666	19.184666666666665	18.487333333333332	18.172666666666668	17.313333333333333	17.144666666666666	16.246666666666666	16.033333333333335	15.228666666666667	15.08	14.189333333333334	13.876666666666667	13.256666666666666	12.846666666666666	12.543333333333333	11.998	11.607333333333333	10.984666666666667	10.678666666666667	10.296	9.808	9.398666666666667	9.065333333333333	8.564666666666668	8.314	7.779333333333334	7.542666666666666	7.029333333333334	6.854666666666667	6.194	6.1033333333333335	5.591333333333333	5.431333333333333	4.998	4.677333333333333	4.338666666666667	4.026666666666666	3.74	3.5573333333333332	3.3453333333333335	3.142	2.9153333333333333	2.683333333333333	2.5486666666666666	2.2746666666666666	2.166	2.104	1.9086666666666667	1.7173333333333334	1.6333333333333333	1.4893333333333334	1.4	1.258	1.1693333333333333	1.0733333333333333	1.0133333333333334	0.9106666666666666	0.896	0.784	0.766	0.672	0.6546666666666666	0.5666666666666667	0.5126666666666667	0.49866666666666665	0.43066666666666664	0.38466666666666666	0.35933333333333334	0.3466666666666667	0.31266666666666665	0.2753333333333333	0.24133333333333334	0.21466666666666667	0.19466666666666665	0.18066666666666667	0.174	0.14666666666666667	0.132	0.13266666666666665	0.10666666666666667	0.09466666666666666	0.07	0.06666666666666667	0.082	
31.323333333333334	30.44333333333333	29.184	28.728	27.468666666666667	27.136666666666667	26.229333333333333	25.596	24.782666666666668	24.238666666666667	23.512666666666668	22.606666666666666	22.146	21.498	21.064666666666668	20.196666666666665	20.106	18.956	18.672666666666668	17.79	17.801333333333332	16.772666666666666	16.366666666666667	15.646666666666667	15.349333333333334	14.559333333333333	14.309333333333333	13.702666666666667	13.201333333333332	12.806666666666667	12.364666666666666	11.834	11.364666666666666	10.980666666666666	10.568666666666667	10.259333333333334	9.62	9.24	8.788	8.535333333333334	8.053333333333333	7.69	7.306666666666667	6.962666666666666	6.525333333333333	6.324	5.882666666666666	5.610666666666667	5.164666666666666	4.8726666666666665	4.398666666666666	4.188	3.9246666666666665	3.724666666666667	3.496	3.2506666666666666	2.9426666666666668	2.7413333333333334	2.510666666666667	2.484	2.1986666666666665	2.094	1.9273333333333333	1.7513333333333334	1.6813333333333333	1.4866666666666666	1.4333333333333333	1.3653333333333333	1.2766666666666666	1.1153333333333333	1.062	0.9433333333333334	0.908	0.8346666666666667	0.7826666666666666	0.708	0.6586666666666666	0.5586666666666666	0.5613333333333334	0.518	0.468	0.42	0.3993333333333333	0.3626666666666667	0.33466666666666667	0.2846666666666667	0.266	0.254	0.23	0.20666666666666667	0.182	0.16666666666666666	0.136	0.11533333333333333	0.10933333333333334	0.10533333333333333	0.08066666666666666	0.07333333333333333	0.07333333333333333	
32.074	31.45	29.88	29.424666666666667	28.593333333333334	27.810666666666666	26.917333333333332	26.383333333333333	25.621333333333332	24.850666666666665	24.231333333333332	23.346	22.88533333333333	21.833333333333332	21.667333333333332	20.712	20.657333333333334	19.202666666666666	19.198666666666668	18.081333333333333	18.254	17.368	16.961333333333332	15.976	15.988666666666667	15.217333333333332	14.720666666666666	14.229333333333333	13.534	13.31	12.695333333333334	12.124	11.672666666666666	11.338666666666667	10.708666666666666	10.350666666666667	9.937333333333333	9.624666666666666	9.077333333333334	8.806666666666667	8.196	8.030666666666667	7.460666666666667	7.282666666666667	6.7	6.524666666666667	5.8566666666666665	5.773333333333333	5.295333333333334	4.967333333333333	4.626	4.355333333333333	4.153333333333333	3.8313333333333333	3.5913333333333335	3.256666666666667	3.1266666666666665	2.9306666666666668	2.7293333333333334	2.4913333333333334	2.3606666666666665	2.1733333333333333	2.0193333333333334	1.8753333333333333	1.7886666666666666	1.5933333333333333	1.4546666666666668	1.3646666666666667	1.2933333333333332	1.1946666666666668	1.086	1.0293333333333334	0.948	0.8746666666666667	0.8026666666666666	0.7533333333333333	0.6886666666666666	0.6286666666666667	0.5626666666666666	0.5	0.49866666666666665	0.44133333333333336	0.4106666666666667	0.376	0.31666666666666665	0.288	0.2793333333333333	0.25	0.22	0.20733333333333334	0.18	0.16266666666666665	0.15666666666666668	0.138	0.112	0.096	0.072	0.06533333333333333	0.064	
32.54933333333334	32.166666666666664	30.818666666666665	30.151333333333334	29.338666666666665	28.668	27.668666666666667	27.334666666666667	26.433333333333334	25.856666666666666	24.816	24.037333333333333	23.644666666666666	22.732666666666667	22.332666666666668	21.51	21.029333333333334	19.963333333333335	19.77466666666667	18.448666666666668	18.657333333333334	17.657333333333334	17.477333333333334	16.55666666666667	16.198666666666668	15.343333333333334	15.032666666666668	14.459333333333333	14.154666666666667	13.402	13.053333333333333	12.677333333333333	12.129333333333333	11.602	11.148	10.814	10.262	9.909333333333333	9.238666666666667	9.144666666666666	8.436	8.258	7.717333333333333	7.528666666666667	6.985333333333333	6.707333333333334	6.164666666666666	6.089333333333333	5.478666666666666	5.272666666666667	4.738666666666667	4.634	4.181333333333333	3.949333333333333	3.712666666666667	3.362	3.231333333333333	2.9606666666666666	2.7586666666666666	2.556	2.4133333333333336	2.240666666666667	2.1166666666666667	1.9033333333333333	1.8106666666666666	1.644	1.6273333333333333	1.4826666666666666	1.3466666666666667	1.2593333333333334	1.1626666666666667	1.048	0.9466666666666667	0.9386666666666666	0.8686666666666667	0.7366666666666667	0.7226666666666667	0.6713333333333333	0.602	0.5573333333333333	0.506	0.44866666666666666	0.43133333333333335	0.3973333333333333	0.33866666666666667	0.31133333333333335	0.27266666666666667	0.26266666666666666	0.24933333333333332	0.19266666666666668	0.17933333333333334	0.15466666666666667	0.13933333333333334	0.13666666666666666	0.12066666666666667	0.096	0.10133333333333333	0.08533333333333333	0.06933333333333333	
33.612	32.828	31.352	30.990666666666666	29.606	29.326	28.092666666666666	27.713333333333335	26.666	26.222666666666665	25.297333333333334	24.53	24.050666666666668	23.066	22.685333333333332	21.846	21.236	20.580666666666666	20.17	19.213333333333335	18.896	18.191333333333333	17.846	17.030666666666665	16.514	15.922	15.325333333333333	14.61	14.337333333333333	13.856	13.305333333333333	12.846666666666666	12.179333333333334	12.09	11.341333333333333	11.082666666666666	10.423333333333334	10.202666666666667	9.522666666666666	9.365333333333334	8.664	8.497333333333334	7.931333333333333	7.642	6.974666666666667	6.858666666666666	6.336666666666667	6.056	5.638	5.318	4.964666666666667	4.6466666666666665	4.338666666666667	4.035333333333333	3.783333333333333	3.504	3.3313333333333333	3.0946666666666665	2.76	2.7146666666666666	2.458	2.322	2.1133333333333333	2.018666666666667	1.8546666666666667	1.6793333333333333	1.602	1.5093333333333334	1.426	1.2813333333333334	1.2	1.0866666666666667	1.026	0.9386666666666666	0.8926666666666667	0.818	0.8013333333333333	0.6733333333333333	0.5826666666666667	0.578	0.49666666666666665	0.45066666666666666	0.458	0.41733333333333333	0.348	0.32266666666666666	0.2813333333333333	0.2906666666666667	0.23666666666666666	0.21066666666666667	0.184	0.19466666666666665	0.152	0.142	0.11266666666666666	0.10866666666666666	0.08533333333333333	0.08333333333333333	0.06266666666666666	
33.215333333333334	33.111333333333334	31.262666666666668	30.897333333333332	29.841333333333335	29.140666666666668	28.173333333333332	27.900666666666666	26.69333333333333	26.094666666666665	25.382666666666665	24.44333333333333	24.044	22.887333333333334	22.753333333333334	21.510666666666665	21.379333333333335	20.544666666666668	20.118666666666666	19.264666666666667	18.858666666666668	18.224666666666668	17.767333333333333	16.927333333333333	16.574	16.04	15.506666666666666	14.712	14.439333333333334	14.056666666666667	13.353333333333333	12.863333333333333	12.364666666666666	12.044666666666666	11.124666666666666	11.002	10.325333333333333	10.106666666666667	9.530666666666667	9.327333333333334	8.668	8.44	7.937333333333333	7.59	7.105333333333333	7.036666666666667	6.412	6.118666666666667	5.583333333333333	5.38	4.950666666666667	4.715333333333334	4.332	4.044666666666667	3.756	3.5766666666666667	3.3193333333333332	3.017333333333333	2.9306666666666668	2.624	2.4873333333333334	2.33	2.18	1.986	1.8766666666666667	1.698	1.6026666666666667	1.49	1.4093333333333333	1.3053333333333332	1.1773333333333333	1.1093333333333333	1.0106666666666666	0.91	0.896	0.7913333333333333	0.764	0.6866666666666666	0.64	0.548	0.558	0.4786666666666667	0.4533333333333333	0.4066666666666667	0.36333333333333334	0.3473333333333333	0.296	0.25733333333333336	0.24666666666666667	0.22133333333333333	0.19	0.20666666666666667	0.146	0.12933333333333333	0.11733333333333333	0.10266666666666667	0.08866666666666667	0.09666666666666666	0.07266666666666667	
32.96	32.498	31.117333333333335	30.332	29.630666666666666	28.988	28.004	27.318	26.478666666666665	25.772	25.305333333333333	24.272666666666666	23.71	23.065333333333335	22.512	21.522	21.27	20.137333333333334	20.002	19.019333333333332	18.610666666666667	17.9	17.576	16.831333333333333	16.441333333333333	15.468666666666667	15.385333333333334	14.600666666666667	14.286	13.705333333333334	13.194666666666667	12.714666666666666	12.374666666666666	11.859333333333334	11.264666666666667	10.991333333333333	10.338666666666667	10.034666666666666	9.394666666666666	9.27	8.480666666666666	8.401333333333334	7.737333333333333	7.418666666666667	6.992	6.731333333333334	6.3406666666666665	6.042666666666666	5.566	5.328666666666667	4.926	4.658	4.234666666666667	4.018666666666666	3.732666666666667	3.4993333333333334	3.2666666666666666	3.032	2.8886666666666665	2.6326666666666667	2.4713333333333334	2.276666666666667	2.1986666666666665	1.9426666666666668	1.842	1.7293333333333334	1.648	1.4453333333333334	1.378	1.2546666666666666	1.1473333333333333	1.1213333333333333	1.0246666666666666	0.986	0.84	0.7753333333333333	0.7306666666666667	0.6746666666666666	0.6353333333333333	0.566	0.5426666666666666	0.49333333333333335	0.42933333333333334	0.4226666666666667	0.35533333333333333	0.3313333333333333	0.2853333333333333	0.2786666666666667	0.2613333333333333	0.218	0.19533333333333333	0.19333333333333333	0.156	0.13933333333333334	0.124	0.10533333333333333	0.09466666666666666	0.084	0.07733333333333334	
32.688	32.146	30.845333333333333	30.14666666666667	28.99	28.585333333333335	27.561333333333334	27.021333333333335	26.126666666666665	25.625333333333334	24.894666666666666	24.004666666666665	23.558	22.547333333333334	22.196	21.117333333333335	20.786	19.94333333333333	19.808	18.704666666666668	18.692	17.488666666666667	17.495333333333335	16.676	16.186	15.561333333333334	15.1	14.522	13.89	13.514	13.04	12.489333333333333	12.11	11.593333333333334	11.176	10.792	10.296	10.001333333333333	9.334	9.172	8.548666666666668	8.432666666666666	7.684666666666667	7.488	6.988	6.751333333333333	6.22	5.926666666666667	5.512	5.237333333333333	4.8293333333333335	4.6626666666666665	4.241333333333333	4.044	3.6506666666666665	3.4233333333333333	3.2533333333333334	2.966	2.712	2.646	2.4553333333333334	2.34	2.1466666666666665	1.9673333333333334	1.904	1.7593333333333334	1.6066666666666667	1.486	1.3706666666666667	1.2393333333333334	1.218	1.0886666666666667	1.0453333333333332	0.882	0.8446666666666667	0.782	0.7166666666666667	0.6426666666666667	0.6053333333333333	0.5466666666666666	0.5066666666666667	0.4613333333333333	0.41	0.4206666666666667	0.368	0.32666666666666666	0.312	0.25733333333333336	0.24333333333333335	0.20866666666666667	0.2	0.18866666666666668	0.15066666666666667	0.144	0.12	0.11666666666666667	0.10066666666666667	0.07266666666666667	0.07533333333333334	
32.27	31.862	30.297333333333334	29.651333333333334	28.873333333333335	28.275333333333332	27.076	26.573333333333334	25.804666666666666	25.082666666666668	24.384666666666668	23.673333333333332	23.366	22.358666666666668	21.924	20.835333333333335	20.6	19.599333333333334	19.680666666666667	18.781333333333333	18.248	17.471333333333334	17.249333333333333	16.232666666666667	15.951333333333332	15.343333333333334	14.879333333333333	14.412	13.845333333333333	13.189333333333334	13.005333333333333	12.494666666666667	11.821333333333333	11.536	10.953333333333333	10.599333333333334	10.052666666666667	9.792666666666667	9.23	9.055333333333333	8.394666666666666	8.300666666666666	7.637333333333333	7.463333333333333	6.945333333333333	6.752666666666666	6.196	5.992	5.501333333333333	5.308666666666666	4.744666666666666	4.6273333333333335	4.232666666666667	3.9346666666666668	3.752666666666667	3.4306666666666668	3.148	3.0046666666666666	2.788	2.586	2.3766666666666665	2.198	2.1453333333333333	1.8886666666666667	1.8113333333333332	1.7613333333333334	1.5566666666666666	1.4553333333333334	1.3313333333333333	1.25	1.1913333333333334	1.076	1.0393333333333334	0.9226666666666666	0.8406666666666667	0.7946666666666666	0.7233333333333334	0.666	0.608	0.5633333333333334	0.5333333333333333	0.4786666666666667	0.42333333333333334	0.378	0.35933333333333334	0.354	0.29333333333333333	0.2693333333333333	0.216	0.20533333333333334	0.21466666666666667	0.18466666666666667	0.156	0.14933333333333335	0.12333333333333334	0.10733333333333334	0.08466666666666667	0.08533333333333333	0.06133333333333333	
31.719333333333335	31.360666666666667	29.994	29.428	28.546666666666667	27.833333333333332	26.868	26.392666666666667	25.586	24.984666666666666	24.113333333333333	23.346666666666668	22.970666666666666	22.094666666666665	21.694666666666667	20.792666666666666	20.465333333333334	19.522666666666666	19.30666666666667	18.31	17.983333333333334	17.279333333333334	16.916	16.125333333333334	15.560666666666666	15.108	14.686666666666667	14.164	13.603333333333333	13.177333333333333	12.650666666666666	12.335333333333333	11.809333333333333	11.446666666666667	10.841333333333333	10.619333333333334	9.786	9.647333333333334	9.092666666666666	8.811333333333334	8.386	8.056666666666667	7.572	7.312	6.849333333333333	6.532666666666667	6.0873333333333335	5.8693333333333335	5.53	5.1786666666666665	4.774	4.554666666666667	4.177333333333333	3.9546666666666668	3.7626666666666666	3.4433333333333334	3.1306666666666665	2.9366666666666665	2.744666666666667	2.518666666666667	2.338	2.2333333333333334	2.0606666666666666	1.8553333333333333	1.79	1.6906666666666668	1.576	1.434	1.32	1.2173333333333334	1.1546666666666667	1.0513333333333332	0.9393333333333334	0.9373333333333334	0.8613333333333333	0.75	0.712	0.67	0.598	0.5693333333333334	0.5226666666666666	0.458	0.462	0.36533333333333334	0.362	0.3353333333333333	0.2886666666666667	0.25466666666666665	0.21933333333333332	0.20733333333333334	0.17466666666666666	0.17133333333333334	0.15133333333333332	0.116	0.12	0.10333333333333333	0.10066666666666667	0.08733333333333333	0.06333333333333334	
31.528	30.805333333333333	29.423333333333332	28.901333333333334	27.89	27.245333333333335	26.55666666666667	25.869333333333334	25.410666666666668	24.345333333333333	23.991333333333333	23.027333333333335	22.508666666666667	21.744666666666667	21.580666666666666	20.290666666666667	20.192	19.104666666666667	18.98	17.989333333333335	17.877333333333333	17.099333333333334	16.732666666666667	15.825333333333333	15.8	14.901333333333334	14.532666666666668	13.716666666666667	13.362	13.155333333333333	12.548	12.068666666666667	11.557333333333334	11.253333333333334	10.711333333333334	10.308666666666667	9.776666666666667	9.577333333333334	9.077333333333334	8.772	8.203333333333333	8.104	7.326	7.268666666666666	6.576666666666667	6.526	6.056	5.744	5.299333333333333	5.088	4.868	4.519333333333333	4.198	3.8146666666666667	3.6106666666666665	3.3646666666666665	3.128	2.988	2.7026666666666666	2.614	2.434	2.1546666666666665	2.1033333333333335	1.9233333333333333	1.752	1.6073333333333333	1.5273333333333334	1.4033333333333333	1.3173333333333332	1.214	1.1613333333333333	1.0	0.9393333333333334	0.882	0.85	0.754	0.6946666666666667	0.646	0.594	0.5386666666666666	0.5266666666666666	0.4646666666666667	0.408	0.36533333333333334	0.33266666666666667	0.3233333333333333	0.2813333333333333	0.26266666666666666	0.242	0.222	0.18866666666666668	0.17	0.16466666666666666	0.14333333333333334	0.1	0.114	0.08466666666666667	0.076	0.056666666666666664	
31.02	30.498	29.290666666666667	28.656666666666666	27.530666666666665	27.00733333333333	26.200666666666667	25.680666666666667	24.759333333333334	24.292	23.418	22.525333333333332	22.238666666666667	21.452666666666666	21.266	20.020666666666667	20.002666666666666	19.237333333333332	18.782	17.806	17.553333333333335	16.781333333333333	16.463333333333335	15.595333333333333	15.370666666666667	14.724	14.327333333333334	13.826666666666666	13.439333333333334	12.903333333333334	12.217333333333332	12.087333333333333	11.477333333333334	11.159333333333333	10.692666666666666	10.271333333333333	9.532	9.560666666666666	8.934666666666667	8.630666666666666	8.108	7.749333333333333	7.251333333333333	7.1306666666666665	6.676	6.3693333333333335	5.872	5.806666666666667	5.344666666666667	5.065333333333333	4.700666666666667	4.503333333333333	4.08	3.812666666666667	3.492	3.3553333333333333	3.058	2.8773333333333335	2.6806666666666668	2.454	2.4526666666666666	2.1606666666666667	2.0486666666666666	1.8826666666666667	1.824	1.668	1.5033333333333334	1.3866666666666667	1.3126666666666666	1.2326666666666666	1.1433333333333333	1.0273333333333334	0.942	0.8993333333333333	0.8173333333333334	0.7266666666666667	0.698	0.6686666666666666	0.604	0.532	0.512	0.4093333333333333	0.4126666666666667	0.372	0.358	0.316	0.26666666666666666	0.25866666666666666	0.248	0.18666666666666668	0.17266666666666666	0.182	0.14533333333333334	0.14666666666666667	0.11066666666666666	0.106	0.07733333333333334	0.08266666666666667	0.09666666666666666	
30.676	30.020666666666667	28.796666666666667	28.270666666666667	27.177333333333333	26.888	25.988	25.244666666666667	24.510666666666665	23.616	23.284666666666666	22.544666666666668	22.124	20.941333333333333	20.914666666666665	19.733333333333334	19.798	18.814	18.528666666666666	17.504	17.356	16.594	16.314	15.514	15.428	14.59	14.182666666666666	13.741333333333333	13.120666666666667	12.779333333333334	12.274	11.664666666666667	11.181333333333333	10.959333333333333	10.457333333333333	10.254666666666667	9.591333333333333	9.236	8.832	8.420666666666667	7.978666666666666	7.766666666666667	7.341333333333333	7.110666666666667	6.612	6.284666666666666	5.949333333333334	5.602	5.346	5.008	4.572	4.4366666666666665	4.012	3.787333333333333	3.481333333333333	3.276	3.0726666666666667	2.832	2.6646666666666667	2.458666666666667	2.316666666666667	2.14	2.0446666666666666	1.8613333333333333	1.7433333333333334	1.5646666666666667	1.56	1.3146666666666667	1.282	1.1553333333333333	1.1366666666666667	1.038	0.938	0.87	0.8233333333333334	0.736	0.674	0.6513333333333333	0.612	0.5586666666666666	0.484	0.44866666666666666	0.418	0.354	0.33266666666666667	0.294	0.304	0.27066666666666667	0.22466666666666665	0.21466666666666667	0.17133333333333334	0.17066666666666666	0.152	0.13733333333333334	0.11133333333333334	0.102	0.09266666666666666	0.07866666666666666	0.066	
30.232	29.490666666666666	28.378666666666668	27.766	26.900666666666666	26.377333333333333	25.468	24.544666666666668	24.30666666666667	23.284	22.822666666666667	21.94333333333333	21.646	20.796666666666667	20.408666666666665	19.722	19.214666666666666	18.485333333333333	18.154666666666667	17.606666666666666	16.869333333333334	16.163333333333334	16.05	15.404	14.937333333333333	14.384	13.958666666666666	13.362	13.155333333333333	12.553333333333333	12.052666666666667	11.778666666666666	11.066666666666666	10.710666666666667	10.217333333333332	10.120666666666667	9.559333333333333	9.279333333333334	8.702666666666667	8.448666666666666	7.834666666666666	7.647333333333333	7.126666666666667	7.022	6.508	6.276	5.774666666666667	5.59	5.032	4.838666666666667	4.576	4.276666666666666	3.9206666666666665	3.672	3.4346666666666668	3.2213333333333334	3.0353333333333334	2.788	2.6133333333333333	2.458	2.318	2.1093333333333333	1.988	1.8753333333333333	1.694	1.5293333333333334	1.534	1.33	1.296	1.1286666666666667	1.1066666666666667	1.0046666666666666	0.96	0.834	0.83	0.7393333333333333	0.678	0.64	0.5973333333333334	0.548	0.482	0.46066666666666667	0.4086666666666667	0.3933333333333333	0.3446666666666667	0.3	0.28	0.24266666666666667	0.236	0.18466666666666667	0.18066666666666667	0.17933333333333334	0.15666666666666668	0.12	0.11933333333333333	0.11	0.09866666666666667	0.06466666666666666	0.06	
29.63533333333333	29.187333333333335	27.970666666666666	27.066	26.352	25.976	25.268666666666668	24.237333333333332	23.57	22.942	22.650666666666666	21.788	21.104666666666667	20.251333333333335	20.141333333333332	19.189333333333334	18.697333333333333	17.994666666666667	17.734	16.944666666666667	16.746666666666666	15.971333333333334	15.766	14.884666666666666	14.644	14.01	13.748	13.009333333333334	12.648666666666667	12.197333333333333	11.734666666666667	11.438	11.004	10.554	10.122666666666667	9.809333333333333	9.311333333333334	9.006666666666666	8.478666666666667	8.266666666666667	7.752666666666666	7.546666666666667	7.049333333333333	6.856	6.35	6.069333333333334	5.6226666666666665	5.502666666666666	5.006666666666667	4.766666666666667	4.620666666666667	4.201333333333333	3.834	3.682	3.4273333333333333	3.283333333333333	2.888	2.862	2.5313333333333334	2.4	2.2026666666666666	2.1446666666666667	1.8793333333333333	1.766	1.7126666666666666	1.4946666666666666	1.428	1.3133333333333332	1.2826666666666666	1.134	1.1413333333333333	0.9833333333333333	0.922	0.838	0.7933333333333333	0.7446666666666667	0.668	0.6486666666666666	0.5446666666666666	0.5333333333333333	0.47	0.43333333333333335	0.38333333333333336	0.3506666666666667	0.32466666666666666	0.31333333333333335	0.2793333333333333	0.236	0.22133333333333333	0.19133333333333333	0.172	0.154	0.16533333333333333	0.13133333333333333	0.11266666666666666	0.10333333333333333	0.09866666666666667	0.07266666666666667	0.06933333333333333	
28.790666666666667	28.2	26.99	26.914	25.893333333333334	25.195333333333334	24.499333333333333	23.857333333333333	23.254	22.444	21.981333333333332	21.269333333333332	20.586666666666666	20.094	19.696666666666665	18.716	18.436	17.65	17.541333333333334	16.663333333333334	16.293333333333333	15.598	15.298	14.682666666666666	14.344666666666667	13.715333333333334	13.432666666666666	12.788666666666666	12.342	11.908	11.636666666666667	11.228666666666667	10.625333333333334	10.390666666666666	9.8	9.444	9.067333333333334	8.862	8.402	8.076	7.672666666666666	7.478666666666666	6.857333333333333	6.705333333333333	6.209333333333333	5.940666666666667	5.516	5.374	4.929333333333333	4.792	4.34	4.113333333333333	3.7993333333333332	3.6126666666666667	3.3026666666666666	3.134	2.828	2.74	2.54	2.292666666666667	2.158	2.118	1.866	1.728	1.616	1.5393333333333334	1.4553333333333334	1.2873333333333334	1.22	1.1486666666666667	1.072	0.9866666666666667	0.8786666666666667	0.8233333333333334	0.7533333333333333	0.724	0.6633333333333333	0.6133333333333333	0.54	0.496	0.472	0.43266666666666664	0.37666666666666665	0.37133333333333335	0.33666666666666667	0.2886666666666667	0.2886666666666667	0.25733333333333336	0.20466666666666666	0.19	0.18533333333333332	0.162	0.12866666666666668	0.11733333333333333	0.12133333333333333	0.09333333333333334	0.09066666666666667	0.07533333333333334	0.07333333333333333	
28.134	27.632	26.591333333333335	25.952666666666666	25.136	24.816	23.952	23.074666666666666	22.47533333333333	22.052	21.558	20.815333333333335	20.262666666666668	19.546666666666667	19.284666666666666	18.238	18.131333333333334	17.251333333333335	17.004666666666665	16.203333333333333	16.111333333333334	15.252666666666666	14.844666666666667	14.240666666666666	14.029333333333334	13.536666666666667	12.976666666666667	12.468666666666667	12.057333333333334	11.823333333333334	11.266666666666667	10.944666666666667	10.505333333333333	10.232666666666667	9.761333333333333	9.286	8.832666666666666	8.602666666666666	8.138666666666667	7.989333333333334	7.476	7.1	6.576666666666667	6.538	6.042	5.958	5.446666666666666	5.168666666666667	4.761333333333333	4.732666666666667	4.256666666666667	4.062	3.728	3.546666666666667	3.228	3.042666666666667	2.81	2.61	2.462666666666667	2.3653333333333335	2.19	1.958	1.9846666666666666	1.7126666666666666	1.7086666666666666	1.5153333333333334	1.4093333333333333	1.2846666666666666	1.1506666666666667	1.1213333333333333	1.066	0.976	0.9173333333333333	0.8373333333333334	0.742	0.678	0.6226666666666667	0.5786666666666667	0.548	0.4866666666666667	0.48	0.44533333333333336	0.3913333333333333	0.37066666666666664	0.30533333333333335	0.29133333333333333	0.262	0.22666666666666666	0.24066666666666667	0.178	0.17933333333333334	0.158	0.13933333333333334	0.128	0.118	0.09533333333333334	0.09333333333333334	0.08066666666666666	0.056666666666666664	
27.869333333333334	27.308	25.932666666666666	25.493333333333332	24.474666666666668	24.123333333333335	23.519333333333332	22.611333333333334	22.077333333333332	21.516	20.894666666666666	20.298	19.976	19.329333333333334	18.949333333333332	17.999333333333333	17.722666666666665	16.946	16.776666666666667	15.915333333333333	15.668666666666667	14.821333333333333	14.651333333333334	14.026666666666667	13.588666666666667	13.113333333333333	12.756	12.186	11.843333333333334	11.527333333333333	11.054666666666666	10.717333333333332	10.192	10.042666666666667	9.408	9.165333333333333	8.721333333333334	8.397333333333334	7.948	7.676666666666667	7.263333333333334	7.042	6.495333333333333	6.252	5.838666666666667	5.782	5.234666666666667	5.169333333333333	4.725333333333333	4.418666666666667	4.225333333333333	3.994666666666667	3.616	3.453333333333333	3.16	3.006666666666667	2.727333333333333	2.6093333333333333	2.458666666666667	2.23	2.1273333333333335	1.9766666666666666	1.8973333333333333	1.6753333333333333	1.5213333333333334	1.4993333333333334	1.342	1.2213333333333334	1.2266666666666666	1.056	0.9733333333333334	0.9453333333333334	0.8813333333333333	0.8213333333333334	0.7606666666666667	0.68	0.66	0.59	0.536	0.472	0.48	0.438	0.3993333333333333	0.3453333333333333	0.322	0.3006666666666667	0.24133333333333334	0.24333333333333335	0.196	0.20333333333333334	0.16666666666666666	0.14066666666666666	0.12866666666666668	0.11	0.12333333333333334	0.09866666666666667	0.084	0.07933333333333334	0.06466666666666666	
26.451333333333334	26.132666666666665	25.154	24.912	23.784666666666666	23.402	22.468	22.125333333333334	21.275333333333332	20.76	20.062666666666665	19.666666666666668	19.144666666666666	18.552	18.291333333333334	17.394	17.331333333333333	16.268666666666668	16.174666666666667	15.383333333333333	15.042666666666667	14.57	14.204	13.555333333333333	13.399333333333333	12.645333333333333	12.542	11.898666666666667	11.423333333333334	11.261333333333333	10.697333333333333	10.062	10.026	9.716	9.106666666666667	8.89	8.45	8.254666666666667	7.726666666666667	7.488666666666667	7.051333333333333	6.78	6.326666666666667	6.104666666666667	5.816	5.591333333333333	5.186	4.902666666666667	4.582	4.3053333333333335	4.006	3.854	3.5086666666666666	3.4013333333333335	3.064	2.882	2.734	2.5966666666666667	2.3446666666666665	2.247333333333333	2.0446666666666666	1.9353333333333333	1.786	1.6233333333333333	1.6313333333333333	1.3946666666666667	1.3746666666666667	1.2686666666666666	1.138	1.072	1.018	0.8693333333333333	0.8653333333333333	0.762	0.7573333333333333	0.6946666666666667	0.6	0.6	0.5466666666666666	0.4646666666666667	0.418	0.41933333333333334	0.36733333333333335	0.3406666666666667	0.27266666666666667	0.30333333333333334	0.246	0.21533333333333332	0.222	0.18933333333333333	0.15066666666666667	0.15866666666666668	0.144	0.12	0.11666666666666667	0.09866666666666667	0.08	0.08	0.058666666666666666	
26.042	25.482666666666667	24.224666666666668	23.962666666666667	22.985333333333333	22.690666666666665	21.720666666666666	21.387333333333334	20.598	19.89	19.567333333333334	19.042	18.63533333333333	17.77466666666667	17.700666666666667	16.752	16.584	15.846666666666666	15.544666666666666	14.816	14.765333333333333	14.028666666666666	13.886	13.082666666666666	12.878666666666666	12.199333333333334	12.069333333333333	11.599333333333334	10.936	10.731333333333334	10.419333333333332	10.074	9.645333333333333	9.187333333333333	8.942	8.682666666666666	8.026666666666667	7.777333333333333	7.406	7.174	6.791333333333333	6.64	6.158666666666667	5.9093333333333335	5.443333333333333	5.338	5.027333333333333	4.6626666666666665	4.514	4.1786666666666665	3.8666666666666667	3.666	3.4266666666666667	3.2573333333333334	3.02	2.8213333333333335	2.5966666666666667	2.3826666666666667	2.3226666666666667	2.058666666666667	1.9973333333333334	1.818	1.7746666666666666	1.6273333333333333	1.48	1.356	1.2573333333333334	1.2073333333333334	1.1126666666666667	1.0553333333333332	0.9666666666666667	0.8466666666666667	0.8126666666666666	0.7393333333333333	0.6966666666666667	0.6393333333333333	0.5826666666666667	0.5446666666666666	0.544	0.47	0.4766666666666667	0.368	0.38533333333333336	0.30733333333333335	0.31733333333333336	0.258	0.25066666666666665	0.22133333333333333	0.18	0.174	0.15533333333333332	0.154	0.13466666666666666	0.12	0.08933333333333333	0.08	0.09533333333333334	0.06933333333333333	0.064	
24.846	24.377333333333333	23.282	23.098666666666666	21.983333333333334	21.541333333333334	20.880666666666666	20.49	19.677333333333333	19.299333333333333	18.752	18.059333333333335	17.966	17.190666666666665	16.738666666666667	16.126	15.808666666666667	15.056666666666667	15.034666666666666	14.305333333333333	14.072	13.544	13.174	12.59	12.355333333333334	11.864666666666666	11.438666666666666	11.072	10.681333333333333	10.35	9.872666666666667	9.620666666666667	9.067333333333334	9.038	8.468	8.202666666666667	7.849333333333333	7.508	7.202	6.973333333333334	6.504666666666667	6.374	5.89	5.711333333333333	5.3213333333333335	5.203333333333333	4.781333333333333	4.609333333333334	4.261333333333333	4.023333333333333	3.7146666666666666	3.542666666666667	3.28	3.032	2.9033333333333333	2.684	2.522	2.32	2.216	2.006	1.8453333333333333	1.7593333333333334	1.7013333333333334	1.5366666666666666	1.5153333333333334	1.328	1.2766666666666666	1.0993333333333333	1.0793333333333333	0.99	0.904	0.856	0.8306666666666667	0.7793333333333333	0.6653333333333333	0.6106666666666667	0.572	0.5326666666666666	0.47533333333333333	0.466	0.4226666666666667	0.37666666666666665	0.3433333333333333	0.334	0.31333333333333335	0.242	0.244	0.21266666666666667	0.19733333333333333	0.16933333333333334	0.16466666666666666	0.13533333333333333	0.12	0.11533333333333333	0.08866666666666667	0.08733333333333333	0.06933333333333333	0.06066666666666667	0.05533333333333333	
23.644666666666666	23.11	22.235333333333333	21.924666666666667	20.986666666666668	20.868666666666666	19.69	19.622666666666667	19.020666666666667	18.375333333333334	17.752	17.334666666666667	17.014	16.238666666666667	16.109333333333332	15.139333333333333	14.948	14.486	14.278	13.590666666666667	13.374	12.734666666666667	12.619333333333334	11.904	11.700666666666667	11.263333333333334	10.939333333333334	10.468666666666667	10.165333333333333	9.79	9.693333333333333	9.212666666666667	8.733333333333333	8.442	8.088666666666667	7.754	7.583333333333333	7.292	6.816666666666666	6.6306666666666665	6.177333333333333	5.993333333333333	5.684	5.500666666666667	5.132666666666666	4.918666666666667	4.5713333333333335	4.441333333333334	4.070666666666667	3.93	3.6033333333333335	3.3993333333333333	3.102	2.9426666666666668	2.762	2.534666666666667	2.378	2.224666666666667	2.0606666666666666	1.95	1.8533333333333333	1.6746666666666667	1.61	1.3933333333333333	1.38	1.278	1.1813333333333333	1.0906666666666667	1.0213333333333334	0.966	0.8926666666666667	0.808	0.734	0.68	0.6693333333333333	0.57	0.544	0.5226666666666666	0.48533333333333334	0.448	0.4093333333333333	0.37266666666666665	0.32133333333333336	0.2886666666666667	0.25866666666666666	0.25066666666666665	0.22466666666666665	0.20466666666666666	0.172	0.178	0.154	0.14333333333333334	0.10933333333333334	0.116	0.08266666666666667	0.08666666666666667	0.084	0.062	0.05733333333333333	
22.411333333333335	22.09	20.866666666666667	20.894666666666666	19.775333333333332	19.292666666666666	18.771333333333335	18.656666666666666	17.8	17.448	17.062666666666665	16.528	15.966666666666667	15.375333333333334	15.096	14.581333333333333	14.438	13.701333333333332	13.664	12.767333333333333	12.765333333333333	12.058	12.018	11.322	11.022	10.561333333333334	10.292666666666667	10.024	9.642	9.289333333333333	9.002666666666666	8.607333333333333	8.286	7.9286666666666665	7.666666666666667	7.560666666666667	7.131333333333333	7.012666666666667	6.456	6.341333333333333	5.917333333333334	5.7	5.315333333333333	5.094	4.774666666666667	4.716	4.319333333333334	4.154	3.9013333333333335	3.723333333333333	3.3453333333333335	3.256	3.034	2.8146666666666667	2.6466666666666665	2.4513333333333334	2.2813333333333334	2.188	2.0566666666666666	1.8793333333333333	1.7786666666666666	1.6093333333333333	1.462	1.4266666666666667	1.2546666666666666	1.1913333333333334	1.1746666666666667	1.0393333333333334	0.958	0.862	0.8273333333333334	0.774	0.7113333333333334	0.6746666666666666	0.6286666666666667	0.5766666666666667	0.532	0.47	0.44466666666666665	0.392	0.376	0.338	0.29333333333333333	0.2846666666666667	0.264	0.24133333333333334	0.22333333333333333	0.186	0.16933333333333334	0.17	0.15333333333333332	0.13466666666666666	0.10066666666666667	0.09066666666666667	0.08466666666666667	0.07666666666666666	0.06	0.059333333333333335	0.04733333333333333	
21.178	20.516666666666666	19.902	19.49	18.644666666666666	18.431333333333335	17.99266666666667	17.337333333333333	16.994666666666667	16.295333333333332	15.923333333333334	15.466666666666667	15.276	14.627333333333333	14.356	13.784666666666666	13.524	12.768666666666666	12.708	12.078666666666667	11.918666666666667	11.481333333333334	11.24	10.591333333333333	10.428	9.84	9.747333333333334	9.318	9.206666666666667	8.683333333333334	8.407333333333334	8.153333333333334	7.806	7.638	7.282	7.1226666666666665	6.578666666666667	6.506666666666667	6.013333333333334	5.889333333333333	5.6353333333333335	5.32	5.027333333333333	4.911333333333333	4.566666666666666	4.34	4.038666666666667	3.908	3.5933333333333333	3.437333333333333	3.255333333333333	3.0946666666666665	2.8213333333333335	2.57	2.493333333333333	2.2626666666666666	2.1286666666666667	2.0353333333333334	1.828	1.768	1.67	1.4653333333333334	1.4586666666666666	1.2606666666666666	1.238	1.1566666666666667	1.106	0.9606666666666667	0.9093333333333333	0.86	0.818	0.702	0.6246666666666667	0.628	0.55	0.6033333333333334	0.5093333333333333	0.4846666666666667	0.414	0.3953333333333333	0.346	0.338	0.31533333333333335	0.284	0.26	0.21933333333333332	0.20733333333333334	0.18333333333333332	0.16866666666666666	0.15066666666666667	0.13266666666666665	0.11333333333333333	0.09733333333333333	0.08666666666666667	0.074	0.08533333333333333	0.06666666666666667	0.06866666666666667	0.04133333333333333	
19.92866666666667	19.523333333333333	18.758666666666667	18.184	17.716666666666665	17.093333333333334	16.718	16.461333333333332	15.808	15.433333333333334	14.950666666666667	14.568666666666667	14.124666666666666	13.624666666666666	13.542	12.908	12.829333333333333	12.144	11.792	11.366	11.224666666666666	10.635333333333334	10.564	10.019333333333334	9.823333333333334	9.283333333333333	9.177333333333333	8.790666666666667	8.504666666666667	8.247333333333334	7.894	7.736666666666666	7.373333333333333	7.168666666666667	6.793333333333333	6.688666666666666	6.165333333333334	6.052666666666667	5.666666666666667	5.582	5.243333333333333	5.065333333333333	4.683333333333334	4.6193333333333335	4.366666666666666	4.142666666666667	3.944	3.6933333333333334	3.4953333333333334	3.318	3.1473333333333335	2.8533333333333335	2.6966666666666668	2.441333333333333	2.3433333333333333	2.142	2.008	1.8406666666666667	1.7873333333333334	1.6346666666666667	1.5033333333333334	1.4573333333333334	1.3626666666666667	1.2513333333333334	1.1713333333333333	1.0706666666666667	1.0013333333333334	0.8886666666666667	0.8733333333333333	0.7493333333333333	0.748	0.728	0.7	0.5826666666666667	0.5833333333333334	0.5193333333333333	0.5006666666666667	0.42133333333333334	0.4013333333333333	0.3606666666666667	0.36133333333333334	0.28733333333333333	0.30533333333333335	0.252	0.244	0.21533333333333332	0.19066666666666668	0.16733333333333333	0.14866666666666667	0.14666666666666667	0.12933333333333333	0.12133333333333333	0.11333333333333333	0.09533333333333334	0.07533333333333334	0.06666666666666667	0.056666666666666664	0.064	0.05266666666666667	
18.597333333333335	18.152666666666665	17.470666666666666	17.218	16.520666666666667	16.164666666666665	15.602666666666666	15.410666666666666	14.901333333333334	14.413333333333334	13.945333333333334	13.586	13.324	12.868	12.633333333333333	12.056	11.952666666666667	11.329333333333333	11.135333333333334	10.662666666666667	10.536	9.896	9.797333333333333	9.35	9.124	8.904666666666667	8.571333333333333	8.447333333333333	8.064	7.681333333333333	7.485333333333333	7.228666666666666	6.908666666666667	6.588666666666667	6.438666666666666	6.065333333333333	5.956666666666667	5.755333333333334	5.326	5.148	4.924	4.789333333333333	4.461333333333333	4.362666666666667	4.033333333333333	3.816	3.646	3.502	3.1733333333333333	3.114	2.752666666666667	2.656	2.54	2.3406666666666665	2.222	2.074	1.9126666666666667	1.7426666666666666	1.7146666666666666	1.518	1.488	1.3886666666666667	1.2573333333333334	1.182	1.0933333333333333	1.038	0.9626666666666667	0.8526666666666667	0.8553333333333333	0.7566666666666667	0.6853333333333333	0.664	0.6206666666666667	0.5446666666666666	0.542	0.48933333333333334	0.416	0.4033333333333333	0.386	0.3373333333333333	0.31933333333333336	0.2753333333333333	0.2793333333333333	0.244	0.20733333333333334	0.18866666666666668	0.17	0.14066666666666666	0.14066666666666666	0.158	0.112	0.1	0.09133333333333334	0.1	0.07533333333333334	0.06933333333333333	0.050666666666666665	0.04666666666666667	0.03933333333333333	
17.831333333333333	17.594	16.691333333333333	16.680666666666667	15.952	15.483333333333333	15.151333333333334	14.812	14.358	13.892	13.582666666666666	13.105333333333334	12.939333333333334	12.246666666666666	12.130666666666666	11.546	11.496666666666666	10.854	10.943333333333333	10.365333333333334	10.260666666666667	9.781333333333333	9.47	9.206666666666667	8.851333333333333	8.498666666666667	8.388	7.992	7.666666666666667	7.496	7.284	6.9366666666666665	6.748	6.334	6.1066666666666665	5.972666666666667	5.633333333333334	5.395333333333333	5.203333333333333	5.1033333333333335	4.672666666666666	4.596666666666667	4.39	4.284	3.814	3.736666666666667	3.5493333333333332	3.3273333333333333	3.1233333333333335	2.9646666666666666	2.726	2.6766666666666667	2.414	2.3486666666666665	2.0553333333333335	1.9486666666666668	1.8493333333333333	1.7	1.6053333333333333	1.45	1.4453333333333334	1.2966666666666666	1.2253333333333334	1.154	1.0933333333333333	0.9786666666666667	0.9546666666666667	0.8486666666666667	0.7953333333333333	0.73	0.684	0.64	0.6093333333333333	0.5526666666666666	0.5133333333333333	0.42866666666666664	0.428	0.39266666666666666	0.3546666666666667	0.342	0.31133333333333335	0.2713333333333333	0.25133333333333335	0.24	0.21933333333333332	0.17066666666666666	0.174	0.16533333333333333	0.122	0.13533333333333333	0.124	0.11066666666666666	0.096	0.09666666666666666	0.078	0.054	0.05333333333333334	0.05533333333333333	0.04466666666666667	
17.228666666666665	17.088666666666665	16.151333333333334	15.827333333333334	15.432	15.185333333333332	14.855333333333334	14.294666666666666	13.865333333333334	13.390666666666666	13.179333333333334	12.758	12.524666666666667	12.006	11.932666666666666	11.123333333333333	11.035333333333334	10.713333333333333	10.428666666666667	9.924	9.706666666666667	9.326	9.256	8.873333333333333	8.729333333333333	8.182666666666666	7.923333333333333	7.67	7.480666666666667	7.295333333333334	6.918	6.718666666666667	6.425333333333334	6.257333333333333	5.859333333333334	5.745333333333333	5.417333333333334	5.192666666666667	5.007333333333333	4.860666666666667	4.550666666666666	4.320666666666667	4.209333333333333	4.072	3.7973333333333334	3.596	3.316666666666667	3.2426666666666666	2.942	2.904	2.6806666666666668	2.58	2.3826666666666667	2.1573333333333333	1.9846666666666666	1.9733333333333334	1.8113333333333332	1.6273333333333333	1.5346666666666666	1.418	1.3293333333333333	1.252	1.154	1.0613333333333332	1.078	0.9693333333333334	0.8573333333333333	0.81	0.7466666666666667	0.7173333333333334	0.6786666666666666	0.618	0.58	0.554	0.49066666666666664	0.446	0.428	0.38	0.378	0.3253333333333333	0.29133333333333333	0.288	0.22666666666666666	0.21933333333333332	0.204	0.18533333333333332	0.168	0.16733333333333333	0.13933333333333334	0.11133333333333334	0.108	0.08533333333333333	0.096	0.09666666666666666	0.08133333333333333	0.06066666666666667	0.05	0.04466666666666667	0.037333333333333336	
16.570666666666668	16.419333333333334	15.57	15.291333333333334	14.616666666666667	14.371333333333334	14.167333333333334	13.675333333333333	13.474666666666666	12.976666666666667	12.518	12.134	12.118666666666666	11.441333333333333	11.396666666666667	10.815333333333333	10.622666666666667	10.216	10.022666666666666	9.695333333333334	9.411333333333333	8.953333333333333	9.025333333333334	8.371333333333334	8.278666666666666	7.828	7.87	7.542	7.316666666666666	6.889333333333333	6.738666666666667	6.446666666666666	6.152666666666667	6.017333333333333	5.702	5.609333333333334	5.322666666666667	5.097333333333333	4.884666666666667	4.709333333333333	4.3966666666666665	4.282	3.9386666666666668	3.8993333333333333	3.5073333333333334	3.4446666666666665	3.1966666666666668	3.308666666666667	2.8353333333333333	2.6473333333333335	2.537333333333333	2.4093333333333335	2.2466666666666666	2.0973333333333333	1.9853333333333334	1.8466666666666667	1.736	1.6126666666666667	1.526	1.41	1.3166666666666667	1.2033333333333334	1.12	1.0373333333333334	1.0253333333333334	0.8813333333333333	0.8506666666666667	0.7813333333333333	0.756	0.6286666666666667	0.6126666666666667	0.588	0.542	0.488	0.4846666666666667	0.4266666666666667	0.39866666666666667	0.364	0.352	0.344	0.28733333333333333	0.2713333333333333	0.242	0.23333333333333334	0.20933333333333334	0.166	0.164	0.14333333333333334	0.14133333333333334	0.128	0.10533333333333333	0.09533333333333334	0.09066666666666667	0.06533333333333333	0.07533333333333334	0.07266666666666667	0.048	0.04133333333333333	0.042666666666666665	
16.047333333333334	15.902	14.75	14.844666666666667	14.299333333333333	14.028666666666666	13.426	13.186	12.896666666666667	12.306666666666667	12.108	11.588	11.530666666666667	11.094	10.872	10.37	10.309333333333333	10.070666666666666	9.597333333333333	9.042	9.084666666666667	8.705333333333334	8.538666666666666	8.094	7.998	7.72	7.3886666666666665	7.142666666666667	6.916666666666667	6.683333333333334	6.4	6.188	5.872	5.765333333333333	5.382	5.411333333333333	5.094	4.939333333333333	4.524	4.492666666666667	4.278	4.100666666666666	3.832666666666667	3.720666666666667	3.4793333333333334	3.4026666666666667	3.054666666666667	2.941333333333333	2.7266666666666666	2.6613333333333333	2.4873333333333334	2.324666666666667	2.172	1.9993333333333334	1.9426666666666668	1.7766666666666666	1.6286666666666667	1.5233333333333334	1.4146666666666667	1.3213333333333332	1.2193333333333334	1.16	1.11	0.982	0.99	0.904	0.82	0.7746666666666666	0.7033333333333334	0.676	0.608	0.5533333333333333	0.5173333333333333	0.49	0.4613333333333333	0.418	0.3873333333333333	0.3626666666666667	0.3353333333333333	0.2886666666666667	0.27266666666666667	0.24666666666666667	0.246	0.212	0.19733333333333333	0.182	0.14866666666666667	0.14666666666666667	0.13066666666666665	0.108	0.10666666666666667	0.10666666666666667	0.07266666666666667	0.08266666666666667	0.06466666666666666	0.058	0.04933333333333333	0.04133333333333333	0.029333333333333333	
15.411333333333333	15.035333333333334	14.48	14.382666666666667	13.558	13.606666666666667	12.876666666666667	12.624666666666666	12.312666666666667	12.069333333333333	11.815333333333333	11.153333333333334	11.108666666666666	10.602666666666666	10.48	9.914666666666667	9.782	9.46	9.141333333333334	8.808	8.741333333333333	8.338666666666667	8.094	7.787333333333334	7.739333333333334	7.304	7.078	6.923333333333333	6.674666666666667	6.504	6.153333333333333	5.95	5.59	5.517333333333333	5.3486666666666665	5.010666666666666	4.875333333333334	4.737333333333333	4.489333333333334	4.3726666666666665	3.978	3.918	3.7653333333333334	3.4873333333333334	3.262	3.13	3.0353333333333334	2.8526666666666665	2.7346666666666666	2.562	2.3853333333333335	2.2706666666666666	2.1133333333333333	1.972	1.7766666666666666	1.726	1.5473333333333332	1.4566666666666668	1.3846666666666667	1.2553333333333334	1.23	1.1706666666666667	1.044	0.9733333333333334	0.9466666666666667	0.804	0.8193333333333334	0.7446666666666667	0.712	0.6386666666666667	0.5886666666666667	0.5186666666666667	0.476	0.486	0.42333333333333334	0.40066666666666667	0.37666666666666665	0.35333333333333333	0.294	0.294	0.276	0.23333333333333334	0.24	0.212	0.16533333333333333	0.16533333333333333	0.15333333333333332	0.132	0.12066666666666667	0.1	0.114	0.08933333333333333	0.07133333333333333	0.07266666666666667	0.06533333333333333	0.06066666666666667	0.04733333333333333	0.043333333333333335	0.038	
14.819333333333333	14.318666666666667	13.814666666666668	13.574	13.093333333333334	12.855333333333334	12.398	12.184666666666667	11.847333333333333	11.47	11.289333333333333	10.794	10.578	10.272666666666666	9.964666666666666	9.47	9.371333333333334	9.116	8.952666666666667	8.464	8.262666666666666	7.984666666666667	7.6433333333333335	7.481333333333334	7.45	6.966666666666667	6.931333333333333	6.608	6.366	6.145333333333333	5.866666666666666	5.720666666666666	5.3613333333333335	5.212666666666666	5.084666666666666	4.887333333333333	4.684	4.504	4.258666666666667	4.226666666666667	3.8726666666666665	3.7586666666666666	3.542666666666667	3.4066666666666667	3.219333333333333	3.0926666666666667	2.8133333333333335	2.747333333333333	2.606	2.476	2.204	2.175333333333333	1.9853333333333334	1.8606666666666667	1.6553333333333333	1.6073333333333333	1.486	1.418	1.3773333333333333	1.174	1.2146666666666666	1.146	1.0193333333333334	0.9246666666666666	0.888	0.8126666666666666	0.7413333333333333	0.698	0.6373333333333333	0.5926666666666667	0.574	0.5393333333333333	0.5	0.45666666666666667	0.418	0.386	0.36466666666666664	0.33266666666666667	0.28933333333333333	0.2846666666666667	0.2866666666666667	0.23666666666666666	0.23	0.20866666666666667	0.19066666666666668	0.14133333333333334	0.13	0.154	0.12533333333333332	0.12066666666666667	0.10333333333333333	0.086	0.07933333333333334	0.064	0.06133333333333333	0.04933333333333333	0.046	0.04466666666666667	0.032	
14.255333333333333	13.704	13.284666666666666	12.998	12.402666666666667	12.382	11.822	11.554	11.245333333333333	10.99	10.916666666666666	10.368	10.250666666666667	9.792666666666667	9.676666666666666	9.179333333333334	9.072	8.618	8.58	8.014	7.91	7.722666666666667	7.550666666666666	7.259333333333333	6.982666666666667	6.8373333333333335	6.552666666666667	6.239333333333334	5.99	5.785333333333333	5.742666666666667	5.511333333333333	5.207333333333334	5.1146666666666665	4.882666666666666	4.678	4.434	4.3453333333333335	4.136666666666667	3.9306666666666668	3.6853333333333333	3.6966666666666668	3.41	3.280666666666667	3.12	2.9346666666666668	2.788666666666667	2.6806666666666668	2.4186666666666667	2.3373333333333335	2.1986666666666665	2.050666666666667	1.87	1.7913333333333334	1.6286666666666667	1.538	1.4293333333333333	1.328	1.2473333333333334	1.1793333333333333	1.1293333333333333	1.048	0.9846666666666667	0.9146666666666666	0.8093333333333333	0.7886666666666666	0.7266666666666667	0.7113333333333334	0.6153333333333333	0.5653333333333334	0.5753333333333334	0.5146666666666667	0.4806666666666667	0.43266666666666664	0.4053333333333333	0.34933333333333333	0.31933333333333336	0.30266666666666664	0.30933333333333335	0.248	0.24866666666666667	0.216	0.19	0.186	0.178	0.152	0.13266666666666665	0.11733333333333333	0.12	0.09	0.08933333333333333	0.08533333333333333	0.076	0.06266666666666666	0.06533333333333333	0.051333333333333335	0.04533333333333334	0.04666666666666667	0.034666666666666665	
13.380666666666666	13.175333333333333	12.898	12.544666666666666	12.046666666666667	11.804666666666666	11.305333333333333	11.197333333333333	10.906	10.464	10.460666666666667	9.970666666666666	9.530666666666667	9.256666666666666	9.202	8.842	8.770666666666667	8.228666666666667	8.130666666666666	7.802666666666667	7.722666666666667	7.33	7.264666666666667	6.972	6.778	6.510666666666666	6.285333333333333	6.008666666666667	5.834666666666666	5.556666666666667	5.507333333333333	5.363333333333333	5.072666666666667	4.782	4.6146666666666665	4.6226666666666665	4.3213333333333335	4.035333333333333	3.9366666666666665	3.8893333333333335	3.5553333333333335	3.458666666666667	3.21	3.1186666666666665	2.8986666666666667	2.8826666666666667	2.6486666666666667	2.576	2.3633333333333333	2.158	2.082	1.9333333333333333	1.8513333333333333	1.8046666666666666	1.6466666666666667	1.544	1.398	1.248	1.266	1.112	1.0553333333333332	0.9333333333333333	0.982	0.838	0.7726666666666666	0.7533333333333333	0.702	0.64	0.586	0.538	0.5373333333333333	0.486	0.46	0.3953333333333333	0.384	0.314	0.304	0.31	0.2806666666666667	0.228	0.23866666666666667	0.22266666666666668	0.18933333333333333	0.17733333333333334	0.14466666666666667	0.15533333333333332	0.13333333333333333	0.14	0.10533333333333333	0.10133333333333333	0.08933333333333333	0.078	0.074	0.06733333333333333	0.06666666666666667	0.052	0.032	0.035333333333333335	0.028	
12.911333333333333	12.767333333333333	12.122666666666667	12.065333333333333	11.606666666666667	11.18	10.886666666666667	10.676666666666666	10.312	10.13	9.888	9.406	9.186666666666667	8.84	8.666	8.439333333333334	8.391333333333334	7.979333333333333	7.796666666666667	7.598	7.354666666666667	7.104666666666667	6.876	6.576666666666667	6.3773333333333335	6.164666666666666	5.984	5.655333333333333	5.560666666666667	5.349333333333333	5.146	5.110666666666667	4.808	4.628666666666667	4.422666666666666	4.208	3.978	3.934	3.792	3.6113333333333335	3.43	3.3693333333333335	3.09	2.972	2.779333333333333	2.751333333333333	2.441333333333333	2.4486666666666665	2.2586666666666666	2.0673333333333335	1.946	1.8666666666666667	1.7966666666666666	1.6746666666666667	1.4433333333333334	1.438	1.372	1.2446666666666666	1.1373333333333333	1.1246666666666667	1.0433333333333332	0.9206666666666666	0.9033333333333333	0.84	0.8133333333333334	0.7146666666666667	0.656	0.61	0.5873333333333334	0.5446666666666666	0.4886666666666667	0.466	0.4166666666666667	0.4	0.38466666666666666	0.33666666666666667	0.31266666666666665	0.2786666666666667	0.262	0.21866666666666668	0.232	0.18733333333333332	0.18266666666666667	0.178	0.16733333333333333	0.15866666666666668	0.12733333333333333	0.11533333333333333	0.10866666666666666	0.09266666666666666	0.08733333333333333	0.06933333333333333	0.058666666666666666	0.07066666666666667	0.05	0.04733333333333333	0.034666666666666665	0.03333333333333333	0.035333333333333335	
12.411333333333333	12.178	11.521333333333333	11.316666666666666	10.940666666666667	10.866666666666667	10.365333333333334	10.275333333333334	10.02	9.672666666666666	9.289333333333333	9.161333333333333	8.945333333333334	8.404666666666667	8.48	8.056666666666667	7.878	7.663333333333333	7.466666666666667	7.0906666666666665	6.978666666666666	6.716666666666667	6.622	6.257333333333333	6.076666666666667	5.8646666666666665	5.706	5.490666666666667	5.324	5.105333333333333	4.942666666666667	4.744666666666666	4.567333333333333	4.423333333333333	4.112666666666667	4.168666666666667	3.884	3.7733333333333334	3.6433333333333335	3.5753333333333335	3.348	3.1973333333333334	2.989333333333333	2.8586666666666667	2.6986666666666665	2.59	2.4053333333333335	2.2586666666666666	2.1606666666666667	2.0893333333333333	1.8766666666666667	1.8026666666666666	1.694	1.6253333333333333	1.4626666666666666	1.4406666666666668	1.3293333333333333	1.2213333333333334	1.0993333333333333	1.0393333333333334	0.9633333333333334	0.8513333333333334	0.8286666666666667	0.7886666666666666	0.73	0.694	0.6706666666666666	0.5973333333333334	0.5573333333333333	0.52	0.47733333333333333	0.4673333333333333	0.412	0.3893333333333333	0.3546666666666667	0.33266666666666667	0.292	0.2773333333333333	0.254	0.25866666666666666	0.21	0.19666666666666666	0.166	0.17666666666666667	0.13733333333333334	0.14066666666666666	0.126	0.108	0.10133333333333333	0.092	0.08066666666666666	0.082	0.07333333333333333	0.058666666666666666	0.048	0.04133333333333333	0.04533333333333334	0.030666666666666665	0.030666666666666665	
11.780666666666667	11.543333333333333	11.137333333333334	10.924666666666667	10.445333333333334	10.284666666666666	9.920666666666667	9.666	9.427333333333333	9.122666666666667	8.962	8.600666666666667	8.494666666666667	8.071333333333333	7.925333333333334	7.625333333333334	7.578666666666667	7.242666666666667	7.164666666666666	6.9	6.612666666666667	6.473333333333334	6.352	6.031333333333333	5.742666666666667	5.671333333333333	5.3406666666666665	5.247333333333334	5.070666666666667	4.976	4.706	4.523333333333333	4.416	4.238666666666667	3.932	4.036	3.738	3.678	3.481333333333333	3.3626666666666667	3.0873333333333335	2.98	2.8593333333333333	2.7413333333333334	2.558	2.466	2.31	2.2173333333333334	2.046	1.898	1.7973333333333332	1.7146666666666666	1.648	1.476	1.3713333333333333	1.3353333333333333	1.2446666666666666	1.1353333333333333	1.0673333333333332	0.9966666666666667	0.9086666666666666	0.824	0.8153333333333334	0.78	0.7166666666666667	0.6386666666666667	0.6213333333333333	0.5886666666666667	0.528	0.486	0.462	0.432	0.36666666666666664	0.348	0.346	0.31	0.274	0.25666666666666665	0.23	0.236	0.214	0.20133333333333334	0.178	0.16066666666666668	0.14933333333333335	0.14933333333333335	0.116	0.09933333333333333	0.084	0.07533333333333334	0.10133333333333333	0.06866666666666667	0.066	0.056	0.050666666666666665	0.034666666666666665	0.037333333333333336	0.03333333333333333	0.023333333333333334	
11.392	11.136666666666667	10.607333333333333	10.577333333333334	10.064	9.890666666666666	9.606666666666667	9.415333333333333	9.244666666666667	8.826	8.536	8.298666666666668	8.282666666666668	7.961333333333333	7.679333333333333	7.386666666666667	7.367333333333334	7.106	6.906666666666666	6.584666666666666	6.57	6.147333333333333	6.078666666666667	5.924666666666667	5.737333333333333	5.384666666666667	5.352	5.045333333333334	4.892666666666667	4.830666666666667	4.687333333333333	4.474	4.262666666666667	4.09	3.9313333333333333	3.8613333333333335	3.5593333333333335	3.402	3.2866666666666666	3.2146666666666666	3.0166666666666666	2.958666666666667	2.72	2.646	2.4566666666666666	2.4346666666666668	2.2506666666666666	2.1246666666666667	2.054	1.906	1.754	1.7126666666666666	1.5546666666666666	1.4933333333333334	1.3526666666666667	1.2606666666666666	1.1966666666666668	1.118	1.036	0.97	0.9253333333333333	0.8126666666666666	0.8013333333333333	0.694	0.6586666666666666	0.632	0.582	0.5366666666666666	0.5253333333333333	0.49266666666666664	0.4166666666666667	0.4053333333333333	0.39066666666666666	0.38	0.3006666666666667	0.31333333333333335	0.2986666666666667	0.24533333333333332	0.22533333333333333	0.216	0.20266666666666666	0.2	0.17266666666666666	0.14933333333333335	0.12466666666666666	0.126	0.096	0.10666666666666667	0.10266666666666667	0.074	0.074	0.074	0.06	0.050666666666666665	0.058666666666666666	0.03666666666666667	0.037333333333333336	0.028666666666666667	0.019333333333333334	
11.278	11.040666666666667	10.612666666666666	10.586666666666666	10.154	9.831333333333333	9.426666666666666	9.444666666666667	9.212666666666667	8.841333333333333	8.820666666666666	8.306666666666667	8.190666666666667	7.788	7.818666666666667	7.414	7.272	6.973333333333334	6.8613333333333335	6.519333333333333	6.44	6.1226666666666665	6.1	5.956666666666667	5.700666666666667	5.440666666666667	5.27	5.156	4.92	4.762666666666667	4.593333333333334	4.422666666666666	4.397333333333333	3.981333333333333	3.9006666666666665	3.8093333333333335	3.546666666666667	3.442	3.2893333333333334	3.272666666666667	3.0113333333333334	2.9166666666666665	2.7466666666666666	2.6553333333333335	2.488	2.4066666666666667	2.216	2.1333333333333333	2.042666666666667	1.9226666666666667	1.7113333333333334	1.6253333333333333	1.532	1.4106666666666667	1.3053333333333332	1.25	1.2086666666666666	1.1093333333333333	1.0213333333333334	0.916	0.8746666666666667	0.8033333333333333	0.8046666666666666	0.7253333333333334	0.6606666666666666	0.5966666666666667	0.614	0.5766666666666667	0.52	0.4686666666666667	0.4686666666666667	0.41733333333333333	0.35333333333333333	0.37733333333333335	0.30933333333333335	0.2906666666666667	0.274	0.25533333333333336	0.22066666666666668	0.21466666666666667	0.20066666666666666	0.172	0.15666666666666668	0.158	0.13	0.12333333333333334	0.10333333333333333	0.09066666666666667	0.09133333333333334	0.08466666666666667	0.07533333333333334	0.07466666666666667	0.06066666666666667	0.056	0.05	0.034666666666666665	0.048	0.030666666666666665	0.036	
11.310666666666666	11.088666666666667	10.672	10.452666666666667	9.938666666666666	9.889333333333333	9.572666666666667	9.286	8.995333333333333	8.751333333333333	8.614666666666666	8.454	8.015333333333333	7.77	7.658	7.3293333333333335	7.265333333333333	6.846666666666667	6.812	6.495333333333333	6.432666666666667	6.1113333333333335	6.058666666666666	5.842666666666666	5.668	5.422	5.276	5.142666666666667	4.892666666666667	4.747333333333334	4.570666666666667	4.308	4.173333333333333	4.0553333333333335	3.969333333333333	3.716666666666667	3.5773333333333333	3.4233333333333333	3.258	3.247333333333333	2.978	2.924	2.668	2.5813333333333333	2.5166666666666666	2.4393333333333334	2.2006666666666668	2.1466666666666665	1.9613333333333334	1.8353333333333333	1.6966666666666668	1.6626666666666667	1.53	1.4913333333333334	1.3413333333333333	1.232	1.1746666666666667	1.0806666666666667	1.024	0.9073333333333333	0.8633333333333333	0.8653333333333333	0.8033333333333333	0.7166666666666667	0.6686666666666666	0.6453333333333333	0.604	0.532	0.5333333333333333	0.4633333333333333	0.44	0.42733333333333334	0.36733333333333335	0.36666666666666664	0.326	0.308	0.292	0.258	0.22333333333333333	0.21266666666666667	0.20266666666666666	0.16466666666666666	0.142	0.168	0.13733333333333334	0.11133333333333334	0.10733333333333334	0.096	0.08933333333333333	0.094	0.07	0.07333333333333333	0.064	0.05533333333333333	0.048666666666666664	0.03333333333333333	0.034666666666666665	0.024	0.028	
11.323333333333334	11.056666666666667	10.534666666666666	10.422666666666666	9.996666666666666	9.988	9.472666666666667	9.21	9.037333333333333	8.774666666666667	8.536	8.366666666666667	8.028	7.85	7.744	7.166666666666667	7.223333333333334	6.847333333333333	6.746	6.6066666666666665	6.454	6.125333333333334	6.014666666666667	5.704666666666666	5.665333333333334	5.370666666666667	5.24	5.080666666666667	5.0	4.620666666666667	4.558666666666666	4.316	4.101333333333334	4.091333333333333	3.8773333333333335	3.74	3.508	3.4106666666666667	3.2866666666666666	3.2133333333333334	2.906	2.946	2.668	2.6393333333333335	2.3953333333333333	2.4146666666666667	2.206	2.1293333333333333	1.988	1.9113333333333333	1.8026666666666666	1.6993333333333334	1.5053333333333334	1.4773333333333334	1.3206666666666667	1.3173333333333332	1.1733333333333333	1.0953333333333333	1.0706666666666667	0.9333333333333333	0.9233333333333333	0.8	0.7313333333333333	0.736	0.668	0.6486666666666666	0.5873333333333334	0.5633333333333334	0.5286666666666666	0.46066666666666667	0.42933333333333334	0.414	0.41133333333333333	0.368	0.3426666666666667	0.28933333333333333	0.26066666666666666	0.2613333333333333	0.24733333333333332	0.20733333333333334	0.182	0.19533333333333333	0.166	0.146	0.13	0.12466666666666666	0.12133333333333333	0.11466666666666667	0.09866666666666667	0.096	0.06933333333333333	0.06333333333333334	0.058	0.056	0.052	0.04133333333333333	0.035333333333333335	0.03133333333333333	0.028	
11.155333333333333	10.926666666666666	10.619333333333334	10.433333333333334	9.960666666666667	9.806666666666667	9.491333333333333	9.291333333333334	8.990666666666666	8.679333333333334	8.47	8.159333333333333	8.008	7.712	7.642	7.323333333333333	7.248666666666667	6.878	6.897333333333333	6.392	6.386666666666667	6.094	5.913333333333333	5.736666666666666	5.628	5.351333333333334	5.204666666666666	5.08	4.948	4.74	4.528	4.35	4.175333333333334	3.9753333333333334	3.8093333333333335	3.748	3.5073333333333334	3.5233333333333334	3.3473333333333333	3.1566666666666667	3.006	2.9113333333333333	2.6633333333333336	2.6146666666666665	2.4713333333333334	2.328	2.216666666666667	2.128	1.9973333333333334	1.8606666666666667	1.6946666666666668	1.6766666666666667	1.5	1.422	1.3533333333333333	1.2633333333333334	1.174	1.0806666666666667	1.0466666666666666	0.9646666666666667	0.9033333333333333	0.8133333333333334	0.744	0.7093333333333334	0.6773333333333333	0.6113333333333333	0.5873333333333334	0.5133333333333333	0.512	0.494	0.45266666666666666	0.4166666666666667	0.3913333333333333	0.354	0.322	0.29933333333333334	0.2833333333333333	0.26666666666666666	0.25933333333333336	0.20466666666666666	0.20066666666666666	0.17533333333333334	0.15533333333333332	0.14466666666666667	0.134	0.132	0.11533333333333333	0.09	0.10466666666666667	0.092	0.06533333333333333	0.068	0.05333333333333334	0.05266666666666667	0.04066666666666666	0.03933333333333333	0.04133333333333333	0.026	0.020666666666666667	
11.106666666666667	10.978666666666667	10.476666666666667	10.356	10.072	9.698	9.401333333333334	9.191333333333333	9.020666666666667	8.655333333333333	8.395333333333333	8.163333333333334	8.109333333333334	7.704	7.586666666666667	7.164	7.18	6.931333333333333	6.846666666666667	6.303333333333334	6.327333333333334	6.001333333333333	6.03	5.688	5.548666666666667	5.39	5.184	4.985333333333333	4.834	4.6033333333333335	4.482666666666667	4.384	4.21	3.986666666666667	3.8293333333333335	3.735333333333333	3.4873333333333334	3.47	3.2226666666666666	3.2453333333333334	2.9133333333333336	2.992	2.699333333333333	2.5633333333333335	2.477333333333333	2.2993333333333332	2.208666666666667	2.1526666666666667	1.9746666666666666	1.8546666666666667	1.7	1.622	1.4973333333333334	1.398	1.2793333333333334	1.2653333333333334	1.21	1.082	1.0453333333333332	0.9586666666666667	0.874	0.802	0.744	0.7466666666666667	0.6786666666666666	0.594	0.6166666666666667	0.5206666666666667	0.5146666666666667	0.478	0.454	0.412	0.356	0.358	0.31866666666666665	0.29933333333333334	0.2693333333333333	0.2613333333333333	0.23533333333333334	0.20733333333333334	0.202	0.188	0.16266666666666665	0.14533333333333334	0.13066666666666665	0.12133333333333333	0.104	0.08666666666666667	0.09	0.08666666666666667	0.07466666666666667	0.07533333333333334	0.05266666666666667	0.050666666666666665	0.04066666666666666	0.04533333333333334	0.030666666666666665	0.02266666666666667	0.019333333333333334	
10.977333333333334	10.984	10.349333333333334	10.357333333333333	9.862666666666666	9.656666666666666	9.521333333333333	9.194	8.953333333333333	8.767333333333333	8.450666666666667	8.211333333333334	8.03	7.647333333333333	7.394	7.1546666666666665	7.232666666666667	6.834	6.846	6.352666666666667	6.314666666666667	6.083333333333333	6.000666666666667	5.687333333333333	5.507333333333333	5.32	5.191333333333334	4.8933333333333335	4.887333333333333	4.625333333333334	4.524666666666667	4.3566666666666665	4.128	3.996	3.842	3.7306666666666666	3.532	3.41	3.232666666666667	3.172	3.029333333333333	2.82	2.6973333333333334	2.6106666666666665	2.456	2.3026666666666666	2.2093333333333334	2.1393333333333335	1.9746666666666666	1.922	1.7313333333333334	1.6466666666666667	1.5266666666666666	1.3733333333333333	1.3193333333333332	1.2333333333333334	1.1726666666666667	1.0906666666666667	0.9946666666666667	0.9426666666666667	0.8593333333333333	0.784	0.7913333333333333	0.706	0.6613333333333333	0.612	0.6126666666666667	0.5166666666666667	0.5133333333333333	0.432	0.436	0.39666666666666667	0.3913333333333333	0.3446666666666667	0.33	0.296	0.272	0.26	0.22933333333333333	0.224	0.21933333333333332	0.16933333333333334	0.17133333333333334	0.12733333333333333	0.14733333333333334	0.112	0.112	0.104	0.09	0.08466666666666667	0.072	0.072	0.06466666666666666	0.05	0.03666666666666667	0.04	0.034	0.032	0.024	
11.149333333333333	10.909333333333333	10.515333333333333	10.12	9.827333333333334	9.602666666666666	9.452	9.146666666666667	9.054	8.637333333333334	8.34	8.13	7.942666666666667	7.543333333333333	7.624666666666666	7.1706666666666665	7.176	6.802	6.807333333333333	6.376666666666667	6.318666666666667	6.006666666666667	5.8886666666666665	5.569333333333334	5.49	5.396	5.1386666666666665	4.996666666666667	4.864	4.673333333333333	4.447333333333333	4.226666666666667	4.152	3.9686666666666666	3.7853333333333334	3.5693333333333332	3.5313333333333334	3.44	3.276	3.144	2.9073333333333333	2.8613333333333335	2.6206666666666667	2.556	2.470666666666667	2.37	2.2253333333333334	2.0713333333333335	2.012	1.8933333333333333	1.7086666666666666	1.6253333333333333	1.4713333333333334	1.3946666666666667	1.3153333333333332	1.2226666666666666	1.1133333333333333	1.0533333333333332	0.9873333333333333	0.8906666666666667	0.9213333333333333	0.814	0.7546666666666667	0.706	0.704	0.5593333333333333	0.584	0.496	0.5353333333333333	0.494	0.4206666666666667	0.37	0.3526666666666667	0.35133333333333333	0.32133333333333336	0.29933333333333334	0.26866666666666666	0.232	0.25733333333333336	0.22066666666666668	0.202	0.16933333333333334	0.13933333333333334	0.142	0.144	0.12933333333333333	0.11533333333333333	0.10333333333333333	0.08666666666666667	0.08066666666666666	0.06933333333333333	0.072	0.062	0.051333333333333335	0.03666666666666667	0.03866666666666667	0.043333333333333335	0.03	0.026	
10.86	10.810666666666666	10.379333333333333	10.222	9.876666666666667	9.622666666666667	9.288	9.043333333333333	8.649333333333333	8.441333333333333	8.411333333333333	8.126666666666667	7.872	7.516	7.535333333333333	7.267333333333333	7.1193333333333335	6.692	6.673333333333333	6.347333333333333	6.306666666666667	5.978	5.876666666666667	5.586	5.6146666666666665	5.289333333333333	5.132	4.881333333333333	4.680666666666666	4.578	4.474666666666667	4.212	4.014	3.9506666666666668	3.806	3.687333333333333	3.478	3.396	3.175333333333333	3.2693333333333334	2.854	2.8213333333333335	2.6313333333333335	2.5773333333333333	2.45	2.2573333333333334	2.216666666666667	2.094	1.9233333333333333	1.8193333333333332	1.7373333333333334	1.6086666666666667	1.5026666666666666	1.4186666666666667	1.294	1.218	1.1333333333333333	1.05	0.9953333333333333	0.8953333333333333	0.872	0.8186666666666667	0.7666666666666667	0.718	0.6626666666666666	0.62	0.5966666666666667	0.5013333333333333	0.514	0.4493333333333333	0.44	0.392	0.36533333333333334	0.3293333333333333	0.31866666666666665	0.28933333333333333	0.2733333333333333	0.25133333333333335	0.23266666666666666	0.21666666666666667	0.18666666666666668	0.18866666666666668	0.17	0.158	0.14266666666666666	0.13	0.11866666666666667	0.108	0.08466666666666667	0.092	0.08	0.064	0.051333333333333335	0.059333333333333335	0.036	0.03866666666666667	0.04933333333333333	0.03666666666666667	0.02666666666666667	
11.063333333333333	10.723333333333333	10.441333333333333	10.17	9.746	9.603333333333333	9.11	9.179333333333334	8.778	8.561333333333334	8.219333333333333	8.086	7.890666666666666	7.55	7.52	7.281333333333333	6.927333333333333	6.776	6.656666666666666	6.398	6.112	5.898	5.8726666666666665	5.607333333333333	5.423333333333333	5.1786666666666665	5.178	5.023333333333333	4.728	4.688	4.359333333333334	4.28	4.054	3.986	3.744	3.546	3.486666666666667	3.4606666666666666	3.182	3.168	2.8273333333333333	2.7993333333333332	2.688	2.513333333333333	2.342	2.304666666666667	2.164	2.0646666666666667	1.916	1.8813333333333333	1.7406666666666666	1.594	1.466	1.374	1.2926666666666666	1.284	1.1733333333333333	1.04	0.9966666666666667	0.9	0.8753333333333333	0.8313333333333334	0.7473333333333333	0.6953333333333334	0.66	0.6226666666666667	0.5646666666666667	0.5486666666666666	0.522	0.45866666666666667	0.43066666666666664	0.392	0.36	0.344	0.33866666666666667	0.324	0.254	0.24466666666666667	0.22733333333333333	0.20733333333333334	0.194	0.174	0.14466666666666667	0.142	0.13933333333333334	0.11133333333333334	0.12	0.09533333333333334	0.09533333333333334	0.07933333333333334	0.07466666666666667	0.06266666666666666	0.06266666666666666	0.046	0.04133333333333333	0.04933333333333333	0.03	0.030666666666666665	0.028	
11.079333333333333	10.706666666666667	10.287333333333333	10.196666666666667	9.737333333333334	9.444666666666667	9.26	9.057333333333334	8.816666666666666	8.568666666666667	8.503333333333334	8.274666666666667	7.946	7.585333333333334	7.536666666666667	7.157333333333334	7.084666666666666	6.786666666666667	6.689333333333333	6.339333333333333	6.288	6.021333333333334	5.859333333333334	5.645333333333333	5.479333333333333	5.174666666666667	5.084	4.919333333333333	4.741333333333333	4.648666666666666	4.494666666666666	4.3566666666666665	4.052666666666667	3.93	3.748666666666667	3.715333333333333	3.473333333333333	3.4033333333333333	3.144	3.108	2.89	2.8593333333333333	2.704	2.6106666666666665	2.474	2.312	2.102	2.0933333333333333	1.8993333333333333	1.9226666666666667	1.6926666666666668	1.6506666666666667	1.532	1.4333333333333333	1.2933333333333332	1.3206666666666667	1.1026666666666667	1.0686666666666667	0.99	0.8946666666666667	0.8713333333333333	0.7806666666666666	0.8006666666666666	0.7086666666666667	0.6833333333333333	0.6346666666666667	0.5893333333333334	0.528	0.5493333333333333	0.474	0.42533333333333334	0.37333333333333335	0.378	0.342	0.3006666666666667	0.278	0.28933333333333333	0.25066666666666665	0.22266666666666668	0.212	0.20933333333333334	0.18266666666666667	0.16733333333333333	0.164	0.13133333333333333	0.12733333333333333	0.11866666666666667	0.104	0.09666666666666666	0.078	0.08133333333333333	0.06466666666666666	0.05533333333333333	0.052	0.042	0.03866666666666667	0.03933333333333333	0.02	0.024666666666666667	
10.920666666666667	10.839333333333334	10.380666666666666	10.206	9.813333333333333	9.535333333333334	9.194666666666667	8.92	8.751333333333333	8.624	8.323333333333334	8.05	7.87	7.516	7.606	7.190666666666667	7.061333333333334	6.616	6.687333333333333	6.289333333333333	6.187333333333333	5.9093333333333335	5.87	5.481333333333334	5.472	5.327333333333334	5.028666666666667	4.761333333333333	4.666666666666667	4.5793333333333335	4.367333333333334	4.268	4.048666666666667	3.9153333333333333	3.8093333333333335	3.6933333333333334	3.3593333333333333	3.4093333333333335	3.1906666666666665	3.078	2.932	2.834	2.6286666666666667	2.526666666666667	2.4	2.3273333333333333	2.0953333333333335	2.0886666666666667	1.9153333333333333	1.8506666666666667	1.7053333333333334	1.55	1.51	1.434	1.2733333333333334	1.2466666666666666	1.1506666666666667	1.106	1.0126666666666666	0.886	0.82	0.8326666666666667	0.76	0.716	0.6966666666666667	0.604	0.5926666666666667	0.524	0.5046666666666667	0.45066666666666666	0.436	0.4086666666666667	0.38133333333333336	0.32133333333333336	0.3293333333333333	0.2886666666666667	0.26466666666666666	0.23266666666666666	0.24066666666666667	0.19733333333333333	0.20533333333333334	0.194	0.162	0.16133333333333333	0.13	0.13133333333333333	0.10066666666666667	0.10133333333333333	0.09	0.09333333333333334	0.068	0.07266666666666667	0.05733333333333333	0.03866666666666667	0.046	0.046	0.03333333333333333	0.03	0.028	
10.876	10.737333333333334	10.211333333333334	10.044	9.648	9.558666666666667	9.214666666666666	9.097333333333333	8.795333333333334	8.762	8.238	7.967333333333333	7.846666666666667	7.63	7.373333333333333	7.052	7.075333333333333	6.676666666666667	6.569333333333334	6.197333333333333	6.274666666666667	5.856	5.772666666666667	5.673333333333333	5.427333333333333	5.217333333333333	5.204	4.795333333333334	4.828666666666667	4.514	4.466666666666667	4.178	4.085333333333334	3.982666666666667	3.796666666666667	3.718	3.5246666666666666	3.4753333333333334	3.1053333333333333	3.0846666666666667	2.8593333333333333	2.838	2.604	2.6233333333333335	2.3926666666666665	2.2946666666666666	2.2133333333333334	2.058	1.9093333333333333	1.7546666666666666	1.6873333333333334	1.6526666666666667	1.5273333333333334	1.4106666666666667	1.2693333333333334	1.2726666666666666	1.1533333333333333	1.0526666666666666	1.032	0.95	0.8973333333333333	0.8133333333333334	0.7726666666666666	0.7053333333333334	0.684	0.6333333333333333	0.59	0.5053333333333333	0.536	0.4713333333333333	0.41533333333333333	0.388	0.36466666666666664	0.322	0.32066666666666666	0.314	0.26	0.2613333333333333	0.22666666666666666	0.20866666666666667	0.19066666666666668	0.19466666666666665	0.16	0.14933333333333335	0.13666666666666666	0.13266666666666665	0.10933333333333334	0.08466666666666667	0.07466666666666667	0.08666666666666667	0.07533333333333334	0.07133333333333333	0.056	0.064	0.051333333333333335	0.046	0.035333333333333335	0.03133333333333333	0.028	
10.833333333333334	10.83	10.197333333333333	9.96	9.562666666666667	9.511333333333333	9.162	8.996666666666666	8.647333333333334	8.51	8.344666666666667	7.916	7.780666666666667	7.449333333333334	7.522666666666667	7.104666666666667	7.000666666666667	6.647333333333333	6.573333333333333	6.2973333333333334	6.19	5.931333333333333	5.808666666666666	5.440666666666667	5.411333333333333	5.280666666666667	5.064666666666667	4.7973333333333334	4.724	4.556	4.389333333333333	4.298666666666667	4.021333333333334	3.9346666666666668	3.692	3.6333333333333333	3.462	3.4053333333333335	3.262	3.0986666666666665	2.9113333333333333	2.7173333333333334	2.6093333333333333	2.5473333333333334	2.3473333333333333	2.2866666666666666	2.196	2.0486666666666666	1.8693333333333333	1.7966666666666666	1.682	1.556	1.4746666666666666	1.4873333333333334	1.2933333333333332	1.23	1.152	1.0233333333333334	1.0153333333333334	0.904	0.852	0.7906666666666666	0.7693333333333333	0.7033333333333334	0.6646666666666666	0.6533333333333333	0.5626666666666666	0.48733333333333334	0.48	0.456	0.44133333333333336	0.36866666666666664	0.38266666666666665	0.3353333333333333	0.326	0.30666666666666664	0.278	0.25733333333333336	0.23533333333333334	0.20866666666666667	0.20866666666666667	0.198	0.14266666666666666	0.16066666666666668	0.12466666666666666	0.11466666666666667	0.108	0.102	0.08133333333333333	0.09066666666666667	0.07533333333333334	0.06666666666666667	0.064	0.048666666666666664	0.048	0.03933333333333333	0.036	0.030666666666666665	0.029333333333333333	
10.92	10.548	10.091333333333333	10.012666666666666	9.528	9.454	9.177333333333333	8.912666666666667	8.603333333333333	8.513333333333334	8.242	7.961333333333333	7.950666666666667	7.427333333333333	7.419333333333333	7.008	6.899333333333334	6.484666666666667	6.73	6.286	6.241333333333333	5.954666666666666	5.776666666666666	5.496666666666667	5.516666666666667	5.128	5.048666666666667	4.9046666666666665	4.74	4.517333333333333	4.274	4.148	4.046	3.9066666666666667	3.6146666666666665	3.6333333333333333	3.5006666666666666	3.464	3.138	3.054666666666667	2.9033333333333333	2.8133333333333335	2.586	2.5633333333333335	2.386	2.224	2.0853333333333333	2.0566666666666666	1.9553333333333334	1.8126666666666666	1.7186666666666666	1.5993333333333333	1.478	1.386	1.316	1.206	1.1126666666666667	1.11	0.9886666666666667	0.9126666666666666	0.8846666666666667	0.804	0.7233333333333334	0.716	0.6586666666666666	0.6006666666666667	0.572	0.5266666666666666	0.49266666666666664	0.456	0.4206666666666667	0.3893333333333333	0.388	0.31533333333333335	0.354	0.29533333333333334	0.2693333333333333	0.22133333333333333	0.24	0.21733333333333332	0.19466666666666665	0.18	0.158	0.148	0.13733333333333334	0.116	0.11533333333333333	0.098	0.094	0.08733333333333333	0.07866666666666666	0.06666666666666667	0.064	0.06733333333333333	0.048	0.04933333333333333	0.038	0.034	0.032	
10.736	10.538	10.158	10.088666666666667	9.471333333333334	9.399333333333333	9.132	8.901333333333334	8.646	8.34	8.206	7.865333333333333	7.668	7.527333333333333	7.338	7.002666666666666	6.962666666666666	6.718666666666667	6.582666666666666	6.336	6.185333333333333	5.929333333333333	5.763333333333334	5.446	5.46	5.1946666666666665	5.000666666666667	4.792	4.68	4.574	4.308	4.225333333333333	4.139333333333333	3.852	3.724	3.6506666666666665	3.441333333333333	3.39	3.1386666666666665	3.0406666666666666	2.9146666666666667	2.8673333333333333	2.537333333333333	2.578666666666667	2.3626666666666667	2.3253333333333335	2.1173333333333333	2.082	1.9406666666666668	1.8233333333333333	1.68	1.602	1.4613333333333334	1.3253333333333333	1.2506666666666666	1.1793333333333333	1.1746666666666667	1.0553333333333332	1.0046666666666666	0.9353333333333333	0.8946666666666667	0.8246666666666667	0.766	0.6873333333333334	0.6226666666666667	0.602	0.5473333333333333	0.5213333333333333	0.5426666666666666	0.43866666666666665	0.41333333333333333	0.408	0.3893333333333333	0.344	0.3393333333333333	0.288	0.276	0.246	0.21066666666666667	0.226	0.204	0.18133333333333335	0.168	0.15266666666666667	0.14266666666666666	0.122	0.10866666666666666	0.10866666666666666	0.09466666666666666	0.07	0.074	0.07333333333333333	0.06066666666666667	0.05466666666666667	0.048666666666666664	0.03933333333333333	0.03933333333333333	0.03133333333333333	0.02666666666666667	
10.796666666666667	10.37	10.082	9.886666666666667	9.610666666666667	9.314666666666668	9.038666666666666	8.771333333333333	8.656666666666666	8.358	8.192666666666666	7.748666666666667	7.804	7.466	7.267333333333333	6.976666666666667	6.9093333333333335	6.554	6.530666666666667	6.183333333333334	6.118666666666667	5.726666666666667	5.716	5.508666666666667	5.288	5.022	5.014	4.759333333333333	4.655333333333333	4.389333333333333	4.303333333333334	4.1706666666666665	4.046	3.8053333333333335	3.6426666666666665	3.6206666666666667	3.4086666666666665	3.4346666666666668	3.074	3.032	2.8726666666666665	2.8	2.5353333333333334	2.562	2.358	2.288	2.1393333333333335	2.1133333333333333	1.9446666666666668	1.8186666666666667	1.6953333333333334	1.576	1.464	1.4146666666666667	1.262	1.1813333333333333	1.1106666666666667	1.034	1.042	0.944	0.842	0.834	0.772	0.7	0.6553333333333333	0.6093333333333333	0.5966666666666667	0.5406666666666666	0.49666666666666665	0.45	0.44266666666666665	0.37133333333333335	0.39866666666666667	0.334	0.306	0.3006666666666667	0.26666666666666666	0.262	0.23733333333333334	0.21	0.18266666666666667	0.16266666666666665	0.14066666666666666	0.156	0.13333333333333333	0.124	0.12466666666666666	0.10933333333333334	0.08933333333333333	0.08133333333333333	0.074	0.068	0.05266666666666667	0.062	0.04666666666666667	0.04133333333333333	0.034666666666666665	0.024	0.027333333333333334	
10.684666666666667	10.458666666666666	10.096	9.902	9.664	9.28	9.108666666666666	8.792	8.52	8.318666666666667	8.307333333333334	7.806	7.621333333333333	7.346666666666667	7.215333333333334	6.989333333333334	6.862666666666667	6.414666666666666	6.508666666666667	6.220666666666666	6.172666666666666	5.834666666666666	5.628	5.517333333333333	5.3566666666666665	5.184	4.977333333333333	4.774	4.674	4.434666666666667	4.322	4.231333333333334	3.9433333333333334	3.9226666666666667	3.644	3.578	3.3726666666666665	3.3346666666666667	3.066666666666667	3.0366666666666666	2.8806666666666665	2.7946666666666666	2.5593333333333335	2.4673333333333334	2.3106666666666666	2.2293333333333334	2.124	1.986	1.8733333333333333	1.756	1.6926666666666668	1.582	1.4766666666666666	1.3993333333333333	1.3033333333333332	1.224	1.106	1.0326666666666666	1.018	0.8946666666666667	0.8746666666666667	0.7933333333333333	0.738	0.7266666666666667	0.7086666666666667	0.6333333333333333	0.62	0.488	0.5026666666666667	0.48133333333333334	0.43133333333333335	0.386	0.4033333333333333	0.338	0.326	0.2926666666666667	0.252	0.23066666666666666	0.23933333333333334	0.23466666666666666	0.19266666666666668	0.17533333333333334	0.16266666666666665	0.14666666666666667	0.12333333333333334	0.13133333333333333	0.106	0.10133333333333333	0.09733333333333333	0.09066666666666667	0.06933333333333333	0.07	0.062	0.05533333333333333	0.04066666666666666	0.04133333333333333	0.03933333333333333	0.03266666666666666	0.026	
10.524666666666667	10.504	10.011333333333333	9.633333333333333	9.533333333333333	9.32	8.93	8.8	8.526	8.439333333333334	8.233333333333333	7.842	7.616	7.367333333333334	7.215333333333334	6.994	6.923333333333333	6.511333333333333	6.3966666666666665	6.273333333333333	6.102666666666667	5.859333333333334	5.71	5.432	5.173333333333333	5.049333333333333	5.001333333333333	4.772666666666667	4.572	4.464	4.221333333333333	4.13	3.884	3.88	3.6773333333333333	3.612	3.446	3.248	3.041333333333333	2.9713333333333334	2.8453333333333335	2.768666666666667	2.537333333333333	2.5366666666666666	2.308	2.3026666666666666	2.038666666666667	1.9426666666666668	1.938	1.7993333333333332	1.6666666666666667	1.5873333333333333	1.4733333333333334	1.3873333333333333	1.2646666666666666	1.2186666666666666	1.1006666666666667	1.0726666666666667	0.9773333333333334	0.8753333333333333	0.8433333333333334	0.7453333333333333	0.7693333333333333	0.6906666666666667	0.6273333333333333	0.586	0.524	0.5246666666666666	0.5173333333333333	0.44333333333333336	0.43066666666666664	0.4053333333333333	0.3393333333333333	0.32866666666666666	0.31266666666666665	0.32133333333333336	0.2826666666666667	0.23	0.222	0.216	0.20133333333333334	0.19666666666666666	0.16466666666666666	0.16133333333333333	0.13266666666666665	0.12066666666666667	0.11	0.094	0.09066666666666667	0.08066666666666666	0.07266666666666667	0.07933333333333334	0.046	0.048666666666666664	0.043333333333333335	0.04733333333333333	0.027333333333333334	0.027333333333333334	0.028	
10.504666666666667	10.402	9.781333333333333	9.780666666666667	9.460666666666667	9.316	8.962	8.61	8.403333333333334	8.265333333333333	8.086	7.699333333333334	7.714666666666667	7.226	6.977333333333333	6.844666666666667	6.9366666666666665	6.570666666666667	6.479333333333333	6.076	6.126666666666667	5.767333333333333	5.676666666666667	5.312	5.3293333333333335	4.93	5.010666666666666	4.6546666666666665	4.639333333333333	4.296666666666667	4.213333333333333	4.279333333333334	3.966666666666667	3.8573333333333335	3.6233333333333335	3.494	3.314	3.2373333333333334	3.062666666666667	3.0393333333333334	2.882	2.736666666666667	2.5693333333333332	2.497333333333333	2.3573333333333335	2.2333333333333334	2.0946666666666665	1.988	1.8626666666666667	1.7473333333333334	1.6346666666666667	1.5606666666666666	1.41	1.3306666666666667	1.284	1.218	1.0833333333333333	1.0473333333333332	0.9726666666666667	0.9273333333333333	0.828	0.8226666666666667	0.7533333333333333	0.724	0.666	0.5846666666666667	0.5686666666666667	0.5133333333333333	0.49533333333333335	0.46266666666666667	0.44266666666666665	0.39	0.37933333333333336	0.308	0.31266666666666665	0.28933333333333333	0.246	0.24266666666666667	0.20333333333333334	0.19066666666666668	0.19333333333333333	0.166	0.15333333333333332	0.15133333333333332	0.14666666666666667	0.11333333333333333	0.104	0.11666666666666667	0.08933333333333333	0.08533333333333333	0.08733333333333333	0.06533333333333333	0.056	0.056666666666666664	0.04466666666666667	0.029333333333333333	0.037333333333333336	0.02266666666666667	0.034	
10.504666666666667	10.334	9.894666666666666	9.617333333333333	9.439333333333334	9.046	9.002	8.687333333333333	8.538666666666666	8.246	7.969333333333333	7.794666666666667	7.548	7.408666666666667	7.242	6.894	6.717333333333333	6.437333333333333	6.517333333333333	6.102666666666667	6.08	5.752666666666666	5.645333333333333	5.271333333333334	5.243333333333333	5.082	4.938	4.697333333333333	4.540666666666667	4.430666666666666	4.282	4.212666666666666	3.8986666666666667	3.8066666666666666	3.682	3.612	3.417333333333333	3.1906666666666665	3.0893333333333333	2.94	2.8746666666666667	2.6853333333333333	2.562666666666667	2.4326666666666665	2.306	2.25	2.070666666666667	1.98	1.8726666666666667	1.7746666666666666	1.6613333333333333	1.6033333333333333	1.4366666666666668	1.4146666666666667	1.2806666666666666	1.1786666666666668	1.1113333333333333	1.0633333333333332	0.938	0.9	0.8593333333333333	0.7986666666666666	0.7526666666666667	0.692	0.68	0.58	0.594	0.498	0.49333333333333335	0.462	0.406	0.36933333333333335	0.36733333333333335	0.33466666666666667	0.33	0.26266666666666666	0.25866666666666666	0.25	0.20466666666666666	0.21933333333333332	0.17666666666666667	0.18266666666666667	0.16666666666666666	0.15933333333333333	0.14933333333333335	0.106	0.11866666666666667	0.10466666666666667	0.08266666666666667	0.08	0.072	0.06933333333333333	0.06666666666666667	0.048666666666666664	0.04533333333333334	0.03266666666666666	0.03933333333333333	0.034666666666666665	0.021333333333333333	
10.448	10.375333333333334	9.978666666666667	9.761333333333333	9.276	9.269333333333334	9.049333333333333	8.816666666666666	8.406	8.198666666666666	7.884666666666667	7.844666666666667	7.581333333333333	7.197333333333333	7.230666666666667	6.790666666666667	6.8053333333333335	6.434666666666667	6.3806666666666665	6.174	5.891333333333334	5.856	5.649333333333334	5.415333333333334	5.212666666666666	5.13	4.874	4.754	4.556	4.352666666666667	4.267333333333333	4.091333333333333	4.007333333333333	3.8466666666666667	3.642	3.502	3.37	3.283333333333333	3.0486666666666666	3.036	2.8026666666666666	2.724	2.5526666666666666	2.497333333333333	2.2706666666666666	2.3113333333333332	2.1666666666666665	2.010666666666667	1.8566666666666667	1.786	1.6046666666666667	1.5433333333333332	1.4873333333333334	1.3513333333333333	1.274	1.174	1.1066666666666667	1.016	1.0213333333333334	0.9326666666666666	0.8993333333333333	0.856	0.774	0.7013333333333334	0.64	0.5826666666666667	0.5906666666666667	0.5266666666666666	0.4706666666666667	0.44666666666666666	0.42733333333333334	0.38066666666666665	0.36533333333333334	0.33066666666666666	0.32866666666666666	0.31	0.27066666666666667	0.236	0.22266666666666668	0.19333333333333333	0.19666666666666666	0.188	0.182	0.158	0.13333333333333333	0.11533333333333333	0.10133333333333333	0.10333333333333333	0.09933333333333333	0.07666666666666666	0.07	0.06133333333333333	0.05266666666666667	0.048	0.036	0.046	0.035333333333333335	0.032	0.021333333333333333	
10.518	10.359333333333334	10.087333333333333	9.872	9.372666666666667	9.390666666666666	8.815333333333333	8.878666666666666	8.491333333333333	8.14	7.97	7.814	7.600666666666666	7.332666666666666	7.178	6.789333333333333	6.802	6.411333333333333	6.263333333333334	6.093333333333334	6.035333333333333	5.711333333333333	5.665333333333334	5.350666666666666	5.318666666666667	5.15	4.962666666666666	4.648	4.568666666666667	4.51	4.319333333333334	4.091333333333333	3.93	3.808	3.6533333333333333	3.642	3.35	3.226	3.0453333333333332	2.9646666666666666	2.8053333333333335	2.658	2.5846666666666667	2.481333333333333	2.298	2.2106666666666666	2.042	1.9786666666666666	1.878	1.76	1.7153333333333334	1.548	1.4286666666666668	1.3693333333333333	1.3133333333333332	1.2173333333333334	1.1046666666666667	1.0326666666666666	1.004	0.9333333333333333	0.8093333333333333	0.8	0.7133333333333334	0.6913333333333334	0.664	0.6033333333333334	0.59	0.5653333333333334	0.5006666666666667	0.43133333333333335	0.43733333333333335	0.402	0.37866666666666665	0.3373333333333333	0.32266666666666666	0.3	0.2733333333333333	0.25	0.21333333333333335	0.21266666666666667	0.19333333333333333	0.178	0.16933333333333334	0.15466666666666667	0.138	0.114	0.11733333333333333	0.106	0.08933333333333333	0.09333333333333334	0.078	0.08066666666666666	0.051333333333333335	0.044	0.035333333333333335	0.043333333333333335	0.03933333333333333	0.036	0.024	
10.466	10.263333333333334	9.996666666666666	9.761333333333333	9.312666666666667	9.152666666666667	8.97	8.573333333333334	8.603333333333333	8.074666666666667	7.948666666666667	7.734666666666667	7.549333333333333	7.214	7.248	6.887333333333333	6.754666666666667	6.452	6.392666666666667	6.068	6.006666666666667	5.728666666666666	5.518666666666666	5.406666666666666	5.162	5.078	4.915333333333334	4.707333333333334	4.6113333333333335	4.343333333333334	4.254	4.097333333333333	3.94	3.8306666666666667	3.6733333333333333	3.4546666666666668	3.37	3.3473333333333333	3.086	3.048	2.736666666666667	2.783333333333333	2.5493333333333332	2.4446666666666665	2.328666666666667	2.263333333333333	2.136	2.0	1.8513333333333333	1.8053333333333332	1.6513333333333333	1.584	1.4766666666666666	1.3626666666666667	1.2846666666666666	1.2193333333333334	1.1706666666666667	1.0653333333333332	0.9726666666666667	0.8853333333333333	0.874	0.7893333333333333	0.7446666666666667	0.6433333333333333	0.6873333333333334	0.6113333333333333	0.57	0.5066666666666667	0.5086666666666667	0.47	0.41	0.4066666666666667	0.35533333333333333	0.344	0.3233333333333333	0.2926666666666667	0.256	0.25533333333333336	0.21666666666666667	0.20466666666666666	0.21533333333333332	0.18666666666666668	0.17533333333333334	0.14133333333333334	0.14066666666666666	0.128	0.11333333333333333	0.09866666666666667	0.08666666666666667	0.09333333333333334	0.062	0.07533333333333334	0.054	0.05533333333333333	0.043333333333333335	0.042	0.03333333333333333	0.035333333333333335	0.032	
10.406	10.312666666666667	9.826	9.792	9.456	9.267333333333333	8.97	8.727333333333334	8.364666666666666	8.064	7.856	7.656666666666666	7.557333333333333	7.402	7.102666666666667	7.005333333333334	6.8566666666666665	6.350666666666666	6.494666666666666	5.992	6.102666666666667	5.698666666666667	5.58	5.4446666666666665	5.359333333333334	5.058666666666666	4.902666666666667	4.7973333333333334	4.596	4.489333333333334	4.293333333333333	4.128666666666667	3.8893333333333335	3.8606666666666665	3.6226666666666665	3.552	3.3813333333333335	3.2746666666666666	3.1133333333333333	3.001333333333333	2.8233333333333333	2.7453333333333334	2.4873333333333334	2.4686666666666666	2.3106666666666666	2.2786666666666666	2.0846666666666667	2.024	1.9173333333333333	1.7806666666666666	1.6533333333333333	1.6086666666666667	1.4206666666666667	1.364	1.2893333333333334	1.2173333333333334	1.1233333333333333	1.048	0.9626666666666667	0.884	0.8453333333333334	0.7726666666666666	0.738	0.7133333333333334	0.638	0.6146666666666667	0.5746666666666667	0.49466666666666664	0.474	0.42866666666666664	0.418	0.3913333333333333	0.36133333333333334	0.3453333333333333	0.328	0.2906666666666667	0.24333333333333335	0.23733333333333334	0.24466666666666667	0.214	0.2	0.172	0.17133333333333334	0.146	0.13266666666666665	0.128	0.10866666666666666	0.1	0.10333333333333333	0.07533333333333334	0.074	0.06266666666666666	0.06533333333333333	0.05733333333333333	0.04733333333333333	0.042	0.03933333333333333	0.04	0.02666666666666667	
10.688666666666666	10.454	9.95	9.752666666666666	9.374666666666666	9.304	8.998	8.618	8.490666666666666	8.125333333333334	7.976666666666667	7.784	7.6386666666666665	7.350666666666666	7.076666666666667	6.860666666666667	6.808666666666666	6.442666666666667	6.430666666666666	6.048	5.848	5.768	5.616666666666666	5.266	5.243333333333333	5.018	4.839333333333333	4.693333333333333	4.676666666666667	4.400666666666667	4.290666666666667	4.144	3.962	3.77	3.5933333333333333	3.4886666666666666	3.429333333333333	3.3073333333333332	3.224666666666667	3.002	2.8573333333333335	2.7546666666666666	2.542	2.5406666666666666	2.342	2.3013333333333335	2.026666666666667	2.008	1.8526666666666667	1.806	1.6766666666666667	1.5873333333333333	1.442	1.3626666666666667	1.236	1.2213333333333334	1.1533333333333333	1.0866666666666667	0.9853333333333333	0.948	0.8666666666666667	0.826	0.7926666666666666	0.69	0.6046666666666667	0.5913333333333334	0.5973333333333334	0.536	0.5186666666666667	0.4713333333333333	0.444	0.38466666666666666	0.374	0.326	0.32133333333333336	0.33066666666666666	0.264	0.2653333333333333	0.21866666666666668	0.21133333333333335	0.20266666666666666	0.176	0.16266666666666665	0.138	0.15733333333333333	0.118	0.09933333333333333	0.10933333333333334	0.08666666666666667	0.094	0.08266666666666667	0.07	0.04533333333333334	0.048	0.058	0.048666666666666664	0.04733333333333333	0.034	0.024	
10.732	10.414666666666667	9.971333333333334	9.598666666666666	9.555333333333333	9.372666666666667	8.946666666666667	8.624666666666666	8.549333333333333	8.248666666666667	8.223333333333333	7.838	7.604666666666667	7.375333333333334	7.179333333333333	6.932	6.716	6.439333333333333	6.3773333333333335	6.15	6.094666666666667	5.724	5.608	5.4446666666666665	5.240666666666667	5.096666666666667	4.954666666666666	4.789333333333333	4.505333333333334	4.53	4.335333333333334	4.115333333333333	3.9646666666666666	3.8813333333333335	3.764666666666667	3.521333333333333	3.3633333333333333	3.296666666666667	3.1193333333333335	2.997333333333333	2.814	2.760666666666667	2.5553333333333335	2.4433333333333334	2.3133333333333335	2.2586666666666666	2.1146666666666665	2.013333333333333	1.89	1.818	1.6926666666666668	1.5686666666666667	1.4186666666666667	1.424	1.2906666666666666	1.196	1.142	1.0866666666666667	0.9953333333333333	0.9313333333333333	0.9233333333333333	0.8206666666666667	0.762	0.6673333333333333	0.6406666666666667	0.614	0.562	0.5406666666666666	0.498	0.47933333333333333	0.432	0.404	0.364	0.3273333333333333	0.31333333333333335	0.308	0.2813333333333333	0.28	0.21	0.18866666666666668	0.21266666666666667	0.164	0.15533333333333332	0.14266666666666666	0.142	0.136	0.11733333333333333	0.10133333333333333	0.096	0.08866666666666667	0.08	0.066	0.06333333333333334	0.05266666666666667	0.05	0.032	0.038	0.046	0.03333333333333333	
10.651333333333334	10.242666666666667	9.91	9.762666666666666	9.55	9.288666666666666	8.991333333333333	8.662666666666667	8.418666666666667	8.226	8.022	7.864	7.633333333333334	7.3613333333333335	7.260666666666666	6.9526666666666666	6.8373333333333335	6.505333333333334	6.479333333333333	6.069333333333334	6.1	5.700666666666667	5.72	5.3646666666666665	5.322	5.008666666666667	5.066	4.8	4.6386666666666665	4.482	4.238	4.134	3.898	3.7693333333333334	3.6433333333333335	3.5753333333333335	3.3873333333333333	3.208666666666667	3.088	3.008	2.791333333333333	2.7466666666666666	2.5966666666666667	2.5193333333333334	2.3846666666666665	2.2173333333333334	2.1433333333333335	2.0973333333333333	1.9813333333333334	1.8	1.7173333333333334	1.6413333333333333	1.4626666666666666	1.3673333333333333	1.3086666666666666	1.264	1.1466666666666667	1.0833333333333333	0.974	0.962	0.884	0.8066666666666666	0.7953333333333333	0.7073333333333334	0.6986666666666667	0.64	0.6006666666666667	0.5473333333333333	0.5293333333333333	0.494	0.42733333333333334	0.376	0.372	0.3373333333333333	0.344	0.296	0.2693333333333333	0.266	0.23666666666666666	0.21133333333333335	0.19333333333333333	0.168	0.176	0.168	0.13266666666666665	0.136	0.114	0.116	0.09066666666666667	0.082	0.084	0.06533333333333333	0.044	0.04466666666666667	0.048666666666666664	0.03866666666666667	0.03266666666666666	0.034666666666666665	0.028666666666666667	
10.510666666666667	10.292	10.004666666666667	9.776	9.575333333333333	9.268666666666666	8.991333333333333	8.697333333333333	8.587333333333333	8.478666666666667	8.104666666666667	7.728	7.441333333333334	7.290666666666667	7.234666666666667	6.914666666666666	6.8486666666666665	6.618	6.4366666666666665	6.142666666666667	6.07	5.731333333333334	5.602666666666667	5.397333333333333	5.416666666666667	5.07	4.945333333333333	4.787333333333334	4.501333333333333	4.299333333333333	4.376	4.069333333333334	3.928	3.8466666666666667	3.7053333333333334	3.6106666666666665	3.3973333333333335	3.284	3.18	3.0486666666666666	2.8686666666666665	2.806	2.5833333333333335	2.4633333333333334	2.332	2.33	2.14	2.032	1.9153333333333333	1.7946666666666666	1.6633333333333333	1.5966666666666667	1.438	1.3706666666666667	1.308	1.2053333333333334	1.168	1.0506666666666666	1.0326666666666666	0.9426666666666667	0.8613333333333333	0.8113333333333334	0.7526666666666667	0.7073333333333334	0.674	0.6326666666666667	0.5786666666666667	0.524	0.5046666666666667	0.49133333333333334	0.43333333333333335	0.3993333333333333	0.37066666666666664	0.31866666666666665	0.318	0.284	0.282	0.274	0.236	0.23	0.196	0.18266666666666667	0.158	0.15266666666666667	0.15466666666666667	0.13466666666666666	0.12333333333333334	0.116	0.08666666666666667	0.08466666666666667	0.062	0.06266666666666666	0.06466666666666666	0.058	0.05533333333333333	0.04666666666666667	0.04066666666666666	0.030666666666666665	0.03933333333333333	
10.706	10.508	10.045333333333334	9.788666666666666	9.564666666666668	9.309333333333333	9.037333333333333	8.674	8.504666666666667	8.304	8.048	7.762	7.650666666666667	7.296	7.256	6.946	6.894	6.458	6.534	6.222666666666667	6.195333333333333	5.854	5.756	5.455333333333333	5.392	5.097333333333333	4.929333333333333	4.6593333333333335	4.711333333333333	4.508	4.292	4.169333333333333	4.058666666666666	3.8573333333333335	3.728	3.572	3.486	3.312666666666667	3.0806666666666667	2.9506666666666668	2.8506666666666667	2.768666666666667	2.5946666666666665	2.5	2.324666666666667	2.248666666666667	2.086	2.038666666666667	1.9133333333333333	1.8606666666666667	1.6813333333333333	1.5446666666666666	1.5113333333333334	1.38	1.246	1.2806666666666666	1.162	1.0726666666666667	0.9793333333333333	0.9593333333333334	0.8793333333333333	0.7706666666666667	0.774	0.7013333333333334	0.7053333333333334	0.5986666666666667	0.5986666666666667	0.5266666666666666	0.5226666666666666	0.4106666666666667	0.44066666666666665	0.418	0.3586666666666667	0.356	0.352	0.29	0.27466666666666667	0.26466666666666666	0.25133333333333335	0.22266666666666668	0.18333333333333332	0.16266666666666665	0.16666666666666666	0.15266666666666667	0.164	0.13	0.112	0.11066666666666666	0.09466666666666666	0.102	0.07533333333333334	0.06466666666666666	0.06933333333333333	0.06	0.04933333333333333	0.050666666666666665	0.032	0.028	0.029333333333333333	
10.717333333333332	10.29	10.195333333333334	9.752	9.494666666666667	9.394666666666666	9.042	8.858666666666666	8.706666666666667	8.278	8.056666666666667	7.822	7.732666666666667	7.408	7.284	7.038666666666667	6.76	6.654	6.434	6.191333333333334	6.096	5.718	5.688	5.280666666666667	5.416	5.070666666666667	5.010666666666666	4.762666666666667	4.600666666666666	4.488	4.314666666666667	4.246666666666667	3.941333333333333	3.884	3.7093333333333334	3.58	3.478666666666667	3.31	3.1973333333333334	3.0886666666666667	2.854	2.788666666666667	2.5966666666666667	2.5693333333333332	2.366	2.284	2.0846666666666667	2.0753333333333335	1.928	1.772	1.6626666666666667	1.5693333333333332	1.4606666666666666	1.452	1.3326666666666667	1.2193333333333334	1.152	1.0853333333333333	0.9886666666666667	0.918	0.8693333333333333	0.8226666666666667	0.7866666666666666	0.7326666666666667	0.6406666666666667	0.6233333333333333	0.6153333333333333	0.5346666666666666	0.504	0.472	0.4533333333333333	0.3873333333333333	0.398	0.35733333333333334	0.34	0.286	0.276	0.24666666666666667	0.23733333333333334	0.21466666666666667	0.19066666666666668	0.19066666666666668	0.176	0.15333333333333332	0.152	0.14	0.108	0.10066666666666667	0.09533333333333334	0.08666666666666667	0.092	0.076	0.056	0.05266666666666667	0.048666666666666664	0.04	0.035333333333333335	0.032	0.030666666666666665	
10.612666666666666	10.460666666666667	9.975333333333333	9.891333333333334	9.585333333333333	9.22	8.890666666666666	8.848	8.496666666666666	8.360666666666667	8.138666666666667	7.916	7.706	7.451333333333333	7.360666666666667	7.008666666666667	7.005333333333334	6.6946666666666665	6.443333333333333	6.1306666666666665	6.222	5.772666666666667	5.764666666666667	5.506	5.248666666666667	5.011333333333333	5.068666666666667	4.734666666666667	4.564	4.462666666666666	4.286666666666667	4.199333333333334	4.046666666666667	3.912	3.722	3.6053333333333333	3.453333333333333	3.3626666666666667	3.1273333333333335	3.06	2.896	2.7826666666666666	2.6593333333333335	2.516	2.3506666666666667	2.324	2.1153333333333335	2.056	1.9313333333333333	1.8406666666666667	1.694	1.648	1.508	1.3426666666666667	1.2813333333333334	1.2773333333333334	1.0966666666666667	1.15	1.02	0.9426666666666667	0.9566666666666667	0.852	0.7893333333333333	0.7093333333333334	0.6633333333333333	0.6533333333333333	0.5993333333333334	0.5413333333333333	0.5166666666666667	0.45066666666666666	0.45	0.41	0.38533333333333336	0.334	0.32066666666666666	0.30133333333333334	0.262	0.24133333333333334	0.24266666666666667	0.21733333333333332	0.20066666666666666	0.204	0.16533333333333333	0.14466666666666667	0.14933333333333335	0.13266666666666665	0.114	0.11266666666666666	0.11133333333333334	0.09	0.08133333333333333	0.07466666666666667	0.06666666666666667	0.05	0.05466666666666667	0.048	0.03666666666666667	0.03266666666666666	0.030666666666666665	
10.562666666666667	10.457333333333333	9.908	9.921333333333333	9.308	9.348	9.088666666666667	8.874666666666666	8.756	8.39	8.290666666666667	7.77	7.833333333333333	7.460666666666667	7.403333333333333	6.996	6.836666666666667	6.666666666666667	6.57	6.108666666666666	6.134666666666667	5.847333333333333	5.730666666666667	5.505333333333334	5.334	5.066	5.073333333333333	4.815333333333333	4.672	4.572	4.473333333333334	4.202	4.040666666666667	3.946	3.7226666666666666	3.5433333333333334	3.3646666666666665	3.324	3.118	3.034666666666667	2.8873333333333333	2.8373333333333335	2.6426666666666665	2.5906666666666665	2.3666666666666667	2.3693333333333335	2.136	2.058666666666667	1.8966666666666667	1.7773333333333334	1.662	1.5886666666666667	1.4986666666666666	1.4193333333333333	1.342	1.3146666666666667	1.128	1.0973333333333333	1.0466666666666666	0.9593333333333334	0.9066666666666666	0.8133333333333334	0.7746666666666666	0.7426666666666667	0.6646666666666666	0.6306666666666667	0.5813333333333334	0.5406666666666666	0.5346666666666666	0.47333333333333333	0.44733333333333336	0.4093333333333333	0.39666666666666667	0.3473333333333333	0.3453333333333333	0.2966666666666667	0.28	0.252	0.222	0.218	0.194	0.18933333333333333	0.14666666666666667	0.162	0.15333333333333332	0.13733333333333334	0.11533333333333333	0.10333333333333333	0.10333333333333333	0.084	0.086	0.07266666666666667	0.05466666666666667	0.058666666666666666	0.05533333333333333	0.052	0.04	0.03133333333333333	0.034	
10.524	10.57	10.002	9.858666666666666	9.541333333333334	9.261333333333333	8.972	8.813333333333333	8.654	8.136	8.108666666666666	7.734	7.830666666666667	7.357333333333333	7.132	6.874	6.850666666666666	6.440666666666667	6.484	6.069333333333334	6.109333333333334	5.76	5.706	5.442	5.342666666666666	5.140666666666666	5.012666666666667	4.758666666666667	4.613333333333333	4.506666666666667	4.320666666666667	4.1466666666666665	3.962	3.8586666666666667	3.718	3.5933333333333333	3.41	3.3093333333333335	3.078666666666667	3.056	2.822	2.779333333333333	2.6726666666666667	2.526666666666667	2.3146666666666667	2.3646666666666665	2.1973333333333334	2.0553333333333335	1.95	1.8306666666666667	1.6633333333333333	1.6433333333333333	1.518	1.352	1.292	1.188	1.1533333333333333	1.09	1.0433333333333332	0.9673333333333334	0.8526666666666667	0.8506666666666667	0.7846666666666666	0.7353333333333333	0.6926666666666667	0.636	0.5673333333333334	0.528	0.524	0.47933333333333333	0.42	0.42533333333333334	0.3893333333333333	0.366	0.3446666666666667	0.30466666666666664	0.2866666666666667	0.26266666666666666	0.24333333333333335	0.22333333333333333	0.21133333333333335	0.19266666666666668	0.16066666666666668	0.158	0.152	0.13133333333333333	0.108	0.10666666666666667	0.092	0.088	0.07666666666666666	0.07333333333333333	0.06333333333333334	0.07133333333333333	0.048	0.034	0.036	0.03333333333333333	0.03266666666666666	
10.592666666666666	10.276666666666667	10.060666666666666	9.749333333333333	9.344666666666667	9.349333333333334	8.755333333333333	8.606666666666667	8.427333333333333	8.312	8.086666666666666	7.831333333333333	7.592	7.2973333333333334	7.293333333333333	6.939333333333333	6.822666666666667	6.549333333333333	6.44	6.174	5.9446666666666665	5.739333333333334	5.637333333333333	5.459333333333333	5.213333333333333	5.07	4.998666666666667	4.762	4.629333333333333	4.430666666666666	4.31	4.174666666666667	3.958	3.9086666666666665	3.7106666666666666	3.5953333333333335	3.417333333333333	3.264666666666667	3.116	3.021333333333333	2.8213333333333335	2.888	2.618	2.55	2.291333333333333	2.3846666666666665	2.074666666666667	2.032	1.9013333333333333	1.8493333333333333	1.71	1.5926666666666667	1.4813333333333334	1.4413333333333334	1.3393333333333333	1.1733333333333333	1.138	1.0766666666666667	1.0273333333333334	0.9493333333333334	0.882	0.782	0.806	0.73	0.712	0.63	0.5886666666666667	0.5466666666666666	0.5126666666666667	0.438	0.4706666666666667	0.39666666666666667	0.38466666666666666	0.354	0.334	0.294	0.312	0.25266666666666665	0.256	0.22066666666666668	0.18933333333333333	0.18066666666666667	0.164	0.158	0.144	0.12133333333333333	0.10466666666666667	0.102	0.096	0.092	0.078	0.06933333333333333	0.052	0.06466666666666666	0.05466666666666667	0.052	0.043333333333333335	0.03333333333333333	0.029333333333333333	
10.557333333333334	10.258	9.688666666666666	9.617333333333333	9.338	9.013333333333334	8.898666666666667	8.585333333333333	8.384666666666666	8.172666666666666	7.782666666666667	7.691333333333334	7.612666666666667	7.229333333333333	7.246	6.876	6.818	6.441333333333334	6.372	6.019333333333333	6.018666666666666	5.774	5.5793333333333335	5.414666666666666	5.287333333333334	5.160666666666667	4.98	4.708666666666667	4.581333333333333	4.406666666666666	4.281333333333333	4.121333333333333	3.9246666666666665	3.796	3.674	3.550666666666667	3.3686666666666665	3.284666666666667	3.1033333333333335	2.958	2.794	2.782	2.5906666666666665	2.4953333333333334	2.3013333333333335	2.27	2.1146666666666665	1.9366666666666668	1.9293333333333333	1.784	1.7133333333333334	1.5886666666666667	1.5286666666666666	1.4246666666666667	1.3126666666666666	1.244	1.1193333333333333	1.0893333333333333	1.0293333333333334	0.94	0.8533333333333334	0.8593333333333333	0.7406666666666667	0.716	0.664	0.6493333333333333	0.5493333333333333	0.5606666666666666	0.508	0.49266666666666664	0.43533333333333335	0.4	0.38866666666666666	0.3606666666666667	0.31133333333333335	0.30133333333333334	0.2733333333333333	0.254	0.23	0.236	0.196	0.18933333333333333	0.188	0.14733333333333334	0.13933333333333334	0.12333333333333334	0.10933333333333334	0.09733333333333333	0.11533333333333333	0.07933333333333334	0.086	0.06133333333333333	0.05733333333333333	0.05333333333333334	0.04066666666666666	0.05266666666666667	0.042	0.025333333333333333	0.032	
10.425333333333333	10.237333333333334	9.690666666666667	9.673333333333334	9.352	9.004	8.658	8.662	8.234666666666667	8.091333333333333	7.967333333333333	7.557333333333333	7.509333333333333	7.3	7.228	6.886	6.714666666666667	6.346	6.252666666666666	5.926	6.012666666666667	5.672	5.616666666666666	5.312666666666667	5.166	4.908	4.852	4.742	4.532666666666667	4.298666666666667	4.237333333333333	4.094666666666667	3.8853333333333335	3.8146666666666667	3.5846666666666667	3.538666666666667	3.3373333333333335	3.220666666666667	3.0866666666666664	3.0313333333333334	2.848	2.624	2.572	2.502	2.29	2.2346666666666666	2.096	2.0086666666666666	1.8026666666666666	1.8213333333333332	1.7166666666666666	1.5293333333333334	1.4686666666666666	1.3866666666666667	1.3193333333333332	1.264	1.1293333333333333	1.064	1.026	0.924	0.9126666666666666	0.7966666666666666	0.7466666666666667	0.6893333333333334	0.6426666666666667	0.5973333333333334	0.5613333333333334	0.5153333333333333	0.5213333333333333	0.43466666666666665	0.426	0.376	0.372	0.3353333333333333	0.30133333333333334	0.3	0.28733333333333333	0.242	0.25266666666666665	0.214	0.20866666666666667	0.17	0.15733333333333333	0.16066666666666668	0.12133333333333333	0.14466666666666667	0.12	0.12533333333333332	0.10533333333333333	0.098	0.08266666666666667	0.074	0.07133333333333333	0.058	0.06466666666666666	0.05266666666666667	0.042666666666666665	0.03	0.030666666666666665	
10.232666666666667	10.058	9.734	9.492666666666667	9.304	9.107333333333333	8.72	8.601333333333333	8.403333333333334	7.963333333333333	7.766666666666667	7.456666666666667	7.524666666666667	7.150666666666667	7.003333333333333	6.704	6.720666666666666	6.4013333333333335	6.28	5.927333333333333	5.926	5.666	5.532	5.314	5.247333333333334	5.056	4.897333333333333	4.569333333333334	4.550666666666666	4.331333333333333	4.157333333333334	4.139333333333333	3.8626666666666667	3.72	3.576	3.5033333333333334	3.3253333333333335	3.2693333333333334	3.024	2.9286666666666665	2.802	2.771333333333333	2.502666666666667	2.550666666666667	2.324	2.208666666666667	2.05	2.001333333333333	1.8446666666666667	1.7426666666666666	1.6673333333333333	1.5186666666666666	1.4833333333333334	1.3326666666666667	1.3006666666666666	1.254	1.144	1.026	1.0026666666666666	0.938	0.8366666666666667	0.85	0.782	0.7473333333333333	0.678	0.6253333333333333	0.606	0.5246666666666666	0.534	0.4493333333333333	0.44533333333333336	0.38466666666666666	0.378	0.3546666666666667	0.336	0.31733333333333336	0.2806666666666667	0.256	0.25733333333333336	0.20666666666666667	0.20533333333333334	0.19466666666666665	0.16533333333333333	0.14266666666666666	0.15466666666666667	0.136	0.10866666666666666	0.12	0.1	0.086	0.09333333333333334	0.08	0.06866666666666667	0.06466666666666666	0.04666666666666667	0.04533333333333334	0.034	0.03266666666666666	0.026	
10.338666666666667	10.06	9.624666666666666	9.333333333333334	9.078666666666667	8.849333333333334	8.525333333333334	8.542	8.217333333333332	7.883333333333334	7.772	7.430666666666666	7.314666666666667	7.191333333333334	6.889333333333333	6.625333333333334	6.51	6.248	6.164	5.794	5.719333333333333	5.621333333333333	5.561333333333334	5.182	5.136	4.8933333333333335	4.748	4.622	4.518	4.249333333333333	4.172	4.057333333333333	3.8446666666666665	3.7693333333333334	3.5726666666666667	3.4473333333333334	3.226	3.1526666666666667	2.9633333333333334	2.966	2.7506666666666666	2.638	2.457333333333333	2.49	2.223333333333333	2.194	2.0533333333333332	1.9286666666666668	1.8726666666666667	1.8193333333333332	1.6573333333333333	1.5633333333333332	1.4966666666666666	1.2986666666666666	1.246	1.1826666666666668	1.1413333333333333	1.0633333333333332	0.9886666666666667	0.9233333333333333	0.852	0.836	0.7853333333333333	0.7133333333333334	0.678	0.6133333333333333	0.5926666666666667	0.5313333333333333	0.534	0.456	0.4493333333333333	0.4053333333333333	0.36866666666666664	0.32866666666666666	0.3473333333333333	0.27	0.258	0.25	0.24066666666666667	0.18133333333333335	0.206	0.176	0.15133333333333332	0.13866666666666666	0.138	0.14133333333333334	0.108	0.10733333333333334	0.08533333333333333	0.08133333333333333	0.07533333333333334	0.058666666666666666	0.058	0.059333333333333335	0.03866666666666667	0.036	0.034	0.03666666666666667	0.024	
10.016	9.998666666666667	9.594666666666667	9.482666666666667	9.043333333333333	8.802666666666667	8.554666666666666	8.309333333333333	8.082	7.784	7.6433333333333335	7.538	7.455333333333333	7.0473333333333334	6.966666666666667	6.570666666666667	6.502	6.139333333333333	6.097333333333333	5.848	5.724	5.522666666666667	5.455333333333333	5.1946666666666665	5.1353333333333335	4.933333333333334	4.709333333333333	4.52	4.478	4.31	4.076	4.028666666666667	3.800666666666667	3.6206666666666667	3.477333333333333	3.412	3.176	3.16	3.034666666666667	2.937333333333333	2.779333333333333	2.626	2.528	2.414	2.258	2.114	2.0366666666666666	2.030666666666667	1.8566666666666667	1.7226666666666666	1.6113333333333333	1.5646666666666667	1.414	1.3633333333333333	1.2826666666666666	1.1633333333333333	1.1433333333333333	1.044	0.948	0.9033333333333333	0.82	0.798	0.7593333333333333	0.66	0.6233333333333333	0.6273333333333333	0.5666666666666667	0.5306666666666666	0.5006666666666667	0.44533333333333336	0.394	0.39	0.37	0.3473333333333333	0.33466666666666667	0.28733333333333333	0.2826666666666667	0.25	0.23333333333333334	0.218	0.202	0.18933333333333333	0.17933333333333334	0.15733333333333333	0.134	0.13	0.10266666666666667	0.10266666666666667	0.09	0.09733333333333333	0.078	0.07333333333333333	0.06533333333333333	0.056666666666666664	0.04466666666666667	0.043333333333333335	0.034666666666666665	0.038	0.024	
9.951333333333332	9.773333333333333	9.397333333333334	9.322666666666667	9.019333333333334	8.782666666666668	8.376666666666667	8.201333333333332	8.061333333333334	7.884666666666667	7.65	7.276666666666666	7.268666666666666	6.8966666666666665	6.872	6.528	6.331333333333333	6.126666666666667	5.999333333333333	5.712	5.693333333333333	5.52	5.483333333333333	5.177333333333333	4.995333333333333	4.704666666666666	4.660666666666667	4.480666666666667	4.363333333333333	4.249333333333333	4.104	3.954	3.8486666666666665	3.691333333333333	3.5766666666666667	3.3573333333333335	3.1726666666666667	3.128	2.8793333333333333	2.8713333333333333	2.708666666666667	2.6033333333333335	2.4433333333333334	2.4526666666666666	2.184	2.196	2.009333333333333	1.9346666666666668	1.8093333333333332	1.7	1.5766666666666667	1.5406666666666666	1.426	1.3253333333333333	1.2573333333333334	1.1593333333333333	1.112	1.0066666666666666	0.9393333333333334	0.9013333333333333	0.8413333333333334	0.7846666666666666	0.78	0.7153333333333334	0.652	0.63	0.5506666666666666	0.5226666666666666	0.48333333333333334	0.476	0.4046666666666667	0.3913333333333333	0.36466666666666664	0.30733333333333335	0.30933333333333335	0.29533333333333334	0.258	0.24133333333333334	0.24533333333333332	0.20866666666666667	0.18	0.17533333333333334	0.17133333333333334	0.134	0.152	0.136	0.098	0.09866666666666667	0.08666666666666667	0.07666666666666666	0.07866666666666666	0.06866666666666667	0.06066666666666667	0.056	0.051333333333333335	0.042666666666666665	0.03266666666666666	0.027333333333333334	0.030666666666666665	
9.942666666666666	9.782666666666668	9.273333333333333	9.192	8.797333333333333	8.637333333333334	8.456666666666667	8.168666666666667	8.016	7.689333333333333	7.593333333333334	7.275333333333333	7.28	7.059333333333333	6.720666666666666	6.3726666666666665	6.341333333333333	6.158	6.0873333333333335	5.714666666666667	5.738	5.355333333333333	5.363333333333333	5.021333333333334	4.999333333333333	4.726	4.676	4.411333333333333	4.354	4.14	4.023333333333333	3.86	3.6946666666666665	3.703333333333333	3.4393333333333334	3.2733333333333334	3.2893333333333334	3.0993333333333335	2.898	2.9026666666666667	2.6786666666666665	2.6173333333333333	2.4093333333333335	2.348	2.2826666666666666	2.1513333333333335	1.9973333333333334	1.8986666666666667	1.808	1.6813333333333333	1.596	1.52	1.372	1.3166666666666667	1.2633333333333334	1.144	1.07	0.9913333333333333	0.9386666666666666	0.88	0.8786666666666667	0.778	0.732	0.6893333333333334	0.6486666666666666	0.602	0.574	0.5046666666666667	0.49	0.4673333333333333	0.42866666666666664	0.4086666666666667	0.356	0.308	0.32	0.29133333333333333	0.25666666666666665	0.25266666666666665	0.222	0.17666666666666667	0.19	0.17266666666666666	0.16666666666666666	0.15066666666666667	0.14133333333333334	0.13333333333333333	0.09866666666666667	0.09133333333333334	0.08866666666666667	0.08266666666666667	0.07466666666666667	0.07066666666666667	0.06466666666666666	0.052	0.05	0.035333333333333335	0.03866666666666667	0.029333333333333333	0.024666666666666667	
9.848666666666666	9.852	9.196	8.956666666666667	8.802	8.677333333333333	8.287333333333333	8.088	7.948666666666667	7.7973333333333334	7.512	7.194	7.136666666666667	6.750666666666667	6.726666666666667	6.374666666666666	6.271333333333334	6.005333333333334	5.803333333333334	5.614	5.621333333333333	5.309333333333333	5.205333333333333	5.088	4.914666666666666	4.713333333333333	4.557333333333333	4.4446666666666665	4.368666666666667	4.177333333333333	3.9806666666666666	3.804666666666667	3.7106666666666666	3.602	3.37	3.2953333333333332	3.1326666666666667	3.0853333333333333	2.8446666666666665	2.7453333333333334	2.6533333333333333	2.55	2.502666666666667	2.356	2.1973333333333334	2.1426666666666665	1.9413333333333334	1.936	1.7853333333333334	1.7006666666666668	1.602	1.4766666666666666	1.3793333333333333	1.3033333333333332	1.2386666666666666	1.1233333333333333	1.1	1.0693333333333332	0.9746666666666667	0.8913333333333333	0.8213333333333334	0.7853333333333333	0.738	0.6613333333333333	0.6246666666666667	0.5986666666666667	0.5353333333333333	0.5353333333333333	0.4866666666666667	0.44666666666666666	0.42866666666666664	0.384	0.366	0.31266666666666665	0.31333333333333335	0.2753333333333333	0.274	0.232	0.21466666666666667	0.20266666666666666	0.19933333333333333	0.17266666666666666	0.15533333333333332	0.134	0.124	0.13133333333333333	0.11466666666666667	0.096	0.08666666666666667	0.08133333333333333	0.062	0.06	0.05533333333333333	0.04733333333333333	0.043333333333333335	0.036	0.043333333333333335	0.026	0.025333333333333333	
9.705333333333334	9.585333333333333	9.182	8.836	8.794	8.532666666666668	8.279333333333334	7.919333333333333	7.808	7.5633333333333335	7.368	7.256	7.076	6.746666666666667	6.6113333333333335	6.387333333333333	6.21	5.976	5.997333333333334	5.625333333333334	5.506666666666667	5.315333333333333	5.336	5.031333333333333	4.906	4.628666666666667	4.578	4.338	4.336	4.086666666666667	3.9446666666666665	3.8393333333333333	3.678	3.6266666666666665	3.3306666666666667	3.3373333333333335	3.1193333333333335	3.058	2.8313333333333333	2.808666666666667	2.6026666666666665	2.6053333333333333	2.3953333333333333	2.314	2.1806666666666668	2.1746666666666665	1.9113333333333333	1.8846666666666667	1.7526666666666666	1.6946666666666668	1.5266666666666666	1.472	1.2993333333333332	1.3113333333333332	1.194	1.1906666666666668	1.0493333333333332	0.98	0.9566666666666667	0.898	0.8433333333333334	0.7526666666666667	0.708	0.6486666666666666	0.6506666666666666	0.6013333333333334	0.5393333333333333	0.5	0.4706666666666667	0.42133333333333334	0.432	0.4053333333333333	0.384	0.31533333333333335	0.306	0.27066666666666667	0.2773333333333333	0.25133333333333335	0.226	0.21733333333333332	0.18333333333333332	0.174	0.14733333333333334	0.15266666666666667	0.14266666666666666	0.12266666666666666	0.10666666666666667	0.106	0.08866666666666667	0.08066666666666666	0.076	0.05466666666666667	0.054	0.064	0.04133333333333333	0.04	0.034666666666666665	0.03266666666666666	0.026	
9.636	9.478666666666667	9.126	9.027333333333333	8.538	8.377333333333333	8.269333333333334	7.950666666666667	7.820666666666667	7.55	7.444	7.046	6.968666666666667	6.647333333333333	6.589333333333333	6.231333333333334	6.218	5.982666666666667	5.903333333333333	5.626666666666667	5.637333333333333	5.251333333333333	5.288	4.995333333333333	4.804	4.568	4.552	4.338666666666667	4.265333333333333	4.128	3.9833333333333334	3.8	3.5906666666666665	3.538	3.3446666666666665	3.352	3.102	3.1013333333333333	2.8586666666666667	2.812666666666667	2.498666666666667	2.5233333333333334	2.3906666666666667	2.346	2.223333333333333	2.136	1.938	1.8806666666666667	1.7366666666666666	1.6953333333333334	1.568	1.43	1.3446666666666667	1.2773333333333334	1.1913333333333334	1.1626666666666667	1.11	1.0126666666666666	0.9066666666666666	0.9093333333333333	0.8146666666666667	0.752	0.698	0.6673333333333333	0.6006666666666667	0.5553333333333333	0.5666666666666667	0.49266666666666664	0.49933333333333335	0.41533333333333333	0.41133333333333333	0.3893333333333333	0.364	0.3313333333333333	0.30533333333333335	0.268	0.2673333333333333	0.24266666666666667	0.232	0.20666666666666667	0.18333333333333332	0.17	0.15	0.144	0.12	0.11866666666666667	0.11466666666666667	0.09066666666666667	0.086	0.08133333333333333	0.08266666666666667	0.07133333333333333	0.056	0.048666666666666664	0.03133333333333333	0.05	0.034666666666666665	0.034666666666666665	0.02666666666666667	
9.697333333333333	9.702	9.1	8.913333333333334	8.603333333333333	8.486	8.133333333333333	7.908	7.726	7.536666666666667	7.483333333333333	7.056666666666667	6.957333333333334	6.742	6.492	6.316	6.339333333333333	5.999333333333333	5.925333333333334	5.582666666666666	5.453333333333333	5.282666666666667	5.253333333333333	4.854	4.804	4.758666666666667	4.521333333333334	4.378	4.23	4.0873333333333335	3.908	3.81	3.748	3.484	3.2826666666666666	3.239333333333333	3.0913333333333335	3.048	2.7346666666666666	2.8173333333333335	2.6353333333333335	2.453333333333333	2.4193333333333333	2.208	2.1586666666666665	2.0473333333333334	1.956	1.8673333333333333	1.744	1.646	1.534	1.502	1.3613333333333333	1.272	1.2313333333333334	1.07	1.0746666666666667	1.03	0.944	0.874	0.798	0.76	0.734	0.6733333333333333	0.6073333333333333	0.5246666666666666	0.58	0.48333333333333334	0.5066666666666667	0.43666666666666665	0.4226666666666667	0.386	0.356	0.33066666666666666	0.31466666666666665	0.2786666666666667	0.25933333333333336	0.24866666666666667	0.23866666666666667	0.22066666666666668	0.212	0.16866666666666666	0.152	0.14533333333333334	0.12466666666666666	0.12733333333333333	0.114	0.1	0.08933333333333333	0.08266666666666667	0.08533333333333333	0.06266666666666666	0.052	0.058	0.044	0.04133333333333333	0.034666666666666665	0.03933333333333333	0.02266666666666667	
9.538666666666666	9.488	9.121333333333334	8.845333333333333	8.648666666666667	8.494666666666667	8.128	7.898	7.648	7.425333333333334	7.423333333333333	7.1433333333333335	6.864	6.726	6.53	6.382	6.234	5.88	5.952	5.600666666666666	5.562	5.295333333333334	5.134666666666667	4.960666666666667	4.9126666666666665	4.642666666666667	4.527333333333333	4.292	4.191333333333334	4.094	3.929333333333333	3.8726666666666665	3.656	3.4766666666666666	3.3526666666666665	3.3693333333333335	3.0953333333333335	3.037333333333333	2.828666666666667	2.802	2.5606666666666666	2.5593333333333335	2.3826666666666667	2.316666666666667	2.168	2.1286666666666667	1.9373333333333334	1.918	1.7613333333333334	1.5933333333333333	1.5593333333333332	1.468	1.3813333333333333	1.302	1.174	1.126	1.0346666666666666	1.012	0.8933333333333333	0.9033333333333333	0.8093333333333333	0.776	0.72	0.6686666666666666	0.6333333333333333	0.606	0.55	0.5066666666666667	0.48	0.44266666666666665	0.42333333333333334	0.39466666666666667	0.3566666666666667	0.318	0.2773333333333333	0.3233333333333333	0.256	0.21	0.22466666666666665	0.20733333333333334	0.194	0.15266666666666667	0.146	0.15266666666666667	0.13266666666666665	0.11266666666666666	0.11733333333333333	0.09733333333333333	0.09	0.08933333333333333	0.06866666666666667	0.06466666666666666	0.06266666666666666	0.043333333333333335	0.042666666666666665	0.05	0.034666666666666665	0.028666666666666667	0.026	
9.659333333333333	9.41	9.106666666666667	8.824	8.544666666666666	8.380666666666666	8.288666666666666	7.913333333333333	7.841333333333333	7.51	7.386	7.026666666666666	7.082	6.543333333333333	6.606	6.189333333333333	6.134	5.916666666666667	5.822666666666667	5.608666666666666	5.503333333333333	5.282	5.172	4.916	4.918666666666667	4.658666666666667	4.582666666666666	4.358	4.218	4.068	3.918	3.7573333333333334	3.5713333333333335	3.5046666666666666	3.320666666666667	3.3073333333333332	3.1986666666666665	3.008	2.8533333333333335	2.7	2.6373333333333333	2.53	2.4133333333333336	2.31	2.1446666666666667	2.1026666666666665	1.886	1.848	1.6926666666666668	1.6446666666666667	1.5793333333333333	1.4073333333333333	1.3386666666666667	1.3126666666666666	1.1986666666666668	1.15	1.01	0.958	0.9066666666666666	0.8573333333333333	0.8206666666666667	0.782	0.684	0.666	0.626	0.6053333333333333	0.592	0.49333333333333335	0.4493333333333333	0.4186666666666667	0.43533333333333335	0.38866666666666666	0.3333333333333333	0.356	0.2866666666666667	0.2886666666666667	0.25	0.25666666666666665	0.22733333333333333	0.20466666666666666	0.192	0.172	0.16066666666666668	0.16266666666666665	0.13333333333333333	0.11266666666666666	0.10733333333333334	0.09133333333333334	0.096	0.08133333333333333	0.07333333333333333	0.06666666666666667	0.050666666666666665	0.06	0.05333333333333334	0.042666666666666665	0.03666666666666667	0.03666666666666667	0.028666666666666667	
9.554666666666666	9.476	9.012666666666666	8.935333333333332	8.510666666666667	8.352666666666666	8.182	7.9446666666666665	7.722666666666667	7.443333333333333	7.316	7.0713333333333335	6.997333333333334	6.664666666666666	6.606	6.352666666666667	6.167333333333334	5.846666666666667	5.8213333333333335	5.514666666666667	5.609333333333334	5.3053333333333335	5.1546666666666665	4.931333333333333	4.736	4.679333333333333	4.447333333333333	4.244666666666666	4.182666666666667	4.076	3.884	3.775333333333333	3.814	3.5206666666666666	3.3426666666666667	3.316666666666667	3.0366666666666666	3.0726666666666667	2.783333333333333	2.78	2.5753333333333335	2.5686666666666667	2.4053333333333335	2.25	2.1646666666666667	2.0553333333333335	1.9133333333333333	1.8453333333333333	1.758	1.6893333333333334	1.4933333333333334	1.4566666666666668	1.378	1.278	1.2	1.1166666666666667	1.062	0.9733333333333334	0.9486666666666667	0.824	0.792	0.7906666666666666	0.7053333333333334	0.66	0.618	0.594	0.5493333333333333	0.5366666666666666	0.47933333333333333	0.426	0.44733333333333336	0.41	0.3606666666666667	0.336	0.298	0.2793333333333333	0.272	0.24533333333333332	0.224	0.20666666666666667	0.19533333333333333	0.17333333333333334	0.16	0.14733333333333334	0.12733333333333333	0.11	0.10666666666666667	0.118	0.08666666666666667	0.062	0.084	0.07733333333333334	0.04733333333333333	0.06266666666666666	0.035333333333333335	0.044	0.030666666666666665	0.029333333333333333	0.03666666666666667	
9.458666666666666	9.375333333333334	9.076666666666666	8.914	8.628	8.264	8.201333333333332	7.8406666666666665	7.669333333333333	7.394	7.233333333333333	7.1113333333333335	6.897333333333333	6.644	6.628	6.252	6.185333333333333	5.962666666666666	5.914	5.574666666666666	5.477333333333333	5.276666666666666	5.180666666666666	4.868	4.79	4.6146666666666665	4.521333333333334	4.260666666666666	4.158666666666667	4.082666666666666	3.9233333333333333	3.742	3.6193333333333335	3.532	3.3966666666666665	3.318	3.16	3.014	2.8513333333333333	2.736666666666667	2.5893333333333333	2.5713333333333335	2.3973333333333335	2.2693333333333334	2.1193333333333335	2.0573333333333332	1.956	1.8886666666666667	1.7333333333333334	1.6333333333333333	1.546	1.4573333333333334	1.352	1.284	1.238	1.1446666666666667	1.1033333333333333	1.02	0.9553333333333334	0.864	0.8533333333333334	0.7906666666666666	0.692	0.6846666666666666	0.6126666666666667	0.5873333333333334	0.572	0.516	0.4866666666666667	0.4266666666666667	0.42533333333333334	0.386	0.35333333333333333	0.29	0.3006666666666667	0.27266666666666667	0.25266666666666665	0.24666666666666667	0.228	0.202	0.208	0.182	0.16266666666666665	0.16	0.126	0.11733333333333333	0.10333333333333333	0.09066666666666667	0.09733333333333333	0.084	0.07933333333333334	0.056666666666666664	0.06266666666666666	0.04933333333333333	0.036	0.03866666666666667	0.03	0.037333333333333336	0.032	
9.475333333333333	9.31	8.938	8.864666666666666	8.483333333333333	8.234	8.026	7.954666666666666	7.733333333333333	7.501333333333333	7.342	7.058	7.089333333333333	6.5633333333333335	6.526	6.203333333333333	6.242666666666667	5.900666666666667	5.757333333333333	5.494	5.413333333333333	5.1946666666666665	5.121333333333333	4.929333333333333	4.822666666666667	4.6386666666666665	4.664	4.257333333333333	4.174666666666667	4.100666666666666	3.8053333333333335	3.6766666666666667	3.5866666666666664	3.5613333333333332	3.3293333333333335	3.207333333333333	3.1226666666666665	2.9186666666666667	2.864	2.794	2.5693333333333332	2.5393333333333334	2.292	2.3693333333333335	2.1786666666666665	2.078666666666667	1.92	1.8873333333333333	1.7353333333333334	1.6813333333333333	1.6066666666666667	1.464	1.342	1.2706666666666666	1.2046666666666668	1.1713333333333333	1.0146666666666666	0.9946666666666667	0.9273333333333333	0.89	0.8733333333333333	0.7253333333333334	0.7053333333333334	0.6766666666666666	0.632	0.6286666666666667	0.5633333333333334	0.504	0.476	0.4493333333333333	0.41	0.3406666666666667	0.342	0.31533333333333335	0.2986666666666667	0.27466666666666667	0.27066666666666667	0.23466666666666666	0.22466666666666665	0.19333333333333333	0.19466666666666665	0.16466666666666666	0.14933333333333335	0.13266666666666665	0.11933333333333333	0.13666666666666666	0.11333333333333333	0.10066666666666667	0.08733333333333333	0.08266666666666667	0.07733333333333334	0.06333333333333334	0.048666666666666664	0.04466666666666667	0.042	0.04933333333333333	0.032	0.03266666666666666	0.032	
9.675333333333333	9.378666666666666	8.903333333333334	8.820666666666666	8.466	8.437333333333333	8.060666666666666	7.932666666666667	7.604666666666667	7.456666666666667	7.292	7.039333333333333	6.883333333333334	6.7	6.550666666666666	6.307333333333333	6.107333333333333	5.940666666666667	5.764	5.59	5.436	5.172666666666666	5.194	4.844	4.894666666666667	4.724	4.4286666666666665	4.300666666666666	4.188666666666666	4.015333333333333	3.8706666666666667	3.73	3.6526666666666667	3.518666666666667	3.324	3.2006666666666668	2.9386666666666668	3.0526666666666666	2.824	2.7466666666666666	2.6213333333333333	2.542	2.322	2.314	2.1233333333333335	2.07	1.9226666666666667	1.8806666666666667	1.6153333333333333	1.6733333333333333	1.5513333333333332	1.4473333333333334	1.3426666666666667	1.2246666666666666	1.244	1.1606666666666667	1.0313333333333334	0.97	0.9313333333333333	0.858	0.7966666666666666	0.7446666666666667	0.718	0.6706666666666666	0.6473333333333333	0.5773333333333334	0.5373333333333333	0.5193333333333333	0.5053333333333333	0.426	0.4046666666666667	0.39466666666666667	0.3453333333333333	0.31866666666666665	0.2833333333333333	0.28733333333333333	0.254	0.24133333333333334	0.21733333333333332	0.20933333333333334	0.188	0.178	0.148	0.132	0.134	0.11	0.10466666666666667	0.092	0.094	0.074	0.072	0.07533333333333334	0.062	0.06133333333333333	0.05	0.04466666666666667	0.034	0.036	0.028	
9.41	9.278	8.916	8.766	8.482	8.291333333333334	8.135333333333334	7.911333333333333	7.664666666666666	7.438	7.29	6.976666666666667	6.932666666666667	6.5873333333333335	6.430666666666666	6.246666666666667	6.142666666666667	5.888	5.824666666666666	5.460666666666667	5.412	5.1866666666666665	5.182666666666667	4.996	4.819333333333334	4.61	4.324666666666666	4.3566666666666665	4.076	4.04	3.954	3.6846666666666668	3.5833333333333335	3.486	3.272	3.1446666666666667	2.996	3.0526666666666666	2.8093333333333335	2.6766666666666667	2.556	2.486666666666667	2.3666666666666667	2.1946666666666665	2.146	2.1186666666666665	1.9473333333333334	1.834	1.7313333333333334	1.688	1.5493333333333332	1.4346666666666668	1.3873333333333333	1.2933333333333332	1.2066666666666668	1.134	1.068	0.93	0.956	0.8466666666666667	0.8286666666666667	0.748	0.7	0.6673333333333333	0.5973333333333334	0.6166666666666667	0.5413333333333333	0.47	0.51	0.428	0.378	0.378	0.366	0.33466666666666667	0.2946666666666667	0.29133333333333333	0.27	0.22	0.20733333333333334	0.19533333333333333	0.16866666666666666	0.17466666666666666	0.16866666666666666	0.156	0.14066666666666666	0.124	0.10066666666666667	0.09066666666666667	0.08666666666666667	0.06466666666666666	0.07	0.05333333333333334	0.06	0.056	0.050666666666666665	0.03	0.043333333333333335	0.03	0.029333333333333333	
9.479333333333333	9.325333333333333	8.930666666666667	8.782	8.336	8.217333333333332	8.025333333333334	7.720666666666666	7.549333333333333	7.450666666666667	7.277333333333333	6.955333333333333	6.854	6.6386666666666665	6.508	6.232666666666667	6.169333333333333	5.963333333333333	5.823333333333333	5.511333333333333	5.490666666666667	5.174	5.0713333333333335	4.854666666666667	4.665333333333334	4.551333333333333	4.468666666666667	4.274	4.094	4.012	3.812666666666667	3.71	3.5946666666666665	3.418	3.2693333333333334	3.1966666666666668	2.9846666666666666	2.97	2.838	2.768	2.5353333333333334	2.556	2.356	2.23	2.0933333333333333	2.0606666666666666	1.946	1.8666666666666667	1.706	1.684	1.5026666666666666	1.4226666666666667	1.3546666666666667	1.344	1.1693333333333333	1.124	1.0653333333333332	0.948	0.9206666666666666	0.8673333333333333	0.836	0.7426666666666667	0.7486666666666667	0.698	0.6486666666666666	0.5493333333333333	0.562	0.516	0.486	0.44466666666666665	0.4086666666666667	0.368	0.3566666666666667	0.3453333333333333	0.2986666666666667	0.2853333333333333	0.24066666666666667	0.23	0.21533333333333332	0.22	0.194	0.18133333333333335	0.13733333333333334	0.146	0.13266666666666665	0.114	0.11933333333333333	0.10866666666666666	0.10066666666666667	0.08666666666666667	0.07533333333333334	0.062	0.050666666666666665	0.048	0.04933333333333333	0.038	0.030666666666666665	0.04066666666666666	0.03266666666666666	
9.369333333333334	9.295333333333334	8.854666666666667	8.763333333333334	8.602666666666666	8.143333333333333	8.053333333333333	7.771333333333334	7.653333333333333	7.371333333333333	7.184666666666667	6.956	6.757333333333333	6.569333333333334	6.539333333333333	6.205333333333333	6.2	5.806666666666667	5.752666666666666	5.504	5.4206666666666665	5.125333333333334	5.132666666666666	4.868666666666667	4.796	4.564666666666667	4.328666666666667	4.240666666666667	4.132	3.994666666666667	3.822	3.6846666666666668	3.6586666666666665	3.510666666666667	3.3366666666666664	3.236666666666667	3.0613333333333332	2.942	2.842	2.7026666666666666	2.541333333333333	2.4326666666666665	2.3193333333333332	2.2466666666666666	2.1286666666666667	2.034666666666667	1.8673333333333333	1.8326666666666667	1.7273333333333334	1.6326666666666667	1.4733333333333334	1.4506666666666668	1.3886666666666667	1.2766666666666666	1.1593333333333333	1.1486666666666667	1.024	0.96	0.916	0.8486666666666667	0.8146666666666667	0.7406666666666667	0.724	0.6393333333333333	0.6186666666666667	0.5553333333333333	0.538	0.49733333333333335	0.44666666666666666	0.438	0.422	0.37466666666666665	0.3406666666666667	0.298	0.296	0.26266666666666666	0.276	0.22533333333333333	0.21933333333333332	0.19466666666666665	0.182	0.15933333333333333	0.14466666666666667	0.14866666666666667	0.102	0.10266666666666667	0.11133333333333334	0.102	0.08466666666666667	0.07666666666666666	0.08333333333333333	0.076	0.066	0.05333333333333334	0.05	0.036	0.025333333333333333	0.034666666666666665	0.032	
9.402666666666667	9.218666666666667	8.796	8.843333333333334	8.423333333333334	8.326666666666666	8.037333333333333	7.883333333333334	7.568	7.414666666666666	7.112666666666667	6.904	6.867333333333334	6.591333333333333	6.584	6.200666666666667	6.1306666666666665	5.823333333333333	5.738	5.3966666666666665	5.400666666666667	5.082	5.149333333333334	4.8566666666666665	4.789333333333333	4.546	4.450666666666667	4.117333333333334	4.046666666666667	3.928	3.816666666666667	3.688	3.476	3.489333333333333	3.3946666666666667	3.1866666666666665	3.042	2.9266666666666667	2.7746666666666666	2.714	2.544	2.4486666666666665	2.3033333333333332	2.287333333333333	2.156	2.048	1.9226666666666667	1.8426666666666667	1.728	1.6646666666666667	1.532	1.4653333333333334	1.3773333333333333	1.28	1.152	1.1086666666666667	1.0733333333333333	0.9606666666666667	0.9433333333333334	0.8606666666666667	0.8373333333333334	0.7573333333333333	0.7373333333333333	0.62	0.6693333333333333	0.562	0.5286666666666666	0.49666666666666665	0.468	0.406	0.4026666666666667	0.37	0.3546666666666667	0.3233333333333333	0.28733333333333333	0.278	0.27266666666666667	0.22733333333333333	0.20866666666666667	0.18333333333333332	0.17866666666666667	0.168	0.15333333333333332	0.15866666666666668	0.12733333333333333	0.12666666666666668	0.09733333333333333	0.10133333333333333	0.09733333333333333	0.07866666666666666	0.06466666666666666	0.059333333333333335	0.059333333333333335	0.042	0.056666666666666664	0.042	0.04	0.029333333333333333	0.028666666666666667	
9.453333333333333	9.21	8.874666666666666	8.71	8.51	8.222666666666667	7.9126666666666665	7.775333333333333	7.51	7.346666666666667	7.026	6.906666666666666	6.759333333333333	6.484666666666667	6.479333333333333	6.033333333333333	6.059333333333333	5.788666666666667	5.749333333333333	5.418666666666667	5.462666666666666	5.089333333333333	5.042666666666666	4.752	4.698666666666667	4.525333333333333	4.505333333333334	4.212666666666666	4.150666666666667	4.094	3.71	3.7586666666666666	3.53	3.457333333333333	3.2546666666666666	3.1213333333333333	3.0166666666666666	2.918	2.7493333333333334	2.720666666666667	2.518	2.4473333333333334	2.296	2.228	2.016	1.992	1.8746666666666667	1.7646666666666666	1.78	1.6313333333333333	1.542	1.442	1.3433333333333333	1.22	1.182	1.15	1.0406666666666666	1.0026666666666666	0.92	0.8813333333333333	0.7786666666666666	0.7813333333333333	0.7446666666666667	0.6253333333333333	0.6226666666666667	0.5686666666666667	0.5606666666666666	0.49066666666666664	0.4633333333333333	0.42533333333333334	0.3973333333333333	0.3973333333333333	0.37866666666666665	0.322	0.2753333333333333	0.2826666666666667	0.2673333333333333	0.24266666666666667	0.20866666666666667	0.19866666666666666	0.17466666666666666	0.182	0.15	0.15066666666666667	0.142	0.11266666666666666	0.09933333333333333	0.09	0.08	0.10333333333333333	0.06066666666666667	0.064	0.06466666666666666	0.04533333333333334	0.052	0.043333333333333335	0.035333333333333335	0.032	0.018666666666666668	
9.278666666666666	9.171333333333333	8.773333333333333	8.682	8.376666666666667	8.169333333333332	7.929333333333333	7.746	7.570666666666667	7.3453333333333335	7.1786666666666665	6.902	6.7026666666666666	6.480666666666667	6.379333333333333	6.240666666666667	5.981333333333334	5.762	5.753333333333333	5.405333333333333	5.292	5.068666666666667	5.0986666666666665	4.844	4.684	4.591333333333333	4.4206666666666665	4.187333333333333	4.056666666666667	3.9486666666666665	3.756666666666667	3.723333333333333	3.5726666666666667	3.404	3.2986666666666666	3.1393333333333335	3.0233333333333334	2.886	2.764	2.6746666666666665	2.5046666666666666	2.478666666666667	2.3446666666666665	2.211333333333333	2.018666666666667	2.002	1.852	1.8233333333333333	1.6513333333333333	1.5646666666666667	1.498	1.3873333333333333	1.3773333333333333	1.2313333333333334	1.1813333333333333	1.1286666666666667	1.0653333333333332	0.9593333333333334	0.902	0.8606666666666667	0.816	0.7446666666666667	0.7053333333333334	0.5833333333333334	0.6113333333333333	0.5773333333333334	0.5633333333333334	0.5206666666666667	0.5033333333333333	0.446	0.36333333333333334	0.372	0.3546666666666667	0.33866666666666667	0.29333333333333333	0.2813333333333333	0.26666666666666666	0.22066666666666668	0.234	0.20733333333333334	0.17866666666666667	0.18	0.15066666666666667	0.15	0.14733333333333334	0.10733333333333334	0.13133333333333333	0.09666666666666666	0.082	0.06866666666666667	0.07133333333333333	0.062	0.059333333333333335	0.05333333333333334	0.04133333333333333	0.04066666666666666	0.030666666666666665	0.03666666666666667	0.026	
9.319333333333333	9.182	8.802666666666667	8.683333333333334	8.271333333333333	8.284	7.878666666666667	7.752	7.432666666666667	7.225333333333333	7.102	6.789333333333333	6.744666666666666	6.543333333333333	6.517333333333333	6.0473333333333334	5.993333333333333	5.722	5.6706666666666665	5.368	5.366666666666666	5.1113333333333335	5.013333333333334	4.764666666666667	4.617333333333334	4.486	4.231333333333334	4.226666666666667	4.044	3.957333333333333	3.7826666666666666	3.6133333333333333	3.572	3.3933333333333335	3.2093333333333334	3.227333333333333	3.064	2.9513333333333334	2.718	2.6906666666666665	2.6393333333333335	2.4086666666666665	2.2853333333333334	2.2706666666666666	2.098	2.036	1.8933333333333333	1.8826666666666667	1.7386666666666666	1.642	1.458	1.4606666666666666	1.356	1.254	1.202	1.1073333333333333	1.022	0.9513333333333334	0.9613333333333334	0.798	0.7793333333333333	0.7346666666666667	0.7473333333333333	0.6846666666666666	0.582	0.5746666666666667	0.5	0.468	0.448	0.44133333333333336	0.398	0.38066666666666665	0.36866666666666664	0.342	0.318	0.29	0.24066666666666667	0.212	0.22533333333333333	0.206	0.186	0.166	0.15466666666666667	0.13466666666666666	0.11266666666666666	0.122	0.134	0.11133333333333334	0.10066666666666667	0.078	0.07333333333333333	0.07466666666666667	0.06533333333333333	0.04933333333333333	0.04666666666666667	0.048666666666666664	0.043333333333333335	0.03933333333333333	0.03266666666666666	
9.281333333333333	9.106	8.718	8.58	8.463333333333333	8.064666666666668	7.914	7.578666666666667	7.472	7.216666666666667	7.065333333333333	6.969333333333333	6.812666666666667	6.476	6.343333333333334	6.024666666666667	6.041333333333333	5.780666666666667	5.683333333333334	5.537333333333334	5.491333333333333	5.045333333333334	4.984	4.838	4.707333333333334	4.423333333333333	4.519333333333333	4.145333333333333	4.05	3.926	3.7853333333333334	3.6686666666666667	3.4966666666666666	3.4286666666666665	3.203333333333333	3.1586666666666665	2.992	2.964	2.8133333333333335	2.656	2.541333333333333	2.4606666666666666	2.275333333333333	2.2746666666666666	2.124	2.017333333333333	1.912	1.7926666666666666	1.7413333333333334	1.6373333333333333	1.5033333333333334	1.4086666666666667	1.3546666666666667	1.2986666666666666	1.142	1.1413333333333333	1.022	0.9886666666666667	0.9093333333333333	0.8213333333333334	0.7873333333333333	0.7546666666666667	0.7253333333333334	0.6413333333333333	0.62	0.568	0.5406666666666666	0.5173333333333333	0.482	0.4246666666666667	0.4126666666666667	0.364	0.33466666666666667	0.31933333333333336	0.30933333333333335	0.256	0.26066666666666666	0.242	0.23	0.21933333333333332	0.166	0.158	0.16466666666666666	0.15866666666666668	0.14466666666666667	0.13	0.10466666666666667	0.09533333333333334	0.09533333333333334	0.07333333333333333	0.07466666666666667	0.06133333333333333	0.05466666666666667	0.050666666666666665	0.03866666666666667	0.05	0.029333333333333333	0.032	0.036	
9.188666666666666	9.182	8.776666666666667	8.718	8.315333333333333	8.084	7.764666666666667	7.732666666666667	7.405333333333333	7.218	7.180666666666666	6.986666666666666	6.71	6.341333333333333	6.396	6.072	5.998	5.822	5.6626666666666665	5.391333333333334	5.231333333333334	5.197333333333333	4.950666666666667	4.792666666666666	4.75	4.477333333333333	4.4286666666666665	4.287333333333334	3.962	3.9226666666666667	3.8273333333333333	3.6593333333333335	3.5733333333333333	3.348	3.259333333333333	3.2046666666666668	3.0006666666666666	2.9593333333333334	2.716	2.7333333333333334	2.5866666666666664	2.453333333333333	2.3113333333333332	2.267333333333333	2.094	2.08	1.868	1.8473333333333333	1.7093333333333334	1.594	1.474	1.4386666666666668	1.2886666666666666	1.262	1.2153333333333334	1.1066666666666667	1.04	0.9753333333333334	0.8926666666666667	0.8466666666666667	0.79	0.7333333333333333	0.72	0.7026666666666667	0.6226666666666667	0.5466666666666666	0.5286666666666666	0.5086666666666667	0.45866666666666667	0.418	0.404	0.37933333333333336	0.3293333333333333	0.308	0.306	0.2926666666666667	0.25533333333333336	0.24933333333333332	0.22333333333333333	0.21733333333333332	0.17666666666666667	0.16333333333333333	0.16	0.13533333333333333	0.13933333333333334	0.112	0.10066666666666667	0.098	0.09	0.07533333333333334	0.076	0.06933333333333333	0.05533333333333333	0.04933333333333333	0.05	0.04466666666666667	0.03333333333333333	0.034	0.03133333333333333	
9.222666666666667	8.959333333333333	8.696	8.599333333333334	8.198666666666666	8.104666666666667	7.898	7.645333333333333	7.454	7.228666666666666	7.215333333333334	6.982666666666667	6.676666666666667	6.451333333333333	6.232	6.04	6.014666666666667	5.721333333333333	5.642	5.3806666666666665	5.39	5.22	4.950666666666667	4.769333333333333	4.677333333333333	4.472666666666667	4.414	4.193333333333333	4.019333333333333	3.994	3.792	3.672	3.526	3.392	3.2266666666666666	3.146	2.9966666666666666	2.93	2.8	2.6233333333333335	2.52	2.4846666666666666	2.3793333333333333	2.21	2.0353333333333334	1.9933333333333334	1.846	1.788	1.7606666666666666	1.6293333333333333	1.5313333333333334	1.4173333333333333	1.2806666666666666	1.2713333333333334	1.1786666666666668	1.0846666666666667	1.0406666666666666	0.9713333333333334	0.9173333333333333	0.8413333333333334	0.832	0.752	0.7373333333333333	0.6273333333333333	0.642	0.5226666666666666	0.5226666666666666	0.4786666666666667	0.4726666666666667	0.45066666666666666	0.386	0.38133333333333336	0.37733333333333335	0.32133333333333336	0.27	0.2906666666666667	0.2713333333333333	0.22533333333333333	0.21933333333333332	0.19666666666666666	0.18933333333333333	0.174	0.17133333333333334	0.16066666666666668	0.11866666666666667	0.118	0.1	0.09066666666666667	0.092	0.08533333333333333	0.09133333333333334	0.06	0.04466666666666667	0.048	0.03866666666666667	0.03666666666666667	0.036	0.032	0.024	
9.230666666666666	8.921333333333333	8.694	8.614	8.321333333333333	8.05	7.895333333333333	7.592666666666666	7.476666666666667	7.217333333333333	6.968	6.864	6.6706666666666665	6.472666666666667	6.229333333333333	5.926	6.021333333333334	5.657333333333334	5.658666666666667	5.306	5.208666666666667	4.954	4.862	4.745333333333333	4.577333333333334	4.435333333333333	4.421333333333333	4.061333333333334	3.98	3.8853333333333335	3.816	3.6306666666666665	3.5113333333333334	3.473333333333333	3.248666666666667	3.128	2.984	2.9186666666666667	2.824666666666667	2.5906666666666665	2.5693333333333332	2.502666666666667	2.248666666666667	2.2826666666666666	2.06	2.0086666666666666	1.9626666666666666	1.8666666666666667	1.636	1.616	1.486	1.4793333333333334	1.3206666666666667	1.2593333333333334	1.1713333333333333	1.0906666666666667	1.0513333333333332	0.9873333333333333	0.8953333333333333	0.8666666666666667	0.7833333333333333	0.744	0.7193333333333334	0.66	0.5993333333333334	0.5466666666666666	0.524	0.48533333333333334	0.45066666666666666	0.4086666666666667	0.3973333333333333	0.35933333333333334	0.336	0.3453333333333333	0.274	0.266	0.25333333333333335	0.2693333333333333	0.21466666666666667	0.198	0.182	0.16733333333333333	0.152	0.13	0.13466666666666666	0.11733333333333333	0.10333333333333333	0.08133333333333333	0.07466666666666667	0.08066666666666666	0.06466666666666666	0.072	0.05	0.054	0.035333333333333335	0.04	0.030666666666666665	0.038	0.032	
9.094666666666667	8.954666666666666	8.634666666666666	8.526666666666667	8.166	8.059333333333333	7.767333333333333	7.553333333333334	7.354666666666667	7.153333333333333	7.005333333333334	6.758	6.632666666666666	6.402666666666667	6.269333333333333	6.152	5.900666666666667	5.625333333333334	5.568	5.264	5.240666666666667	5.057333333333333	4.9093333333333335	4.8406666666666665	4.666	4.492666666666667	4.281333333333333	4.101333333333334	4.020666666666667	3.832	3.7666666666666666	3.6813333333333333	3.6126666666666667	3.3866666666666667	3.206	3.144	2.990666666666667	2.8713333333333333	2.6466666666666665	2.5933333333333333	2.534	2.4646666666666666	2.251333333333333	2.171333333333333	2.0673333333333335	1.9706666666666666	1.8726666666666667	1.7593333333333334	1.7186666666666666	1.616	1.5193333333333334	1.422	1.3106666666666666	1.24	1.096	1.0593333333333332	1.0146666666666666	0.9246666666666666	0.958	0.8273333333333334	0.8413333333333334	0.73	0.646	0.634	0.586	0.5566666666666666	0.548	0.5026666666666667	0.5166666666666667	0.42733333333333334	0.4053333333333333	0.3506666666666667	0.37266666666666665	0.308	0.30133333333333334	0.2733333333333333	0.22933333333333333	0.228	0.22	0.19933333333333333	0.16333333333333333	0.16466666666666666	0.144	0.13733333333333334	0.13333333333333333	0.12	0.12066666666666667	0.09533333333333334	0.08733333333333333	0.08533333333333333	0.07133333333333333	0.07333333333333333	0.059333333333333335	0.05266666666666667	0.04533333333333334	0.05	0.044	0.03866666666666667	0.021333333333333333	
9.214	9.017333333333333	8.509333333333334	8.490666666666666	8.330666666666668	8.013333333333334	7.812	7.6626666666666665	7.173333333333333	7.216	6.960666666666667	6.776	6.624	6.444	6.302	5.976666666666667	5.835333333333334	5.736	5.458666666666667	5.366	5.233333333333333	5.128	4.970666666666666	4.718	4.573333333333333	4.456666666666667	4.244666666666666	4.14	4.014	3.8886666666666665	3.8186666666666667	3.5993333333333335	3.522666666666667	3.4066666666666667	3.216	3.0153333333333334	2.8906666666666667	2.9006666666666665	2.7306666666666666	2.6746666666666665	2.5606666666666666	2.414	2.291333333333333	2.228666666666667	2.0566666666666666	2.0113333333333334	1.91	1.804	1.6266666666666667	1.6193333333333333	1.4553333333333334	1.402	1.2586666666666666	1.1806666666666668	1.1673333333333333	1.0913333333333333	1.038	0.93	0.9133333333333333	0.8106666666666666	0.7986666666666666	0.766	0.68	0.6253333333333333	0.5866666666666667	0.5326666666666666	0.526	0.49666666666666665	0.4746666666666667	0.43533333333333335	0.38533333333333336	0.3453333333333333	0.35	0.354	0.308	0.26266666666666666	0.24933333333333332	0.218	0.22266666666666668	0.216	0.176	0.166	0.16333333333333333	0.152	0.134	0.12533333333333332	0.1	0.10733333333333334	0.08866666666666667	0.066	0.07533333333333334	0.06266666666666666	0.058	0.05533333333333333	0.05	0.034	0.034	0.03333333333333333	0.028666666666666667	
9.197333333333333	8.870666666666667	8.783333333333333	8.462666666666667	8.231333333333334	8.043333333333333	7.742666666666667	7.624	7.251333333333333	7.163333333333333	6.906666666666666	6.723333333333334	6.826	6.4013333333333335	6.139333333333333	6.061333333333334	5.86	5.725333333333333	5.559333333333333	5.386666666666667	5.254	5.02	4.974666666666667	4.646	4.648666666666666	4.378	4.225333333333333	4.146	3.994666666666667	3.8353333333333333	3.8466666666666667	3.516	3.441333333333333	3.3653333333333335	3.138	3.1313333333333335	2.957333333333333	2.8373333333333335	2.742	2.5933333333333333	2.477333333333333	2.446	2.320666666666667	2.188	2.0973333333333333	1.9853333333333334	1.812	1.8006666666666666	1.6846666666666668	1.63	1.4846666666666666	1.3653333333333333	1.2913333333333334	1.2166666666666666	1.1606666666666667	1.0766666666666667	0.9953333333333333	0.9233333333333333	0.9546666666666667	0.8473333333333334	0.7726666666666666	0.716	0.7566666666666667	0.634	0.6333333333333333	0.5666666666666667	0.5606666666666666	0.5093333333333333	0.4713333333333333	0.424	0.422	0.354	0.3393333333333333	0.29533333333333334	0.2633333333333333	0.276	0.258	0.23266666666666666	0.206	0.198	0.17733333333333334	0.14666666666666667	0.15466666666666667	0.14466666666666667	0.128	0.12333333333333334	0.09333333333333334	0.104	0.08266666666666667	0.082	0.06266666666666666	0.05733333333333333	0.056	0.04666666666666667	0.04733333333333333	0.03266666666666666	0.034666666666666665	0.032	0.02666666666666667	
9.124	8.990666666666666	8.557333333333334	8.513333333333334	7.966666666666667	7.925333333333334	7.756	7.586666666666667	7.277333333333333	7.148	7.012	6.689333333333333	6.606	6.3646666666666665	6.204666666666666	6.012	5.912	5.583333333333333	5.528	5.241333333333333	5.247333333333334	4.948	4.868666666666667	4.704666666666666	4.559333333333333	4.461333333333333	4.264666666666667	4.1146666666666665	3.9366666666666665	3.9026666666666667	3.646	3.5553333333333335	3.4486666666666665	3.287333333333333	3.094	3.104	3.034666666666667	2.8333333333333335	2.7186666666666666	2.624	2.449333333333333	2.522	2.2133333333333334	2.268666666666667	2.06	1.9953333333333334	1.7746666666666666	1.7993333333333332	1.6746666666666667	1.5633333333333332	1.4393333333333334	1.3986666666666667	1.3386666666666667	1.2386666666666666	1.1666666666666667	1.09	1.082	0.99	0.8633333333333333	0.8473333333333334	0.792	0.696	0.672	0.6346666666666667	0.6093333333333333	0.564	0.49333333333333335	0.4886666666666667	0.4533333333333333	0.43666666666666665	0.38866666666666666	0.374	0.344	0.31333333333333335	0.288	0.248	0.25266666666666665	0.24866666666666667	0.212	0.18333333333333332	0.196	0.16266666666666665	0.166	0.15066666666666667	0.132	0.114	0.11533333333333333	0.104	0.102	0.07466666666666667	0.074	0.07133333333333333	0.054	0.04933333333333333	0.04933333333333333	0.04066666666666666	0.042	0.021333333333333333	0.018666666666666668	
9.082	8.981333333333334	8.543333333333333	8.401333333333334	8.202666666666667	7.931333333333333	7.766666666666667	7.492666666666667	7.302666666666667	6.946	6.947333333333333	6.633333333333334	6.501333333333333	6.392666666666667	6.204666666666666	6.014666666666667	5.964	5.688	5.532666666666667	5.257333333333333	5.258	4.971333333333333	4.812	4.657333333333334	4.657333333333334	4.422	4.304	4.145333333333333	3.9193333333333333	3.948	3.7373333333333334	3.454	3.489333333333333	3.33	3.236666666666667	3.1253333333333333	3.041333333333333	2.9166666666666665	2.7146666666666666	2.612	2.4993333333333334	2.474	2.23	2.1453333333333333	2.0493333333333332	1.9453333333333334	1.7993333333333332	1.81	1.636	1.61	1.4626666666666666	1.3466666666666667	1.2833333333333334	1.246	1.16	1.0753333333333333	0.9746666666666667	0.9546666666666667	0.9113333333333333	0.796	0.7686666666666667	0.752	0.6646666666666666	0.654	0.584	0.5453333333333333	0.5253333333333333	0.464	0.4633333333333333	0.4246666666666667	0.404	0.38066666666666665	0.33666666666666667	0.306	0.3406666666666667	0.25666666666666665	0.21666666666666667	0.22466666666666665	0.218	0.20533333333333334	0.18533333333333332	0.162	0.16066666666666668	0.16733333333333333	0.13333333333333333	0.11066666666666666	0.098	0.08933333333333333	0.08	0.07866666666666666	0.06333333333333334	0.07	0.04733333333333333	0.06266666666666666	0.042	0.03666666666666667	0.03933333333333333	0.032	0.03266666666666666	
9.151333333333334	8.962666666666667	8.580666666666668	8.306	8.099333333333334	7.918666666666667	7.685333333333333	7.416	7.354	7.115333333333333	6.874	6.752	6.570666666666667	6.367333333333334	6.241333333333333	5.985333333333333	5.831333333333333	5.465333333333334	5.601333333333334	5.200666666666667	5.234	4.876	4.8453333333333335	4.564666666666667	4.47	4.315333333333333	4.322666666666667	4.109333333333334	3.9313333333333333	3.8466666666666667	3.7133333333333334	3.5906666666666665	3.392	3.3586666666666667	3.2066666666666666	3.0766666666666667	2.966666666666667	2.838	2.744	2.6206666666666667	2.438	2.4186666666666667	2.2006666666666668	2.2026666666666666	2.07	2.005333333333333	1.8313333333333333	1.7393333333333334	1.6306666666666667	1.562	1.4566666666666668	1.372	1.2613333333333334	1.198	1.19	1.0646666666666667	1.008	0.9153333333333333	0.9126666666666666	0.822	0.7966666666666666	0.73	0.674	0.6486666666666666	0.6293333333333333	0.558	0.5306666666666666	0.4713333333333333	0.4613333333333333	0.398	0.396	0.37333333333333335	0.336	0.318	0.30333333333333334	0.27066666666666667	0.26866666666666666	0.198	0.24533333333333332	0.208	0.172	0.176	0.17333333333333334	0.14333333333333334	0.13	0.122	0.1	0.09066666666666667	0.092	0.086	0.07533333333333334	0.06466666666666666	0.058	0.05	0.042666666666666665	0.04466666666666667	0.027333333333333334	0.03333333333333333	0.024	
9.029333333333334	8.974666666666666	8.430666666666667	8.263333333333334	7.916	7.798666666666667	7.775333333333333	7.270666666666667	7.239333333333334	6.988666666666667	6.9	6.620666666666667	6.4286666666666665	6.265333333333333	6.187333333333333	5.755333333333334	5.905333333333333	5.506666666666667	5.4	5.342	5.118666666666667	4.9206666666666665	4.814	4.568666666666667	4.508666666666667	4.261333333333333	4.299333333333333	4.054666666666667	3.8986666666666667	3.8333333333333335	3.6646666666666667	3.5853333333333333	3.342	3.302	3.1466666666666665	3.0613333333333332	2.852	2.9093333333333335	2.7146666666666666	2.529333333333333	2.494	2.4153333333333333	2.187333333333333	2.138	1.9933333333333334	1.9806666666666666	1.7806666666666666	1.762	1.648	1.5546666666666666	1.436	1.3833333333333333	1.2666666666666666	1.1746666666666667	1.1686666666666667	1.0246666666666666	0.9473333333333334	0.926	0.874	0.7706666666666667	0.7713333333333333	0.6906666666666667	0.6853333333333333	0.6606666666666666	0.6066666666666667	0.54	0.5106666666666667	0.49333333333333335	0.4713333333333333	0.4086666666666667	0.4093333333333333	0.36	0.36	0.312	0.3273333333333333	0.26466666666666666	0.24266666666666667	0.24	0.20466666666666666	0.17466666666666666	0.174	0.15533333333333332	0.15666666666666668	0.14066666666666666	0.132	0.124	0.106	0.10866666666666666	0.08266666666666667	0.08266666666666667	0.07333333333333333	0.06333333333333334	0.06	0.04933333333333333	0.048	0.03266666666666666	0.03133333333333333	0.024666666666666667	0.03133333333333333	
8.979333333333333	8.919333333333332	8.440666666666667	8.232666666666667	7.929333333333333	7.8453333333333335	7.671333333333333	7.344666666666667	7.265333333333333	7.032666666666667	6.945333333333333	6.72	6.556	6.168	6.278	5.793333333333333	5.81	5.56	5.486	5.193333333333333	5.076	4.807333333333333	4.747333333333334	4.778	4.521333333333334	4.386	4.270666666666667	4.058	3.9873333333333334	3.7953333333333332	3.7146666666666666	3.5726666666666667	3.416	3.3273333333333333	3.096	3.0553333333333335	2.928	2.8746666666666667	2.5893333333333333	2.588	2.533333333333333	2.4386666666666668	2.260666666666667	2.1126666666666667	2.022	2.018	1.858	1.7506666666666666	1.6006666666666667	1.5073333333333334	1.474	1.4106666666666667	1.256	1.22	1.104	1.0606666666666666	0.9646666666666667	0.94	0.9246666666666666	0.8493333333333334	0.8066666666666666	0.696	0.672	0.6253333333333333	0.586	0.538	0.5546666666666666	0.5226666666666666	0.47733333333333333	0.42133333333333334	0.38533333333333336	0.35133333333333333	0.3333333333333333	0.2926666666666667	0.30666666666666664	0.2713333333333333	0.27	0.214	0.20866666666666667	0.20066666666666666	0.16333333333333333	0.16	0.162	0.13	0.12133333333333333	0.11266666666666666	0.11666666666666667	0.10533333333333333	0.086	0.072	0.07933333333333334	0.066	0.05266666666666667	0.048	0.052	0.03333333333333333	0.037333333333333336	0.03266666666666666	0.028666666666666667	
9.016666666666667	8.844	8.384666666666666	8.232666666666667	7.935333333333333	7.692	7.636	7.374666666666666	7.277333333333333	6.98	6.951333333333333	6.652666666666667	6.468666666666667	6.1626666666666665	6.16	5.864	5.774666666666667	5.496666666666667	5.42	5.194	5.152	4.868666666666667	4.841333333333333	4.613333333333333	4.491333333333333	4.252666666666666	4.272	4.048666666666667	3.969333333333333	3.8973333333333335	3.748666666666667	3.5353333333333334	3.4166666666666665	3.298	3.17	3.026	2.965333333333333	2.872	2.7226666666666666	2.6253333333333333	2.4393333333333334	2.41	2.262	2.1106666666666665	2.078666666666667	1.9613333333333334	1.798	1.7346666666666666	1.6093333333333333	1.564	1.4573333333333334	1.426	1.302	1.2326666666666666	1.1093333333333333	1.036	1.0	0.8933333333333333	0.8826666666666667	0.8033333333333333	0.762	0.726	0.694	0.6446666666666667	0.6093333333333333	0.5586666666666666	0.536	0.478	0.43133333333333335	0.44	0.39666666666666667	0.38	0.3466666666666667	0.308	0.29533333333333334	0.2673333333333333	0.26866666666666666	0.228	0.2	0.19	0.166	0.144	0.14466666666666667	0.15	0.13666666666666666	0.12266666666666666	0.11266666666666666	0.08866666666666667	0.092	0.06933333333333333	0.07	0.06266666666666666	0.052	0.048666666666666664	0.056666666666666664	0.04533333333333334	0.03666666666666667	0.03266666666666666	0.02266666666666667	
8.874	8.670666666666667	8.468666666666667	8.139333333333333	7.942	7.833333333333333	7.534	7.513333333333334	7.1866666666666665	6.798666666666667	6.689333333333333	6.556666666666667	6.508	6.248666666666667	6.002	5.867333333333334	5.8	5.564666666666667	5.48	5.362	5.093333333333334	4.899333333333334	4.847333333333333	4.618666666666667	4.508	4.304	4.219333333333333	4.05	3.9306666666666668	3.7466666666666666	3.7293333333333334	3.512	3.378	3.356	3.1066666666666665	3.062	2.9366666666666665	2.688	2.6213333333333333	2.602	2.39	2.3686666666666665	2.1906666666666665	2.1226666666666665	2.029333333333333	1.9013333333333333	1.852	1.7573333333333334	1.644	1.64	1.442	1.4213333333333333	1.2766666666666666	1.174	1.144	1.0473333333333332	1.0053333333333334	0.9313333333333333	0.8553333333333333	0.83	0.77	0.7173333333333334	0.684	0.6253333333333333	0.5733333333333334	0.5366666666666666	0.5346666666666666	0.4693333333333333	0.44666666666666666	0.4073333333333333	0.378	0.34933333333333333	0.322	0.326	0.2826666666666667	0.23533333333333334	0.238	0.24933333333333332	0.23266666666666666	0.18533333333333332	0.17533333333333334	0.158	0.15	0.14266666666666666	0.12133333333333333	0.132	0.09	0.08866666666666667	0.094	0.06933333333333333	0.072	0.062	0.04533333333333334	0.04533333333333334	0.042666666666666665	0.034666666666666665	0.034	0.027333333333333334	0.019333333333333334	
8.888666666666667	8.745333333333333	8.477333333333334	8.354666666666667	8.02	7.765333333333333	7.594666666666667	7.378	7.082	6.874	6.799333333333333	6.640666666666666	6.358666666666666	6.282666666666667	6.096666666666667	5.818666666666667	5.832666666666666	5.572666666666667	5.415333333333334	5.208666666666667	5.086666666666667	4.836	4.773333333333333	4.428	4.546	4.314	4.208	3.9993333333333334	3.884	3.7786666666666666	3.5906666666666665	3.477333333333333	3.3953333333333333	3.291333333333333	3.15	3.0446666666666666	2.8253333333333335	2.8993333333333333	2.672	2.6486666666666667	2.429333333333333	2.3693333333333335	2.2373333333333334	2.1126666666666667	1.9986666666666666	1.9346666666666668	1.852	1.7226666666666666	1.6366666666666667	1.5506666666666666	1.48	1.384	1.2713333333333334	1.2286666666666666	1.1293333333333333	1.094	0.9746666666666667	0.9186666666666666	0.8833333333333333	0.8326666666666667	0.7153333333333334	0.7226666666666667	0.6813333333333333	0.612	0.59	0.5333333333333333	0.5313333333333333	0.4726666666666667	0.4493333333333333	0.41333333333333333	0.404	0.35133333333333333	0.31866666666666665	0.30266666666666664	0.2786666666666667	0.26866666666666666	0.23866666666666667	0.214	0.20666666666666667	0.21466666666666667	0.184	0.17266666666666666	0.15733333333333333	0.14666666666666667	0.12533333333333332	0.11	0.10533333333333333	0.09933333333333333	0.08	0.07666666666666666	0.06666666666666667	0.07333333333333333	0.050666666666666665	0.05	0.042666666666666665	0.042	0.028	0.028666666666666667	0.025333333333333333	
8.926	8.567333333333334	8.271333333333333	8.285333333333334	7.985333333333333	7.791333333333333	7.42	7.301333333333333	7.032666666666667	6.886666666666667	6.774666666666667	6.624666666666666	6.466	6.1386666666666665	6.096	5.814	5.820666666666667	5.347333333333333	5.432	5.057333333333333	5.128666666666667	4.89	4.794	4.602666666666667	4.5713333333333335	4.266666666666667	4.07	4.132	3.844	3.842	3.634	3.5313333333333334	3.356	3.3706666666666667	3.1093333333333333	3.04	2.872	2.782	2.6173333333333333	2.5733333333333333	2.408	2.396	2.2173333333333334	2.1653333333333333	2.038666666666667	1.9773333333333334	1.836	1.7613333333333334	1.6326666666666667	1.5506666666666666	1.4586666666666666	1.3906666666666667	1.3426666666666667	1.2166666666666666	1.1133333333333333	1.0786666666666667	0.9693333333333334	0.9326666666666666	0.8386666666666667	0.8306666666666667	0.7593333333333333	0.7226666666666667	0.6693333333333333	0.6326666666666667	0.5693333333333334	0.5546666666666666	0.49933333333333335	0.4693333333333333	0.43333333333333335	0.38266666666666665	0.39466666666666667	0.362	0.35	0.33	0.27066666666666667	0.272	0.26	0.24133333333333334	0.24266666666666667	0.20466666666666666	0.18666666666666668	0.16733333333333333	0.15666666666666668	0.128	0.14	0.12	0.10533333333333333	0.094	0.08	0.07866666666666666	0.06533333333333333	0.056	0.06	0.037333333333333336	0.056	0.04	0.03866666666666667	0.036	0.02266666666666667	
8.801333333333334	8.680666666666667	8.400666666666666	8.149333333333333	7.832666666666666	7.715333333333334	7.542666666666666	7.193333333333333	7.034	6.897333333333333	6.732	6.432	6.388	6.230666666666667	6.1146666666666665	5.851333333333334	5.82	5.448	5.542	5.163333333333333	5.155333333333333	4.903333333333333	4.824666666666666	4.466	4.454666666666666	4.320666666666667	4.195333333333333	4.015333333333333	3.8553333333333333	3.7906666666666666	3.7653333333333334	3.478	3.316666666666667	3.208666666666667	3.026	2.992	2.85	2.762	2.596	2.582666666666667	2.3793333333333333	2.3093333333333335	2.1726666666666667	2.1393333333333335	1.9826666666666666	1.914	1.7953333333333332	1.7273333333333334	1.622	1.5906666666666667	1.3933333333333333	1.3753333333333333	1.3073333333333332	1.2266666666666666	1.1493333333333333	1.0606666666666666	0.9906666666666667	0.9593333333333334	0.868	0.8166666666666667	0.7606666666666667	0.6846666666666666	0.6533333333333333	0.604	0.5826666666666667	0.5493333333333333	0.516	0.436	0.4613333333333333	0.4	0.386	0.3433333333333333	0.332	0.28733333333333333	0.284	0.272	0.23866666666666667	0.22666666666666666	0.22	0.17066666666666666	0.18933333333333333	0.17066666666666666	0.15866666666666668	0.14733333333333334	0.11866666666666667	0.11466666666666667	0.10333333333333333	0.09333333333333334	0.08266666666666667	0.098	0.06666666666666667	0.05266666666666667	0.05333333333333334	0.048	0.044	0.044	0.037333333333333336	0.03133333333333333	0.02	
8.795333333333334	8.652666666666667	8.362	8.114	7.854666666666667	7.668	7.419333333333333	7.224	6.966666666666667	6.965333333333334	6.764666666666667	6.480666666666667	6.3486666666666665	6.0793333333333335	5.989333333333334	5.681333333333333	5.677333333333333	5.43	5.414	5.141333333333334	5.1433333333333335	4.823333333333333	4.876	4.451333333333333	4.422	4.23	4.156	4.008	3.8506666666666667	3.719333333333333	3.5973333333333333	3.47	3.3346666666666667	3.23	3.1406666666666667	2.9053333333333335	2.778	2.788	2.5986666666666665	2.5353333333333334	2.4346666666666668	2.3593333333333333	2.22	2.14	2.002	1.8966666666666667	1.8293333333333333	1.7433333333333334	1.604	1.5173333333333334	1.4153333333333333	1.392	1.2846666666666666	1.1846666666666668	1.1053333333333333	0.9993333333333333	0.976	0.9246666666666666	0.876	0.8253333333333334	0.7106666666666667	0.67	0.668	0.612	0.582	0.5453333333333333	0.49133333333333334	0.442	0.43733333333333335	0.4033333333333333	0.37866666666666665	0.37466666666666665	0.336	0.31266666666666665	0.2813333333333333	0.2653333333333333	0.25133333333333335	0.21933333333333332	0.21933333333333332	0.19533333333333333	0.17066666666666666	0.156	0.14533333333333334	0.15933333333333333	0.13533333333333333	0.12466666666666666	0.104	0.10133333333333333	0.092	0.08333333333333333	0.068	0.06666666666666667	0.058	0.050666666666666665	0.046	0.037333333333333336	0.026	0.027333333333333334	0.023333333333333334	
8.783333333333333	8.630666666666666	8.179333333333334	8.140666666666666	7.788	7.672666666666666	7.486	7.074666666666666	7.080666666666667	6.892	6.712	6.478	6.326666666666667	6.067333333333333	6.043333333333333	5.83	5.712	5.292666666666666	5.257333333333333	5.1273333333333335	4.904	4.770666666666667	4.764666666666667	4.514	4.522	4.176	4.1273333333333335	4.034	3.9193333333333333	3.6686666666666667	3.667333333333333	3.514666666666667	3.3893333333333335	3.16	3.0353333333333334	2.99	2.925333333333333	2.7626666666666666	2.544	2.5633333333333335	2.4286666666666665	2.318	2.192	2.078666666666667	2.006	1.9373333333333334	1.8793333333333333	1.698	1.574	1.504	1.464	1.3993333333333333	1.2246666666666666	1.164	1.1006666666666667	1.0566666666666666	0.966	0.9146666666666666	0.8413333333333334	0.8306666666666667	0.7426666666666667	0.6906666666666667	0.698	0.61	0.5613333333333334	0.5333333333333333	0.524	0.5026666666666667	0.43733333333333335	0.43933333333333335	0.39466666666666667	0.35933333333333334	0.3433333333333333	0.298	0.28	0.248	0.256	0.22066666666666668	0.21533333333333332	0.17133333333333334	0.172	0.162	0.15466666666666667	0.136	0.12866666666666668	0.12466666666666666	0.09933333333333333	0.09866666666666667	0.08466666666666667	0.08066666666666666	0.07533333333333334	0.05733333333333333	0.054	0.03666666666666667	0.042666666666666665	0.03933333333333333	0.032	0.022	0.024	
8.85	8.555333333333333	8.229333333333333	8.154666666666667	7.744	7.665333333333334	7.440666666666667	7.255333333333334	7.043333333333333	6.892666666666667	6.602666666666667	6.438666666666666	6.432666666666667	6.179333333333333	6.000666666666667	5.688	5.528	5.477333333333333	5.394	5.091333333333333	5.117333333333334	4.712	4.668666666666667	4.499333333333333	4.395333333333333	4.214666666666667	4.093333333333334	3.9566666666666666	3.8293333333333335	3.654	3.646	3.376	3.2786666666666666	3.212	3.0853333333333333	2.97	2.8446666666666665	2.679333333333333	2.62	2.526666666666667	2.437333333333333	2.312666666666667	2.2006666666666668	2.0873333333333335	1.9946666666666666	1.9553333333333334	1.8333333333333333	1.7526666666666666	1.612	1.564	1.4353333333333333	1.3386666666666667	1.284	1.1786666666666668	1.1366666666666667	1.0126666666666666	1.0006666666666666	0.982	0.886	0.792	0.772	0.696	0.6713333333333333	0.612	0.6093333333333333	0.5166666666666667	0.5006666666666667	0.44466666666666665	0.446	0.4073333333333333	0.37866666666666665	0.35933333333333334	0.33666666666666667	0.30466666666666664	0.28733333333333333	0.26066666666666666	0.244	0.236	0.19533333333333333	0.186	0.192	0.15733333333333333	0.14466666666666667	0.14866666666666667	0.122	0.11266666666666666	0.118	0.104	0.088	0.07133333333333333	0.07	0.06266666666666666	0.054	0.05266666666666667	0.03666666666666667	0.03133333333333333	0.034	0.025333333333333333	0.027333333333333334	
8.856666666666667	8.539333333333333	8.231333333333334	8.020666666666667	7.834666666666666	7.512666666666667	7.509333333333333	7.129333333333333	7.035333333333333	6.8693333333333335	6.558	6.4	6.284666666666666	6.007333333333333	6.118666666666667	5.676666666666667	5.618666666666667	5.372	5.432	5.1226666666666665	4.959333333333333	4.792666666666666	4.812666666666667	4.416666666666667	4.3373333333333335	4.171333333333333	3.993333333333333	3.8373333333333335	3.912	3.776666666666667	3.57	3.4606666666666666	3.3593333333333333	3.26	3.0153333333333334	2.956	2.758	2.8386666666666667	2.6133333333333333	2.5873333333333335	2.416	2.287333333333333	2.156	2.096	1.956	1.9386666666666668	1.758	1.6633333333333333	1.6186666666666667	1.5486666666666666	1.458	1.3766666666666667	1.2813333333333334	1.1713333333333333	1.078	1.0393333333333334	0.9926666666666667	0.9153333333333333	0.8673333333333333	0.8066666666666666	0.7506666666666667	0.746	0.6833333333333333	0.6246666666666667	0.606	0.5826666666666667	0.5093333333333333	0.45266666666666666	0.428	0.398	0.416	0.344	0.32666666666666666	0.2986666666666667	0.3006666666666667	0.25266666666666665	0.22866666666666666	0.20333333333333334	0.22533333333333333	0.18666666666666668	0.18866666666666668	0.15133333333333332	0.17266666666666666	0.14266666666666666	0.142	0.10866666666666666	0.09466666666666666	0.1	0.07066666666666667	0.08333333333333333	0.07666666666666666	0.062	0.05	0.046	0.04	0.038	0.03266666666666666	0.03	0.022	
8.863333333333333	8.626666666666667	8.168666666666667	7.976	7.875333333333334	7.605333333333333	7.308666666666666	7.246666666666667	6.878	6.688666666666666	6.666	6.413333333333333	6.273333333333333	6.036	5.986666666666666	5.650666666666667	5.6626666666666665	5.374666666666666	5.258666666666667	5.020666666666667	5.041333333333333	4.756	4.6786666666666665	4.56	4.394	4.19	4.100666666666666	3.92	3.712	3.694	3.48	3.3493333333333335	3.3346666666666667	3.1646666666666667	3.126	2.9753333333333334	2.751333333333333	2.7186666666666666	2.538	2.5433333333333334	2.324666666666667	2.366	2.174	2.0606666666666666	2.024	1.884	1.7686666666666666	1.6713333333333333	1.6606666666666667	1.5513333333333332	1.406	1.2766666666666666	1.2393333333333334	1.1773333333333333	1.1833333333333333	1.0513333333333332	0.99	0.8966666666666666	0.8246666666666667	0.7433333333333333	0.7513333333333333	0.6673333333333333	0.672	0.6173333333333333	0.5953333333333334	0.5246666666666666	0.49733333333333335	0.4886666666666667	0.4493333333333333	0.406	0.382	0.3606666666666667	0.32266666666666666	0.29333333333333333	0.276	0.2826666666666667	0.23666666666666666	0.222	0.21133333333333335	0.17666666666666667	0.176	0.14466666666666667	0.14	0.12333333333333334	0.126	0.11266666666666666	0.09466666666666666	0.088	0.08133333333333333	0.068	0.06666666666666667	0.06733333333333333	0.043333333333333335	0.04666666666666667	0.048666666666666664	0.043333333333333335	0.04	0.027333333333333334	0.026	
8.530666666666667	8.495333333333333	8.170666666666667	7.973333333333334	7.674666666666667	7.534666666666666	7.252666666666666	7.118666666666667	6.9	6.724	6.556	6.493333333333333	6.334666666666666	6.068666666666667	5.992	5.642	5.613333333333333	5.316666666666666	5.248666666666667	5.1513333333333335	5.034666666666666	4.806666666666667	4.73	4.407333333333334	4.336	4.182	4.152	3.9346666666666668	3.820666666666667	3.66	3.5633333333333335	3.554666666666667	3.228	3.1593333333333335	3.092	2.898	2.8646666666666665	2.79	2.548	2.4713333333333334	2.3453333333333335	2.374	2.1586666666666665	2.0566666666666666	1.9806666666666666	1.8673333333333333	1.7846666666666666	1.7393333333333334	1.6046666666666667	1.5586666666666666	1.3833333333333333	1.3333333333333333	1.2373333333333334	1.1766666666666667	1.096	1.0373333333333334	0.9286666666666666	0.9153333333333333	0.8646666666666667	0.8233333333333334	0.7493333333333333	0.6953333333333334	0.632	0.6286666666666667	0.5793333333333334	0.564	0.47333333333333333	0.482	0.434	0.39666666666666667	0.3546666666666667	0.3393333333333333	0.32	0.29733333333333334	0.262	0.24666666666666667	0.258	0.238	0.20133333333333334	0.178	0.188	0.15733333333333333	0.138	0.14133333333333334	0.12133333333333333	0.12266666666666666	0.11	0.09533333333333334	0.07933333333333334	0.07533333333333334	0.056666666666666664	0.07533333333333334	0.046	0.044	0.042	0.04	0.03	0.032	0.019333333333333334	
8.688	8.418666666666667	8.1	7.868666666666667	7.755333333333334	7.56	7.288	7.190666666666667	6.953333333333333	6.782	6.572666666666667	6.397333333333333	6.211333333333333	5.983333333333333	6.001333333333333	5.69	5.511333333333333	5.39	5.358	5.011333333333333	5.1146666666666665	4.675333333333334	4.65	4.462666666666666	4.336666666666667	4.166	4.076666666666667	3.876	3.716666666666667	3.614	3.5726666666666667	3.4753333333333334	3.2733333333333334	3.098	3.026666666666667	3.014	2.772666666666667	2.7346666666666666	2.5206666666666666	2.484	2.352	2.260666666666667	2.1613333333333333	2.086	2.0126666666666666	1.8806666666666667	1.848	1.666	1.648	1.5526666666666666	1.436	1.3346666666666667	1.24	1.1926666666666668	1.0866666666666667	1.042	1.0153333333333334	0.9353333333333333	0.886	0.756	0.7513333333333333	0.704	0.664	0.6406666666666667	0.5546666666666666	0.5226666666666666	0.484	0.4493333333333333	0.44133333333333336	0.41533333333333333	0.39	0.33066666666666666	0.32666666666666666	0.3406666666666667	0.312	0.2673333333333333	0.246	0.26466666666666666	0.19333333333333333	0.20133333333333334	0.20133333333333334	0.17133333333333334	0.15866666666666668	0.12466666666666666	0.11333333333333333	0.11	0.09	0.09533333333333334	0.08533333333333333	0.06733333333333333	0.08266666666666667	0.07133333333333333	0.050666666666666665	0.05333333333333334	0.052	0.030666666666666665	0.036	0.02666666666666667	0.021333333333333333	
8.442	8.464	8.122666666666667	7.952	7.6353333333333335	7.597333333333333	7.387333333333333	7.084	7.037333333333334	6.812666666666667	6.460666666666667	6.342	6.19	5.939333333333333	5.854666666666667	5.599333333333333	5.578666666666667	5.404	5.322666666666667	5.1306666666666665	5.014666666666667	4.650666666666667	4.654	4.4526666666666666	4.328	4.167333333333334	4.091333333333333	3.782	3.798	3.6233333333333335	3.429333333333333	3.441333333333333	3.2093333333333334	3.2133333333333334	3.037333333333333	2.966666666666667	2.788666666666667	2.6866666666666665	2.5433333333333334	2.4993333333333334	2.4546666666666668	2.3213333333333335	2.198	2.0713333333333335	1.9253333333333333	1.8626666666666667	1.682	1.6766666666666667	1.5193333333333334	1.534	1.3793333333333333	1.3186666666666667	1.2173333333333334	1.1653333333333333	1.088	1.0026666666666666	0.988	0.892	0.8606666666666667	0.7746666666666666	0.7286666666666667	0.7013333333333334	0.662	0.616	0.5913333333333334	0.5333333333333333	0.5173333333333333	0.448	0.43133333333333335	0.4226666666666667	0.36133333333333334	0.35733333333333334	0.328	0.31466666666666665	0.2786666666666667	0.25533333333333336	0.24933333333333332	0.226	0.19066666666666668	0.20133333333333334	0.18	0.146	0.14733333333333334	0.132	0.12866666666666668	0.11533333333333333	0.10933333333333334	0.09666666666666666	0.08066666666666666	0.07266666666666667	0.064	0.04533333333333334	0.05733333333333333	0.05333333333333334	0.04466666666666667	0.04733333333333333	0.034666666666666665	0.03	0.023333333333333334	
8.598	8.446666666666667	7.867333333333334	7.913333333333333	7.562666666666667	7.479333333333333	7.394666666666667	7.126666666666667	6.86	6.759333333333333	6.598	6.424666666666667	6.216	5.939333333333333	5.826666666666667	5.56	5.4013333333333335	5.312	5.223333333333334	5.052666666666667	4.968666666666667	4.692	4.612666666666667	4.425333333333334	4.279333333333334	4.118	3.928	3.87	3.735333333333333	3.6033333333333335	3.462	3.3486666666666665	3.1526666666666667	3.175333333333333	2.9346666666666668	2.961333333333333	2.8493333333333335	2.6306666666666665	2.4966666666666666	2.522	2.366	2.232	2.1846666666666668	2.0693333333333332	1.95	1.878	1.7486666666666666	1.6573333333333333	1.614	1.486	1.4006666666666667	1.3033333333333332	1.2506666666666666	1.1486666666666667	1.1186666666666667	1.022	1.0226666666666666	0.8993333333333333	0.7966666666666666	0.7766666666666666	0.7613333333333333	0.7106666666666667	0.686	0.6106666666666667	0.6006666666666667	0.512	0.51	0.4673333333333333	0.4646666666666667	0.3933333333333333	0.404	0.35733333333333334	0.318	0.2926666666666667	0.284	0.26266666666666666	0.25266666666666665	0.21466666666666667	0.21933333333333332	0.2	0.172	0.15533333333333332	0.15066666666666667	0.12533333333333332	0.11866666666666667	0.104	0.11533333333333333	0.10066666666666667	0.078	0.07333333333333333	0.06866666666666667	0.06333333333333334	0.06266666666666666	0.050666666666666665	0.04133333333333333	0.03866666666666667	0.03666666666666667	0.028666666666666667	0.032	
8.536666666666667	8.545333333333334	8.088	7.965333333333334	7.526666666666666	7.450666666666667	7.3293333333333335	7.147333333333333	6.704	6.763333333333334	6.562666666666667	6.391333333333334	6.231333333333334	6.030666666666667	5.762666666666667	5.621333333333333	5.510666666666666	5.274666666666667	5.253333333333333	4.9126666666666665	4.954	4.707333333333334	4.557333333333333	4.472666666666667	4.363333333333333	4.245333333333333	4.136666666666667	3.8966666666666665	3.73	3.654	3.485333333333333	3.332666666666667	3.224	3.046	2.992	2.8833333333333333	2.748	2.6686666666666667	2.528	2.552	2.2586666666666666	2.215333333333333	2.1773333333333333	2.108	1.94	1.904	1.7313333333333334	1.7053333333333334	1.5173333333333334	1.45	1.408	1.32	1.2026666666666668	1.2266666666666666	1.092	1.0606666666666666	0.9633333333333334	0.8893333333333333	0.8353333333333334	0.7853333333333333	0.7453333333333333	0.7006666666666667	0.6653333333333333	0.5846666666666667	0.5546666666666666	0.5326666666666666	0.49933333333333335	0.45466666666666666	0.422	0.4086666666666667	0.36533333333333334	0.33266666666666667	0.35933333333333334	0.31	0.27266666666666667	0.27466666666666667	0.25533333333333336	0.23333333333333334	0.18933333333333333	0.19066666666666668	0.204	0.17066666666666666	0.15933333333333333	0.126	0.12	0.11933333333333333	0.096	0.09466666666666666	0.086	0.07733333333333334	0.07533333333333334	0.06466666666666666	0.05266666666666667	0.04066666666666666	0.046	0.037333333333333336	0.034666666666666665	0.028	0.02266666666666667	
8.464	8.228	8.046	7.977333333333333	7.5986666666666665	7.434666666666667	7.1626666666666665	7.016	6.8853333333333335	6.583333333333333	6.3613333333333335	6.198666666666667	6.116666666666666	5.998666666666667	5.882	5.604	5.546666666666667	5.303333333333334	5.266	4.91	4.892	4.676666666666667	4.585333333333334	4.3646666666666665	4.336666666666667	4.06	3.997333333333333	3.8313333333333333	3.7426666666666666	3.5946666666666665	3.494	3.36	3.2	3.1846666666666668	2.9886666666666666	2.904	2.768666666666667	2.723333333333333	2.5633333333333335	2.438	2.2986666666666666	2.2293333333333334	2.066	2.0946666666666665	1.868	1.9253333333333333	1.7573333333333334	1.6486666666666667	1.534	1.4366666666666668	1.3993333333333333	1.3506666666666667	1.2133333333333334	1.1006666666666667	1.088	1.014	0.9633333333333334	0.938	0.8393333333333334	0.83	0.7566666666666667	0.712	0.6453333333333333	0.6	0.5026666666666667	0.5286666666666666	0.4866666666666667	0.4646666666666667	0.4246666666666667	0.37466666666666665	0.37266666666666665	0.38133333333333336	0.32133333333333336	0.2926666666666667	0.25733333333333336	0.2753333333333333	0.22933333333333333	0.224	0.21333333333333335	0.186	0.166	0.16466666666666666	0.14133333333333334	0.126	0.124	0.11933333333333333	0.08133333333333333	0.07933333333333334	0.08466666666666667	0.074	0.06066666666666667	0.06533333333333333	0.04733333333333333	0.042	0.042	0.04	0.03866666666666667	0.03	0.027333333333333334	
8.496	8.380666666666666	8.027333333333333	7.892	7.552666666666667	7.459333333333333	7.1866666666666665	6.925333333333334	6.8853333333333335	6.678	6.486666666666666	6.264666666666667	6.1306666666666665	5.925333333333334	5.884666666666667	5.501333333333333	5.552	5.246666666666667	5.252666666666666	4.913333333333333	4.8886666666666665	4.702	4.549333333333333	4.291333333333333	4.258	4.101333333333334	3.91	3.87	3.7953333333333332	3.5766666666666667	3.468	3.3866666666666667	3.2866666666666666	3.1253333333333333	3.012	2.8746666666666667	2.7666666666666666	2.6813333333333333	2.47	2.429333333333333	2.354	2.2573333333333334	2.1166666666666667	2.0273333333333334	1.9333333333333333	1.8106666666666666	1.7993333333333332	1.696	1.594	1.5013333333333334	1.378	1.2933333333333332	1.1793333333333333	1.14	1.0726666666666667	1.0466666666666666	0.95	0.894	0.85	0.802	0.7026666666666667	0.6793333333333333	0.64	0.5993333333333334	0.5833333333333334	0.522	0.5	0.4726666666666667	0.4493333333333333	0.39066666666666666	0.388	0.354	0.3373333333333333	0.29333333333333333	0.30333333333333334	0.24133333333333334	0.244	0.22733333333333333	0.21	0.192	0.19466666666666665	0.156	0.138	0.13733333333333334	0.106	0.10533333333333333	0.11	0.11066666666666666	0.07533333333333334	0.07466666666666667	0.07133333333333333	0.05533333333333333	0.048	0.05	0.05333333333333334	0.03	0.03266666666666666	0.032	0.02266666666666667	
8.483333333333333	8.182666666666666	7.8886666666666665	7.828666666666667	7.508	7.364	7.149333333333334	7.084666666666666	6.756	6.5633333333333335	6.416	6.267333333333333	6.096	5.946666666666666	5.897333333333333	5.444	5.395333333333333	5.182666666666667	5.194	5.0793333333333335	4.819333333333334	4.656	4.539333333333333	4.406	4.275333333333333	4.038	3.994666666666667	3.882	3.732666666666667	3.564	3.452	3.3893333333333335	3.1726666666666667	3.024	2.996	2.9126666666666665	2.7386666666666666	2.675333333333333	2.488	2.490666666666667	2.3913333333333333	2.2226666666666666	2.1453333333333333	2.0793333333333335	1.86	1.826	1.7633333333333334	1.5773333333333333	1.5413333333333334	1.4693333333333334	1.3746666666666667	1.2746666666666666	1.2113333333333334	1.138	1.078	1.0	0.96	0.8906666666666667	0.866	0.8386666666666667	0.7293333333333333	0.694	0.674	0.582	0.566	0.54	0.5166666666666667	0.462	0.43866666666666665	0.398	0.36133333333333334	0.34	0.32466666666666666	0.31066666666666665	0.2886666666666667	0.26866666666666666	0.256	0.20933333333333334	0.19933333333333333	0.19133333333333333	0.164	0.164	0.15933333333333333	0.12	0.14	0.12333333333333334	0.09666666666666666	0.08533333333333333	0.074	0.06866666666666667	0.07	0.06266666666666666	0.05333333333333334	0.05266666666666667	0.04533333333333334	0.04133333333333333	0.036	0.02266666666666667	0.03	
8.554666666666666	8.158	7.875333333333334	7.804666666666667	7.5713333333333335	7.343333333333334	7.072666666666667	6.9526666666666666	6.798666666666667	6.662	6.482	6.270666666666667	6.152	5.974666666666667	5.723333333333334	5.468666666666667	5.513333333333334	5.17	5.239333333333334	4.892666666666667	4.756666666666667	4.591333333333333	4.572	4.366	4.230666666666667	4.018	3.953333333333333	3.8013333333333335	3.679333333333333	3.558666666666667	3.469333333333333	3.263333333333333	3.2226666666666666	3.1013333333333333	2.9166666666666665	2.8693333333333335	2.6606666666666667	2.64	2.46	2.47	2.272666666666667	2.2866666666666666	2.142	2.082	1.9113333333333333	1.8353333333333333	1.7426666666666666	1.5986666666666667	1.5653333333333332	1.4933333333333334	1.3913333333333333	1.348	1.1993333333333334	1.1386666666666667	1.098	1.022	0.9466666666666667	0.876	0.84	0.78	0.75	0.6993333333333334	0.6513333333333333	0.602	0.532	0.5446666666666666	0.48533333333333334	0.49066666666666664	0.46066666666666667	0.396	0.374	0.3486666666666667	0.33066666666666666	0.3006666666666667	0.26866666666666666	0.2713333333333333	0.23266666666666666	0.24266666666666667	0.20133333333333334	0.17866666666666667	0.16666666666666666	0.16	0.146	0.11866666666666667	0.12133333333333333	0.11533333333333333	0.10133333333333333	0.08866666666666667	0.08533333333333333	0.07533333333333334	0.066	0.058666666666666666	0.044	0.048666666666666664	0.046	0.042666666666666665	0.03133333333333333	0.021333333333333333	0.025333333333333333	
8.272	8.190666666666667	7.850666666666666	7.665333333333334	7.592	7.281333333333333	7.114	7.007333333333333	6.709333333333333	6.581333333333333	6.4013333333333335	6.142	6.092	5.897333333333333	5.719333333333333	5.566666666666666	5.417333333333334	5.2026666666666666	5.084666666666666	4.9526666666666666	4.854	4.642666666666667	4.518	4.432	4.249333333333333	4.062	3.926	3.8386666666666667	3.7093333333333334	3.542	3.498	3.3793333333333333	3.1866666666666665	3.0766666666666667	2.933333333333333	2.9226666666666667	2.6246666666666667	2.664	2.4286666666666665	2.4113333333333333	2.3353333333333333	2.266	2.042	2.037333333333333	1.93	1.8713333333333333	1.6893333333333334	1.6693333333333333	1.5206666666666666	1.466	1.2953333333333332	1.2693333333333334	1.2173333333333334	1.1486666666666667	1.0906666666666667	1.0233333333333334	0.9626666666666667	0.8926666666666667	0.818	0.798	0.7506666666666667	0.648	0.6373333333333333	0.5726666666666667	0.562	0.49	0.5186666666666667	0.4646666666666667	0.462	0.4053333333333333	0.38266666666666665	0.3433333333333333	0.342	0.29733333333333334	0.2853333333333333	0.2633333333333333	0.24333333333333335	0.22066666666666668	0.208	0.18866666666666668	0.17466666666666666	0.16533333333333333	0.16066666666666668	0.14733333333333334	0.11666666666666667	0.09066666666666667	0.10866666666666666	0.09133333333333334	0.09	0.082	0.06933333333333333	0.06733333333333333	0.052	0.04533333333333334	0.03933333333333333	0.034666666666666665	0.028666666666666667	0.029333333333333333	0.024	
8.286666666666667	8.256666666666666	7.790666666666667	7.708	7.419333333333333	7.355333333333333	7.206	6.852	6.739333333333334	6.462666666666666	6.33	6.152	6.043333333333333	5.812666666666667	5.648666666666666	5.546666666666667	5.352	5.161333333333333	5.069333333333334	4.806666666666667	4.763333333333334	4.583333333333333	4.538666666666667	4.344666666666667	4.222666666666667	4.078	4.034666666666666	3.7573333333333334	3.6206666666666667	3.562666666666667	3.4766666666666666	3.231333333333333	3.222	3.086	2.8893333333333335	2.8033333333333332	2.7546666666666666	2.6113333333333335	2.5433333333333334	2.384	2.296	2.216	2.1146666666666665	2.0453333333333332	1.8886666666666667	1.8553333333333333	1.6993333333333334	1.6353333333333333	1.5313333333333334	1.4693333333333334	1.3453333333333333	1.318	1.154	1.1713333333333333	1.0926666666666667	1.0606666666666666	0.9293333333333333	0.8706666666666667	0.848	0.7813333333333333	0.73	0.6613333333333333	0.6646666666666666	0.6186666666666667	0.5526666666666666	0.5293333333333333	0.49866666666666665	0.476	0.44333333333333336	0.4126666666666667	0.37066666666666664	0.3453333333333333	0.31733333333333336	0.2693333333333333	0.294	0.264	0.232	0.21733333333333332	0.19866666666666666	0.17266666666666666	0.16066666666666668	0.16666666666666666	0.14733333333333334	0.136	0.132	0.108	0.09533333333333334	0.072	0.09733333333333333	0.08266666666666667	0.06466666666666666	0.05	0.04733333333333333	0.037333333333333336	0.038	0.03266666666666666	0.034666666666666665	0.026	0.024	
8.354	8.147333333333334	7.949333333333334	7.793333333333333	7.480666666666667	7.172666666666666	7.06	6.838666666666667	6.632	6.43	6.359333333333334	6.241333333333333	5.997333333333334	5.782666666666667	5.642666666666667	5.463333333333333	5.366	5.048666666666667	5.066666666666666	4.844666666666667	4.814666666666667	4.505333333333334	4.540666666666667	4.314	4.1706666666666665	3.974	3.9046666666666665	3.768666666666667	3.558666666666667	3.5946666666666665	3.406	3.372	3.1386666666666665	3.072	2.974666666666667	2.8546666666666667	2.67	2.6353333333333335	2.424	2.4193333333333333	2.292	2.2333333333333334	2.058	1.9866666666666666	1.892	1.8286666666666667	1.7446666666666666	1.606	1.462	1.4326666666666668	1.348	1.2886666666666666	1.2246666666666666	1.154	1.042	1.0066666666666666	0.8873333333333333	0.882	0.87	0.762	0.7073333333333334	0.666	0.6513333333333333	0.61	0.5593333333333333	0.49733333333333335	0.476	0.4706666666666667	0.44733333333333336	0.418	0.36	0.3353333333333333	0.33666666666666667	0.278	0.24	0.264	0.23333333333333334	0.244	0.18933333333333333	0.18933333333333333	0.16866666666666666	0.146	0.13666666666666666	0.136	0.12466666666666666	0.10133333333333333	0.09866666666666667	0.08666666666666667	0.09133333333333334	0.058666666666666666	0.06733333333333333	0.07533333333333334	0.04533333333333334	0.05266666666666667	0.042666666666666665	0.035333333333333335	0.028666666666666667	0.03133333333333333	0.020666666666666667	
8.348666666666666	8.106666666666667	7.718666666666667	7.714666666666667	7.304	7.224666666666667	6.993333333333333	6.938666666666666	6.758666666666667	6.422666666666666	6.275333333333333	6.222	5.926666666666667	5.886666666666667	5.690666666666667	5.508	5.316	5.0873333333333335	5.099333333333333	4.934	4.720666666666666	4.532666666666667	4.465333333333334	4.3213333333333335	4.228	4.0	3.884	3.782	3.62	3.498666666666667	3.3386666666666667	3.3	3.1646666666666667	3.058666666666667	3.0193333333333334	2.8666666666666667	2.7546666666666666	2.5806666666666667	2.441333333333333	2.386	2.254	2.215333333333333	2.0833333333333335	1.9633333333333334	1.872	1.7766666666666666	1.7106666666666666	1.634	1.5446666666666666	1.4846666666666666	1.3966666666666667	1.268	1.2093333333333334	1.1513333333333333	1.09	1.0493333333333332	0.924	0.8773333333333333	0.8086666666666666	0.7613333333333333	0.7313333333333333	0.7066666666666667	0.638	0.61	0.558	0.5153333333333333	0.466	0.45666666666666667	0.448	0.4106666666666667	0.37733333333333335	0.35333333333333333	0.3393333333333333	0.31	0.264	0.244	0.23466666666666666	0.216	0.18133333333333335	0.18466666666666667	0.17733333333333334	0.16666666666666666	0.14866666666666667	0.12733333333333333	0.11533333333333333	0.09733333333333333	0.09533333333333334	0.09533333333333334	0.07666666666666666	0.086	0.054	0.06	0.05733333333333333	0.054	0.042	0.03866666666666667	0.02666666666666667	0.02666666666666667	0.03	
8.334666666666667	8.162666666666667	7.776666666666666	7.673333333333333	7.38	7.22	7.001333333333333	6.832666666666666	6.816666666666666	6.4206666666666665	6.326	6.182666666666667	6.0473333333333334	5.751333333333333	5.760666666666666	5.446666666666666	5.3806666666666665	5.116	4.987333333333333	4.802666666666667	4.712666666666666	4.492666666666667	4.508666666666667	4.226666666666667	4.208666666666667	3.956	3.89	3.8373333333333335	3.5933333333333333	3.546	3.3873333333333333	3.259333333333333	3.228	3.1173333333333333	2.972	2.854	2.6413333333333333	2.6266666666666665	2.4513333333333334	2.414	2.258	2.198	2.1206666666666667	2.034666666666667	1.9066666666666667	1.826	1.7206666666666666	1.5973333333333333	1.5233333333333334	1.4633333333333334	1.3766666666666667	1.264	1.2046666666666668	1.102	1.0693333333333332	1.006	0.948	0.8486666666666667	0.8293333333333334	0.8366666666666667	0.714	0.71	0.632	0.5646666666666667	0.59	0.502	0.52	0.44	0.42733333333333334	0.406	0.36666666666666664	0.326	0.32866666666666666	0.276	0.266	0.25133333333333335	0.23866666666666667	0.2	0.19733333333333333	0.186	0.156	0.15266666666666667	0.13733333333333334	0.148	0.144	0.10266666666666667	0.09133333333333334	0.10466666666666667	0.08733333333333333	0.07133333333333333	0.07533333333333334	0.064	0.058666666666666666	0.04733333333333333	0.038	0.046	0.037333333333333336	0.03	0.018	
8.269333333333334	8.115333333333334	7.6306666666666665	7.798	7.265333333333333	7.214	6.924	6.725333333333333	6.699333333333334	6.452	6.208	6.046666666666667	6.011333333333333	5.703333333333333	5.654	5.3853333333333335	5.299333333333333	5.0953333333333335	5.059333333333333	4.83	4.745333333333333	4.496	4.483333333333333	4.318	4.1866666666666665	3.994	3.7626666666666666	3.7146666666666666	3.586	3.5673333333333335	3.408	3.242	3.094	3.012	2.846	2.81	2.6606666666666667	2.6173333333333333	2.477333333333333	2.43	2.272	2.2093333333333334	2.028	2.0453333333333332	1.8706666666666667	1.8233333333333333	1.626	1.642	1.5266666666666666	1.4566666666666668	1.3726666666666667	1.2813333333333334	1.216	1.198	1.018	1.0053333333333334	0.914	0.8226666666666667	0.842	0.772	0.7206666666666667	0.6753333333333333	0.6593333333333333	0.596	0.578	0.5046666666666667	0.4653333333333333	0.46266666666666667	0.454	0.4166666666666667	0.3426666666666667	0.32866666666666666	0.32466666666666666	0.2806666666666667	0.262	0.25666666666666665	0.234	0.19466666666666665	0.196	0.162	0.16866666666666666	0.13866666666666666	0.14666666666666667	0.12	0.12733333333333333	0.12	0.098	0.11066666666666666	0.084	0.06266666666666666	0.06533333333333333	0.059333333333333335	0.05533333333333333	0.04466666666666667	0.036	0.032	0.029333333333333333	0.03266666666666666	0.028666666666666667	
8.220666666666666	7.976	7.6786666666666665	7.474666666666667	7.273333333333333	7.116666666666666	6.918	6.631333333333333	6.560666666666667	6.4013333333333335	6.094666666666667	6.0553333333333335	5.843333333333334	5.606	5.484	5.3133333333333335	5.310666666666667	5.051333333333333	5.006666666666667	4.6786666666666665	4.669333333333333	4.524666666666667	4.3453333333333335	4.172666666666666	4.09	3.9526666666666666	3.8273333333333333	3.72	3.5686666666666667	3.3633333333333333	3.358	3.184	3.009333333333333	2.986	2.8253333333333335	2.796	2.5773333333333333	2.566	2.4753333333333334	2.3613333333333335	2.2773333333333334	2.1106666666666665	1.9306666666666668	1.9433333333333334	1.868	1.7946666666666666	1.648	1.6833333333333333	1.444	1.42	1.3253333333333333	1.31	1.2073333333333334	1.0766666666666667	1.018	0.974	0.8833333333333333	0.8653333333333333	0.7873333333333333	0.754	0.704	0.6666666666666666	0.6066666666666667	0.5826666666666667	0.55	0.5373333333333333	0.504	0.43333333333333335	0.41533333333333333	0.3953333333333333	0.33866666666666667	0.3273333333333333	0.32	0.2853333333333333	0.2633333333333333	0.24466666666666667	0.24466666666666667	0.20933333333333334	0.22133333333333333	0.176	0.18333333333333332	0.14466666666666667	0.12733333333333333	0.118	0.12466666666666666	0.09466666666666666	0.09933333333333333	0.08066666666666666	0.088	0.07466666666666667	0.06333333333333334	0.062	0.058666666666666666	0.05266666666666667	0.042	0.03333333333333333	0.034666666666666665	0.037333333333333336	0.021333333333333333	
7.943333333333333	7.902666666666667	7.554666666666667	7.414666666666666	7.18	6.997333333333334	6.622	6.724666666666667	6.4046666666666665	6.287333333333334	5.994666666666666	5.927333333333333	5.912	5.704666666666666	5.460666666666667	5.341333333333333	5.213333333333333	4.878	4.872	4.710666666666667	4.597333333333333	4.396	4.22	4.105333333333333	4.084	3.8	3.83	3.55	3.55	3.432	3.272	3.116	3.041333333333333	2.9346666666666668	2.802	2.716666666666667	2.6213333333333333	2.570666666666667	2.3593333333333333	2.279333333333333	2.2026666666666666	2.1033333333333335	1.9693333333333334	1.9406666666666668	1.818	1.7853333333333334	1.624	1.6266666666666667	1.4866666666666666	1.4126666666666667	1.3173333333333332	1.232	1.1906666666666668	1.102	1.0406666666666666	0.9913333333333333	0.8686666666666667	0.8633333333333333	0.81	0.7546666666666667	0.7033333333333334	0.7086666666666667	0.6046666666666667	0.54	0.5526666666666666	0.532	0.486	0.424	0.4066666666666667	0.3873333333333333	0.36866666666666664	0.37466666666666665	0.32066666666666666	0.29733333333333334	0.25733333333333336	0.252	0.23	0.198	0.17533333333333334	0.16133333333333333	0.18	0.15066666666666667	0.12533333333333332	0.11533333333333333	0.10266666666666667	0.11866666666666667	0.07733333333333334	0.094	0.094	0.07066666666666667	0.072	0.06	0.06333333333333334	0.04133333333333333	0.04066666666666666	0.028666666666666667	0.03133333333333333	0.03333333333333333	0.016	
8.0	7.715333333333334	7.187333333333333	7.120666666666667	7.132	6.886666666666667	6.598	6.564	6.308	6.235333333333333	6.07	5.823333333333333	5.791333333333333	5.408	5.274666666666667	5.217333333333333	5.17	4.917333333333334	4.726	4.641333333333334	4.6626666666666665	4.299333333333333	4.106	4.128	4.0906666666666665	3.8026666666666666	3.759333333333333	3.6086666666666667	3.4473333333333334	3.3593333333333333	3.236	3.166	3.0166666666666666	2.814	2.752	2.6626666666666665	2.598	2.4926666666666666	2.3786666666666667	2.346	2.144	2.0453333333333332	1.9453333333333334	1.9106666666666667	1.7766666666666666	1.7146666666666666	1.6086666666666667	1.586	1.448	1.396	1.3	1.226	1.0593333333333332	1.094	0.97	0.9506666666666667	0.918	0.8346666666666667	0.7693333333333333	0.7533333333333333	0.6733333333333333	0.6433333333333333	0.6633333333333333	0.5526666666666666	0.5173333333333333	0.494	0.4846666666666667	0.4186666666666667	0.43133333333333335	0.37466666666666665	0.3546666666666667	0.32666666666666666	0.2906666666666667	0.2773333333333333	0.25333333333333335	0.2653333333333333	0.22333333333333333	0.21933333333333332	0.20466666666666666	0.19066666666666668	0.172	0.158	0.132	0.11333333333333333	0.106	0.112	0.08466666666666667	0.102	0.084	0.07466666666666667	0.052	0.059333333333333335	0.050666666666666665	0.042666666666666665	0.04733333333333333	0.03933333333333333	0.03	0.028666666666666667	0.024666666666666667	
7.794666666666667	7.660666666666667	7.308666666666666	7.208666666666667	6.86	6.720666666666666	6.541333333333333	6.473333333333334	6.269333333333333	6.060666666666667	5.906666666666666	5.723333333333334	5.57	5.432	5.29	5.088	5.036	4.746	4.713333333333333	4.466666666666667	4.468	4.232	4.193333333333333	4.043333333333333	3.8533333333333335	3.771333333333333	3.691333333333333	3.512	3.434	3.3253333333333335	3.1653333333333333	3.1186666666666665	2.9726666666666666	2.8566666666666665	2.688	2.706	2.558	2.3866666666666667	2.42	2.2306666666666666	2.0446666666666666	2.056	1.936	1.894	1.748	1.7353333333333334	1.5993333333333333	1.54	1.454	1.3613333333333333	1.264	1.218	1.1166666666666667	1.0926666666666667	0.9933333333333333	0.94	0.864	0.82	0.818	0.734	0.7193333333333334	0.622	0.594	0.5493333333333333	0.524	0.49066666666666664	0.456	0.414	0.4073333333333333	0.38133333333333336	0.33866666666666667	0.3	0.3006666666666667	0.2806666666666667	0.264	0.23666666666666666	0.24333333333333335	0.19933333333333333	0.18	0.182	0.16933333333333334	0.136	0.13	0.12466666666666666	0.12333333333333334	0.112	0.08466666666666667	0.096	0.088	0.064	0.062	0.05266666666666667	0.04933333333333333	0.043333333333333335	0.044	0.04	0.035333333333333335	0.024666666666666667	0.024666666666666667	
7.738666666666667	7.494	7.196	7.107333333333333	6.780666666666667	6.703333333333333	6.541333333333333	6.322	6.121333333333333	6.008	5.975333333333333	5.59	5.598	5.344666666666667	5.225333333333333	5.024	4.898	4.793333333333333	4.622	4.5	4.44	4.25	4.067333333333333	3.941333333333333	3.894	3.674	3.636	3.434	3.3066666666666666	3.216	3.122	3.082	2.9	2.8193333333333332	2.6846666666666668	2.628	2.516	2.441333333333333	2.2613333333333334	2.215333333333333	2.0513333333333335	1.9453333333333334	1.8693333333333333	1.742	1.8273333333333333	1.7326666666666666	1.5253333333333334	1.5153333333333334	1.448	1.2966666666666666	1.2366666666666666	1.246	1.0893333333333333	1.046	1.0086666666666666	0.9466666666666667	0.8853333333333333	0.8206666666666667	0.7513333333333333	0.6673333333333333	0.6686666666666666	0.6213333333333333	0.578	0.55	0.492	0.48733333333333334	0.47333333333333333	0.412	0.42	0.37866666666666665	0.3433333333333333	0.31733333333333336	0.2946666666666667	0.2733333333333333	0.24666666666666667	0.23533333333333334	0.23133333333333334	0.19666666666666666	0.16666666666666666	0.17866666666666667	0.14666666666666667	0.13	0.13466666666666666	0.13666666666666666	0.10466666666666667	0.108	0.09333333333333334	0.09666666666666666	0.07333333333333333	0.068	0.052	0.06066666666666667	0.04933333333333333	0.043333333333333335	0.042	0.036	0.030666666666666665	0.02666666666666667	0.024666666666666667	
7.481333333333334	7.456666666666667	7.102666666666667	6.927333333333333	6.785333333333333	6.52	6.502666666666666	6.05	5.974666666666667	5.929333333333333	5.739333333333334	5.519333333333333	5.422	5.324	5.268	4.918666666666667	4.908666666666667	4.668666666666667	4.653333333333333	4.408	4.3453333333333335	4.093333333333334	4.024666666666667	3.8766666666666665	3.822	3.6093333333333333	3.5866666666666664	3.498	3.296666666666667	3.1426666666666665	3.1113333333333335	2.9093333333333335	2.8993333333333333	2.767333333333333	2.648	2.5726666666666667	2.41	2.3066666666666666	2.272	2.2106666666666666	2.0033333333333334	2.066666666666667	1.8993333333333333	1.8233333333333333	1.7573333333333334	1.6473333333333333	1.5573333333333332	1.4773333333333334	1.3546666666666667	1.3466666666666667	1.202	1.172	1.0986666666666667	0.9986666666666667	0.97	0.9046666666666666	0.8673333333333333	0.802	0.7346666666666667	0.6973333333333334	0.6453333333333333	0.6413333333333333	0.564	0.5266666666666666	0.5273333333333333	0.518	0.4666666666666667	0.38266666666666665	0.38066666666666665	0.3446666666666667	0.3546666666666667	0.33	0.286	0.266	0.244	0.234	0.22466666666666665	0.20266666666666666	0.17933333333333334	0.17533333333333334	0.148	0.14466666666666667	0.14466666666666667	0.13333333333333333	0.10333333333333333	0.09	0.092	0.09133333333333334	0.09066666666666667	0.06133333333333333	0.06	0.05266666666666667	0.052	0.052	0.04133333333333333	0.035333333333333335	0.025333333333333333	0.028	0.019333333333333334	
7.468666666666667	7.319333333333334	7.000666666666667	6.818666666666667	6.496	6.442	6.254666666666667	6.189333333333333	5.987333333333333	5.763333333333334	5.578	5.3726666666666665	5.357333333333333	5.131333333333333	4.968	4.806666666666667	4.744666666666666	4.534	4.471333333333333	4.378	4.176	4.082	4.012	3.772666666666667	3.694	3.586	3.4606666666666666	3.4166666666666665	3.2	3.14	3.0473333333333334	2.938	2.814	2.727333333333333	2.6433333333333335	2.5246666666666666	2.4513333333333334	2.3733333333333335	2.2013333333333334	2.0933333333333333	1.9453333333333334	1.9746666666666666	1.788	1.764	1.6633333333333333	1.6626666666666667	1.5146666666666666	1.4566666666666668	1.2826666666666666	1.2773333333333334	1.2286666666666666	1.1806666666666668	1.064	0.9993333333333333	0.9213333333333333	0.828	0.854	0.7713333333333333	0.748	0.706	0.6493333333333333	0.614	0.57	0.558	0.498	0.43066666666666664	0.44866666666666666	0.402	0.4013333333333333	0.36333333333333334	0.35533333333333333	0.2886666666666667	0.2846666666666667	0.2846666666666667	0.232	0.21466666666666667	0.20733333333333334	0.188	0.186	0.18266666666666667	0.15266666666666667	0.14133333333333334	0.11933333333333333	0.11333333333333333	0.09866666666666667	0.10066666666666667	0.08266666666666667	0.07066666666666667	0.07666666666666666	0.06733333333333333	0.058	0.05	0.043333333333333335	0.044	0.03933333333333333	0.03866666666666667	0.025333333333333333	0.016666666666666666	0.024	
7.166666666666667	7.155333333333333	6.948666666666667	6.650666666666667	6.534	6.317333333333333	6.193333333333333	6.018666666666666	5.844666666666667	5.726666666666667	5.552	5.427333333333333	5.259333333333333	5.118	4.935333333333333	4.783333333333333	4.742666666666667	4.48	4.431333333333333	4.198666666666667	4.131333333333333	3.984	3.8893333333333335	3.712	3.626	3.505333333333333	3.424	3.35	3.212666666666667	3.068	2.978	2.917333333333333	2.812	2.712666666666667	2.6086666666666667	2.502666666666667	2.348	2.352	2.154	2.1126666666666667	1.9753333333333334	1.9553333333333334	1.8093333333333332	1.79	1.65	1.5846666666666667	1.5053333333333334	1.3933333333333333	1.3146666666666667	1.2633333333333334	1.2353333333333334	1.1586666666666667	1.0533333333333332	0.99	0.9433333333333334	0.8673333333333333	0.826	0.7853333333333333	0.7433333333333333	0.6393333333333333	0.6346666666666667	0.59	0.5626666666666666	0.5386666666666666	0.4806666666666667	0.436	0.414	0.41	0.4166666666666667	0.3406666666666667	0.32	0.296	0.28	0.23666666666666666	0.25666666666666665	0.21733333333333332	0.23933333333333334	0.18666666666666668	0.18066666666666667	0.16933333333333334	0.14866666666666667	0.14666666666666667	0.14066666666666666	0.10266666666666667	0.11133333333333334	0.09866666666666667	0.08666666666666667	0.07666666666666666	0.07466666666666667	0.06666666666666667	0.06466666666666666	0.05733333333333333	0.048666666666666664	0.042	0.034666666666666665	0.03	0.030666666666666665	0.032	0.014666666666666666	
7.1386666666666665	7.053333333333334	6.832666666666666	6.557333333333333	6.320666666666667	6.293333333333333	6.082	5.8773333333333335	5.784	5.63	5.522666666666667	5.251333333333333	5.224	4.981333333333334	4.884	4.798	4.612666666666667	4.442666666666667	4.469333333333333	4.158666666666667	4.177333333333333	3.9106666666666667	3.966666666666667	3.816666666666667	3.688	3.476	3.354	3.288	3.1906666666666665	3.0753333333333335	2.904	2.7993333333333332	2.7306666666666666	2.5933333333333333	2.4793333333333334	2.4093333333333335	2.2986666666666666	2.2906666666666666	2.1286666666666667	2.09	1.9706666666666666	1.9373333333333334	1.8233333333333333	1.746	1.586	1.6293333333333333	1.5126666666666666	1.4006666666666667	1.3473333333333333	1.3046666666666666	1.1593333333333333	1.1966666666666668	0.9953333333333333	0.9726666666666667	0.9373333333333334	0.8853333333333333	0.7853333333333333	0.7293333333333333	0.6946666666666667	0.638	0.634	0.5766666666666667	0.546	0.5046666666666667	0.482	0.4673333333333333	0.3993333333333333	0.37133333333333335	0.36333333333333334	0.31533333333333335	0.306	0.31466666666666665	0.256	0.2653333333333333	0.252	0.212	0.21466666666666667	0.184	0.174	0.168	0.14533333333333334	0.136	0.122	0.11666666666666667	0.10733333333333334	0.09133333333333334	0.08066666666666666	0.08266666666666667	0.08466666666666667	0.06	0.05333333333333334	0.058666666666666666	0.050666666666666665	0.036	0.035333333333333335	0.032	0.025333333333333333	0.019333333333333334	0.022	
7.230666666666667	6.828	6.489333333333334	6.570666666666667	6.3373333333333335	6.25	5.999333333333333	5.796	5.698666666666667	5.4126666666666665	5.499333333333333	5.148666666666666	5.089333333333333	4.886	4.874	4.632666666666666	4.504666666666667	4.426	4.396	4.030666666666667	4.005333333333334	3.8906666666666667	3.8266666666666667	3.6766666666666667	3.568	3.394	3.3913333333333333	3.187333333333333	3.1246666666666667	2.958666666666667	2.8306666666666667	2.7533333333333334	2.687333333333333	2.632	2.445333333333333	2.4846666666666666	2.2453333333333334	2.2133333333333334	2.07	2.0286666666666666	1.8946666666666667	1.8493333333333333	1.714	1.63	1.6413333333333333	1.474	1.44	1.374	1.2166666666666666	1.24	1.1033333333333333	1.096	1.024	1.02	0.8873333333333333	0.8906666666666667	0.7893333333333333	0.7573333333333333	0.7106666666666667	0.6293333333333333	0.5746666666666667	0.5586666666666666	0.538	0.47733333333333333	0.4573333333333333	0.4086666666666667	0.408	0.3913333333333333	0.346	0.3233333333333333	0.31533333333333335	0.28733333333333333	0.25666666666666665	0.25	0.24	0.20266666666666666	0.196	0.20266666666666666	0.184	0.16133333333333333	0.14	0.13533333333333333	0.12866666666666668	0.11266666666666666	0.08933333333333333	0.08866666666666667	0.07866666666666666	0.06733333333333333	0.05533333333333333	0.07533333333333334	0.056666666666666664	0.051333333333333335	0.04666666666666667	0.042666666666666665	0.032	0.028666666666666667	0.020666666666666667	0.026	0.023333333333333334	
6.917333333333334	6.8213333333333335	6.478	6.355333333333333	6.190666666666667	6.057333333333333	5.83	5.683333333333334	5.549333333333333	5.348	5.236	5.068666666666667	5.077333333333334	4.836666666666667	4.673333333333333	4.490666666666667	4.54	4.392	4.142666666666667	4.034	3.9446666666666665	3.922	3.75	3.542666666666667	3.566666666666667	3.3933333333333335	3.2506666666666666	3.1073333333333335	3.0453333333333332	2.8846666666666665	2.8333333333333335	2.816666666666667	2.7613333333333334	2.6206666666666667	2.465333333333333	2.34	2.1893333333333334	2.1246666666666667	2.030666666666667	1.98	1.9273333333333333	1.836	1.7493333333333334	1.7373333333333334	1.606	1.5413333333333334	1.388	1.3966666666666667	1.258	1.2326666666666666	1.074	1.0933333333333333	0.986	0.9386666666666666	0.9013333333333333	0.792	0.7846666666666666	0.7253333333333334	0.682	0.6753333333333333	0.61	0.5586666666666666	0.5393333333333333	0.5066666666666667	0.4573333333333333	0.42333333333333334	0.4046666666666667	0.4013333333333333	0.31866666666666665	0.37866666666666665	0.29333333333333333	0.2786666666666667	0.286	0.224	0.228	0.23	0.20133333333333334	0.16	0.17933333333333334	0.17	0.14066666666666666	0.14133333333333334	0.13066666666666665	0.10733333333333334	0.09733333333333333	0.09	0.076	0.07666666666666666	0.06533333333333333	0.072	0.05466666666666667	0.056666666666666664	0.048	0.04133333333333333	0.034	0.024	0.03333333333333333	0.024666666666666667	0.024666666666666667	
6.781333333333333	6.696	6.347333333333333	6.418	6.1353333333333335	5.910666666666667	5.678	5.676666666666667	5.424	5.453333333333333	5.150666666666667	4.930666666666666	4.921333333333333	4.86	4.706666666666667	4.558666666666666	4.503333333333333	4.292	4.13	3.8753333333333333	3.8686666666666665	3.692	3.706	3.5353333333333334	3.5046666666666666	3.300666666666667	3.220666666666667	3.1513333333333335	3.114	2.8353333333333333	2.7426666666666666	2.6686666666666667	2.5853333333333333	2.4806666666666666	2.394	2.3446666666666665	2.1986666666666665	2.14	2.01	1.952	1.8473333333333333	1.81	1.6433333333333333	1.6973333333333334	1.5353333333333334	1.472	1.4246666666666667	1.352	1.2273333333333334	1.202	1.154	1.058	0.994	0.9026666666666666	0.872	0.8	0.714	0.7493333333333333	0.6853333333333333	0.6186666666666667	0.588	0.5626666666666666	0.524	0.47533333333333333	0.46266666666666667	0.38666666666666666	0.37933333333333336	0.3893333333333333	0.366	0.30733333333333335	0.2946666666666667	0.28	0.26066666666666666	0.25066666666666665	0.21466666666666667	0.19733333333333333	0.18266666666666667	0.17666666666666667	0.176	0.14866666666666667	0.16066666666666668	0.14266666666666666	0.12266666666666666	0.11266666666666666	0.09333333333333334	0.07333333333333333	0.07	0.076	0.07	0.07066666666666667	0.051333333333333335	0.056666666666666664	0.038	0.035333333333333335	0.04066666666666666	0.025333333333333333	0.030666666666666665	0.025333333333333333	0.023333333333333334	
6.5793333333333335	6.482	6.34	6.258666666666667	5.935333333333333	5.868	5.704666666666666	5.505333333333334	5.446666666666666	5.237333333333333	5.069333333333334	4.782666666666667	4.828666666666667	4.57	4.610666666666667	4.378	4.33	4.1	4.027333333333333	3.838	3.832	3.7413333333333334	3.5646666666666667	3.49	3.3893333333333335	3.246	3.146	3.0046666666666666	3.016	2.832666666666667	2.744	2.64	2.5453333333333332	2.4513333333333334	2.3846666666666665	2.276	2.1946666666666665	2.048	2.01	1.958	1.828	1.7926666666666666	1.682	1.6786666666666668	1.5053333333333334	1.46	1.3766666666666667	1.3193333333333332	1.2626666666666666	1.1706666666666667	1.1326666666666667	1.0926666666666667	0.9753333333333334	0.8873333333333333	0.8366666666666667	0.7853333333333333	0.7513333333333333	0.726	0.6826666666666666	0.5933333333333334	0.5526666666666666	0.5433333333333333	0.534	0.4593333333333333	0.43866666666666665	0.4206666666666667	0.4093333333333333	0.35933333333333334	0.3293333333333333	0.31466666666666665	0.30533333333333335	0.27	0.23466666666666666	0.22266666666666668	0.22533333333333333	0.19466666666666665	0.186	0.164	0.15266666666666667	0.13866666666666666	0.142	0.11266666666666666	0.12266666666666666	0.11	0.09266666666666666	0.07933333333333334	0.086	0.066	0.07066666666666667	0.062	0.056666666666666664	0.052	0.043333333333333335	0.037333333333333336	0.037333333333333336	0.028666666666666667	0.027333333333333334	0.03	0.021333333333333333	
6.53	6.418666666666667	6.204666666666666	6.085333333333334	5.768	5.701333333333333	5.488	5.368666666666667	5.335333333333334	5.088666666666667	5.1306666666666665	4.8726666666666665	4.6866666666666665	4.574666666666666	4.492666666666667	4.303333333333334	4.286	3.9513333333333334	4.113333333333333	3.76	3.7866666666666666	3.6286666666666667	3.578	3.416	3.308666666666667	3.226	3.05	3.03	2.884	2.7693333333333334	2.6493333333333333	2.5793333333333335	2.498666666666667	2.446	2.34	2.2933333333333334	2.195333333333333	2.0773333333333333	1.9773333333333334	1.9086666666666667	1.8	1.728	1.6473333333333333	1.5666666666666667	1.47	1.4473333333333334	1.336	1.2806666666666666	1.2113333333333334	1.11	1.0833333333333333	1.02	0.978	0.9246666666666666	0.882	0.7746666666666666	0.7226666666666667	0.6813333333333333	0.6366666666666667	0.6333333333333333	0.552	0.492	0.518	0.474	0.4513333333333333	0.416	0.3913333333333333	0.36466666666666664	0.3546666666666667	0.30333333333333334	0.304	0.272	0.26866666666666666	0.22733333333333333	0.21666666666666667	0.194	0.19	0.19066666666666668	0.16266666666666665	0.14333333333333334	0.14933333333333335	0.118	0.11333333333333333	0.09866666666666667	0.09066666666666667	0.08533333333333333	0.08	0.06666666666666667	0.06133333333333333	0.06466666666666666	0.050666666666666665	0.05	0.03933333333333333	0.035333333333333335	0.03266666666666666	0.03866666666666667	0.02666666666666667	0.01	0.02266666666666667	
6.331333333333333	6.306666666666667	5.944	5.898	5.816	5.537333333333334	5.42	5.349333333333333	5.195333333333333	4.941333333333334	4.948	4.778666666666667	4.678	4.485333333333333	4.4	4.190666666666667	4.318666666666667	4.017333333333333	3.8853333333333335	3.771333333333333	3.7253333333333334	3.4426666666666668	3.4473333333333334	3.344	3.21	3.126	2.989333333333333	2.9053333333333335	2.856	2.776666666666667	2.634	2.5526666666666666	2.476	2.406	2.2853333333333334	2.187333333333333	2.0946666666666665	2.1126666666666667	1.9326666666666668	1.868	1.792	1.736	1.5813333333333333	1.5926666666666667	1.48	1.4186666666666667	1.3	1.2493333333333334	1.166	1.148	1.0093333333333334	1.002	0.9166666666666666	0.8986666666666666	0.798	0.8133333333333334	0.7126666666666667	0.6973333333333334	0.658	0.6266666666666667	0.552	0.5446666666666666	0.5133333333333333	0.43466666666666665	0.44866666666666666	0.4046666666666667	0.394	0.3253333333333333	0.3313333333333333	0.3353333333333333	0.2966666666666667	0.272	0.2613333333333333	0.22333333333333333	0.21733333333333332	0.17533333333333334	0.17733333333333334	0.17133333333333334	0.156	0.14666666666666667	0.142	0.11733333333333333	0.112	0.10266666666666667	0.08333333333333333	0.08066666666666666	0.078	0.07733333333333334	0.07	0.059333333333333335	0.048666666666666664	0.052	0.042666666666666665	0.04533333333333334	0.03666666666666667	0.030666666666666665	0.029333333333333333	0.018666666666666668	0.02666666666666667	
6.240666666666667	6.276	5.950666666666667	5.838	5.715333333333334	5.548666666666667	5.342666666666666	5.312	5.092	4.926	4.828666666666667	4.6386666666666665	4.615333333333333	4.3806666666666665	4.312	4.220666666666666	4.039333333333333	4.014666666666667	3.9033333333333333	3.728666666666667	3.6306666666666665	3.452	3.394	3.27	3.208666666666667	3.036	3.0113333333333334	2.834	2.7826666666666666	2.666	2.5966666666666667	2.432	2.2706666666666666	2.354	2.235333333333333	2.211333333333333	2.062	1.986	1.8866666666666667	1.8673333333333333	1.74	1.6433333333333333	1.6026666666666667	1.5493333333333332	1.3806666666666667	1.3886666666666667	1.2486666666666666	1.302	1.1713333333333333	1.1173333333333333	1.0453333333333332	0.9633333333333334	0.908	0.878	0.8066666666666666	0.7713333333333333	0.7106666666666667	0.6753333333333333	0.65	0.5486666666666666	0.5706666666666667	0.5	0.5086666666666667	0.4706666666666667	0.46	0.402	0.38333333333333336	0.3486666666666667	0.3566666666666667	0.31266666666666665	0.29133333333333333	0.2733333333333333	0.24866666666666667	0.21266666666666667	0.20533333333333334	0.182	0.18466666666666667	0.178	0.158	0.12933333333333333	0.138	0.11666666666666667	0.10933333333333334	0.10066666666666667	0.08733333333333333	0.084	0.08333333333333333	0.078	0.059333333333333335	0.058	0.05533333333333333	0.04666666666666667	0.03866666666666667	0.030666666666666665	0.034666666666666665	0.023333333333333334	0.026	0.02266666666666667	0.020666666666666667	
6.187333333333333	6.224666666666667	5.914	5.601333333333334	5.6146666666666665	5.47	5.225333333333333	5.1033333333333335	5.004	4.876	4.644	4.504666666666667	4.461333333333333	4.264666666666667	4.218	4.0713333333333335	4.1	3.882	3.767333333333333	3.658	3.6226666666666665	3.38	3.388	3.2306666666666666	3.1826666666666665	2.9766666666666666	2.992	2.744666666666667	2.7626666666666666	2.6166666666666667	2.5973333333333333	2.498666666666667	2.3873333333333333	2.3	2.184	2.0573333333333332	2.048	1.9986666666666666	1.9	1.848	1.6753333333333333	1.6346666666666667	1.5906666666666667	1.488	1.434	1.3686666666666667	1.264	1.1733333333333333	1.1366666666666667	1.0473333333333332	1.046	0.9413333333333334	0.9273333333333333	0.8413333333333334	0.794	0.8313333333333334	0.6626666666666666	0.6633333333333333	0.6026666666666667	0.5613333333333334	0.5346666666666666	0.4846666666666667	0.4726666666666667	0.41333333333333333	0.44533333333333336	0.4106666666666667	0.35733333333333334	0.3413333333333333	0.30133333333333334	0.2906666666666667	0.278	0.25733333333333336	0.22533333333333333	0.21933333333333332	0.206	0.18466666666666667	0.16533333333333333	0.16266666666666665	0.16266666666666665	0.13	0.14066666666666666	0.12333333333333334	0.10933333333333334	0.10733333333333334	0.08	0.09066666666666667	0.07466666666666667	0.06933333333333333	0.068	0.05533333333333333	0.050666666666666665	0.046	0.04066666666666666	0.035333333333333335	0.027333333333333334	0.030666666666666665	0.024666666666666667	0.021333333333333333	0.02266666666666667	
6.104666666666667	5.981333333333334	5.653333333333333	5.620666666666667	5.429333333333333	5.344	5.131333333333333	5.105333333333333	4.878666666666667	4.721333333333333	4.680666666666666	4.434666666666667	4.458	4.22	4.158666666666667	4.001333333333333	3.8573333333333335	3.816666666666667	3.7733333333333334	3.582666666666667	3.5153333333333334	3.324	3.3526666666666665	3.182	3.0593333333333335	2.9846666666666666	2.7986666666666666	2.756666666666667	2.69	2.6186666666666665	2.481333333333333	2.4026666666666667	2.4126666666666665	2.2373333333333334	2.1006666666666667	2.0613333333333332	1.9353333333333333	1.892	1.9026666666666667	1.736	1.666	1.6013333333333333	1.4846666666666666	1.5	1.3893333333333333	1.348	1.2386666666666666	1.2186666666666666	1.1273333333333333	1.0893333333333333	0.9686666666666667	0.962	0.8653333333333333	0.854	0.762	0.7393333333333333	0.6886666666666666	0.6366666666666667	0.592	0.5793333333333334	0.5586666666666666	0.476	0.43933333333333335	0.4046666666666667	0.402	0.398	0.356	0.304	0.298	0.2833333333333333	0.282	0.24	0.24133333333333334	0.20266666666666666	0.184	0.18666666666666668	0.17333333333333334	0.166	0.146	0.13733333333333334	0.13466666666666666	0.12466666666666666	0.09733333333333333	0.09466666666666666	0.08266666666666667	0.07666666666666666	0.064	0.08	0.06333333333333334	0.064	0.052	0.04	0.03333333333333333	0.042666666666666665	0.04066666666666666	0.024	0.029333333333333333	0.02266666666666667	0.015333333333333332	
6.022666666666667	5.744	5.618	5.550666666666666	5.323333333333333	5.178	5.073333333333333	4.850666666666666	4.774666666666667	4.6866666666666665	4.592	4.43	4.318	4.086	4.104666666666667	3.822	3.8966666666666665	3.762	3.6866666666666665	3.498666666666667	3.492	3.256	3.228	3.0686666666666667	2.993333333333333	2.8553333333333333	2.8033333333333332	2.734	2.618	2.5313333333333334	2.4753333333333334	2.3686666666666665	2.2773333333333334	2.148	2.08	2.116	1.98	1.8506666666666667	1.7953333333333332	1.726	1.6046666666666667	1.5673333333333332	1.4766666666666666	1.4313333333333333	1.382	1.2653333333333334	1.1926666666666668	1.1093333333333333	1.1286666666666667	1.0733333333333333	0.9606666666666667	0.9326666666666666	0.84	0.8266666666666667	0.76	0.7013333333333334	0.6473333333333333	0.6013333333333334	0.586	0.542	0.5233333333333333	0.5	0.44	0.412	0.38533333333333336	0.38533333333333336	0.3473333333333333	0.3446666666666667	0.27466666666666667	0.30466666666666664	0.25466666666666665	0.25266666666666665	0.24466666666666667	0.18933333333333333	0.178	0.194	0.178	0.164	0.14	0.14066666666666666	0.12733333333333333	0.09933333333333333	0.106	0.10333333333333333	0.09533333333333334	0.08133333333333333	0.07733333333333334	0.06266666666666666	0.05266666666666667	0.05266666666666667	0.04	0.044	0.03666666666666667	0.027333333333333334	0.025333333333333333	0.024	0.02	0.020666666666666667	0.016	
5.875333333333334	5.772	5.538	5.398	5.182	5.026666666666666	4.933333333333334	4.89	4.718	4.530666666666667	4.484666666666667	4.316666666666666	4.244	3.9633333333333334	4.040666666666667	3.8706666666666667	3.824666666666667	3.7133333333333334	3.6133333333333333	3.4686666666666666	3.3213333333333335	3.191333333333333	3.152	3.1126666666666667	2.961333333333333	2.84	2.798	2.6346666666666665	2.493333333333333	2.4913333333333334	2.244666666666667	2.38	2.195333333333333	2.1473333333333335	2.1086666666666667	1.9926666666666666	1.8993333333333333	1.8413333333333333	1.7486666666666666	1.7926666666666666	1.6086666666666667	1.588	1.4653333333333334	1.4186666666666667	1.308	1.2213333333333334	1.1673333333333333	1.132	1.0373333333333334	1.036	0.9406666666666667	0.9093333333333333	0.8353333333333334	0.7633333333333333	0.7446666666666667	0.702	0.6333333333333333	0.5873333333333334	0.58	0.5393333333333333	0.5013333333333333	0.47333333333333333	0.4553333333333333	0.39866666666666667	0.40066666666666667	0.35333333333333333	0.31733333333333336	0.31733333333333336	0.31333333333333335	0.2773333333333333	0.26	0.24733333333333332	0.212	0.20933333333333334	0.21066666666666667	0.16333333333333333	0.174	0.152	0.12933333333333333	0.12133333333333333	0.13533333333333333	0.11866666666666667	0.096	0.08933333333333333	0.08866666666666667	0.072	0.07066666666666667	0.06733333333333333	0.05333333333333334	0.05266666666666667	0.04	0.038	0.034	0.034	0.032	0.026	0.026	0.024	0.018666666666666668	
5.745333333333333	5.69	5.387333333333333	5.356	5.094666666666667	5.112666666666667	4.867333333333334	4.773333333333333	4.557333333333333	4.509333333333333	4.366666666666666	4.192666666666667	4.108666666666666	3.985333333333333	3.997333333333333	3.726	3.762	3.484	3.538666666666667	3.382	3.252666666666667	3.246	3.1066666666666665	2.962	2.9193333333333333	2.7506666666666666	2.6946666666666665	2.6786666666666665	2.546	2.5033333333333334	2.45	2.274	2.148	2.082666666666667	2.042	2.002	1.8933333333333333	1.786	1.7186666666666666	1.6986666666666668	1.562	1.5273333333333334	1.4333333333333333	1.3626666666666667	1.2446666666666666	1.2273333333333334	1.13	1.134	1.0446666666666666	1.0546666666666666	0.9673333333333334	0.9066666666666666	0.824	0.7786666666666666	0.7286666666666667	0.688	0.6193333333333333	0.5806666666666667	0.518	0.5346666666666666	0.514	0.4646666666666667	0.45	0.402	0.4033333333333333	0.3486666666666667	0.328	0.32466666666666666	0.2946666666666667	0.266	0.25866666666666666	0.22933333333333333	0.22066666666666668	0.18066666666666667	0.166	0.16133333333333333	0.15733333333333333	0.156	0.15066666666666667	0.11466666666666667	0.12333333333333334	0.104	0.09533333333333334	0.086	0.084	0.08933333333333333	0.06266666666666666	0.07266666666666667	0.059333333333333335	0.048666666666666664	0.051333333333333335	0.04	0.03333333333333333	0.032	0.030666666666666665	0.023333333333333334	0.027333333333333334	0.025333333333333333	0.018666666666666668	
5.511333333333333	5.532	5.332666666666666	5.141333333333334	5.044	5.056666666666667	4.788666666666667	4.698	4.564	4.419333333333333	4.304	4.145333333333333	4.086	3.9546666666666668	3.9113333333333333	3.59	3.7093333333333334	3.4073333333333333	3.4393333333333334	3.275333333333333	3.238	3.009333333333333	2.928	2.8733333333333335	2.8453333333333335	2.8053333333333335	2.628	2.517333333333333	2.4566666666666666	2.3826666666666667	2.3113333333333332	2.2613333333333334	2.1166666666666667	2.1433333333333335	1.9666666666666666	1.9146666666666667	1.8313333333333333	1.784	1.628	1.594	1.5093333333333334	1.4513333333333334	1.3833333333333333	1.388	1.2853333333333334	1.27	1.1266666666666667	1.1406666666666667	1.034	0.9786666666666667	0.9393333333333334	0.888	0.8326666666666667	0.766	0.7093333333333334	0.6866666666666666	0.63	0.5826666666666667	0.5633333333333334	0.5013333333333333	0.49066666666666664	0.46	0.412	0.4	0.39066666666666666	0.3393333333333333	0.3273333333333333	0.31733333333333336	0.29733333333333334	0.266	0.23666666666666666	0.232	0.206	0.18533333333333332	0.18	0.17866666666666667	0.148	0.15066666666666667	0.12266666666666666	0.13266666666666665	0.11066666666666666	0.1	0.082	0.07733333333333334	0.078	0.07333333333333333	0.06333333333333334	0.06933333333333333	0.059333333333333335	0.038	0.04533333333333334	0.034	0.03866666666666667	0.036	0.022	0.030666666666666665	0.018666666666666668	0.018	0.014666666666666666	
5.482666666666667	5.496	5.213333333333333	5.048	4.957333333333334	4.863333333333333	4.798666666666667	4.508	4.386	4.316666666666666	4.318	4.069333333333334	4.022	3.844	3.8553333333333333	3.608	3.542	3.4193333333333333	3.3806666666666665	3.222	3.1086666666666667	3.0673333333333335	2.95	2.8806666666666665	2.8146666666666667	2.6573333333333333	2.612	2.502666666666667	2.4726666666666666	2.3353333333333333	2.35	2.195333333333333	2.0946666666666665	2.0686666666666667	1.9186666666666667	1.8733333333333333	1.83	1.7506666666666666	1.658	1.6273333333333333	1.484	1.4913333333333334	1.4	1.3886666666666667	1.2233333333333334	1.2126666666666666	1.1333333333333333	1.052	1.004	0.9713333333333334	0.8893333333333333	0.824	0.7766666666666666	0.7413333333333333	0.694	0.6626666666666666	0.6173333333333333	0.5826666666666667	0.5446666666666666	0.5006666666666667	0.4633333333333333	0.44	0.436	0.424	0.366	0.322	0.32266666666666666	0.30533333333333335	0.2906666666666667	0.2613333333333333	0.24866666666666667	0.20933333333333334	0.22133333333333333	0.18	0.17266666666666666	0.16533333333333333	0.152	0.13933333333333334	0.146	0.13066666666666665	0.09133333333333334	0.10733333333333334	0.10533333333333333	0.08466666666666667	0.08733333333333333	0.07866666666666666	0.06933333333333333	0.04533333333333334	0.046	0.04466666666666667	0.048666666666666664	0.04466666666666667	0.03666666666666667	0.037333333333333336	0.028	0.025333333333333333	0.015333333333333332	0.018666666666666668	0.013333333333333334	
5.447333333333333	5.524	5.113333333333333	5.036666666666667	4.892666666666667	4.755333333333334	4.661333333333333	4.476666666666667	4.376666666666667	4.252	4.184	4.125333333333334	3.926	3.722	3.755333333333333	3.606	3.5966666666666667	3.3793333333333333	3.372	3.236	3.0713333333333335	2.9393333333333334	2.9366666666666665	2.8073333333333332	2.764666666666667	2.656	2.64	2.4306666666666668	2.4153333333333333	2.324666666666667	2.26	2.156	2.1106666666666665	2.002	1.9093333333333333	1.8826666666666667	1.726	1.7353333333333334	1.6146666666666667	1.5313333333333334	1.5246666666666666	1.4106666666666667	1.39	1.3326666666666667	1.196	1.1866666666666668	1.14	1.1006666666666667	1.0193333333333334	0.95	0.8733333333333333	0.8253333333333334	0.8193333333333334	0.7373333333333333	0.6806666666666666	0.6733333333333333	0.632	0.5773333333333334	0.5133333333333333	0.4746666666666667	0.46	0.44733333333333336	0.3993333333333333	0.38333333333333336	0.35933333333333334	0.332	0.318	0.29933333333333334	0.266	0.23333333333333334	0.25	0.23	0.22666666666666666	0.19733333333333333	0.182	0.16733333333333333	0.134	0.14533333333333334	0.14466666666666667	0.11466666666666667	0.11933333333333333	0.118	0.08733333333333333	0.09066666666666667	0.08133333333333333	0.08066666666666666	0.06066666666666667	0.05533333333333333	0.046	0.04666666666666667	0.04733333333333333	0.043333333333333335	0.037333333333333336	0.028666666666666667	0.034	0.02666666666666667	0.02266666666666667	0.021333333333333333	0.015333333333333332	
5.458666666666667	5.486	5.1546666666666665	4.894	4.896	4.76	4.580666666666667	4.482666666666667	4.402	4.178	4.212	4.034	3.9726666666666666	3.816	3.800666666666667	3.612	3.4806666666666666	3.279333333333333	3.3546666666666667	3.1553333333333335	3.1786666666666665	2.958666666666667	2.854	2.8546666666666667	2.684	2.634	2.5673333333333335	2.5033333333333334	2.3693333333333335	2.282	2.1973333333333334	2.188	2.064	2.022666666666667	1.8686666666666667	1.858	1.7433333333333334	1.7493333333333334	1.6193333333333333	1.5433333333333332	1.46	1.4566666666666668	1.3273333333333333	1.294	1.2593333333333334	1.2	1.09	1.0833333333333333	0.9766666666666667	0.9626666666666667	0.902	0.848	0.762	0.736	0.6986666666666667	0.6766666666666666	0.632	0.5486666666666666	0.5593333333333333	0.51	0.49533333333333335	0.42866666666666664	0.408	0.36533333333333334	0.3506666666666667	0.3526666666666667	0.3486666666666667	0.29533333333333334	0.27066666666666667	0.25066666666666665	0.22933333333333333	0.20266666666666666	0.22	0.206	0.18333333333333332	0.18333333333333332	0.14733333333333334	0.14133333333333334	0.12266666666666666	0.11733333333333333	0.10866666666666666	0.10533333333333333	0.09066666666666667	0.07333333333333333	0.06733333333333333	0.07933333333333334	0.07333333333333333	0.056666666666666664	0.059333333333333335	0.04666666666666667	0.048	0.034666666666666665	0.034666666666666665	0.03666666666666667	0.022	0.027333333333333334	0.02666666666666667	0.020666666666666667	0.014666666666666666	
5.469333333333333	5.258	5.032	5.042	4.796	4.79	4.575333333333333	4.468	4.403333333333333	4.197333333333333	4.124	4.003333333333333	3.968	3.6493333333333333	3.754	3.532	3.4606666666666666	3.3773333333333335	3.300666666666667	3.118	3.0806666666666667	2.9606666666666666	3.0246666666666666	2.878	2.756666666666667	2.5046666666666666	2.5693333333333332	2.4273333333333333	2.4106666666666667	2.282	2.202	2.1073333333333335	1.992	1.9553333333333334	1.8466666666666667	1.86	1.7146666666666666	1.7273333333333334	1.6146666666666667	1.6133333333333333	1.4966666666666666	1.4426666666666668	1.3513333333333333	1.328	1.1673333333333333	1.2413333333333334	1.0753333333333333	1.034	1.0213333333333334	0.9553333333333334	0.854	0.8293333333333334	0.7826666666666666	0.7453333333333333	0.7053333333333334	0.6266666666666667	0.6086666666666667	0.5646666666666667	0.5346666666666666	0.5153333333333333	0.46066666666666667	0.416	0.4266666666666667	0.34	0.378	0.3453333333333333	0.31266666666666665	0.2826666666666667	0.24733333333333332	0.24666666666666667	0.264	0.24333333333333335	0.21133333333333335	0.19933333333333333	0.19666666666666666	0.16066666666666668	0.14466666666666667	0.12266666666666666	0.13333333333333333	0.12733333333333333	0.112	0.10666666666666667	0.09466666666666666	0.09333333333333334	0.068	0.084	0.054	0.06	0.05733333333333333	0.05733333333333333	0.034666666666666665	0.03933333333333333	0.038	0.032	0.029333333333333333	0.019333333333333334	0.017333333333333333	0.020666666666666667	0.011333333333333334	
5.34	5.228666666666666	5.024	4.926666666666667	4.752	4.730666666666667	4.577333333333334	4.374	4.370666666666667	4.235333333333333	4.102	3.977333333333333	3.932	3.702	3.664	3.506	3.4246666666666665	3.246	3.3093333333333335	3.0126666666666666	3.124	2.816	2.8566666666666665	2.884	2.6686666666666667	2.5633333333333335	2.4926666666666666	2.4353333333333333	2.3526666666666665	2.296	2.184	2.1173333333333333	2.029333333333333	1.9326666666666668	1.8186666666666667	1.846	1.7333333333333334	1.754	1.6373333333333333	1.5233333333333334	1.4673333333333334	1.4366666666666668	1.334	1.244	1.2186666666666666	1.1666666666666667	1.0806666666666667	1.012	0.9146666666666666	0.8573333333333333	0.92	0.7926666666666666	0.7466666666666667	0.7326666666666667	0.692	0.642	0.5893333333333334	0.5933333333333334	0.512	0.5186666666666667	0.4666666666666667	0.428	0.434	0.4066666666666667	0.3506666666666667	0.3526666666666667	0.3333333333333333	0.288	0.308	0.24333333333333335	0.22933333333333333	0.214	0.2	0.172	0.176	0.16066666666666668	0.14466666666666667	0.14333333333333334	0.12466666666666666	0.12333333333333334	0.116	0.10933333333333334	0.09466666666666666	0.09	0.08933333333333333	0.07266666666666667	0.06533333333333333	0.04933333333333333	0.04933333333333333	0.05	0.04133333333333333	0.038	0.032	0.034666666666666665	0.025333333333333333	0.023333333333333334	0.024666666666666667	0.017333333333333333	0.014666666666666666	
5.326666666666667	5.27	5.1	4.976	4.814666666666667	4.578666666666667	4.522666666666667	4.399333333333334	4.318666666666667	4.224666666666667	3.997333333333333	3.970666666666667	3.906	3.7146666666666666	3.715333333333333	3.4486666666666665	3.444	3.2853333333333334	3.3233333333333333	3.046	3.0446666666666666	2.8593333333333333	2.9266666666666667	2.727333333333333	2.6733333333333333	2.4913333333333334	2.474	2.438	2.304666666666667	2.260666666666667	2.1733333333333333	2.11	2.04	1.9566666666666668	1.8666666666666667	1.8566666666666667	1.758	1.6613333333333333	1.598	1.6406666666666667	1.4753333333333334	1.3986666666666667	1.2893333333333334	1.304	1.1646666666666667	1.202	1.098	1.05	0.97	0.976	0.8673333333333333	0.8673333333333333	0.7446666666666667	0.7266666666666667	0.6566666666666666	0.6493333333333333	0.6006666666666667	0.558	0.5293333333333333	0.49866666666666665	0.436	0.42133333333333334	0.41733333333333333	0.36533333333333334	0.362	0.33466666666666667	0.316	0.2886666666666667	0.2946666666666667	0.24066666666666667	0.23333333333333334	0.20333333333333334	0.208	0.18333333333333332	0.16733333333333333	0.16666666666666666	0.15733333333333333	0.146	0.12333333333333334	0.13066666666666665	0.10666666666666667	0.11466666666666667	0.08533333333333333	0.09266666666666666	0.07733333333333334	0.06666666666666667	0.054	0.05466666666666667	0.050666666666666665	0.046	0.04933333333333333	0.04133333333333333	0.043333333333333335	0.026	0.030666666666666665	0.023333333333333334	0.027333333333333334	0.021333333333333333	0.015333333333333332	
5.317333333333333	5.163333333333333	5.0713333333333335	4.870666666666667	4.859333333333334	4.667333333333334	4.479333333333333	4.309333333333333	4.197333333333333	4.122	4.082	3.798	3.804	3.666	3.6293333333333333	3.482666666666667	3.3906666666666667	3.2973333333333334	3.16	3.052	3.0593333333333335	2.8913333333333333	2.929333333333333	2.736	2.652	2.570666666666667	2.44	2.412	2.3146666666666667	2.3253333333333335	2.1606666666666667	2.0326666666666666	1.998	1.92	1.866	1.816	1.7006666666666668	1.6933333333333334	1.586	1.568	1.444	1.4093333333333333	1.348	1.3286666666666667	1.162	1.1913333333333334	1.096	1.018	0.94	0.9433333333333334	0.81	0.836	0.7566666666666667	0.67	0.646	0.6446666666666667	0.5866666666666667	0.596	0.5346666666666666	0.44866666666666666	0.4633333333333333	0.43666666666666665	0.3973333333333333	0.38533333333333336	0.38333333333333336	0.32	0.32066666666666666	0.308	0.2813333333333333	0.24533333333333332	0.22	0.19533333333333333	0.188	0.17533333333333334	0.156	0.168	0.13866666666666666	0.13333333333333333	0.14066666666666666	0.10266666666666667	0.104	0.10333333333333333	0.09333333333333334	0.07933333333333334	0.07266666666666667	0.074	0.058	0.06866666666666667	0.06133333333333333	0.042	0.04666666666666667	0.03666666666666667	0.03133333333333333	0.035333333333333335	0.024666666666666667	0.032	0.02266666666666667	0.016666666666666666	0.014	
5.214	5.163333333333333	4.984	4.839333333333333	4.726666666666667	4.569333333333334	4.386666666666667	4.264	4.330666666666667	4.114	4.004	3.928	3.728	3.6006666666666667	3.5486666666666666	3.4066666666666667	3.3813333333333335	3.219333333333333	3.1946666666666665	3.0733333333333333	2.989333333333333	2.8486666666666665	2.783333333333333	2.7053333333333334	2.6773333333333333	2.5233333333333334	2.465333333333333	2.3666666666666667	2.3273333333333333	2.271333333333333	2.211333333333333	2.064	2.032	1.9466666666666668	1.8593333333333333	1.8093333333333332	1.7066666666666668	1.7086666666666666	1.598	1.5273333333333334	1.384	1.346	1.2973333333333332	1.284	1.178	1.1926666666666668	1.0453333333333332	1.0393333333333334	0.9446666666666667	0.9213333333333333	0.8393333333333334	0.8113333333333334	0.79	0.7313333333333333	0.6926666666666667	0.6326666666666667	0.576	0.5506666666666666	0.5153333333333333	0.462	0.4713333333333333	0.4106666666666667	0.4066666666666667	0.39666666666666667	0.3273333333333333	0.3006666666666667	0.282	0.28	0.27	0.232	0.21933333333333332	0.192	0.188	0.176	0.152	0.17266666666666666	0.13	0.144	0.132	0.10066666666666667	0.1	0.1	0.10333333333333333	0.082	0.078	0.07733333333333334	0.06066666666666667	0.056	0.048666666666666664	0.052	0.04466666666666667	0.03666666666666667	0.038	0.026	0.024666666666666667	0.02	0.020666666666666667	0.017333333333333333	0.011333333333333334	
5.195333333333333	5.1146666666666665	4.958666666666667	4.884	4.736666666666666	4.516	4.472	4.272	4.156	3.9846666666666666	3.9526666666666666	3.9066666666666667	3.83	3.622	3.6386666666666665	3.3906666666666667	3.364	3.187333333333333	3.084	3.0033333333333334	2.942	2.8373333333333335	2.740666666666667	2.6686666666666667	2.5613333333333332	2.538	2.4606666666666666	2.3493333333333335	2.2693333333333334	2.25	2.0853333333333333	2.0733333333333333	1.9913333333333334	1.926	1.86	1.75	1.7293333333333334	1.62	1.5346666666666666	1.552	1.4	1.408	1.298	1.26	1.194	1.1453333333333333	1.052	1.0406666666666666	0.954	0.8813333333333333	0.852	0.79	0.766	0.6933333333333334	0.6893333333333334	0.6073333333333333	0.5846666666666667	0.542	0.528	0.502	0.4693333333333333	0.4186666666666667	0.3953333333333333	0.3606666666666667	0.34	0.3393333333333333	0.308	0.29	0.2806666666666667	0.252	0.234	0.234	0.21266666666666667	0.172	0.16466666666666666	0.148	0.156	0.12533333333333332	0.11866666666666667	0.11333333333333333	0.10133333333333333	0.08333333333333333	0.08	0.094	0.06666666666666667	0.07266666666666667	0.05733333333333333	0.04933333333333333	0.04733333333333333	0.03933333333333333	0.034666666666666665	0.036	0.028	0.028	0.02666666666666667	0.018666666666666668	0.016666666666666666	0.017333333333333333	0.016666666666666666	
5.180666666666666	5.086	4.938666666666666	4.858666666666666	4.605333333333333	4.489333333333334	4.342666666666666	4.228666666666666	4.220666666666666	4.036666666666667	4.001333333333333	3.7866666666666666	3.7293333333333334	3.570666666666667	3.466	3.3513333333333333	3.408	3.2333333333333334	3.284	3.056	2.997333333333333	2.743333333333333	2.738	2.668	2.6813333333333333	2.4526666666666666	2.454	2.3506666666666667	2.2266666666666666	2.1493333333333333	2.1226666666666665	2.034	1.9586666666666666	1.8986666666666667	1.8473333333333333	1.758	1.6273333333333333	1.6553333333333333	1.5053333333333334	1.5573333333333332	1.3766666666666667	1.3786666666666667	1.2873333333333334	1.2173333333333334	1.1813333333333333	1.0893333333333333	1.0713333333333332	1.0186666666666666	0.9646666666666667	0.8853333333333333	0.844	0.7786666666666666	0.7713333333333333	0.7526666666666667	0.6606666666666666	0.652	0.552	0.514	0.5373333333333333	0.45666666666666667	0.44866666666666666	0.4226666666666667	0.40066666666666667	0.38	0.35533333333333333	0.3293333333333333	0.2753333333333333	0.27066666666666667	0.254	0.224	0.22	0.19533333333333333	0.19533333333333333	0.17266666666666666	0.17733333333333334	0.15066666666666667	0.15133333333333332	0.14666666666666667	0.128	0.11733333333333333	0.09666666666666666	0.08133333333333333	0.09533333333333334	0.088	0.08133333333333333	0.068	0.07	0.04933333333333333	0.06133333333333333	0.056	0.03666666666666667	0.03666666666666667	0.036	0.027333333333333334	0.028666666666666667	0.026	0.022	0.023333333333333334	0.013333333333333334	
5.142	4.988	4.755333333333334	4.784666666666666	4.496666666666667	4.489333333333334	4.338	4.225333333333333	4.224666666666667	4.061333333333334	3.804666666666667	3.814	3.6933333333333334	3.5833333333333335	3.5086666666666666	3.42	3.4406666666666665	3.1086666666666667	3.1413333333333333	3.01	2.9166666666666665	2.822	2.732	2.6406666666666667	2.6053333333333333	2.5	2.466666666666667	2.304666666666667	2.267333333333333	2.21	2.0933333333333333	1.988	1.9513333333333334	1.8346666666666667	1.8	1.7093333333333334	1.648	1.6066666666666667	1.5146666666666666	1.4613333333333334	1.374	1.3853333333333333	1.2873333333333334	1.2546666666666666	1.1633333333333333	1.1193333333333333	1.0466666666666666	0.9826666666666667	0.946	0.8866666666666667	0.8426666666666667	0.808	0.7086666666666667	0.748	0.6806666666666666	0.6233333333333333	0.5633333333333334	0.5273333333333333	0.53	0.484	0.44733333333333336	0.39266666666666666	0.37866666666666665	0.36333333333333334	0.36533333333333334	0.3233333333333333	0.2793333333333333	0.27466666666666667	0.254	0.22266666666666668	0.22466666666666665	0.212	0.208	0.18333333333333332	0.16666666666666666	0.17866666666666667	0.14933333333333335	0.12266666666666666	0.11066666666666666	0.10333333333333333	0.10533333333333333	0.08933333333333333	0.09733333333333333	0.08666666666666667	0.066	0.06333333333333334	0.048	0.05466666666666667	0.04466666666666667	0.044	0.04	0.03333333333333333	0.038	0.03266666666666666	0.025333333333333333	0.030666666666666665	0.020666666666666667	0.02	0.014666666666666666	
5.067333333333333	5.062	4.783333333333333	4.678	4.534	4.524	4.288	4.301333333333333	4.104666666666667	4.024	3.8993333333333333	3.786	3.780666666666667	3.5946666666666665	3.546	3.372	3.3306666666666667	3.2013333333333334	3.0593333333333335	2.8926666666666665	2.894	2.8093333333333335	2.755333333333333	2.6486666666666667	2.5693333333333332	2.482666666666667	2.3593333333333333	2.3393333333333333	2.231333333333333	2.239333333333333	2.074666666666667	2.054	1.882	1.834	1.768	1.7586666666666666	1.61	1.6306666666666667	1.5853333333333333	1.4493333333333334	1.3646666666666667	1.3386666666666667	1.2186666666666666	1.198	1.1353333333333333	1.0993333333333333	1.08	0.9813333333333333	0.9446666666666667	0.9233333333333333	0.8086666666666666	0.8113333333333334	0.764	0.686	0.6473333333333333	0.606	0.586	0.5246666666666666	0.5046666666666667	0.4553333333333333	0.41733333333333333	0.43666666666666665	0.42933333333333334	0.33866666666666667	0.32666666666666666	0.3446666666666667	0.308	0.27	0.262	0.25533333333333336	0.20666666666666667	0.22	0.19733333333333333	0.15933333333333333	0.16	0.162	0.154	0.11066666666666666	0.11866666666666667	0.11333333333333333	0.10333333333333333	0.094	0.08066666666666666	0.07	0.08066666666666666	0.05733333333333333	0.07333333333333333	0.05733333333333333	0.05	0.04133333333333333	0.050666666666666665	0.03333333333333333	0.03866666666666667	0.029333333333333333	0.024666666666666667	0.025333333333333333	0.019333333333333334	0.020666666666666667	0.018666666666666668	
4.982666666666667	4.992	4.8453333333333335	4.629333333333333	4.442666666666667	4.391333333333334	4.298666666666667	4.200666666666667	4.162	4.028666666666667	3.8493333333333335	3.6853333333333333	3.6733333333333333	3.474	3.505333333333333	3.248	3.284	3.176	3.09	2.956	2.929333333333333	2.7733333333333334	2.7	2.6326666666666667	2.588	2.452	2.43	2.394	2.2653333333333334	2.1346666666666665	2.013333333333333	2.024	1.966	1.9	1.8193333333333332	1.7366666666666666	1.644	1.614	1.546	1.4873333333333334	1.3306666666666667	1.3126666666666666	1.28	1.2213333333333334	1.21	1.11	1.006	1.0453333333333332	0.9186666666666666	0.8893333333333333	0.796	0.76	0.752	0.6606666666666666	0.68	0.6093333333333333	0.5806666666666667	0.5466666666666666	0.49	0.462	0.4806666666666667	0.4146666666666667	0.37133333333333335	0.36933333333333335	0.334	0.29133333333333333	0.29333333333333333	0.29	0.24466666666666667	0.228	0.21066666666666667	0.194	0.21666666666666667	0.19533333333333333	0.158	0.146	0.14666666666666667	0.12466666666666666	0.11666666666666667	0.10933333333333334	0.09466666666666666	0.09133333333333334	0.08066666666666666	0.09133333333333334	0.074	0.05533333333333333	0.07866666666666666	0.06333333333333334	0.048666666666666664	0.048	0.043333333333333335	0.042666666666666665	0.024	0.028	0.022	0.027333333333333334	0.021333333333333333	0.021333333333333333	0.016666666666666666	
5.010666666666666	5.004666666666667	4.723333333333334	4.774666666666667	4.429333333333333	4.4366666666666665	4.298	4.058666666666666	4.154	3.990666666666667	3.7266666666666666	3.767333333333333	3.6053333333333333	3.532	3.334	3.298	3.243333333333333	3.034666666666667	3.0473333333333334	2.9486666666666665	2.8826666666666667	2.8146666666666667	2.694	2.536	2.5493333333333332	2.4513333333333334	2.384	2.342	2.2453333333333334	2.148	2.05	1.9953333333333334	1.9346666666666668	1.8946666666666667	1.7353333333333334	1.664	1.6406666666666667	1.5233333333333334	1.516	1.4706666666666666	1.3406666666666667	1.3486666666666667	1.2506666666666666	1.2246666666666666	1.1006666666666667	1.12	1.0313333333333334	1.0266666666666666	0.9346666666666666	0.9086666666666666	0.8633333333333333	0.7726666666666666	0.7106666666666667	0.6746666666666666	0.6453333333333333	0.6093333333333333	0.5573333333333333	0.53	0.5166666666666667	0.4706666666666667	0.458	0.436	0.3873333333333333	0.33266666666666667	0.342	0.306	0.30333333333333334	0.264	0.26666666666666666	0.23866666666666667	0.19266666666666668	0.19533333333333333	0.18666666666666668	0.168	0.16	0.15866666666666668	0.13733333333333334	0.13533333333333333	0.12	0.106	0.09133333333333334	0.08533333333333333	0.102	0.07666666666666666	0.07	0.074	0.06266666666666666	0.05	0.052	0.048	0.036	0.035333333333333335	0.03	0.03333333333333333	0.024	0.029333333333333333	0.02	0.018	0.012	
5.016666666666667	5.006	4.676	4.5793333333333335	4.483333333333333	4.424666666666667	4.282	4.193333333333333	4.036	3.917333333333333	3.792	3.7213333333333334	3.644	3.4473333333333334	3.438	3.2613333333333334	3.286	3.0766666666666667	2.9846666666666666	2.9226666666666667	2.762	2.762	2.7333333333333334	2.568	2.528	2.4506666666666668	2.4046666666666665	2.2346666666666666	2.186	2.1413333333333333	2.0613333333333332	2.0606666666666666	1.95	1.8453333333333333	1.6726666666666667	1.7013333333333334	1.6186666666666667	1.558	1.4166666666666667	1.448	1.3613333333333333	1.2966666666666666	1.28	1.198	1.2066666666666668	1.0793333333333333	1.004	1.0186666666666666	0.9513333333333334	0.8573333333333333	0.792	0.7833333333333333	0.6653333333333333	0.6613333333333333	0.6066666666666667	0.5826666666666667	0.564	0.5266666666666666	0.47933333333333333	0.42733333333333334	0.4206666666666667	0.382	0.38	0.34	0.318	0.288	0.2926666666666667	0.26066666666666666	0.246	0.24133333333333334	0.19	0.18533333333333332	0.198	0.16333333333333333	0.17133333333333334	0.15733333333333333	0.16133333333333333	0.12	0.10866666666666666	0.112	0.10466666666666667	0.102	0.07266666666666667	0.08533333333333333	0.06466666666666666	0.058	0.062	0.054	0.05	0.04533333333333334	0.032	0.034666666666666665	0.03666666666666667	0.03333333333333333	0.024	0.015333333333333332	0.018	0.017333333333333333	0.018666666666666668	
4.968666666666667	4.831333333333333	4.815333333333333	4.6113333333333335	4.491333333333333	4.4126666666666665	4.166666666666667	4.168	4.012	3.862	3.775333333333333	3.6926666666666668	3.656	3.5126666666666666	3.42	3.203333333333333	3.203333333333333	3.1446666666666667	2.9846666666666666	2.848	2.8626666666666667	2.696	2.6533333333333333	2.534666666666667	2.51	2.432	2.3553333333333333	2.2373333333333334	2.208666666666667	2.0886666666666667	2.0326666666666666	2.024	1.898	1.8433333333333333	1.7066666666666668	1.686	1.6293333333333333	1.5626666666666666	1.4333333333333333	1.474	1.34	1.3213333333333332	1.2253333333333334	1.2266666666666666	1.0693333333333332	1.0466666666666666	1.058	0.97	0.9213333333333333	0.8806666666666667	0.8293333333333334	0.7226666666666667	0.6966666666666667	0.7066666666666667	0.6293333333333333	0.5953333333333334	0.5473333333333333	0.5593333333333333	0.4866666666666667	0.4573333333333333	0.418	0.4073333333333333	0.40066666666666667	0.346	0.332	0.2986666666666667	0.28933333333333333	0.28933333333333333	0.254	0.23333333333333334	0.218	0.20933333333333334	0.17266666666666666	0.178	0.174	0.14	0.126	0.11333333333333333	0.12933333333333333	0.124	0.1	0.102	0.09066666666666667	0.07133333333333333	0.07333333333333333	0.07533333333333334	0.051333333333333335	0.05266666666666667	0.05533333333333333	0.04466666666666667	0.03333333333333333	0.032	0.034	0.03333333333333333	0.024	0.020666666666666667	0.021333333333333333	0.018	0.012666666666666666	
4.925333333333334	4.86	4.73	4.645333333333333	4.272	4.4286666666666665	4.2	4.185333333333333	4.033333333333333	3.8306666666666667	3.743333333333333	3.6	3.48	3.3433333333333333	3.4066666666666667	3.24	3.215333333333333	2.9966666666666666	3.0046666666666666	2.91	2.8753333333333333	2.6226666666666665	2.6813333333333333	2.490666666666667	2.5073333333333334	2.3713333333333333	2.364	2.2693333333333334	2.1033333333333335	2.038666666666667	2.016	2.022	1.836	1.8426666666666667	1.74	1.7093333333333334	1.5853333333333333	1.5126666666666666	1.4826666666666666	1.4153333333333333	1.3806666666666667	1.3026666666666666	1.22	1.216	1.134	1.084	0.9813333333333333	0.9873333333333333	0.924	0.8693333333333333	0.8026666666666666	0.732	0.7006666666666667	0.6706666666666666	0.6146666666666667	0.556	0.5746666666666667	0.566	0.4866666666666667	0.45866666666666667	0.4206666666666667	0.37733333333333335	0.3473333333333333	0.3353333333333333	0.306	0.28733333333333333	0.29933333333333334	0.23466666666666666	0.24266666666666667	0.24333333333333335	0.23066666666666666	0.18133333333333335	0.16933333333333334	0.17266666666666666	0.19333333333333333	0.152	0.13	0.12866666666666668	0.112	0.104	0.10333333333333333	0.09	0.07733333333333334	0.07533333333333334	0.058	0.06533333333333333	0.05266666666666667	0.04933333333333333	0.052	0.044	0.04066666666666666	0.04066666666666666	0.025333333333333333	0.020666666666666667	0.027333333333333334	0.020666666666666667	0.017333333333333333	0.017333333333333333	0.012666666666666666	
4.902	4.884	4.6146666666666665	4.519333333333333	4.364	4.292	4.116	4.088666666666667	3.8673333333333333	3.9353333333333333	3.7133333333333334	3.696	3.5326666666666666	3.3573333333333335	3.338	3.266	3.1193333333333335	3.03	2.942	2.9346666666666668	2.8133333333333335	2.7706666666666666	2.662	2.45	2.438	2.334	2.374	2.247333333333333	2.1446666666666667	2.0	2.04	1.96	1.8186666666666667	1.85	1.676	1.714	1.5666666666666667	1.5686666666666667	1.4806666666666666	1.4526666666666668	1.326	1.3486666666666667	1.156	1.226	1.114	1.0966666666666667	1.0006666666666666	0.9213333333333333	0.924	0.8433333333333334	0.808	0.7613333333333333	0.734	0.652	0.6313333333333333	0.6046666666666667	0.5306666666666666	0.5246666666666666	0.48533333333333334	0.4513333333333333	0.43133333333333335	0.37133333333333335	0.374	0.3433333333333333	0.3253333333333333	0.28733333333333333	0.2853333333333333	0.2773333333333333	0.25866666666666666	0.22066666666666668	0.20866666666666667	0.19066666666666668	0.19	0.17533333333333334	0.152	0.148	0.14	0.11	0.1	0.11266666666666666	0.08	0.096	0.08333333333333333	0.07666666666666666	0.07533333333333334	0.06733333333333333	0.05	0.046	0.035333333333333335	0.050666666666666665	0.03866666666666667	0.036	0.029333333333333333	0.024666666666666667	0.025333333333333333	0.022	0.018	0.01	0.012	
4.846	4.795333333333334	4.575333333333333	4.450666666666667	4.283333333333333	4.276666666666666	4.108666666666666	4.052	3.8486666666666665	3.8073333333333332	3.7146666666666666	3.667333333333333	3.552	3.296666666666667	3.358	3.1373333333333333	3.1893333333333334	3.026666666666667	3.013333333333333	2.902	2.798	2.64	2.6933333333333334	2.5126666666666666	2.4246666666666665	2.3866666666666667	2.278	2.24	2.1393333333333335	2.0753333333333335	1.946	1.9306666666666668	1.8926666666666667	1.792	1.7113333333333334	1.6853333333333333	1.5953333333333333	1.4826666666666666	1.4313333333333333	1.476	1.3706666666666667	1.2946666666666666	1.2413333333333334	1.172	1.0853333333333333	1.034	1.0273333333333334	0.9413333333333334	0.8733333333333333	0.856	0.7886666666666666	0.7133333333333334	0.7413333333333333	0.6626666666666666	0.596	0.556	0.5433333333333333	0.5213333333333333	0.42733333333333334	0.434	0.41533333333333333	0.3626666666666667	0.37933333333333336	0.36666666666666664	0.29733333333333334	0.30733333333333335	0.31333333333333335	0.2633333333333333	0.24	0.208	0.20066666666666666	0.21333333333333335	0.184	0.16933333333333334	0.16066666666666668	0.15066666666666667	0.142	0.122	0.11866666666666667	0.11933333333333333	0.11133333333333334	0.09266666666666666	0.10133333333333333	0.07	0.07	0.068	0.06	0.04666666666666667	0.050666666666666665	0.042	0.04666666666666667	0.03266666666666666	0.032	0.024	0.028	0.020666666666666667	0.020666666666666667	0.014	0.016	
4.785333333333333	4.6786666666666665	4.57	4.504	4.3053333333333335	4.222	4.062	3.9606666666666666	3.93	3.771333333333333	3.679333333333333	3.506	3.428	3.4446666666666665	3.312666666666667	3.1786666666666665	3.1173333333333333	3.016	3.046666666666667	2.804	2.748666666666667	2.674	2.542666666666667	2.5813333333333333	2.42	2.3193333333333332	2.226	2.1473333333333335	2.08	2.0313333333333334	1.958	1.8933333333333333	1.8393333333333333	1.724	1.6813333333333333	1.6053333333333333	1.5793333333333333	1.554	1.436	1.4166666666666667	1.32	1.2953333333333332	1.1526666666666667	1.178	1.0726666666666667	1.0233333333333334	0.974	0.9293333333333333	0.8906666666666667	0.8813333333333333	0.8026666666666666	0.7906666666666666	0.7033333333333334	0.632	0.6353333333333333	0.56	0.5446666666666666	0.5226666666666666	0.47	0.4573333333333333	0.43	0.3973333333333333	0.3413333333333333	0.32266666666666666	0.336	0.32	0.2806666666666667	0.24466666666666667	0.25933333333333336	0.23066666666666666	0.19533333333333333	0.174	0.20133333333333334	0.15533333333333332	0.164	0.15266666666666667	0.156	0.13266666666666665	0.10066666666666667	0.10733333333333334	0.09733333333333333	0.07666666666666666	0.082	0.08133333333333333	0.06933333333333333	0.07666666666666666	0.06266666666666666	0.054	0.038	0.03933333333333333	0.032	0.042	0.026	0.022	0.028666666666666667	0.02	0.018666666666666668	0.018	0.014666666666666666	
4.768666666666666	4.683333333333334	4.418	4.486	4.283333333333333	4.178	3.972	4.0	3.9546666666666668	3.6446666666666667	3.68	3.518	3.446	3.3406666666666665	3.3633333333333333	3.1113333333333335	3.1006666666666667	2.9513333333333334	2.8853333333333335	2.792666666666667	2.7626666666666666	2.6406666666666667	2.5846666666666667	2.5326666666666666	2.3913333333333333	2.312666666666667	2.222	2.164	2.062666666666667	2.0206666666666666	1.9966666666666666	1.924	1.878	1.706	1.6453333333333333	1.632	1.578	1.4413333333333334	1.33	1.3453333333333333	1.2786666666666666	1.322	1.17	1.136	1.1126666666666667	1.0266666666666666	0.9606666666666667	0.9533333333333334	0.8606666666666667	0.782	0.7813333333333333	0.7533333333333333	0.6886666666666666	0.6686666666666666	0.6446666666666667	0.5673333333333334	0.5326666666666666	0.5073333333333333	0.4573333333333333	0.458	0.41133333333333333	0.358	0.33866666666666667	0.3406666666666667	0.332	0.302	0.28	0.284	0.23066666666666666	0.22533333333333333	0.20933333333333334	0.18266666666666667	0.178	0.156	0.15133333333333332	0.14666666666666667	0.12533333333333332	0.116	0.11866666666666667	0.10466666666666667	0.10866666666666666	0.084	0.09133333333333334	0.06	0.064	0.05	0.054	0.058666666666666666	0.05333333333333334	0.048	0.036	0.030666666666666665	0.03666666666666667	0.027333333333333334	0.030666666666666665	0.016666666666666666	0.021333333333333333	0.016666666666666666	0.018	
4.724666666666667	4.691333333333334	4.508	4.398	4.269333333333333	4.098	4.027333333333333	3.9006666666666665	3.8473333333333333	3.740666666666667	3.664	3.5313333333333334	3.332	3.3506666666666667	3.2413333333333334	3.19	3.04	2.990666666666667	2.926	2.820666666666667	2.7186666666666666	2.582	2.541333333333333	2.3993333333333333	2.4186666666666667	2.228666666666667	2.272	2.198	1.984	2.018	1.9826666666666666	1.806	1.7686666666666666	1.7213333333333334	1.6613333333333333	1.6266666666666667	1.544	1.4653333333333334	1.4526666666666668	1.3946666666666667	1.294	1.2793333333333334	1.1833333333333333	1.1706666666666667	1.052	1.052	0.9533333333333334	0.962	0.8673333333333333	0.8433333333333334	0.7673333333333333	0.7393333333333333	0.7013333333333334	0.652	0.6006666666666667	0.62	0.5353333333333333	0.5146666666666667	0.464	0.428	0.40066666666666667	0.394	0.38133333333333336	0.3446666666666667	0.30866666666666664	0.2926666666666667	0.26466666666666666	0.24866666666666667	0.22666666666666666	0.20733333333333334	0.20666666666666667	0.19266666666666668	0.184	0.16666666666666666	0.15733333333333333	0.13533333333333333	0.13333333333333333	0.136	0.10266666666666667	0.11733333333333333	0.09933333333333333	0.08066666666666666	0.072	0.07	0.08	0.06333333333333334	0.048666666666666664	0.04666666666666667	0.04533333333333334	0.03866666666666667	0.035333333333333335	0.038	0.026	0.028	0.020666666666666667	0.022	0.006666666666666667	0.014666666666666666	0.02	
4.780666666666667	4.536666666666667	4.482	4.397333333333333	4.316666666666666	4.1306666666666665	3.9313333333333333	3.916	3.8186666666666667	3.604	3.5	3.49	3.552	3.3386666666666667	3.19	3.030666666666667	3.0806666666666667	2.9026666666666667	2.820666666666667	2.783333333333333	2.706	2.6273333333333335	2.5713333333333335	2.434	2.368	2.2653333333333334	2.3113333333333332	2.1253333333333333	2.082666666666667	1.9593333333333334	1.968	1.8486666666666667	1.738	1.7326666666666666	1.6506666666666667	1.6313333333333333	1.518	1.5033333333333334	1.3846666666666667	1.352	1.2833333333333334	1.246	1.1646666666666667	1.108	1.074	0.98	1.0053333333333334	0.9853333333333333	0.8866666666666667	0.8393333333333334	0.792	0.746	0.6526666666666666	0.6413333333333333	0.5873333333333334	0.5746666666666667	0.54	0.49333333333333335	0.43866666666666665	0.44333333333333336	0.4053333333333333	0.36466666666666664	0.38466666666666666	0.338	0.324	0.2673333333333333	0.2966666666666667	0.25666666666666665	0.252	0.216	0.20266666666666666	0.19066666666666668	0.17866666666666667	0.16533333333333333	0.16333333333333333	0.158	0.13333333333333333	0.11866666666666667	0.10666666666666667	0.10133333333333333	0.08933333333333333	0.09733333333333333	0.07866666666666666	0.086	0.07066666666666667	0.068	0.058666666666666666	0.05	0.04533333333333334	0.04066666666666666	0.04	0.028666666666666667	0.02666666666666667	0.028	0.016666666666666666	0.022	0.02266666666666667	0.017333333333333333	0.012	
4.650666666666667	4.567333333333333	4.4	4.274	4.140666666666666	4.004666666666667	4.052666666666667	3.952	3.758	3.6406666666666667	3.5873333333333335	3.402	3.4026666666666667	3.208666666666667	3.0686666666666667	3.042	3.07	2.8553333333333333	2.8546666666666667	2.740666666666667	2.671333333333333	2.498666666666667	2.566	2.364	2.3893333333333335	2.32	2.258	2.1386666666666665	2.034666666666667	2.0326666666666666	1.8353333333333333	1.8426666666666667	1.752	1.684	1.6406666666666667	1.6053333333333333	1.518	1.516	1.3513333333333333	1.332	1.2733333333333334	1.294	1.0986666666666667	1.1193333333333333	1.0853333333333333	1.0206666666666666	0.9306666666666666	0.9146666666666666	0.8106666666666666	0.7946666666666666	0.7573333333333333	0.7346666666666667	0.666	0.6146666666666667	0.6293333333333333	0.5433333333333333	0.482	0.5086666666666667	0.44466666666666665	0.45666666666666667	0.398	0.3873333333333333	0.33866666666666667	0.31733333333333336	0.308	0.2833333333333333	0.2693333333333333	0.26	0.238	0.21333333333333335	0.216	0.194	0.17866666666666667	0.16866666666666666	0.14466666666666667	0.13333333333333333	0.13133333333333333	0.106	0.11266666666666666	0.10866666666666666	0.112	0.07933333333333334	0.07133333333333333	0.076	0.072	0.058666666666666666	0.06266666666666666	0.058666666666666666	0.04666666666666667	0.034	0.034	0.03266666666666666	0.03266666666666666	0.034666666666666665	0.03	0.022	0.02	0.009333333333333334	0.014666666666666666	
4.696	4.574	4.496	4.3726666666666665	4.166	4.052666666666667	3.904	3.754	3.767333333333333	3.5866666666666664	3.718	3.4713333333333334	3.444	3.218	3.183333333333333	2.986	3.0406666666666666	2.8406666666666665	2.928	2.7373333333333334	2.638	2.558	2.504	2.3893333333333335	2.3226666666666667	2.266	2.1453333333333333	2.038	2.1246666666666667	1.9406666666666668	1.8753333333333333	1.8333333333333333	1.7833333333333334	1.7106666666666666	1.6366666666666667	1.564	1.5113333333333334	1.4726666666666666	1.474	1.3153333333333332	1.2446666666666666	1.2446666666666666	1.1593333333333333	1.1393333333333333	1.042	0.9853333333333333	0.8973333333333333	0.8966666666666666	0.8286666666666667	0.82	0.7546666666666667	0.7386666666666667	0.6353333333333333	0.6486666666666666	0.586	0.5466666666666666	0.5326666666666666	0.49066666666666664	0.4726666666666667	0.42	0.402	0.3626666666666667	0.32666666666666666	0.32066666666666666	0.32666666666666666	0.30733333333333335	0.25066666666666665	0.26	0.22333333333333333	0.216	0.18533333333333332	0.19466666666666665	0.17866666666666667	0.16533333333333333	0.15933333333333333	0.13866666666666666	0.13	0.108	0.10866666666666666	0.09866666666666667	0.08733333333333333	0.098	0.096	0.06666666666666667	0.06266666666666666	0.058666666666666666	0.05333333333333334	0.042666666666666665	0.046	0.04466666666666667	0.035333333333333335	0.03333333333333333	0.029333333333333333	0.03266666666666666	0.02666666666666667	0.018	0.017333333333333333	0.016	0.007333333333333333	
4.699333333333334	4.482666666666667	4.294666666666667	4.252	4.230666666666667	4.017333333333333	3.8866666666666667	3.8613333333333335	3.642	3.6453333333333333	3.6086666666666667	3.3766666666666665	3.3133333333333335	3.1053333333333333	3.175333333333333	3.0286666666666666	3.050666666666667	2.9053333333333335	2.8646666666666665	2.654	2.6173333333333333	2.474	2.5453333333333332	2.3846666666666665	2.318	2.179333333333333	2.1646666666666667	2.026	2.034666666666667	1.9813333333333334	1.8833333333333333	1.7986666666666666	1.772	1.7006666666666668	1.57	1.5013333333333334	1.5233333333333334	1.4206666666666667	1.3773333333333333	1.3273333333333333	1.2506666666666666	1.2186666666666666	1.1666666666666667	1.1293333333333333	1.0346666666666666	0.982	0.9553333333333334	0.89	0.8346666666666667	0.8226666666666667	0.748	0.7186666666666667	0.674	0.614	0.576	0.56	0.506	0.4713333333333333	0.42933333333333334	0.42933333333333334	0.3873333333333333	0.37733333333333335	0.3313333333333333	0.3466666666666667	0.30466666666666664	0.29733333333333334	0.28	0.25933333333333336	0.22933333333333333	0.23133333333333334	0.18266666666666667	0.17066666666666666	0.16666666666666666	0.178	0.14	0.142	0.122	0.12066666666666667	0.10133333333333333	0.10066666666666667	0.08866666666666667	0.09533333333333334	0.08	0.07	0.06266666666666666	0.05333333333333334	0.05	0.05	0.04533333333333334	0.04066666666666666	0.03266666666666666	0.032	0.034666666666666665	0.022	0.023333333333333334	0.025333333333333333	0.012666666666666666	0.014666666666666666	0.014666666666666666	
4.596	4.542666666666666	4.299333333333333	4.282	4.0	4.044666666666667	3.9013333333333335	3.6926666666666668	3.6926666666666668	3.5086666666666666	3.5493333333333332	3.3333333333333335	3.3193333333333332	3.2093333333333334	3.1013333333333333	3.054	3.046666666666667	2.884	2.834	2.6593333333333335	2.6153333333333335	2.5286666666666666	2.4593333333333334	2.3213333333333335	2.3486666666666665	2.23	2.2173333333333334	2.004	1.988	1.958	1.896	1.7653333333333334	1.758	1.6753333333333333	1.5433333333333332	1.6113333333333333	1.412	1.3946666666666667	1.362	1.3233333333333333	1.2053333333333334	1.2653333333333334	1.114	1.094	1.0313333333333334	0.9886666666666667	0.936	0.912	0.8	0.788	0.7473333333333333	0.7173333333333334	0.622	0.628	0.5646666666666667	0.5686666666666667	0.5226666666666666	0.4866666666666667	0.4726666666666667	0.4033333333333333	0.37933333333333336	0.35133333333333333	0.3313333333333333	0.33466666666666667	0.314	0.26866666666666666	0.2826666666666667	0.25066666666666665	0.23533333333333334	0.222	0.19	0.18266666666666667	0.176	0.15466666666666667	0.156	0.144	0.126	0.13066666666666665	0.11066666666666666	0.108	0.09133333333333334	0.07066666666666667	0.088	0.07	0.05466666666666667	0.06333333333333334	0.05466666666666667	0.056	0.04066666666666666	0.042	0.038	0.034	0.034666666666666665	0.022	0.023333333333333334	0.024666666666666667	0.01	0.012666666666666666	0.013333333333333334	
4.488	4.480666666666667	4.296	4.23	3.982666666666667	3.954	3.820666666666667	3.7213333333333334	3.7933333333333334	3.469333333333333	3.534	3.262	3.2506666666666666	3.174	3.0986666666666665	2.9793333333333334	2.949333333333333	2.858	2.82	2.712	2.562666666666667	2.453333333333333	2.4886666666666666	2.3173333333333335	2.3566666666666665	2.211333333333333	2.1466666666666665	2.058	2.0533333333333332	1.8913333333333333	1.888	1.7766666666666666	1.7493333333333334	1.6833333333333333	1.5506666666666666	1.5913333333333333	1.4686666666666666	1.452	1.3533333333333333	1.2446666666666666	1.2233333333333334	1.248	1.134	1.08	0.9873333333333333	1.002	0.8733333333333333	0.8766666666666667	0.842	0.7866666666666666	0.7306666666666667	0.7	0.656	0.626	0.5606666666666666	0.514	0.5286666666666666	0.48933333333333334	0.458	0.414	0.392	0.36666666666666664	0.3453333333333333	0.31933333333333336	0.32866666666666666	0.27	0.268	0.22666666666666666	0.24	0.19666666666666666	0.212	0.204	0.17	0.15266666666666667	0.156	0.14333333333333334	0.146	0.10533333333333333	0.11733333333333333	0.09933333333333333	0.11	0.09266666666666666	0.08	0.06466666666666666	0.07466666666666667	0.07066666666666667	0.04733333333333333	0.059333333333333335	0.04466666666666667	0.034	0.034	0.030666666666666665	0.027333333333333334	0.014666666666666666	0.019333333333333334	0.018	0.02	0.013333333333333334	0.014	
4.5633333333333335	4.484666666666667	4.294666666666667	4.073333333333333	4.053333333333334	3.981333333333333	3.858	3.7546666666666666	3.66	3.5286666666666666	3.3533333333333335	3.2613333333333334	3.264666666666667	3.1366666666666667	3.1586666666666665	2.9226666666666667	2.9513333333333334	2.759333333333333	2.764	2.6393333333333335	2.562666666666667	2.484	2.4013333333333335	2.352	2.3093333333333335	2.19	2.218	2.014	1.9933333333333334	1.8793333333333333	1.8193333333333332	1.824	1.7286666666666666	1.7093333333333334	1.504	1.47	1.4586666666666666	1.4593333333333334	1.3506666666666667	1.352	1.2433333333333334	1.196	1.0906666666666667	1.116	0.994	0.9966666666666667	0.9086666666666666	0.9226666666666666	0.828	0.864	0.6933333333333334	0.7673333333333333	0.6546666666666666	0.6066666666666667	0.5506666666666666	0.5466666666666666	0.5046666666666667	0.48	0.45666666666666667	0.42533333333333334	0.4026666666666667	0.36466666666666664	0.35933333333333334	0.31133333333333335	0.29533333333333334	0.2813333333333333	0.27	0.23666666666666666	0.208	0.204	0.19333333333333333	0.18533333333333332	0.17333333333333334	0.15466666666666667	0.13933333333333334	0.126	0.12133333333333333	0.10866666666666666	0.10666666666666667	0.09333333333333334	0.09066666666666667	0.06933333333333333	0.078	0.072	0.05533333333333333	0.06333333333333334	0.043333333333333335	0.042	0.044	0.051333333333333335	0.04066666666666666	0.027333333333333334	0.034	0.024	0.02	0.017333333333333333	0.020666666666666667	0.016	0.015333333333333332	
4.525333333333333	4.475333333333333	4.288	4.144	4.021333333333334	3.9313333333333333	3.771333333333333	3.628	3.6126666666666667	3.5086666666666666	3.3706666666666667	3.2733333333333334	3.228666666666667	3.0766666666666667	3.088	3.02	2.8553333333333333	2.796	2.7546666666666666	2.68	2.5713333333333335	2.501333333333333	2.472	2.236	2.278	2.1233333333333335	2.0926666666666667	2.044	2.002666666666667	1.8546666666666667	1.864	1.7773333333333334	1.7453333333333334	1.6546666666666667	1.58	1.544	1.4606666666666666	1.3906666666666667	1.3266666666666667	1.3026666666666666	1.1773333333333333	1.1933333333333334	1.102	1.0866666666666667	1.012	0.982	0.934	0.8953333333333333	0.8186666666666667	0.8126666666666666	0.7193333333333334	0.7266666666666667	0.6093333333333333	0.616	0.534	0.5613333333333334	0.472	0.458	0.422	0.414	0.4093333333333333	0.36666666666666664	0.336	0.3486666666666667	0.31266666666666665	0.2733333333333333	0.2813333333333333	0.24133333333333334	0.23	0.21133333333333335	0.19733333333333333	0.19533333333333333	0.15666666666666668	0.15666666666666668	0.14266666666666666	0.12533333333333332	0.116	0.12333333333333334	0.10933333333333334	0.09	0.08333333333333333	0.08666666666666667	0.06333333333333334	0.06333333333333334	0.06933333333333333	0.05466666666666667	0.05333333333333334	0.05533333333333333	0.05266666666666667	0.04	0.034666666666666665	0.03133333333333333	0.029333333333333333	0.02	0.016666666666666666	0.017333333333333333	0.018	0.018	0.01	
4.456	4.284	4.199333333333334	4.168	4.053333333333334	3.9446666666666665	3.7333333333333334	3.6893333333333334	3.6033333333333335	3.5286666666666666	3.3786666666666667	3.292	3.3173333333333335	3.116	3.058666666666667	2.8213333333333335	2.8946666666666667	2.8393333333333333	2.788666666666667	2.668	2.509333333333333	2.493333333333333	2.3786666666666667	2.267333333333333	2.2666666666666666	2.1966666666666668	2.048	2.022	2.0206666666666666	1.9166666666666667	1.8126666666666666	1.77	1.6593333333333333	1.6406666666666667	1.5273333333333334	1.5793333333333333	1.4386666666666668	1.396	1.286	1.3153333333333332	1.2333333333333334	1.1726666666666667	1.0953333333333333	1.0293333333333334	1.0193333333333334	0.9653333333333334	0.918	0.8973333333333333	0.7993333333333333	0.786	0.7446666666666667	0.6646666666666666	0.652	0.5926666666666667	0.5666666666666667	0.542	0.502	0.4666666666666667	0.43933333333333335	0.416	0.41933333333333334	0.362	0.342	0.31666666666666665	0.328	0.2653333333333333	0.2613333333333333	0.23133333333333334	0.22733333333333333	0.19333333333333333	0.194	0.18333333333333332	0.16533333333333333	0.13266666666666665	0.13066666666666665	0.13666666666666666	0.11933333333333333	0.12333333333333334	0.10466666666666667	0.08333333333333333	0.094	0.07933333333333334	0.09533333333333334	0.07466666666666667	0.06333333333333334	0.062	0.052	0.050666666666666665	0.048	0.04	0.037333333333333336	0.03266666666666666	0.025333333333333333	0.028666666666666667	0.024666666666666667	0.015333333333333332	0.016666666666666666	0.014666666666666666	0.016666666666666666	
4.460666666666667	4.461333333333333	4.134666666666667	4.0713333333333335	3.9246666666666665	3.9153333333333333	3.735333333333333	3.687333333333333	3.52	3.461333333333333	3.3593333333333333	3.243333333333333	3.272	3.0246666666666666	3.0773333333333333	2.9113333333333333	2.9086666666666665	2.760666666666667	2.6293333333333333	2.5933333333333333	2.5966666666666667	2.3933333333333335	2.356	2.252666666666667	2.252666666666667	2.1766666666666667	2.0326666666666666	2.1013333333333333	1.942	1.8466666666666667	1.8713333333333333	1.766	1.6706666666666667	1.646	1.522	1.4993333333333334	1.4673333333333334	1.38	1.2993333333333332	1.316	1.1706666666666667	1.1373333333333333	1.0473333333333332	1.1086666666666667	1.0006666666666666	1.0386666666666666	0.8573333333333333	0.822	0.8353333333333334	0.7726666666666666	0.7293333333333333	0.7273333333333334	0.6186666666666667	0.5673333333333334	0.5853333333333334	0.5353333333333333	0.49	0.4746666666666667	0.444	0.38533333333333336	0.4206666666666667	0.31733333333333336	0.3353333333333333	0.30866666666666664	0.278	0.264	0.25666666666666665	0.23266666666666666	0.20666666666666667	0.198	0.20666666666666667	0.17466666666666666	0.17333333333333334	0.14533333333333334	0.134	0.132	0.12066666666666667	0.11866666666666667	0.10866666666666666	0.10266666666666667	0.1	0.08733333333333333	0.072	0.068	0.06866666666666667	0.05733333333333333	0.052	0.05266666666666667	0.04133333333333333	0.036	0.034666666666666665	0.03133333333333333	0.02666666666666667	0.024666666666666667	0.02	0.016	0.016666666666666666	0.020666666666666667	0.018	
4.4126666666666665	4.281333333333333	4.23	4.094	3.956	3.874	3.702	3.668	3.4473333333333334	3.502	3.4406666666666665	3.3573333333333335	3.1413333333333333	2.9606666666666666	3.0806666666666667	2.8833333333333333	2.916	2.78	2.6933333333333334	2.570666666666667	2.566666666666667	2.449333333333333	2.3833333333333333	2.3093333333333335	2.235333333333333	2.1406666666666667	2.0646666666666667	1.9926666666666666	1.8993333333333333	1.888	1.7813333333333334	1.794	1.6453333333333333	1.678	1.4573333333333334	1.534	1.4593333333333334	1.3426666666666667	1.3386666666666667	1.25	1.2246666666666666	1.16	1.102	1.06	0.966	0.964	0.8533333333333334	0.8186666666666667	0.764	0.7686666666666667	0.746	0.6566666666666666	0.6073333333333333	0.5606666666666666	0.5406666666666666	0.5426666666666666	0.5046666666666667	0.42733333333333334	0.436	0.38533333333333336	0.41133333333333333	0.3446666666666667	0.348	0.29133333333333333	0.2866666666666667	0.264	0.26666666666666666	0.256	0.22666666666666666	0.2	0.21333333333333335	0.17733333333333334	0.16733333333333333	0.172	0.13666666666666666	0.12933333333333333	0.118	0.13133333333333333	0.09	0.088	0.1	0.08533333333333333	0.08066666666666666	0.076	0.05333333333333334	0.058	0.04933333333333333	0.048666666666666664	0.04533333333333334	0.03933333333333333	0.04066666666666666	0.03133333333333333	0.03133333333333333	0.027333333333333334	0.023333333333333334	0.02266666666666667	0.016	0.016	0.013333333333333334	
4.448666666666667	4.191333333333334	4.134666666666667	4.076666666666667	3.969333333333333	3.8386666666666667	3.6193333333333335	3.5673333333333335	3.496	3.4093333333333335	3.3586666666666667	3.194	3.2013333333333334	3.0933333333333333	2.9993333333333334	2.8826666666666667	2.922	2.6746666666666665	2.6466666666666665	2.5126666666666666	2.4386666666666668	2.302	2.322	2.2373333333333334	2.195333333333333	2.0673333333333335	2.0853333333333333	1.928	1.966	1.856	1.706	1.7426666666666666	1.7093333333333334	1.6473333333333333	1.5526666666666666	1.524	1.432	1.386	1.3066666666666666	1.226	1.176	1.1653333333333333	1.084	1.0926666666666667	0.954	0.922	0.8806666666666667	0.854	0.822	0.8113333333333334	0.7386666666666667	0.648	0.67	0.5786666666666667	0.5626666666666666	0.5413333333333333	0.522	0.44333333333333336	0.444	0.426	0.366	0.37066666666666664	0.3453333333333333	0.2926666666666667	0.2853333333333333	0.264	0.25466666666666665	0.23333333333333334	0.23466666666666666	0.18333333333333332	0.174	0.18	0.15133333333333332	0.16466666666666666	0.12066666666666667	0.13666666666666666	0.12533333333333332	0.11	0.116	0.092	0.088	0.08733333333333333	0.06933333333333333	0.06933333333333333	0.058	0.04933333333333333	0.048666666666666664	0.04666666666666667	0.04733333333333333	0.044	0.037333333333333336	0.034	0.020666666666666667	0.02266666666666667	0.019333333333333334	0.015333333333333332	0.015333333333333332	0.010666666666666666	0.011333333333333334	
4.2973333333333334	4.286	4.045333333333334	4.074666666666666	3.8993333333333333	3.826	3.7173333333333334	3.618	3.541333333333333	3.3546666666666667	3.332	3.168	3.2173333333333334	3.118	2.9966666666666666	2.8173333333333335	2.862	2.6606666666666667	2.7133333333333334	2.528	2.513333333333333	2.4486666666666665	2.4406666666666665	2.268	2.1686666666666667	2.1093333333333333	2.022	2.02	1.9606666666666666	1.868	1.7973333333333332	1.756	1.6386666666666667	1.6146666666666667	1.5526666666666666	1.4806666666666666	1.3793333333333333	1.376	1.296	1.2873333333333334	1.2266666666666666	1.2373333333333334	1.0626666666666666	1.0506666666666666	0.99	0.912	0.8906666666666667	0.806	0.8086666666666666	0.786	0.7206666666666667	0.6866666666666666	0.6333333333333333	0.5326666666666666	0.5246666666666666	0.5426666666666666	0.46266666666666667	0.46	0.4106666666666667	0.39866666666666667	0.4246666666666667	0.37533333333333335	0.3546666666666667	0.30866666666666664	0.28933333333333333	0.2826666666666667	0.25866666666666666	0.22933333333333333	0.21066666666666667	0.19333333333333333	0.184	0.19266666666666668	0.182	0.152	0.13533333333333333	0.14266666666666666	0.13533333333333333	0.11133333333333334	0.12133333333333333	0.09	0.08933333333333333	0.06933333333333333	0.08	0.076	0.06866666666666667	0.054	0.05266666666666667	0.06	0.042666666666666665	0.03866666666666667	0.035333333333333335	0.027333333333333334	0.02266666666666667	0.029333333333333333	0.018666666666666668	0.023333333333333334	0.022	0.014666666666666666	0.014	
4.346	4.232666666666667	4.124	3.921333333333333	3.792666666666667	3.832666666666667	3.7226666666666666	3.5713333333333335	3.445333333333333	3.472	3.264	3.1846666666666668	3.1653333333333333	3.0566666666666666	2.988	2.8593333333333333	2.8526666666666665	2.6526666666666667	2.6286666666666667	2.5533333333333332	2.502	2.3413333333333335	2.3733333333333335	2.288	2.204	2.0033333333333334	2.050666666666667	2.0086666666666666	1.8546666666666667	1.85	1.7826666666666666	1.7666666666666666	1.6946666666666668	1.5793333333333333	1.552	1.4586666666666666	1.364	1.39	1.2593333333333334	1.2673333333333334	1.134	1.1813333333333333	1.138	1.07	0.9873333333333333	0.9486666666666667	0.8866666666666667	0.7906666666666666	0.7866666666666666	0.7746666666666666	0.7053333333333334	0.634	0.604	0.6206666666666667	0.5433333333333333	0.5193333333333333	0.482	0.4706666666666667	0.42133333333333334	0.404	0.38666666666666666	0.3473333333333333	0.3466666666666667	0.2926666666666667	0.2986666666666667	0.284	0.252	0.238	0.202	0.182	0.19	0.18333333333333332	0.15733333333333333	0.144	0.13	0.13	0.12666666666666668	0.10133333333333333	0.10533333333333333	0.098	0.09333333333333334	0.082	0.06533333333333333	0.059333333333333335	0.064	0.062	0.044	0.050666666666666665	0.05466666666666667	0.042666666666666665	0.032	0.03133333333333333	0.025333333333333333	0.017333333333333333	0.018	0.020666666666666667	0.018666666666666668	0.010666666666666666	0.011333333333333334	
4.3453333333333335	4.187333333333333	4.094666666666667	4.028666666666667	3.8153333333333332	3.886	3.6933333333333334	3.6406666666666667	3.416	3.4313333333333333	3.3453333333333335	3.168	3.208666666666667	3.0113333333333334	2.928	2.888	2.8486666666666665	2.626	2.6266666666666665	2.4406666666666665	2.514	2.28	2.2946666666666666	2.246	2.212666666666667	2.0606666666666666	2.1053333333333333	1.9606666666666666	1.9366666666666668	1.8233333333333333	1.8053333333333332	1.6926666666666668	1.6126666666666667	1.6193333333333333	1.536	1.5153333333333334	1.4526666666666668	1.3426666666666667	1.2546666666666666	1.2693333333333334	1.2026666666666668	1.17	1.0693333333333332	1.04	1.0033333333333334	0.976	0.8833333333333333	0.82	0.798	0.7733333333333333	0.732	0.676	0.6053333333333333	0.5606666666666666	0.5433333333333333	0.5086666666666667	0.49133333333333334	0.46266666666666667	0.4186666666666667	0.38066666666666665	0.36666666666666664	0.32466666666666666	0.3353333333333333	0.30733333333333335	0.2966666666666667	0.25933333333333336	0.24533333333333332	0.25	0.206	0.192	0.17	0.16466666666666666	0.168	0.14133333333333334	0.13	0.12866666666666668	0.12466666666666666	0.1	0.09266666666666666	0.10133333333333333	0.07933333333333334	0.07	0.068	0.06733333333333333	0.06933333333333333	0.05533333333333333	0.05533333333333333	0.05333333333333334	0.038	0.03	0.030666666666666665	0.034	0.028666666666666667	0.023333333333333334	0.024	0.017333333333333333	0.010666666666666666	0.008	0.010666666666666666	
4.325333333333333	4.235333333333333	3.970666666666667	4.016	3.8226666666666667	3.832	3.6706666666666665	3.564	3.47	3.288666666666667	3.358	3.0606666666666666	3.048	2.9793333333333334	2.984	2.8513333333333333	2.8133333333333335	2.6506666666666665	2.6526666666666667	2.572	2.478666666666667	2.4053333333333335	2.3593333333333333	2.187333333333333	2.15	2.068	2.032	1.9573333333333334	1.9053333333333333	1.8213333333333332	1.75	1.6966666666666668	1.586	1.6006666666666667	1.4986666666666666	1.4953333333333334	1.384	1.3726666666666667	1.2273333333333334	1.246	1.212	1.1173333333333333	1.0606666666666666	1.012	0.96	0.96	0.904	0.8466666666666667	0.7786666666666666	0.7573333333333333	0.7013333333333334	0.6366666666666667	0.638	0.5846666666666667	0.5673333333333334	0.5013333333333333	0.4713333333333333	0.458	0.4126666666666667	0.398	0.39066666666666666	0.356	0.31866666666666665	0.31333333333333335	0.276	0.25133333333333335	0.24666666666666667	0.22666666666666666	0.212	0.204	0.18933333333333333	0.168	0.15866666666666668	0.13533333333333333	0.14933333333333335	0.12533333333333332	0.11933333333333333	0.11466666666666667	0.098	0.09733333333333333	0.09466666666666666	0.07466666666666667	0.076	0.07666666666666666	0.056666666666666664	0.04466666666666667	0.048666666666666664	0.04466666666666667	0.042	0.042666666666666665	0.025333333333333333	0.04	0.027333333333333334	0.020666666666666667	0.022	0.021333333333333333	0.020666666666666667	0.014	0.015333333333333332	
4.3373333333333335	4.196666666666666	4.120666666666667	3.9713333333333334	3.8226666666666667	3.711333333333333	3.719333333333333	3.5973333333333333	3.424	3.3966666666666665	3.318	3.1406666666666667	3.12	2.9306666666666668	2.9366666666666665	2.808	2.8393333333333333	2.624	2.6046666666666667	2.5833333333333335	2.4326666666666665	2.354	2.3213333333333335	2.232666666666667	2.1493333333333333	2.0693333333333332	2.048	2.034666666666667	1.8826666666666667	1.77	1.774	1.67	1.5406666666666666	1.5353333333333334	1.4806666666666666	1.4686666666666666	1.3513333333333333	1.4	1.2913333333333334	1.2326666666666666	1.2373333333333334	1.1946666666666668	1.04	1.0386666666666666	0.9393333333333334	0.9186666666666666	0.8866666666666667	0.8366666666666667	0.7973333333333333	0.768	0.6973333333333334	0.6766666666666666	0.6046666666666667	0.59	0.5466666666666666	0.5086666666666667	0.478	0.4666666666666667	0.422	0.394	0.37333333333333335	0.314	0.3333333333333333	0.29533333333333334	0.28	0.26266666666666666	0.2613333333333333	0.256	0.202	0.19733333333333333	0.192	0.162	0.18333333333333332	0.162	0.14666666666666667	0.12333333333333334	0.10466666666666667	0.10933333333333334	0.08933333333333333	0.10333333333333333	0.09333333333333334	0.07333333333333333	0.076	0.086	0.062	0.048	0.052	0.046	0.046	0.034	0.03	0.03266666666666666	0.026	0.029333333333333333	0.02	0.018666666666666668	0.012	0.015333333333333332	0.008666666666666666	
4.263333333333334	4.355333333333333	4.027333333333333	3.9126666666666665	3.904	3.736	3.6333333333333333	3.6286666666666667	3.470666666666667	3.3533333333333335	3.3453333333333335	3.172	3.1246666666666667	2.83	2.8986666666666667	2.746	2.779333333333333	2.6686666666666667	2.525333333333333	2.469333333333333	2.4606666666666666	2.3553333333333333	2.2773333333333334	2.2306666666666666	2.0773333333333333	2.096	2.1166666666666667	1.946	1.86	1.732	1.7346666666666666	1.7766666666666666	1.6526666666666667	1.5313333333333334	1.4786666666666666	1.4673333333333334	1.426	1.3473333333333333	1.2413333333333334	1.2553333333333334	1.1726666666666667	1.2173333333333334	1.0626666666666666	0.9846666666666667	1.014	0.9313333333333333	0.8553333333333333	0.842	0.7986666666666666	0.7606666666666667	0.7373333333333333	0.684	0.638	0.6026666666666667	0.5626666666666666	0.49266666666666664	0.462	0.482	0.42333333333333334	0.402	0.378	0.35	0.3353333333333333	0.3006666666666667	0.2853333333333333	0.2733333333333333	0.24933333333333332	0.20266666666666666	0.23066666666666666	0.19133333333333333	0.18533333333333332	0.178	0.16	0.144	0.14066666666666666	0.11666666666666667	0.10466666666666667	0.1	0.12266666666666666	0.09933333333333333	0.07	0.07933333333333334	0.084	0.07066666666666667	0.06133333333333333	0.06	0.05333333333333334	0.048	0.043333333333333335	0.03666666666666667	0.030666666666666665	0.024	0.026	0.016	0.014666666666666666	0.022	0.019333333333333334	0.010666666666666666	0.009333333333333334	
4.264	4.181333333333333	4.046	4.052	3.8853333333333335	3.682	3.5073333333333334	3.516	3.4433333333333334	3.3213333333333335	3.260666666666667	3.1293333333333333	3.1506666666666665	3.004	2.8886666666666665	2.7506666666666666	2.736	2.6353333333333335	2.687333333333333	2.4606666666666666	2.458666666666667	2.37	2.318	2.215333333333333	2.1073333333333335	2.0473333333333334	2.054666666666667	1.944	1.898	1.7993333333333332	1.6973333333333334	1.6473333333333333	1.7033333333333334	1.612	1.5406666666666666	1.4393333333333334	1.4033333333333333	1.3173333333333332	1.2766666666666666	1.2393333333333334	1.0973333333333333	1.142	1.0446666666666666	1.0433333333333332	0.942	0.9273333333333333	0.898	0.8413333333333334	0.764	0.7806666666666666	0.714	0.68	0.618	0.5906666666666667	0.55	0.5186666666666667	0.476	0.49066666666666664	0.42333333333333334	0.4013333333333333	0.354	0.3273333333333333	0.2926666666666667	0.304	0.29733333333333334	0.276	0.254	0.226	0.23466666666666666	0.18466666666666667	0.162	0.176	0.17266666666666666	0.144	0.142	0.138	0.11466666666666667	0.10466666666666667	0.1	0.09666666666666666	0.08333333333333333	0.08066666666666666	0.06266666666666666	0.05333333333333334	0.058	0.059333333333333335	0.05533333333333333	0.044	0.032	0.034	0.034	0.03933333333333333	0.03	0.027333333333333334	0.023333333333333334	0.02266666666666667	0.009333333333333334	0.016	0.012	
4.250666666666667	4.160666666666667	3.9433333333333334	3.957333333333333	3.8346666666666667	3.6853333333333333	3.5933333333333333	3.538666666666667	3.4926666666666666	3.3066666666666666	3.2933333333333334	3.1273333333333335	3.1046666666666667	2.9326666666666665	2.9393333333333334	2.816	2.775333333333333	2.596	2.6653333333333333	2.498666666666667	2.426	2.33	2.264666666666667	2.186	2.082666666666667	2.050666666666667	1.9993333333333334	1.88	1.8246666666666667	1.8193333333333332	1.72	1.7266666666666666	1.5893333333333333	1.6393333333333333	1.4486666666666668	1.4666666666666666	1.37	1.2986666666666666	1.2726666666666666	1.2553333333333334	1.1766666666666667	1.1113333333333333	1.094	0.9846666666666667	0.9793333333333333	0.9406666666666667	0.86	0.8426666666666667	0.7526666666666667	0.748	0.6926666666666667	0.6486666666666666	0.596	0.5633333333333334	0.5526666666666666	0.5013333333333333	0.5	0.446	0.432	0.4066666666666667	0.372	0.34933333333333333	0.31733333333333336	0.30133333333333334	0.2806666666666667	0.28	0.25533333333333336	0.22933333333333333	0.23466666666666666	0.22533333333333333	0.19666666666666666	0.17133333333333334	0.15933333333333333	0.13666666666666666	0.13133333333333333	0.14066666666666666	0.10933333333333334	0.12	0.10533333333333333	0.10666666666666667	0.09933333333333333	0.07733333333333334	0.06733333333333333	0.059333333333333335	0.052	0.05466666666666667	0.06133333333333333	0.037333333333333336	0.03133333333333333	0.03933333333333333	0.044	0.023333333333333334	0.028666666666666667	0.026	0.028	0.017333333333333333	0.016	0.013333333333333334	0.009333333333333334	
4.238666666666667	4.178	4.002666666666666	3.966666666666667	3.816666666666667	3.6033333333333335	3.6066666666666665	3.4686666666666666	3.394	3.2586666666666666	3.302	3.1806666666666668	3.1206666666666667	2.998666666666667	2.894	2.788	2.706	2.548	2.6053333333333333	2.469333333333333	2.412	2.3253333333333335	2.271333333333333	2.1726666666666667	2.1	2.068	2.025333333333333	1.968	1.878	1.736	1.768	1.664	1.6093333333333333	1.5506666666666666	1.4826666666666666	1.4053333333333333	1.3466666666666667	1.34	1.194	1.216	1.206	1.1313333333333333	1.1073333333333333	1.032	0.9306666666666666	0.9953333333333333	0.8806666666666667	0.842	0.7873333333333333	0.7326666666666667	0.6933333333333334	0.6826666666666666	0.64	0.568	0.512	0.5153333333333333	0.468	0.4266666666666667	0.42133333333333334	0.3873333333333333	0.38066666666666665	0.35133333333333333	0.31466666666666665	0.286	0.28733333333333333	0.2966666666666667	0.24666666666666667	0.23866666666666667	0.20466666666666666	0.222	0.19266666666666668	0.17333333333333334	0.15	0.142	0.13866666666666666	0.118	0.128	0.094	0.10066666666666667	0.102	0.09933333333333333	0.08133333333333333	0.062	0.06133333333333333	0.06933333333333333	0.04933333333333333	0.048	0.03933333333333333	0.046	0.02666666666666667	0.032	0.028	0.029333333333333333	0.030666666666666665	0.018666666666666668	0.015333333333333332	0.016	0.012	0.014	
4.183333333333334	4.109333333333334	3.9833333333333334	4.003333333333333	3.7906666666666666	3.778	3.5893333333333333	3.473333333333333	3.47	3.4066666666666667	3.294	3.1513333333333335	2.989333333333333	2.9186666666666667	2.8426666666666667	2.6886666666666668	2.778	2.6906666666666665	2.5193333333333334	2.4353333333333333	2.489333333333333	2.334	2.3133333333333335	2.178	2.215333333333333	2.017333333333333	2.0326666666666666	1.892	1.8206666666666667	1.8046666666666666	1.732	1.7173333333333334	1.6066666666666667	1.532	1.5	1.482	1.418	1.346	1.2873333333333334	1.2026666666666668	1.15	1.126	1.0686666666666667	1.0273333333333334	0.974	0.9426666666666667	0.8766666666666667	0.8206666666666667	0.7673333333333333	0.7606666666666667	0.6873333333333334	0.692	0.6773333333333333	0.5973333333333334	0.5513333333333333	0.5086666666666667	0.478	0.45066666666666666	0.408	0.3893333333333333	0.37666666666666665	0.3566666666666667	0.35333333333333333	0.306	0.27466666666666667	0.26266666666666666	0.24333333333333335	0.22866666666666666	0.212	0.184	0.19866666666666666	0.15866666666666668	0.16533333333333333	0.15133333333333332	0.14066666666666666	0.12066666666666667	0.118	0.10466666666666667	0.10533333333333333	0.10666666666666667	0.09	0.074	0.07266666666666667	0.06866666666666667	0.07333333333333333	0.07333333333333333	0.058	0.04	0.046	0.04066666666666666	0.027333333333333334	0.04466666666666667	0.032	0.030666666666666665	0.028	0.022	0.016666666666666666	0.012666666666666666	0.010666666666666666	
4.276	4.068	4.029333333333334	3.9513333333333334	3.6586666666666665	3.6393333333333335	3.5933333333333333	3.494	3.382	3.251333333333333	3.2933333333333334	3.104	3.0233333333333334	2.9133333333333336	2.9513333333333334	2.8386666666666667	2.755333333333333	2.5566666666666666	2.6313333333333335	2.4406666666666665	2.4753333333333334	2.2946666666666666	2.247333333333333	2.1766666666666667	2.1453333333333333	2.01	2.0453333333333332	1.914	1.8833333333333333	1.8033333333333332	1.7226666666666666	1.6446666666666667	1.5773333333333333	1.542	1.482	1.44	1.3306666666666667	1.3646666666666667	1.236	1.21	1.202	1.122	1.0073333333333334	1.0373333333333334	0.9633333333333334	0.9133333333333333	0.896	0.8273333333333334	0.806	0.7326666666666667	0.6893333333333334	0.636	0.6406666666666667	0.5766666666666667	0.5246666666666666	0.518	0.44866666666666666	0.44533333333333336	0.4093333333333333	0.42133333333333334	0.36933333333333335	0.3626666666666667	0.32133333333333336	0.31266666666666665	0.2833333333333333	0.258	0.258	0.22466666666666665	0.21466666666666667	0.192	0.19866666666666666	0.166	0.18666666666666668	0.15066666666666667	0.14	0.122	0.11733333333333333	0.11533333333333333	0.09933333333333333	0.08466666666666667	0.07866666666666666	0.08333333333333333	0.072	0.048	0.05533333333333333	0.05466666666666667	0.06133333333333333	0.04933333333333333	0.04133333333333333	0.027333333333333334	0.04133333333333333	0.024	0.024666666666666667	0.03	0.023333333333333334	0.015333333333333332	0.016666666666666666	0.012666666666666666	0.009333333333333334	
4.197333333333333	4.158666666666667	3.98	3.9406666666666665	3.726	3.702	3.5913333333333335	3.4566666666666666	3.4006666666666665	3.3313333333333333	3.224666666666667	3.009333333333333	3.0153333333333334	2.9873333333333334	2.932	2.7706666666666666	2.724	2.570666666666667	2.5893333333333333	2.429333333333333	2.421333333333333	2.3386666666666667	2.306	2.1206666666666667	2.1246666666666667	2.0446666666666666	2.08	1.896	1.822	1.8146666666666667	1.69	1.684	1.55	1.526	1.48	1.4453333333333334	1.3966666666666667	1.3366666666666667	1.2866666666666666	1.2426666666666666	1.1526666666666667	1.138	1.0126666666666666	1.034	0.9453333333333334	0.9773333333333334	0.8473333333333334	0.8293333333333334	0.7933333333333333	0.7113333333333334	0.6566666666666666	0.6493333333333333	0.6093333333333333	0.5413333333333333	0.5186666666666667	0.5366666666666666	0.4766666666666667	0.464	0.4206666666666667	0.36466666666666664	0.3546666666666667	0.35333333333333333	0.32866666666666666	0.32133333333333336	0.254	0.252	0.222	0.23066666666666666	0.216	0.19266666666666668	0.19666666666666666	0.15533333333333332	0.15933333333333333	0.142	0.14266666666666666	0.11733333333333333	0.09933333333333333	0.106	0.08266666666666667	0.082	0.088	0.076	0.06	0.07133333333333333	0.064	0.04933333333333333	0.066	0.03266666666666666	0.04	0.042666666666666665	0.030666666666666665	0.02	0.02266666666666667	0.03133333333333333	0.016	0.012666666666666666	0.014666666666666666	0.018	0.015333333333333332	
4.134666666666667	4.244	3.9326666666666665	3.938	3.7493333333333334	3.626	3.546666666666667	3.441333333333333	3.3686666666666665	3.2773333333333334	3.1586666666666665	3.12	3.0686666666666667	2.9053333333333335	2.772	2.7693333333333334	2.71	2.5913333333333335	2.5326666666666666	2.4286666666666665	2.3993333333333333	2.358	2.2106666666666666	2.207333333333333	2.0673333333333335	2.0686666666666667	2.013333333333333	1.944	1.8	1.7593333333333334	1.7613333333333334	1.68	1.5666666666666667	1.5026666666666666	1.4686666666666666	1.402	1.3153333333333332	1.3226666666666667	1.274	1.1853333333333333	1.1433333333333333	1.074	0.9993333333333333	1.0426666666666666	0.98	0.93	0.9006666666666666	0.8593333333333333	0.7766666666666666	0.716	0.674	0.6373333333333333	0.608	0.554	0.5446666666666666	0.484	0.44733333333333336	0.4266666666666667	0.4246666666666667	0.3953333333333333	0.37666666666666665	0.3413333333333333	0.31	0.276	0.278	0.26466666666666666	0.26066666666666666	0.20933333333333334	0.20666666666666667	0.21	0.20133333333333334	0.18066666666666667	0.16	0.154	0.14066666666666666	0.13533333333333333	0.116	0.104	0.11333333333333333	0.09466666666666666	0.09533333333333334	0.07266666666666667	0.06866666666666667	0.06266666666666666	0.054	0.04933333333333333	0.05	0.042666666666666665	0.03933333333333333	0.036	0.025333333333333333	0.035333333333333335	0.024666666666666667	0.029333333333333333	0.02	0.024666666666666667	0.014	0.015333333333333332	0.011333333333333334	
4.107333333333333	4.099333333333333	3.9913333333333334	3.914	3.7626666666666666	3.626	3.546	3.4646666666666666	3.3873333333333333	3.287333333333333	3.242	3.06	3.005333333333333	2.989333333333333	2.8706666666666667	2.744666666666667	2.6446666666666667	2.6433333333333335	2.544	2.417333333333333	2.4386666666666668	2.3066666666666666	2.274	2.1686666666666667	2.078	2.022666666666667	1.9386666666666668	1.892	1.83	1.818	1.7206666666666666	1.6486666666666667	1.6133333333333333	1.574	1.4773333333333334	1.3826666666666667	1.3746666666666667	1.3326666666666667	1.2746666666666666	1.2333333333333334	1.19	1.0873333333333333	1.056	0.9873333333333333	0.9773333333333334	0.88	0.8386666666666667	0.8026666666666666	0.8	0.7013333333333334	0.6853333333333333	0.6433333333333333	0.6273333333333333	0.572	0.556	0.5133333333333333	0.4693333333333333	0.456	0.41933333333333334	0.4126666666666667	0.356	0.31666666666666665	0.30266666666666664	0.29	0.2753333333333333	0.2673333333333333	0.234	0.22933333333333333	0.21933333333333332	0.192	0.18533333333333332	0.18333333333333332	0.16733333333333333	0.14733333333333334	0.13333333333333333	0.12266666666666666	0.122	0.1	0.102	0.102	0.1	0.07733333333333334	0.07133333333333333	0.05733333333333333	0.066	0.051333333333333335	0.052	0.042	0.03866666666666667	0.035333333333333335	0.034	0.02	0.026	0.026	0.012666666666666666	0.023333333333333334	0.020666666666666667	0.012	0.016666666666666666	
4.164666666666666	4.059333333333333	3.996	3.8566666666666665	3.7186666666666666	3.5813333333333333	3.5286666666666666	3.449333333333333	3.4013333333333335	3.328	3.1026666666666665	3.074666666666667	3.0946666666666665	2.854	2.981333333333333	2.746	2.6893333333333334	2.5766666666666667	2.5453333333333332	2.47	2.3926666666666665	2.3713333333333333	2.199333333333333	2.1426666666666665	2.1186666666666665	2.0433333333333334	1.974	1.836	1.8	1.7786666666666666	1.7093333333333334	1.6086666666666667	1.5613333333333332	1.5713333333333332	1.486	1.4033333333333333	1.326	1.3446666666666667	1.2933333333333332	1.26	1.1613333333333333	1.1386666666666667	1.01	1.068	0.918	0.9146666666666666	0.8433333333333334	0.814	0.7533333333333333	0.7253333333333334	0.6706666666666666	0.6253333333333333	0.606	0.5753333333333334	0.5026666666666667	0.5186666666666667	0.48333333333333334	0.436	0.41	0.4066666666666667	0.37	0.3333333333333333	0.31333333333333335	0.298	0.286	0.2793333333333333	0.24933333333333332	0.21	0.20533333333333334	0.19466666666666665	0.18733333333333332	0.17266666666666666	0.16666666666666666	0.13866666666666666	0.14333333333333334	0.12933333333333333	0.12266666666666666	0.09866666666666667	0.10066666666666667	0.08933333333333333	0.084	0.056666666666666664	0.06933333333333333	0.06866666666666667	0.05533333333333333	0.052	0.05	0.059333333333333335	0.042	0.044	0.034	0.025333333333333333	0.023333333333333334	0.021333333333333333	0.021333333333333333	0.010666666666666666	0.019333333333333334	0.010666666666666666	0.011333333333333334	
4.113333333333333	4.102666666666667	3.864	3.929333333333333	3.7133333333333334	3.6466666666666665	3.537333333333333	3.482666666666667	3.35	3.167333333333333	3.1813333333333333	3.1513333333333335	2.989333333333333	2.912	2.85	2.666	2.6553333333333335	2.5753333333333335	2.554666666666667	2.3906666666666667	2.332	2.248	2.222	2.132	2.166	2.021333333333333	1.9526666666666668	1.9293333333333333	1.882	1.744	1.692	1.6466666666666667	1.5993333333333333	1.524	1.486	1.4026666666666667	1.3473333333333333	1.3393333333333333	1.1946666666666668	1.2173333333333334	1.124	1.118	1.0613333333333332	1.0446666666666666	0.9473333333333334	0.928	0.8446666666666667	0.8373333333333334	0.7486666666666667	0.75	0.678	0.6426666666666667	0.5833333333333334	0.5493333333333333	0.5153333333333333	0.522	0.49266666666666664	0.43333333333333335	0.38866666666666666	0.4	0.38133333333333336	0.3253333333333333	0.3446666666666667	0.2946666666666667	0.2986666666666667	0.24866666666666667	0.258	0.23866666666666667	0.202	0.19	0.19466666666666665	0.18066666666666667	0.172	0.15533333333333332	0.14533333333333334	0.11533333333333333	0.132	0.106	0.09866666666666667	0.09266666666666666	0.10133333333333333	0.08333333333333333	0.07466666666666667	0.06933333333333333	0.062	0.05266666666666667	0.052	0.056666666666666664	0.042	0.037333333333333336	0.04	0.035333333333333335	0.028666666666666667	0.02666666666666667	0.019333333333333334	0.024666666666666667	0.015333333333333332	0.016	0.012666666666666666	
4.167333333333334	4.108	3.8753333333333333	3.908	3.732	3.564	3.506666666666667	3.446	3.4026666666666667	3.3513333333333333	3.1693333333333333	3.005333333333333	3.066	2.912	2.8446666666666665	2.744	2.6446666666666667	2.5433333333333334	2.466666666666667	2.4833333333333334	2.4266666666666667	2.2133333333333334	2.2146666666666666	2.1086666666666667	2.030666666666667	2.0326666666666666	1.946	1.8666666666666667	1.812	1.7793333333333334	1.6906666666666668	1.6453333333333333	1.554	1.566	1.4766666666666666	1.442	1.34	1.3073333333333332	1.262	1.1846666666666668	1.1353333333333333	1.116	1.0046666666666666	0.9873333333333333	0.9346666666666666	0.928	0.852	0.7773333333333333	0.7693333333333333	0.6926666666666667	0.6533333333333333	0.6313333333333333	0.6246666666666667	0.5773333333333334	0.5106666666666667	0.5133333333333333	0.47333333333333333	0.4593333333333333	0.394	0.3893333333333333	0.366	0.348	0.326	0.30533333333333335	0.27466666666666667	0.2753333333333333	0.23933333333333334	0.21666666666666667	0.21666666666666667	0.19133333333333333	0.19066666666666668	0.17333333333333334	0.16266666666666665	0.16066666666666668	0.152	0.104	0.118	0.10133333333333333	0.10533333333333333	0.09666666666666666	0.084	0.07733333333333334	0.088	0.07133333333333333	0.05533333333333333	0.04533333333333334	0.043333333333333335	0.03666666666666667	0.051333333333333335	0.034666666666666665	0.028	0.028666666666666667	0.024	0.020666666666666667	0.019333333333333334	0.019333333333333334	0.017333333333333333	0.018	0.01	
4.104	4.031333333333333	3.854	3.8266666666666667	3.7133333333333334	3.572	3.458	3.4053333333333335	3.36	3.220666666666667	3.122	3.054666666666667	3.013333333333333	2.858	2.94	2.687333333333333	2.6433333333333335	2.546666666666667	2.578	2.4353333333333333	2.3073333333333332	2.374	2.256	2.2013333333333334	2.084	2.0033333333333334	1.9466666666666668	1.868	1.7986666666666666	1.7766666666666666	1.7613333333333334	1.67	1.5273333333333334	1.5273333333333334	1.4593333333333334	1.4833333333333334	1.3593333333333333	1.266	1.2386666666666666	1.258	1.1046666666666667	1.1106666666666667	1.032	1.0393333333333334	0.9006666666666666	0.912	0.8953333333333333	0.8446666666666667	0.732	0.728	0.6733333333333333	0.6666666666666666	0.606	0.5626666666666666	0.49933333333333335	0.466	0.454	0.44	0.426	0.39	0.36533333333333334	0.32466666666666666	0.312	0.31066666666666665	0.2786666666666667	0.2673333333333333	0.25266666666666665	0.23066666666666666	0.21066666666666667	0.22933333333333333	0.17466666666666666	0.172	0.15933333333333333	0.15733333333333333	0.13933333333333334	0.116	0.11466666666666667	0.11733333333333333	0.1	0.08666666666666667	0.09	0.074	0.06866666666666667	0.06733333333333333	0.048	0.06333333333333334	0.044	0.04066666666666666	0.034666666666666665	0.037333333333333336	0.035333333333333335	0.03666666666666667	0.02666666666666667	0.02266666666666667	0.014	0.015333333333333332	0.017333333333333333	0.013333333333333334	0.014	
4.098	4.124	3.8853333333333335	3.7626666666666666	3.654	3.588	3.502666666666667	3.4993333333333334	3.304	3.219333333333333	3.1173333333333333	3.05	2.9266666666666667	2.85	2.818	2.616	2.6093333333333333	2.5453333333333332	2.486666666666667	2.445333333333333	2.3493333333333335	2.286	2.228	2.1453333333333333	2.0793333333333335	1.9853333333333334	1.93	1.8586666666666667	1.7733333333333334	1.768	1.7346666666666666	1.656	1.55	1.5013333333333334	1.5213333333333334	1.408	1.3326666666666667	1.3	1.22	1.2266666666666666	1.116	1.1393333333333333	1.0553333333333332	0.9786666666666667	0.91	0.8753333333333333	0.8366666666666667	0.8873333333333333	0.7286666666666667	0.71	0.666	0.6366666666666667	0.58	0.5766666666666667	0.5133333333333333	0.5133333333333333	0.45866666666666667	0.464	0.41133333333333333	0.38333333333333336	0.3466666666666667	0.338	0.314	0.268	0.2733333333333333	0.268	0.24333333333333335	0.2	0.20866666666666667	0.19	0.194	0.156	0.15733333333333333	0.14	0.128	0.11866666666666667	0.12266666666666666	0.10533333333333333	0.11	0.1	0.09866666666666667	0.07133333333333333	0.05733333333333333	0.074	0.059333333333333335	0.058666666666666666	0.042666666666666665	0.04133333333333333	0.03933333333333333	0.030666666666666665	0.034666666666666665	0.028666666666666667	0.024666666666666667	0.024	0.020666666666666667	0.017333333333333333	0.016666666666666666	0.014	0.013333333333333334	
4.116666666666666	3.962	3.8606666666666665	3.726	3.691333333333333	3.562	3.504	3.4026666666666667	3.3333333333333335	3.1593333333333335	3.1426666666666665	3.1326666666666667	3.0366666666666666	2.844	2.788	2.712666666666667	2.656	2.6126666666666667	2.476	2.3553333333333333	2.346	2.224666666666667	2.2946666666666666	2.1206666666666667	2.1086666666666667	1.9926666666666666	1.8746666666666667	1.8426666666666667	1.8286666666666667	1.7593333333333334	1.6826666666666668	1.6566666666666667	1.568	1.536	1.406	1.4346666666666668	1.3266666666666667	1.2946666666666666	1.208	1.182	1.106	1.058	1.0306666666666666	1.052	0.9193333333333333	0.8733333333333333	0.8453333333333334	0.852	0.7453333333333333	0.7233333333333334	0.6813333333333333	0.648	0.578	0.5353333333333333	0.5286666666666666	0.4533333333333333	0.4806666666666667	0.436	0.43066666666666664	0.3566666666666667	0.3626666666666667	0.3393333333333333	0.3293333333333333	0.29733333333333334	0.2966666666666667	0.23533333333333334	0.23333333333333334	0.226	0.20733333333333334	0.20733333333333334	0.166	0.15933333333333333	0.16	0.14066666666666666	0.134	0.14133333333333334	0.126	0.102	0.09466666666666666	0.086	0.09066666666666667	0.08066666666666666	0.078	0.056	0.062	0.062	0.05333333333333334	0.04466666666666667	0.052	0.042	0.029333333333333333	0.029333333333333333	0.03	0.024666666666666667	0.020666666666666667	0.02	0.012666666666666666	0.015333333333333332	0.014666666666666666	
4.0793333333333335	4.000666666666667	3.784	3.7413333333333334	3.5726666666666667	3.530666666666667	3.42	3.46	3.3773333333333335	3.1453333333333333	3.167333333333333	3.006	3.0393333333333334	2.8113333333333332	2.85	2.7026666666666666	2.6533333333333333	2.5126666666666666	2.478666666666667	2.334	2.3833333333333333	2.2266666666666666	2.244666666666667	2.082	2.092	2.024	1.928	1.816	1.816	1.7326666666666666	1.702	1.6686666666666667	1.5613333333333332	1.5186666666666666	1.4486666666666668	1.424	1.3186666666666667	1.2993333333333332	1.2253333333333334	1.202	1.1246666666666667	1.066	0.9766666666666667	1.008	0.8826666666666667	0.9126666666666666	0.8193333333333334	0.842	0.7813333333333333	0.6986666666666667	0.6686666666666666	0.65	0.598	0.5946666666666667	0.526	0.44666666666666666	0.4686666666666667	0.428	0.4033333333333333	0.36733333333333335	0.36466666666666664	0.312	0.304	0.2693333333333333	0.27666666666666667	0.24933333333333332	0.25866666666666666	0.23533333333333334	0.22266666666666668	0.18	0.21	0.14933333333333335	0.15266666666666667	0.168	0.128	0.12533333333333332	0.13466666666666666	0.1	0.09533333333333334	0.092	0.07733333333333334	0.072	0.07866666666666666	0.06533333333333333	0.06866666666666667	0.05333333333333334	0.04733333333333333	0.04666666666666667	0.036	0.04933333333333333	0.04	0.038	0.024	0.023333333333333334	0.02	0.014666666666666666	0.017333333333333333	0.014	0.009333333333333334	
3.992	4.025333333333333	3.8673333333333333	3.82	3.6486666666666667	3.5366666666666666	3.458	3.4066666666666667	3.3113333333333332	3.2413333333333334	3.118	3.0493333333333332	2.924	2.8353333333333333	2.8193333333333332	2.7	2.6773333333333333	2.51	2.4646666666666666	2.3726666666666665	2.3613333333333335	2.2506666666666666	2.134	2.0633333333333335	2.084	2.0513333333333335	1.83	1.8626666666666667	1.7593333333333334	1.8026666666666666	1.668	1.5853333333333333	1.6113333333333333	1.5173333333333334	1.3953333333333333	1.4426666666666668	1.35	1.3266666666666667	1.2153333333333334	1.2433333333333334	1.1173333333333333	1.094	1.008	0.964	0.9426666666666667	0.8793333333333333	0.8313333333333334	0.792	0.774	0.7053333333333334	0.646	0.6466666666666666	0.5966666666666667	0.5613333333333334	0.5146666666666667	0.4666666666666667	0.4766666666666667	0.42733333333333334	0.42733333333333334	0.34	0.36466666666666664	0.3453333333333333	0.3	0.29533333333333334	0.256	0.26066666666666666	0.24933333333333332	0.19733333333333333	0.21333333333333335	0.21333333333333335	0.18333333333333332	0.16866666666666666	0.166	0.148	0.14266666666666666	0.11466666666666667	0.12	0.11066666666666666	0.10466666666666667	0.10133333333333333	0.07533333333333334	0.08466666666666667	0.078	0.05733333333333333	0.05	0.046	0.05466666666666667	0.038	0.037333333333333336	0.034	0.020666666666666667	0.035333333333333335	0.02266666666666667	0.016	0.026	0.016	0.017333333333333333	0.012666666666666666	0.013333333333333334	
4.028	3.892	3.8233333333333333	3.782	3.574	3.522	3.4713333333333334	3.3893333333333335	3.2693333333333334	3.1133333333333333	3.056	2.946	2.9793333333333334	2.8193333333333332	2.7813333333333334	2.6933333333333334	2.570666666666667	2.518666666666667	2.492	2.3813333333333335	2.3186666666666667	2.1886666666666668	2.1593333333333335	2.084	2.054	1.9333333333333333	1.938	1.8586666666666667	1.7993333333333332	1.744	1.6806666666666668	1.612	1.5753333333333333	1.5493333333333332	1.4406666666666668	1.4066666666666667	1.2866666666666666	1.248	1.1986666666666668	1.1466666666666667	1.1846666666666668	1.1066666666666667	1.038	0.9166666666666666	0.9186666666666666	0.898	0.8713333333333333	0.8406666666666667	0.728	0.712	0.656	0.63	0.5793333333333334	0.57	0.5413333333333333	0.4826666666666667	0.454	0.426	0.38666666666666666	0.3506666666666667	0.364	0.3353333333333333	0.32666666666666666	0.3233333333333333	0.2693333333333333	0.24666666666666667	0.25533333333333336	0.22666666666666666	0.20733333333333334	0.17733333333333334	0.198	0.15733333333333333	0.14933333333333335	0.16066666666666668	0.15	0.118	0.12066666666666667	0.108	0.098	0.09266666666666666	0.082	0.06933333333333333	0.082	0.07466666666666667	0.06733333333333333	0.05466666666666667	0.046	0.050666666666666665	0.04533333333333334	0.038	0.034666666666666665	0.028666666666666667	0.023333333333333334	0.02	0.032	0.025333333333333333	0.018666666666666668	0.018666666666666668	0.01	
3.986	3.9526666666666666	3.8333333333333335	3.732	3.530666666666667	3.614	3.3113333333333332	3.3273333333333333	3.260666666666667	3.1373333333333333	3.11	3.032	2.957333333333333	2.816666666666667	2.806	2.624	2.64	2.4966666666666666	2.4633333333333334	2.2786666666666666	2.394	2.19	2.219333333333333	2.092	2.0	1.978	1.9086666666666667	1.8693333333333333	1.8033333333333332	1.7853333333333334	1.6853333333333333	1.5666666666666667	1.5066666666666666	1.454	1.44	1.38	1.3226666666666667	1.25	1.262	1.1313333333333333	1.092	1.086	1.0366666666666666	0.9473333333333334	0.8786666666666667	0.9073333333333333	0.8473333333333334	0.7833333333333333	0.7573333333333333	0.6986666666666667	0.6473333333333333	0.6486666666666666	0.6306666666666667	0.5586666666666666	0.5333333333333333	0.496	0.4493333333333333	0.41733333333333333	0.392	0.396	0.358	0.32066666666666666	0.30133333333333334	0.30133333333333334	0.27266666666666667	0.226	0.25066666666666665	0.21533333333333332	0.22	0.20333333333333334	0.19333333333333333	0.16466666666666666	0.15666666666666668	0.13066666666666665	0.134	0.14	0.11466666666666667	0.09266666666666666	0.11333333333333333	0.10533333333333333	0.092	0.08533333333333333	0.06333333333333334	0.062	0.048	0.050666666666666665	0.048666666666666664	0.03933333333333333	0.04733333333333333	0.034	0.02666666666666667	0.029333333333333333	0.027333333333333334	0.028	0.014	0.013333333333333334	0.021333333333333333	0.014666666666666666	0.014	
4.077333333333334	3.9026666666666667	3.739333333333333	3.6846666666666668	3.550666666666667	3.526666666666667	3.4013333333333335	3.292	3.2813333333333334	3.1293333333333333	3.052	2.972	2.962	2.774	2.780666666666667	2.6653333333333333	2.5906666666666665	2.4466666666666668	2.489333333333333	2.3526666666666665	2.2253333333333334	2.248666666666667	2.212	2.0553333333333335	2.082666666666667	1.924	1.9293333333333333	1.904	1.7633333333333334	1.7166666666666666	1.6626666666666667	1.5613333333333332	1.558	1.5106666666666666	1.3746666666666667	1.372	1.2726666666666666	1.2546666666666666	1.212	1.1853333333333333	1.0933333333333333	1.096	0.9986666666666667	0.9366666666666666	0.9373333333333334	0.8333333333333334	0.812	0.8113333333333334	0.752	0.7273333333333334	0.6406666666666667	0.6153333333333333	0.618	0.5333333333333333	0.526	0.516	0.48733333333333334	0.428	0.3953333333333333	0.36	0.34933333333333333	0.344	0.31733333333333336	0.27666666666666667	0.2753333333333333	0.26266666666666666	0.244	0.21333333333333335	0.20066666666666666	0.19466666666666665	0.19066666666666668	0.16933333333333334	0.154	0.144	0.134	0.10866666666666666	0.12266666666666666	0.10866666666666666	0.09933333333333333	0.08466666666666667	0.09266666666666666	0.068	0.06866666666666667	0.058	0.059333333333333335	0.048	0.051333333333333335	0.042666666666666665	0.04466666666666667	0.026	0.03266666666666666	0.036	0.03	0.027333333333333334	0.025333333333333333	0.017333333333333333	0.018	0.020666666666666667	0.01	
3.98	3.978666666666667	3.756	3.6906666666666665	3.5453333333333332	3.517333333333333	3.436	3.308666666666667	3.1693333333333333	3.1153333333333335	3.0846666666666667	3.0313333333333334	2.854	2.791333333333333	2.788	2.6366666666666667	2.6553333333333335	2.4726666666666666	2.4146666666666667	2.3013333333333335	2.3186666666666667	2.174	2.1366666666666667	2.0686666666666667	2.001333333333333	1.9033333333333333	1.9573333333333334	1.8033333333333332	1.75	1.73	1.6206666666666667	1.508	1.5593333333333332	1.468	1.3493333333333333	1.366	1.2633333333333334	1.2426666666666666	1.178	1.182	1.0886666666666667	1.1213333333333333	0.9593333333333334	0.9393333333333334	0.9	0.8706666666666667	0.794	0.742	0.7393333333333333	0.7013333333333334	0.6753333333333333	0.626	0.5866666666666667	0.562	0.5206666666666667	0.496	0.48533333333333334	0.4206666666666667	0.4166666666666667	0.4053333333333333	0.33666666666666667	0.326	0.32133333333333336	0.296	0.2886666666666667	0.24333333333333335	0.22933333333333333	0.222	0.214	0.18	0.18466666666666667	0.166	0.16266666666666665	0.154	0.15266666666666667	0.12133333333333333	0.124	0.10133333333333333	0.10333333333333333	0.086	0.08866666666666667	0.08066666666666666	0.08133333333333333	0.06066666666666667	0.06533333333333333	0.056	0.046	0.04133333333333333	0.03933333333333333	0.025333333333333333	0.03333333333333333	0.02666666666666667	0.027333333333333334	0.020666666666666667	0.017333333333333333	0.018666666666666668	0.014666666666666666	0.013333333333333334	0.012666666666666666	
3.952	3.9753333333333334	3.7826666666666666	3.760666666666667	3.5313333333333334	3.4006666666666665	3.4093333333333335	3.2653333333333334	3.21	3.1113333333333335	2.9793333333333334	2.908	2.8293333333333335	2.844	2.7093333333333334	2.522	2.606	2.5126666666666666	2.425333333333333	2.2213333333333334	2.214	2.206	2.215333333333333	2.068	1.994	1.9906666666666666	1.8426666666666667	1.8386666666666667	1.7566666666666666	1.662	1.5786666666666667	1.5466666666666666	1.52	1.4753333333333334	1.396	1.3286666666666667	1.2806666666666666	1.2553333333333334	1.2453333333333334	1.1573333333333333	1.0533333333333332	1.0273333333333334	1.036	0.9586666666666667	0.9593333333333334	0.8946666666666667	0.786	0.8026666666666666	0.754	0.7033333333333334	0.6686666666666666	0.6293333333333333	0.5826666666666667	0.5693333333333334	0.5126666666666667	0.472	0.48133333333333334	0.43666666666666665	0.39866666666666667	0.382	0.33866666666666667	0.3393333333333333	0.32133333333333336	0.27466666666666667	0.26866666666666666	0.242	0.246	0.216	0.21	0.17866666666666667	0.17133333333333334	0.16133333333333333	0.142	0.156	0.128	0.134	0.11266666666666666	0.09533333333333334	0.11266666666666666	0.09066666666666667	0.08466666666666667	0.07733333333333334	0.056	0.07266666666666667	0.05266666666666667	0.06	0.05266666666666667	0.036	0.04733333333333333	0.03266666666666666	0.035333333333333335	0.023333333333333334	0.020666666666666667	0.02266666666666667	0.015333333333333332	0.019333333333333334	0.014	0.010666666666666666	0.016	
4.066666666666666	3.9233333333333333	3.712	3.652	3.526666666666667	3.4966666666666666	3.3833333333333333	3.244	3.199333333333333	3.002	3.0273333333333334	2.892	2.8813333333333335	2.772	2.6386666666666665	2.5833333333333335	2.5966666666666667	2.4406666666666665	2.41	2.3186666666666667	2.2853333333333334	2.198	2.1266666666666665	2.0206666666666666	2.0433333333333334	1.8666666666666667	1.866	1.8066666666666666	1.6946666666666668	1.6893333333333334	1.6266666666666667	1.56	1.554	1.4413333333333334	1.4046666666666667	1.3866666666666667	1.3393333333333333	1.2846666666666666	1.1986666666666668	1.1833333333333333	1.0806666666666667	1.05	1.0	0.9673333333333334	0.902	0.8753333333333333	0.8333333333333334	0.7826666666666666	0.732	0.742	0.6486666666666666	0.6273333333333333	0.5866666666666667	0.5573333333333333	0.49466666666666664	0.4866666666666667	0.44333333333333336	0.424	0.4053333333333333	0.37066666666666664	0.3606666666666667	0.31866666666666665	0.2786666666666667	0.296	0.25733333333333336	0.24333333333333335	0.24933333333333332	0.206	0.208	0.20066666666666666	0.192	0.17666666666666667	0.146	0.14333333333333334	0.13533333333333333	0.122	0.11133333333333334	0.10866666666666666	0.09333333333333334	0.09333333333333334	0.08066666666666666	0.06466666666666666	0.07	0.06133333333333333	0.058	0.042666666666666665	0.038	0.050666666666666665	0.03266666666666666	0.03266666666666666	0.028	0.03266666666666666	0.028	0.025333333333333333	0.019333333333333334	0.015333333333333332	0.014666666666666666	0.011333333333333334	0.010666666666666666	
3.9633333333333334	3.8686666666666665	3.768	3.696	3.586	3.437333333333333	3.4193333333333333	3.272666666666667	3.187333333333333	3.0553333333333335	2.954	2.962666666666667	2.8473333333333333	2.7786666666666666	2.7306666666666666	2.632	2.6006666666666667	2.4346666666666668	2.4206666666666665	2.288	2.25	2.0993333333333335	2.158	2.0833333333333335	1.978	1.9146666666666667	1.83	1.772	1.7646666666666666	1.7006666666666668	1.6486666666666667	1.548	1.4886666666666666	1.4366666666666668	1.3886666666666667	1.3753333333333333	1.274	1.2466666666666666	1.134	1.1806666666666668	1.054	1.07	1.002	0.936	0.902	0.8633333333333333	0.8	0.7926666666666666	0.7086666666666667	0.7066666666666667	0.658	0.6033333333333334	0.5893333333333334	0.576	0.4866666666666667	0.47933333333333333	0.4493333333333333	0.414	0.4066666666666667	0.37666666666666665	0.3486666666666667	0.302	0.31333333333333335	0.29933333333333334	0.268	0.258	0.23933333333333334	0.216	0.21066666666666667	0.17933333333333334	0.162	0.18	0.14866666666666667	0.13333333333333333	0.15133333333333332	0.136	0.124	0.096	0.092	0.09466666666666666	0.072	0.07733333333333334	0.05466666666666667	0.06066666666666667	0.064	0.046	0.048	0.04666666666666667	0.022	0.044	0.024	0.023333333333333334	0.03266666666666666	0.019333333333333334	0.017333333333333333	0.019333333333333334	0.018	0.013333333333333334	0.010666666666666666	
4.008	3.88	3.6386666666666665	3.7026666666666666	3.558	3.488	3.372	3.224	3.128	3.1406666666666667	3.0646666666666667	2.9346666666666668	2.796	2.76	2.7066666666666666	2.546666666666667	2.5433333333333334	2.37	2.3406666666666665	2.259333333333333	2.282	2.1613333333333333	2.144	1.98	1.9386666666666668	1.8893333333333333	1.92	1.8046666666666666	1.7493333333333334	1.6653333333333333	1.6573333333333333	1.5753333333333333	1.5366666666666666	1.4853333333333334	1.358	1.306	1.296	1.2413333333333334	1.1726666666666667	1.1066666666666667	1.0573333333333332	1.054	0.964	0.97	0.9013333333333333	0.8433333333333334	0.794	0.798	0.788	0.6946666666666667	0.64	0.6466666666666666	0.5713333333333334	0.5266666666666666	0.5106666666666667	0.46	0.44733333333333336	0.4146666666666667	0.36933333333333335	0.3546666666666667	0.3566666666666667	0.32	0.286	0.256	0.274	0.23666666666666666	0.22933333333333333	0.21733333333333332	0.19533333333333333	0.196	0.18866666666666668	0.146	0.14733333333333334	0.14266666666666666	0.14466666666666667	0.114	0.11266666666666666	0.104	0.106	0.08733333333333333	0.09	0.07133333333333333	0.07	0.056666666666666664	0.05733333333333333	0.06333333333333334	0.037333333333333336	0.04666666666666667	0.046	0.029333333333333333	0.03666666666666667	0.023333333333333334	0.02266666666666667	0.028666666666666667	0.028	0.023333333333333334	0.016	0.013333333333333334	0.021333333333333333	
3.93	3.7866666666666666	3.7013333333333334	3.537333333333333	3.53	3.454	3.3353333333333333	3.1813333333333333	3.2053333333333334	3.11	2.964	2.8913333333333333	2.8526666666666665	2.6866666666666665	2.7386666666666666	2.538666666666667	2.5966666666666667	2.3726666666666665	2.4313333333333333	2.26	2.2293333333333334	2.1693333333333333	2.122	2.0533333333333332	1.9773333333333334	1.9146666666666667	1.7906666666666666	1.794	1.7126666666666666	1.686	1.584	1.544	1.4506666666666668	1.4473333333333334	1.3526666666666667	1.2833333333333334	1.2846666666666666	1.2146666666666666	1.1646666666666667	1.1473333333333333	1.074	1.012	0.926	0.9653333333333334	0.9386666666666666	0.8653333333333333	0.8326666666666667	0.7893333333333333	0.7293333333333333	0.696	0.6086666666666667	0.622	0.542	0.5453333333333333	0.5006666666666667	0.512	0.43533333333333335	0.44533333333333336	0.384	0.378	0.3406666666666667	0.32066666666666666	0.31866666666666665	0.2826666666666667	0.2653333333333333	0.24133333333333334	0.23933333333333334	0.206	0.18133333333333335	0.20666666666666667	0.162	0.152	0.15133333333333332	0.13333333333333333	0.13933333333333334	0.11133333333333334	0.11133333333333334	0.106	0.08533333333333333	0.09866666666666667	0.07866666666666666	0.06733333333333333	0.07666666666666666	0.058666666666666666	0.052	0.05466666666666667	0.051333333333333335	0.044	0.037333333333333336	0.03	0.03133333333333333	0.019333333333333334	0.018666666666666668	0.028	0.02266666666666667	0.015333333333333332	0.017333333333333333	0.014	0.008666666666666666	
3.866	3.7746666666666666	3.6313333333333335	3.698	3.374	3.4446666666666665	3.352	3.228666666666667	3.12	3.064	2.8753333333333333	2.906	2.8646666666666665	2.703333333333333	2.622	2.5673333333333335	2.554	2.4233333333333333	2.37	2.2986666666666666	2.300666666666667	2.074666666666667	2.0713333333333335	1.9973333333333334	1.944	1.9426666666666668	1.8326666666666667	1.7446666666666666	1.704	1.62	1.6586666666666667	1.5266666666666666	1.5086666666666666	1.4526666666666668	1.37	1.34	1.2546666666666666	1.2746666666666666	1.1866666666666668	1.1273333333333333	1.08	1.0013333333333334	0.9813333333333333	1.0	0.9126666666666666	0.8806666666666667	0.7993333333333333	0.752	0.742	0.716	0.6353333333333333	0.5986666666666667	0.5786666666666667	0.5366666666666666	0.49266666666666664	0.4673333333333333	0.43933333333333335	0.45	0.394	0.37333333333333335	0.3406666666666667	0.296	0.306	0.256	0.25	0.22533333333333333	0.252	0.21666666666666667	0.21	0.19933333333333333	0.16933333333333334	0.16733333333333333	0.14866666666666667	0.128	0.12933333333333333	0.10733333333333334	0.12066666666666667	0.11533333333333333	0.08733333333333333	0.082	0.08466666666666667	0.09066666666666667	0.07	0.06	0.056	0.051333333333333335	0.048666666666666664	0.034666666666666665	0.04533333333333334	0.032	0.030666666666666665	0.02666666666666667	0.024	0.022	0.016666666666666666	0.022	0.02	0.010666666666666666	0.009333333333333334	
3.9593333333333334	3.8253333333333335	3.695333333333333	3.616	3.481333333333333	3.414	3.3353333333333333	3.248	3.174	3.0933333333333333	2.916	2.8913333333333333	2.775333333333333	2.692	2.6306666666666665	2.596	2.5473333333333334	2.3746666666666667	2.476	2.279333333333333	2.212666666666667	2.078666666666667	2.16	1.9953333333333334	1.9906666666666666	1.9026666666666667	1.7786666666666666	1.7213333333333334	1.688	1.5933333333333333	1.6246666666666667	1.526	1.4686666666666666	1.4626666666666666	1.36	1.3366666666666667	1.294	1.2393333333333334	1.1466666666666667	1.1286666666666667	1.0873333333333333	1.022	0.956	0.9326666666666666	0.898	0.8146666666666667	0.8046666666666666	0.7606666666666667	0.7066666666666667	0.714	0.6233333333333333	0.6053333333333333	0.5793333333333334	0.5526666666666666	0.5326666666666666	0.488	0.4513333333333333	0.42533333333333334	0.37866666666666665	0.38333333333333336	0.3426666666666667	0.32466666666666666	0.30466666666666664	0.2866666666666667	0.294	0.23266666666666666	0.23266666666666666	0.20933333333333334	0.20266666666666666	0.18733333333333332	0.186	0.166	0.166	0.14	0.13066666666666665	0.12	0.11933333333333333	0.08866666666666667	0.08333333333333333	0.09466666666666666	0.084	0.07733333333333334	0.08733333333333333	0.064	0.05733333333333333	0.05533333333333333	0.03866666666666667	0.04133333333333333	0.03666666666666667	0.028666666666666667	0.034	0.02666666666666667	0.029333333333333333	0.027333333333333334	0.021333333333333333	0.019333333333333334	0.015333333333333332	0.018	0.013333333333333334	
3.8353333333333333	3.812	3.656	3.7053333333333334	3.3793333333333333	3.446	3.3	3.196	3.1213333333333333	3.03	2.91	2.8033333333333332	2.8853333333333335	2.746	2.6173333333333333	2.5393333333333334	2.4473333333333334	2.402	2.4013333333333335	2.3893333333333335	2.236666666666667	2.062666666666667	2.118	2.0313333333333334	1.9686666666666666	1.948	1.8626666666666667	1.7746666666666666	1.6966666666666668	1.596	1.608	1.5346666666666666	1.4693333333333334	1.468	1.376	1.3246666666666667	1.292	1.2513333333333334	1.1173333333333333	1.1106666666666667	1.0986666666666667	1.0946666666666667	0.9313333333333333	0.962	0.8666666666666667	0.7986666666666666	0.746	0.7673333333333333	0.7526666666666667	0.6926666666666667	0.632	0.6166666666666667	0.5753333333333334	0.5193333333333333	0.464	0.468	0.44866666666666666	0.3933333333333333	0.402	0.324	0.3453333333333333	0.314	0.30333333333333334	0.2733333333333333	0.24666666666666667	0.24066666666666667	0.206	0.22133333333333333	0.196	0.18	0.14	0.15666666666666668	0.144	0.12933333333333333	0.12	0.12133333333333333	0.118	0.09666666666666666	0.104	0.08266666666666667	0.09133333333333334	0.08066666666666666	0.058	0.06266666666666666	0.05333333333333334	0.051333333333333335	0.04133333333333333	0.03933333333333333	0.04466666666666667	0.03333333333333333	0.027333333333333334	0.026	0.024	0.029333333333333333	0.02266666666666667	0.016666666666666666	0.024	0.012666666666666666	0.012666666666666666	
3.7773333333333334	3.7093333333333334	3.6086666666666667	3.526666666666667	3.445333333333333	3.398	3.322	3.1106666666666665	3.1293333333333333	3.008	2.9686666666666666	2.8593333333333333	2.8233333333333333	2.747333333333333	2.654	2.501333333333333	2.453333333333333	2.444	2.382	2.2046666666666668	2.2346666666666666	2.104	2.0973333333333333	2.0193333333333334	1.8786666666666667	1.9246666666666667	1.8253333333333333	1.7306666666666666	1.716	1.7013333333333334	1.5566666666666666	1.5046666666666666	1.5033333333333334	1.4826666666666666	1.36	1.284	1.304	1.2586666666666666	1.1453333333333333	1.1333333333333333	1.046	1.0786666666666667	0.972	0.9313333333333333	0.9046666666666666	0.8573333333333333	0.7853333333333333	0.7846666666666666	0.688	0.696	0.6546666666666666	0.6606666666666666	0.5466666666666666	0.5406666666666666	0.4846666666666667	0.4826666666666667	0.4573333333333333	0.4086666666666667	0.356	0.3293333333333333	0.32	0.31866666666666665	0.31066666666666665	0.27266666666666667	0.25066666666666665	0.25933333333333336	0.22466666666666665	0.20666666666666667	0.20333333333333334	0.17866666666666667	0.18266666666666667	0.146	0.19266666666666668	0.13666666666666666	0.12666666666666668	0.11133333333333334	0.11266666666666666	0.104	0.098	0.08533333333333333	0.07	0.078	0.05733333333333333	0.068	0.058	0.04133333333333333	0.05466666666666667	0.04666666666666667	0.036	0.032	0.022	0.026	0.024666666666666667	0.018666666666666668	0.016	0.021333333333333333	0.016	0.014	0.012	
3.9086666666666665	3.676	3.6653333333333333	3.5806666666666667	3.4466666666666668	3.3866666666666667	3.2813333333333334	3.220666666666667	3.0886666666666667	2.9073333333333333	2.922	2.8393333333333333	2.7933333333333334	2.6766666666666667	2.658	2.3793333333333333	2.53	2.4366666666666665	2.3806666666666665	2.236	2.2586666666666666	2.0926666666666667	2.0846666666666667	1.9846666666666666	1.9673333333333334	1.908	1.8013333333333332	1.778	1.7073333333333334	1.6346666666666667	1.5893333333333333	1.518	1.4606666666666666	1.4026666666666667	1.4006666666666667	1.3066666666666666	1.234	1.2306666666666666	1.1493333333333333	1.0953333333333333	1.058	1.0886666666666667	1.0273333333333334	0.9926666666666667	0.8526666666666667	0.8626666666666667	0.7786666666666666	0.756	0.7046666666666667	0.6746666666666666	0.6393333333333333	0.592	0.5553333333333333	0.5426666666666666	0.476	0.47733333333333333	0.43	0.426	0.4013333333333333	0.37533333333333335	0.35933333333333334	0.32466666666666666	0.31066666666666665	0.2693333333333333	0.2733333333333333	0.24933333333333332	0.238	0.20133333333333334	0.19133333333333333	0.156	0.16733333333333333	0.17266666666666666	0.15933333333333333	0.13333333333333333	0.13733333333333334	0.12466666666666666	0.10733333333333334	0.106	0.10133333333333333	0.092	0.092	0.08466666666666667	0.06666666666666667	0.07066666666666667	0.06333333333333334	0.04466666666666667	0.04933333333333333	0.043333333333333335	0.04066666666666666	0.035333333333333335	0.028	0.03133333333333333	0.020666666666666667	0.023333333333333334	0.020666666666666667	0.018666666666666668	0.012666666666666666	0.009333333333333334	0.014666666666666666	
3.938	3.71	3.6573333333333333	3.6153333333333335	3.46	3.32	3.226	3.114	3.1166666666666667	2.9226666666666667	2.973333333333333	2.8553333333333333	2.782	2.6766666666666667	2.6853333333333333	2.492	2.514666666666667	2.3513333333333333	2.4113333333333333	2.247333333333333	2.236666666666667	2.0953333333333335	2.062	1.972	1.902	1.91	1.8533333333333333	1.676	1.72	1.5846666666666667	1.518	1.598	1.4513333333333334	1.408	1.358	1.358	1.28	1.2333333333333334	1.192	1.0693333333333332	1.0373333333333334	1.0233333333333334	0.9293333333333333	0.912	0.8406666666666667	0.8406666666666667	0.814	0.78	0.724	0.716	0.604	0.5933333333333334	0.572	0.5526666666666666	0.5233333333333333	0.454	0.4126666666666667	0.376	0.3893333333333333	0.36933333333333335	0.2966666666666667	0.3253333333333333	0.2793333333333333	0.2833333333333333	0.264	0.232	0.24266666666666667	0.20266666666666666	0.18333333333333332	0.18	0.16666666666666666	0.158	0.132	0.12733333333333333	0.128	0.112	0.12533333333333332	0.10133333333333333	0.09666666666666666	0.08666666666666667	0.078	0.06933333333333333	0.07333333333333333	0.072	0.04933333333333333	0.042666666666666665	0.04066666666666666	0.034666666666666665	0.04	0.032	0.037333333333333336	0.020666666666666667	0.023333333333333334	0.020666666666666667	0.013333333333333334	0.019333333333333334	0.014666666666666666	0.016	0.012666666666666666	
3.892	3.755333333333333	3.6146666666666665	3.6213333333333333	3.5886666666666667	3.374	3.196	3.1626666666666665	3.1153333333333335	3.014666666666667	2.84	2.8726666666666665	2.778	2.588	2.6186666666666665	2.412	2.482	2.43	2.332666666666667	2.232	2.183333333333333	2.0966666666666667	2.0473333333333334	1.9306666666666668	1.9686666666666666	1.9	1.8213333333333332	1.7046666666666668	1.6566666666666667	1.604	1.586	1.4766666666666666	1.466	1.3653333333333333	1.3653333333333333	1.3213333333333332	1.2613333333333334	1.2013333333333334	1.136	1.1193333333333333	0.9966666666666667	1.012	0.9613333333333334	0.9286666666666666	0.8786666666666667	0.8713333333333333	0.8013333333333333	0.792	0.68	0.6806666666666666	0.64	0.592	0.5613333333333334	0.5413333333333333	0.5346666666666666	0.44733333333333336	0.41333333333333333	0.4	0.35333333333333333	0.3333333333333333	0.36	0.314	0.31	0.2793333333333333	0.27466666666666667	0.22933333333333333	0.23666666666666666	0.22	0.19	0.18333333333333332	0.17066666666666666	0.15733333333333333	0.15466666666666667	0.138	0.122	0.118	0.108	0.09266666666666666	0.09933333333333333	0.074	0.08733333333333333	0.072	0.06933333333333333	0.059333333333333335	0.04666666666666667	0.042	0.05333333333333334	0.04466666666666667	0.03333333333333333	0.034666666666666665	0.036	0.026	0.027333333333333334	0.03	0.016666666666666666	0.02	0.010666666666666666	0.016666666666666666	0.012666666666666666	
3.796666666666667	3.72	3.6306666666666665	3.5246666666666666	3.458	3.3873333333333333	3.1546666666666665	3.191333333333333	3.016	2.912	2.884	2.8	2.796	2.644	2.6593333333333335	2.52	2.524	2.386	2.3346666666666667	2.2453333333333334	2.1593333333333335	2.082666666666667	2.005333333333333	1.982	1.9426666666666668	1.8286666666666667	1.802	1.768	1.66	1.5966666666666667	1.6053333333333333	1.5533333333333332	1.3906666666666667	1.4066666666666667	1.33	1.3086666666666666	1.2366666666666666	1.1506666666666667	1.0686666666666667	1.134	1.0626666666666666	0.9933333333333333	0.9433333333333334	0.9466666666666667	0.862	0.8466666666666667	0.8193333333333334	0.7726666666666666	0.708	0.7146666666666667	0.596	0.594	0.5666666666666667	0.49266666666666664	0.44266666666666665	0.43866666666666665	0.42	0.384	0.364	0.36866666666666664	0.36466666666666664	0.30733333333333335	0.302	0.2833333333333333	0.2673333333333333	0.268	0.23666666666666666	0.19133333333333333	0.18866666666666668	0.17866666666666667	0.17533333333333334	0.16533333333333333	0.14066666666666666	0.15733333333333333	0.12866666666666668	0.11466666666666667	0.10533333333333333	0.092	0.08533333333333333	0.08266666666666667	0.08066666666666666	0.08333333333333333	0.06066666666666667	0.051333333333333335	0.059333333333333335	0.04533333333333334	0.04666666666666667	0.04533333333333334	0.036	0.036	0.026	0.02666666666666667	0.021333333333333333	0.022	0.014	0.016666666666666666	0.014	0.012666666666666666	0.013333333333333334	
3.74	3.7953333333333332	3.5713333333333335	3.530666666666667	3.3866666666666667	3.252	3.236	3.116	3.0153333333333334	2.942	2.8746666666666667	2.7706666666666666	2.727333333333333	2.667333333333333	2.54	2.4833333333333334	2.4426666666666668	2.326	2.3653333333333335	2.1646666666666667	2.182	2.138	2.0406666666666666	1.884	1.9473333333333334	1.8366666666666667	1.7653333333333334	1.7146666666666666	1.732	1.62	1.5626666666666666	1.5086666666666666	1.458	1.402	1.3313333333333333	1.2393333333333334	1.2733333333333334	1.2013333333333334	1.176	1.0673333333333332	1.0346666666666666	1.0386666666666666	0.9286666666666666	0.9386666666666666	0.866	0.8506666666666667	0.806	0.7546666666666667	0.6806666666666666	0.69	0.6526666666666666	0.5593333333333333	0.564	0.5053333333333333	0.4806666666666667	0.4846666666666667	0.43333333333333335	0.38666666666666666	0.362	0.36733333333333335	0.354	0.31533333333333335	0.29533333333333334	0.2826666666666667	0.25066666666666665	0.24733333333333332	0.21733333333333332	0.19533333333333333	0.22	0.192	0.166	0.15866666666666668	0.13866666666666666	0.12866666666666668	0.126	0.11333333333333333	0.104	0.09866666666666667	0.09066666666666667	0.084	0.07133333333333333	0.06866666666666667	0.059333333333333335	0.058	0.06133333333333333	0.048	0.04533333333333334	0.035333333333333335	0.036	0.03333333333333333	0.037333333333333336	0.028	0.022	0.020666666666666667	0.015333333333333332	0.021333333333333333	0.015333333333333332	0.022	0.008	
3.796	3.6686666666666667	3.612	3.4793333333333334	3.4226666666666667	3.292	3.0886666666666667	3.1513333333333335	2.9766666666666666	2.89	2.9353333333333333	2.7453333333333334	2.744666666666667	2.632	2.5986666666666665	2.4326666666666665	2.44	2.3266666666666667	2.3606666666666665	2.1546666666666665	2.167333333333333	2.0653333333333332	2.0613333333333332	1.972	1.9166666666666667	1.8026666666666666	1.808	1.7426666666666666	1.6346666666666667	1.6346666666666667	1.5353333333333334	1.5173333333333334	1.4553333333333334	1.3806666666666667	1.37	1.2993333333333332	1.274	1.1313333333333333	1.142	1.09	1.062	1.0046666666666666	0.9086666666666666	0.88	0.82	0.8466666666666667	0.768	0.7426666666666667	0.6926666666666667	0.69	0.6293333333333333	0.6026666666666667	0.5853333333333334	0.5326666666666666	0.48933333333333334	0.462	0.44466666666666665	0.36666666666666664	0.364	0.3466666666666667	0.364	0.31733333333333336	0.28733333333333333	0.28733333333333333	0.244	0.22266666666666668	0.212	0.19133333333333333	0.20666666666666667	0.184	0.152	0.17	0.162	0.13733333333333334	0.12933333333333333	0.11066666666666666	0.11133333333333334	0.11	0.10333333333333333	0.084	0.07666666666666666	0.06866666666666667	0.06866666666666667	0.05733333333333333	0.05466666666666667	0.046	0.03866666666666667	0.037333333333333336	0.034666666666666665	0.03	0.028666666666666667	0.021333333333333333	0.027333333333333334	0.020666666666666667	0.016666666666666666	0.023333333333333334	0.016	0.019333333333333334	0.010666666666666666	
3.7653333333333334	3.691333333333333	3.634	3.3786666666666667	3.366	3.3673333333333333	3.1666666666666665	3.0913333333333335	3.104	2.94	2.8493333333333335	2.75	2.704	2.652	2.572	2.4686666666666666	2.3626666666666667	2.3233333333333333	2.308	2.26	2.212	2.112	1.9933333333333334	2.0206666666666666	1.9413333333333334	1.8333333333333333	1.766	1.7053333333333334	1.6433333333333333	1.5593333333333332	1.54	1.51	1.408	1.3486666666666667	1.2893333333333334	1.306	1.224	1.154	1.1613333333333333	1.0633333333333332	1.05	0.9806666666666667	0.922	0.974	0.8813333333333333	0.81	0.76	0.7453333333333333	0.642	0.6633333333333333	0.5966666666666667	0.5993333333333334	0.5313333333333333	0.5	0.5006666666666667	0.4713333333333333	0.43133333333333335	0.412	0.402	0.37266666666666665	0.3253333333333333	0.31066666666666665	0.2853333333333333	0.25466666666666665	0.25866666666666666	0.23666666666666666	0.21933333333333332	0.226	0.21333333333333335	0.16666666666666666	0.17666666666666667	0.158	0.142	0.13333333333333333	0.12266666666666666	0.10733333333333334	0.096	0.11133333333333334	0.10066666666666667	0.07666666666666666	0.07733333333333334	0.06066666666666667	0.06866666666666667	0.06466666666666666	0.051333333333333335	0.052	0.052	0.04933333333333333	0.037333333333333336	0.034	0.027333333333333334	0.018666666666666668	0.026	0.02266666666666667	0.024666666666666667	0.015333333333333332	0.015333333333333332	0.011333333333333334	0.015333333333333332	
3.832	3.6726666666666667	3.488	3.5446666666666666	3.426	3.3026666666666666	3.2493333333333334	3.1313333333333335	3.012	2.917333333333333	2.8053333333333335	2.8406666666666665	2.715333333333333	2.5973333333333333	2.528	2.474666666666667	2.458666666666667	2.2993333333333332	2.2506666666666666	2.1826666666666665	2.1366666666666667	2.0366666666666666	1.9026666666666667	1.9453333333333334	1.8766666666666667	1.8386666666666667	1.8153333333333332	1.718	1.6993333333333334	1.6433333333333333	1.534	1.512	1.39	1.41	1.3	1.2733333333333334	1.1773333333333333	1.188	1.1586666666666667	1.1	1.0013333333333334	0.9986666666666667	0.91	0.9233333333333333	0.8553333333333333	0.8393333333333334	0.7553333333333333	0.7306666666666667	0.6626666666666666	0.676	0.568	0.5886666666666667	0.5486666666666666	0.5146666666666667	0.488	0.448	0.444	0.42	0.374	0.356	0.3	0.304	0.272	0.252	0.25733333333333336	0.258	0.23266666666666666	0.20533333333333334	0.20133333333333334	0.18066666666666667	0.15	0.15733333333333333	0.13866666666666666	0.12733333333333333	0.11866666666666667	0.11	0.096	0.10933333333333334	0.08933333333333333	0.07466666666666667	0.08	0.08733333333333333	0.06733333333333333	0.07	0.04533333333333334	0.048	0.04733333333333333	0.032	0.04	0.03933333333333333	0.036	0.03	0.026	0.014666666666666666	0.018666666666666668	0.02	0.010666666666666666	0.008	0.013333333333333334	
3.7106666666666666	3.6453333333333333	3.536	3.5206666666666666	3.3266666666666667	3.216	3.1373333333333333	3.0446666666666666	3.022	2.8586666666666667	2.866	2.812666666666667	2.667333333333333	2.622	2.6033333333333335	2.3813333333333335	2.485333333333333	2.328	2.248	2.1666666666666665	2.1773333333333333	2.0513333333333335	2.030666666666667	1.9753333333333334	1.9233333333333333	1.8346666666666667	1.7473333333333334	1.7313333333333334	1.6646666666666667	1.5806666666666667	1.556	1.4353333333333333	1.4073333333333333	1.408	1.292	1.2473333333333334	1.2453333333333334	1.196	1.0933333333333333	1.044	1.0426666666666666	0.9753333333333334	0.9413333333333334	0.9326666666666666	0.8653333333333333	0.802	0.7633333333333333	0.758	0.6733333333333333	0.65	0.598	0.594	0.49666666666666665	0.5346666666666666	0.49	0.4593333333333333	0.43733333333333335	0.394	0.382	0.322	0.348	0.2833333333333333	0.2806666666666667	0.268	0.252	0.24466666666666667	0.21666666666666667	0.20466666666666666	0.188	0.17466666666666666	0.148	0.142	0.13466666666666666	0.13733333333333334	0.15133333333333332	0.10066666666666667	0.11666666666666667	0.09933333333333333	0.092	0.08933333333333333	0.08066666666666666	0.076	0.058	0.066	0.05533333333333333	0.048	0.048	0.044	0.03866666666666667	0.029333333333333333	0.04066666666666666	0.018666666666666668	0.027333333333333334	0.028	0.014666666666666666	0.021333333333333333	0.018666666666666668	0.011333333333333334	0.013333333333333334	
3.7546666666666666	3.6113333333333335	3.497333333333333	3.4346666666666668	3.3766666666666665	3.278	3.208666666666667	3.018	2.972	2.906	2.76	2.727333333333333	2.7373333333333334	2.596	2.476	2.3446666666666665	2.4346666666666668	2.296	2.226	2.1533333333333333	2.1186666666666665	2.0646666666666667	2.034	1.976	1.8533333333333333	1.8106666666666666	1.7266666666666666	1.678	1.6833333333333333	1.588	1.5726666666666667	1.502	1.4146666666666667	1.3793333333333333	1.3	1.2	1.1806666666666668	1.1413333333333333	1.1113333333333333	1.0793333333333333	1.0233333333333334	1.002	0.9113333333333333	0.9246666666666666	0.8486666666666667	0.8166666666666667	0.714	0.72	0.6646666666666666	0.6593333333333333	0.624	0.588	0.5426666666666666	0.5013333333333333	0.474	0.44733333333333336	0.43133333333333335	0.3566666666666667	0.37466666666666665	0.3353333333333333	0.3353333333333333	0.32466666666666666	0.27666666666666667	0.276	0.23666666666666666	0.24533333333333332	0.23466666666666666	0.20933333333333334	0.17066666666666666	0.174	0.168	0.15	0.15133333333333332	0.13866666666666666	0.12866666666666668	0.116	0.11066666666666666	0.1	0.08466666666666667	0.07666666666666666	0.074	0.06533333333333333	0.06933333333333333	0.05333333333333334	0.05533333333333333	0.048666666666666664	0.04666666666666667	0.03133333333333333	0.042666666666666665	0.037333333333333336	0.032	0.03333333333333333	0.02666666666666667	0.02	0.020666666666666667	0.014	0.012	0.012	0.011333333333333334	
3.808666666666667	3.6026666666666665	3.558666666666667	3.4606666666666666	3.3053333333333335	3.262	3.1826666666666665	3.0686666666666667	2.942	2.8593333333333333	2.77	2.6446666666666667	2.7466666666666666	2.5593333333333335	2.582	2.513333333333333	2.368	2.3266666666666667	2.268666666666667	2.1306666666666665	2.118	2.030666666666667	2.017333333333333	1.938	1.8286666666666667	1.7806666666666666	1.7193333333333334	1.6653333333333333	1.592	1.602	1.5006666666666666	1.4446666666666668	1.3873333333333333	1.414	1.3086666666666666	1.2713333333333334	1.202	1.184	1.0993333333333333	1.0806666666666667	1.0226666666666666	0.96	0.9206666666666666	0.922	0.8526666666666667	0.8586666666666667	0.7686666666666667	0.71	0.638	0.6106666666666667	0.606	0.576	0.54	0.538	0.474	0.46	0.43866666666666665	0.38466666666666666	0.374	0.33266666666666667	0.3506666666666667	0.328	0.30133333333333334	0.23466666666666666	0.26	0.23533333333333334	0.21466666666666667	0.21066666666666667	0.20133333333333334	0.17866666666666667	0.162	0.16066666666666668	0.15533333333333332	0.12	0.12533333333333332	0.12	0.108	0.09866666666666667	0.09	0.08666666666666667	0.07266666666666667	0.07466666666666667	0.06866666666666667	0.06133333333333333	0.04533333333333334	0.050666666666666665	0.03866666666666667	0.038	0.035333333333333335	0.028666666666666667	0.030666666666666665	0.029333333333333333	0.019333333333333334	0.023333333333333334	0.012666666666666666	0.014666666666666666	0.008666666666666666	0.01	0.008	
3.7293333333333334	3.6073333333333335	3.47	3.454	3.296666666666667	3.144	3.2293333333333334	3.0726666666666667	2.978666666666667	2.912	2.783333333333333	2.747333333333333	2.642	2.524	2.5853333333333333	2.4326666666666665	2.4366666666666665	2.288666666666667	2.2466666666666666	2.1533333333333333	2.1526666666666667	2.05	2.030666666666667	1.9306666666666668	1.8353333333333333	1.8306666666666667	1.7126666666666666	1.6406666666666667	1.6146666666666667	1.55	1.4886666666666666	1.4393333333333334	1.394	1.3406666666666667	1.3	1.2313333333333334	1.1793333333333333	1.2146666666666666	1.072	1.0473333333333332	0.998	0.9986666666666667	0.9733333333333334	0.892	0.8446666666666667	0.8313333333333334	0.7713333333333333	0.756	0.6853333333333333	0.6546666666666666	0.632	0.568	0.5153333333333333	0.5066666666666667	0.47	0.43533333333333335	0.39466666666666667	0.4073333333333333	0.36333333333333334	0.31266666666666665	0.3293333333333333	0.30533333333333335	0.2793333333333333	0.262	0.27466666666666667	0.22266666666666668	0.24533333333333332	0.21666666666666667	0.188	0.18266666666666667	0.162	0.14866666666666667	0.13933333333333334	0.11733333333333333	0.126	0.116	0.114	0.08466666666666667	0.094	0.07866666666666666	0.08866666666666667	0.07133333333333333	0.06066666666666667	0.07066666666666667	0.05533333333333333	0.06466666666666666	0.050666666666666665	0.038	0.037333333333333336	0.027333333333333334	0.024	0.026	0.023333333333333334	0.017333333333333333	0.016	0.01	0.014666666666666666	0.015333333333333332	0.014	
3.703333333333333	3.6533333333333333	3.502	3.449333333333333	3.2586666666666666	3.255333333333333	3.1426666666666665	3.048	3.066	2.9306666666666668	2.794	2.719333333333333	2.708666666666667	2.6406666666666667	2.530666666666667	2.4393333333333334	2.452	2.198	2.260666666666667	2.1333333333333333	2.0973333333333333	1.9786666666666666	1.9833333333333334	1.9186666666666667	1.7746666666666666	1.7053333333333334	1.7793333333333334	1.6773333333333333	1.6266666666666667	1.5646666666666667	1.5186666666666666	1.4993333333333334	1.4266666666666667	1.312	1.3193333333333332	1.2273333333333334	1.2086666666666666	1.166	1.1426666666666667	1.0813333333333333	1.0073333333333334	0.9573333333333334	0.9826666666666667	0.862	0.842	0.8473333333333334	0.77	0.764	0.6573333333333333	0.6453333333333333	0.622	0.594	0.5253333333333333	0.5153333333333333	0.452	0.4226666666666667	0.41933333333333334	0.36333333333333334	0.37066666666666664	0.3313333333333333	0.32666666666666666	0.29733333333333334	0.29333333333333333	0.2886666666666667	0.25466666666666665	0.23466666666666666	0.212	0.21333333333333335	0.20333333333333334	0.17866666666666667	0.16666666666666666	0.14933333333333335	0.14133333333333334	0.144	0.122	0.09933333333333333	0.106	0.09333333333333334	0.08333333333333333	0.08533333333333333	0.08066666666666666	0.06533333333333333	0.058666666666666666	0.062	0.05533333333333333	0.03866666666666667	0.048666666666666664	0.038	0.04066666666666666	0.042	0.028666666666666667	0.02266666666666667	0.024	0.025333333333333333	0.025333333333333333	0.014666666666666666	0.010666666666666666	0.016	0.008	
3.6166666666666667	3.642	3.432	3.4886666666666666	3.2946666666666666	3.234	3.1333333333333333	3.1733333333333333	3.022	2.8926666666666665	2.8593333333333333	2.7866666666666666	2.6533333333333333	2.5033333333333334	2.5086666666666666	2.4006666666666665	2.4086666666666665	2.2506666666666666	2.28	2.1186666666666665	2.064	2.0353333333333334	1.902	1.9666666666666666	1.944	1.836	1.7573333333333334	1.6693333333333333	1.6553333333333333	1.5293333333333334	1.5573333333333332	1.4213333333333333	1.3886666666666667	1.38	1.3026666666666666	1.3013333333333332	1.1693333333333333	1.218	1.1186666666666667	1.0533333333333332	1.0173333333333334	0.988	0.9286666666666666	0.84	0.83	0.844	0.768	0.7073333333333334	0.708	0.638	0.6593333333333333	0.57	0.514	0.49266666666666664	0.4646666666666667	0.43066666666666664	0.446	0.4033333333333333	0.354	0.3473333333333333	0.3433333333333333	0.28933333333333333	0.2733333333333333	0.2693333333333333	0.25133333333333335	0.226	0.234	0.18666666666666668	0.19733333333333333	0.17333333333333334	0.16933333333333334	0.15	0.132	0.13666666666666666	0.128	0.114	0.10666666666666667	0.10466666666666667	0.09	0.08466666666666667	0.08466666666666667	0.07266666666666667	0.054	0.06333333333333334	0.051333333333333335	0.054	0.04466666666666667	0.03933333333333333	0.034666666666666665	0.036	0.03133333333333333	0.02666666666666667	0.029333333333333333	0.024666666666666667	0.014666666666666666	0.018	0.011333333333333334	0.008	0.011333333333333334	
3.6093333333333333	3.5653333333333332	3.51	3.3893333333333335	3.344	3.220666666666667	3.0886666666666667	3.033333333333333	2.925333333333333	2.83	2.766	2.679333333333333	2.672	2.5953333333333335	2.485333333333333	2.57	2.3233333333333333	2.366	2.2953333333333332	2.094	2.1706666666666665	2.0806666666666667	1.9646666666666666	1.964	1.8766666666666667	1.8133333333333332	1.7793333333333334	1.6826666666666668	1.6653333333333333	1.584	1.514	1.4766666666666666	1.4173333333333333	1.3693333333333333	1.322	1.2826666666666666	1.248	1.1026666666666667	1.1106666666666667	1.0813333333333333	0.9726666666666667	0.984	0.9193333333333333	0.9006666666666666	0.7993333333333333	0.8326666666666667	0.7486666666666667	0.748	0.7173333333333334	0.6646666666666666	0.6033333333333334	0.5786666666666667	0.5653333333333334	0.576	0.47933333333333333	0.434	0.4046666666666667	0.396	0.352	0.3373333333333333	0.3373333333333333	0.30266666666666664	0.2793333333333333	0.26466666666666666	0.25133333333333335	0.24	0.22266666666666668	0.176	0.18133333333333335	0.17333333333333334	0.17866666666666667	0.16733333333333333	0.148	0.128	0.116	0.098	0.09866666666666667	0.108	0.07333333333333333	0.07266666666666667	0.07333333333333333	0.08133333333333333	0.04933333333333333	0.05	0.046	0.064	0.04	0.042666666666666665	0.034666666666666665	0.03133333333333333	0.024	0.024666666666666667	0.025333333333333333	0.017333333333333333	0.02	0.02	0.016666666666666666	0.009333333333333334	0.01	
3.6506666666666665	3.6633333333333336	3.51	3.39	3.243333333333333	3.224666666666667	3.164	3.046	2.866	2.8793333333333333	2.8873333333333333	2.7093333333333334	2.7066666666666666	2.570666666666667	2.5693333333333332	2.3606666666666665	2.344	2.21	2.246	2.1186666666666665	2.1246666666666667	2.0526666666666666	2.0246666666666666	1.9513333333333334	1.9086666666666667	1.764	1.7906666666666666	1.69	1.6566666666666667	1.5833333333333333	1.47	1.5173333333333334	1.4093333333333333	1.3873333333333333	1.3033333333333332	1.328	1.1893333333333334	1.178	1.0633333333333332	1.1126666666666667	1.034	1.0473333333333332	0.9126666666666666	0.9513333333333334	0.8333333333333334	0.8406666666666667	0.7726666666666666	0.712	0.702	0.63	0.57	0.5733333333333334	0.5166666666666667	0.516	0.49133333333333334	0.45466666666666666	0.44333333333333336	0.402	0.36666666666666664	0.3413333333333333	0.348	0.33266666666666667	0.27666666666666667	0.224	0.24933333333333332	0.22133333333333333	0.22333333333333333	0.18333333333333332	0.19	0.16866666666666666	0.15333333333333332	0.178	0.142	0.14	0.12466666666666666	0.12066666666666667	0.09266666666666666	0.09666666666666666	0.108	0.07933333333333334	0.078	0.06066666666666667	0.06533333333333333	0.058666666666666666	0.056	0.048	0.04533333333333334	0.038	0.04466666666666667	0.044	0.03133333333333333	0.021333333333333333	0.019333333333333334	0.016666666666666666	0.016	0.014666666666666666	0.014666666666666666	0.012	0.012666666666666666	
3.744	3.608	3.502666666666667	3.454	3.328666666666667	3.3066666666666666	3.0953333333333335	3.096	2.966666666666667	2.8833333333333333	2.8913333333333333	2.792	2.6733333333333333	2.658	2.5046666666666666	2.4	2.4326666666666665	2.24	2.26	2.1146666666666665	2.1433333333333335	1.9866666666666666	2.0233333333333334	1.9286666666666668	1.9106666666666667	1.7713333333333334	1.7453333333333334	1.6466666666666667	1.6206666666666667	1.5713333333333332	1.5113333333333334	1.4573333333333334	1.4613333333333334	1.4246666666666667	1.3093333333333332	1.29	1.2426666666666666	1.1593333333333333	1.118	1.0786666666666667	1.0493333333333332	1.05	0.894	0.8933333333333333	0.8393333333333334	0.8473333333333334	0.7426666666666667	0.756	0.6773333333333333	0.6633333333333333	0.6493333333333333	0.5973333333333334	0.5333333333333333	0.5493333333333333	0.464	0.44266666666666665	0.41	0.4086666666666667	0.36666666666666664	0.3506666666666667	0.3313333333333333	0.27466666666666667	0.2833333333333333	0.278	0.25733333333333336	0.232	0.21266666666666667	0.21066666666666667	0.21066666666666667	0.18133333333333335	0.17866666666666667	0.144	0.14666666666666667	0.14066666666666666	0.124	0.11333333333333333	0.11933333333333333	0.092	0.08466666666666667	0.07333333333333333	0.07133333333333333	0.06933333333333333	0.059333333333333335	0.064	0.05733333333333333	0.05266666666666667	0.048	0.03266666666666666	0.03866666666666667	0.03	0.034	0.018	0.019333333333333334	0.022	0.025333333333333333	0.023333333333333334	0.012666666666666666	0.012666666666666666	0.01	
3.6806666666666668	3.71	3.478	3.49	3.279333333333333	3.247333333333333	3.124	3.078	2.978	2.978	2.8813333333333335	2.7373333333333334	2.692	2.618	2.552	2.4046666666666665	2.448	2.306	2.283333333333333	2.1813333333333333	2.122	2.07	1.9766666666666666	1.8353333333333333	1.8906666666666667	1.72	1.6846666666666668	1.6333333333333333	1.6966666666666668	1.626	1.53	1.454	1.3826666666666667	1.358	1.312	1.2353333333333334	1.154	1.1873333333333334	1.1186666666666667	1.1286666666666667	0.976	0.9913333333333333	0.916	0.908	0.8413333333333334	0.816	0.7726666666666666	0.722	0.6753333333333333	0.6726666666666666	0.5966666666666667	0.5713333333333334	0.544	0.5006666666666667	0.506	0.44333333333333336	0.45	0.38133333333333336	0.38266666666666665	0.3506666666666667	0.33266666666666667	0.3006666666666667	0.2813333333333333	0.264	0.2773333333333333	0.23066666666666666	0.21533333333333332	0.22866666666666666	0.18733333333333332	0.17	0.162	0.14133333333333334	0.13866666666666666	0.12933333333333333	0.12866666666666668	0.10666666666666667	0.124	0.10733333333333334	0.08933333333333333	0.07333333333333333	0.08333333333333333	0.07066666666666667	0.07133333333333333	0.06333333333333334	0.05466666666666667	0.046	0.03666666666666667	0.04666666666666667	0.04	0.03666666666666667	0.032	0.026	0.023333333333333334	0.026	0.016	0.010666666666666666	0.013333333333333334	0.014	0.009333333333333334	
3.7586666666666666	3.632	3.5393333333333334	3.4273333333333333	3.374	3.243333333333333	3.1473333333333335	3.076	2.993333333333333	2.8853333333333335	2.7746666666666666	2.7586666666666666	2.6766666666666667	2.578	2.564	2.462	2.378	2.3453333333333335	2.288	2.1166666666666667	2.11	2.0673333333333335	2.018	1.9646666666666666	1.9106666666666667	1.8313333333333333	1.7746666666666666	1.6973333333333334	1.696	1.5486666666666666	1.524	1.5113333333333334	1.4273333333333333	1.31	1.2266666666666666	1.28	1.2333333333333334	1.182	1.0966666666666667	1.0833333333333333	1.0613333333333332	0.9846666666666667	0.9013333333333333	0.9126666666666666	0.8953333333333333	0.8153333333333334	0.716	0.7346666666666667	0.6673333333333333	0.684	0.604	0.5706666666666667	0.5413333333333333	0.49	0.502	0.45066666666666666	0.45666666666666667	0.372	0.3606666666666667	0.34933333333333333	0.31866666666666665	0.306	0.27666666666666667	0.27	0.258	0.24866666666666667	0.21133333333333335	0.21266666666666667	0.18866666666666668	0.18666666666666668	0.168	0.14733333333333334	0.138	0.13333333333333333	0.13933333333333334	0.11333333333333333	0.09666666666666666	0.08533333333333333	0.09133333333333334	0.082	0.06533333333333333	0.07733333333333334	0.064	0.052	0.058666666666666666	0.03866666666666667	0.03933333333333333	0.03133333333333333	0.032	0.03266666666666666	0.03266666666666666	0.032	0.020666666666666667	0.014666666666666666	0.016	0.018	0.017333333333333333	0.010666666666666666	0.009333333333333334	
3.6986666666666665	3.646	3.4686666666666666	3.445333333333333	3.372	3.18	3.1886666666666668	3.1333333333333333	3.0406666666666666	2.9966666666666666	2.763333333333333	2.81	2.702	2.5673333333333335	2.509333333333333	2.4433333333333334	2.4193333333333333	2.3213333333333335	2.207333333333333	2.1866666666666665	2.175333333333333	2.0453333333333332	1.994	1.902	1.872	1.758	1.7746666666666666	1.7053333333333334	1.6686666666666667	1.5253333333333334	1.5593333333333332	1.4233333333333333	1.4746666666666666	1.4053333333333333	1.2806666666666666	1.2606666666666666	1.1813333333333333	1.1806666666666668	1.1066666666666667	1.0746666666666667	1.0046666666666666	1.0086666666666666	0.9146666666666666	0.9353333333333333	0.82	0.802	0.7686666666666667	0.71	0.6606666666666666	0.616	0.6126666666666667	0.61	0.552	0.5066666666666667	0.4806666666666667	0.4593333333333333	0.41933333333333334	0.42933333333333334	0.4186666666666667	0.33666666666666667	0.30933333333333335	0.288	0.306	0.272	0.2613333333333333	0.24133333333333334	0.218	0.19533333333333333	0.192	0.17133333333333334	0.168	0.15333333333333332	0.144	0.134	0.13866666666666666	0.116	0.11866666666666667	0.10933333333333334	0.08933333333333333	0.07533333333333334	0.09666666666666666	0.07533333333333334	0.07933333333333334	0.05333333333333334	0.04733333333333333	0.04533333333333334	0.04533333333333334	0.037333333333333336	0.037333333333333336	0.030666666666666665	0.034	0.034	0.026	0.018666666666666668	0.026	0.011333333333333334	0.013333333333333334	0.014666666666666666	0.008	
3.6826666666666665	3.6546666666666665	3.6006666666666667	3.4446666666666665	3.3253333333333335	3.2993333333333332	3.175333333333333	3.124	2.9686666666666666	2.8486666666666665	2.862	2.686	2.648	2.5673333333333335	2.5866666666666664	2.4833333333333334	2.3846666666666665	2.278	2.192	2.1426666666666665	2.136	1.9573333333333334	2.016	1.9326666666666668	1.904	1.7953333333333332	1.756	1.6553333333333333	1.634	1.6073333333333333	1.5346666666666666	1.4906666666666666	1.386	1.3793333333333333	1.328	1.31	1.19	1.202	1.1006666666666667	1.1053333333333333	0.992	1.0193333333333334	0.9246666666666666	0.91	0.8313333333333334	0.8346666666666667	0.7753333333333333	0.7566666666666667	0.7166666666666667	0.622	0.6106666666666667	0.5733333333333334	0.526	0.5013333333333333	0.4706666666666667	0.44666666666666666	0.402	0.426	0.3453333333333333	0.3506666666666667	0.32066666666666666	0.2653333333333333	0.26666666666666666	0.25733333333333336	0.254	0.23	0.23266666666666666	0.204	0.19333333333333333	0.196	0.17066666666666666	0.17266666666666666	0.13933333333333334	0.13466666666666666	0.12133333333333333	0.11133333333333334	0.12	0.09933333333333333	0.096	0.09066666666666667	0.084	0.08066666666666666	0.062	0.07466666666666667	0.058	0.05333333333333334	0.04733333333333333	0.04	0.034666666666666665	0.034666666666666665	0.03666666666666667	0.028666666666666667	0.025333333333333333	0.016	0.023333333333333334	0.016	0.014666666666666666	0.008666666666666666	0.008666666666666666	
3.7	3.694	3.3886666666666665	3.478666666666667	3.28	3.2053333333333334	3.1266666666666665	3.0753333333333335	2.934	2.912	2.754	2.675333333333333	2.686	2.5453333333333332	2.582	2.514	2.4206666666666665	2.3153333333333332	2.2586666666666666	2.19	2.206	2.012	2.009333333333333	1.908	1.9573333333333334	1.79	1.7813333333333334	1.6573333333333333	1.6146666666666667	1.6066666666666667	1.5	1.5026666666666666	1.402	1.3373333333333333	1.326	1.242	1.1913333333333334	1.1506666666666667	1.1273333333333333	1.0546666666666666	1.0366666666666666	0.9933333333333333	0.9453333333333334	0.912	0.8426666666666667	0.8393333333333334	0.736	0.7213333333333334	0.69	0.6693333333333333	0.61	0.5806666666666667	0.52	0.4846666666666667	0.5	0.4613333333333333	0.394	0.37733333333333335	0.37533333333333335	0.348	0.326	0.28733333333333333	0.2733333333333333	0.23733333333333334	0.248	0.242	0.226	0.22933333333333333	0.182	0.17066666666666666	0.152	0.14933333333333335	0.14666666666666667	0.12533333333333332	0.126	0.116	0.11933333333333333	0.112	0.092	0.076	0.08666666666666667	0.078	0.06066666666666667	0.068	0.05266666666666667	0.058666666666666666	0.042666666666666665	0.04133333333333333	0.03933333333333333	0.035333333333333335	0.04133333333333333	0.026	0.024	0.02266666666666667	0.016666666666666666	0.02	0.016	0.018666666666666668	0.011333333333333334	
3.712	3.5913333333333335	3.396	3.3693333333333335	3.304666666666667	3.236666666666667	3.166	3.0953333333333335	3.0126666666666666	2.8706666666666667	2.832	2.7506666666666666	2.6506666666666665	2.5613333333333332	2.4966666666666666	2.4913333333333334	2.4766666666666666	2.3513333333333333	2.2626666666666666	2.1373333333333333	2.1246666666666667	2.046	2.004	1.8586666666666667	1.8766666666666667	1.842	1.748	1.7126666666666666	1.6186666666666667	1.606	1.4753333333333334	1.4806666666666666	1.4293333333333333	1.3753333333333333	1.2966666666666666	1.2906666666666666	1.2213333333333334	1.228	1.1533333333333333	1.1366666666666667	1.03	1.0273333333333334	0.9566666666666667	0.8873333333333333	0.8306666666666667	0.8046666666666666	0.754	0.7526666666666667	0.7073333333333334	0.616	0.5853333333333334	0.6066666666666667	0.56	0.5146666666666667	0.486	0.45866666666666667	0.392	0.39	0.3893333333333333	0.35733333333333334	0.336	0.294	0.2806666666666667	0.264	0.25533333333333336	0.25466666666666665	0.21533333333333332	0.17866666666666667	0.19266666666666668	0.176	0.16733333333333333	0.15533333333333332	0.14333333333333334	0.126	0.12266666666666666	0.12733333333333333	0.118	0.096	0.092	0.08933333333333333	0.084	0.08266666666666667	0.058666666666666666	0.06266666666666666	0.058	0.056	0.048	0.03933333333333333	0.037333333333333336	0.043333333333333335	0.030666666666666665	0.032	0.024	0.027333333333333334	0.018666666666666668	0.021333333333333333	0.009333333333333334	0.008666666666666666	0.01	
3.8586666666666667	3.63	3.5126666666666666	3.466	3.28	3.279333333333333	3.1393333333333335	3.037333333333333	3.022	2.9246666666666665	2.8646666666666665	2.75	2.7293333333333334	2.529333333333333	2.518666666666667	2.532	2.3826666666666667	2.2573333333333334	2.3173333333333335	2.1653333333333333	2.176	2.042666666666667	1.9626666666666666	1.908	1.8733333333333333	1.8113333333333332	1.7713333333333334	1.6193333333333333	1.7166666666666666	1.5706666666666667	1.5153333333333334	1.4753333333333334	1.4646666666666666	1.4	1.2846666666666666	1.2446666666666666	1.19	1.1846666666666668	1.1066666666666667	1.072	1.0113333333333334	0.9826666666666667	0.9346666666666666	0.8713333333333333	0.8173333333333334	0.846	0.78	0.694	0.6833333333333333	0.6526666666666666	0.6286666666666667	0.5493333333333333	0.5506666666666666	0.5253333333333333	0.496	0.43466666666666665	0.46	0.38333333333333336	0.364	0.3453333333333333	0.338	0.31066666666666665	0.28933333333333333	0.27466666666666667	0.23533333333333334	0.23733333333333334	0.2	0.19266666666666668	0.21866666666666668	0.174	0.16	0.14666666666666667	0.15733333333333333	0.134	0.122	0.11533333333333333	0.11266666666666666	0.102	0.09533333333333334	0.076	0.07666666666666666	0.08266666666666667	0.07133333333333333	0.058666666666666666	0.052	0.05333333333333334	0.042	0.04066666666666666	0.035333333333333335	0.03133333333333333	0.032	0.026	0.024	0.02266666666666667	0.019333333333333334	0.014666666666666666	0.013333333333333334	0.02	0.014666666666666666	
3.7026666666666666	3.586	3.453333333333333	3.4386666666666668	3.3633333333333333	3.1273333333333335	3.1366666666666667	3.199333333333333	2.970666666666667	2.9106666666666667	2.9133333333333336	2.695333333333333	2.6606666666666667	2.5966666666666667	2.5593333333333335	2.4753333333333334	2.388	2.308666666666667	2.286	2.128	2.1353333333333335	2.0713333333333335	1.9893333333333334	1.9346666666666668	1.9353333333333333	1.7913333333333334	1.7726666666666666	1.6546666666666667	1.682	1.584	1.5713333333333332	1.4806666666666666	1.4013333333333333	1.3326666666666667	1.2546666666666666	1.224	1.2073333333333334	1.1873333333333334	1.064	1.0666666666666667	1.022	0.98	0.9113333333333333	0.878	0.846	0.802	0.7893333333333333	0.752	0.662	0.6866666666666666	0.6393333333333333	0.6053333333333333	0.5433333333333333	0.5033333333333333	0.42866666666666664	0.45	0.42866666666666664	0.4146666666666667	0.3526666666666667	0.38333333333333336	0.352	0.31666666666666665	0.288	0.2833333333333333	0.25466666666666665	0.23133333333333334	0.23466666666666666	0.20933333333333334	0.18733333333333332	0.19866666666666666	0.17133333333333334	0.15266666666666667	0.14266666666666666	0.136	0.12333333333333334	0.124	0.11133333333333334	0.10666666666666667	0.08733333333333333	0.09333333333333334	0.078	0.086	0.07133333333333333	0.048666666666666664	0.05466666666666667	0.05533333333333333	0.03933333333333333	0.037333333333333336	0.03133333333333333	0.028	0.034666666666666665	0.034	0.028	0.021333333333333333	0.019333333333333334	0.019333333333333334	0.014	0.013333333333333334	0.01	
3.678	3.6053333333333333	3.48	3.3746666666666667	3.3026666666666666	3.298	3.1746666666666665	3.1186666666666665	2.976	2.8953333333333333	2.8486666666666665	2.76	2.652	2.5513333333333335	2.5886666666666667	2.4086666666666665	2.36	2.296	2.280666666666667	2.1606666666666667	2.154	2.038	2.002666666666667	1.9673333333333334	1.8573333333333333	1.7713333333333334	1.7686666666666666	1.7106666666666666	1.5913333333333333	1.5606666666666666	1.552	1.414	1.4173333333333333	1.3926666666666667	1.2633333333333334	1.2766666666666666	1.2273333333333334	1.1553333333333333	1.108	1.118	1.0186666666666666	0.9946666666666667	0.9073333333333333	0.8773333333333333	0.866	0.8293333333333334	0.7773333333333333	0.716	0.6926666666666667	0.6706666666666666	0.6293333333333333	0.5846666666666667	0.55	0.518	0.49133333333333334	0.43733333333333335	0.4266666666666667	0.3913333333333333	0.3626666666666667	0.37066666666666664	0.31333333333333335	0.30666666666666664	0.30466666666666664	0.2753333333333333	0.24	0.224	0.23333333333333334	0.19666666666666666	0.19933333333333333	0.17133333333333334	0.16333333333333333	0.14733333333333334	0.15466666666666667	0.142	0.126	0.11866666666666667	0.11333333333333333	0.11266666666666666	0.09733333333333333	0.07933333333333334	0.07266666666666667	0.07466666666666667	0.06	0.068	0.06	0.05466666666666667	0.046	0.04533333333333334	0.04	0.034666666666666665	0.024	0.025333333333333333	0.024	0.016	0.026	0.018	0.011333333333333334	0.018	0.01	
3.718	3.66	3.4873333333333334	3.3586666666666667	3.3213333333333335	3.2386666666666666	3.2226666666666666	3.046666666666667	2.904	2.84	2.886	2.6966666666666668	2.6973333333333334	2.6093333333333333	2.514666666666667	2.45	2.437333333333333	2.240666666666667	2.2813333333333334	2.1693333333333333	2.122	2.1006666666666667	2.0886666666666667	1.924	1.848	1.7933333333333332	1.726	1.6746666666666667	1.622	1.514	1.5353333333333334	1.482	1.39	1.404	1.2986666666666666	1.298	1.208	1.1286666666666667	1.0886666666666667	1.1253333333333333	1.004	0.9613333333333334	0.9426666666666667	0.95	0.8553333333333333	0.8173333333333334	0.748	0.7866666666666666	0.6933333333333334	0.678	0.6086666666666667	0.6033333333333334	0.5666666666666667	0.5113333333333333	0.47333333333333333	0.44133333333333336	0.44	0.39866666666666667	0.37266666666666665	0.344	0.3393333333333333	0.322	0.2853333333333333	0.2733333333333333	0.2653333333333333	0.23466666666666666	0.23733333333333334	0.20466666666666666	0.18533333333333332	0.19066666666666668	0.17733333333333334	0.14933333333333335	0.15466666666666667	0.14733333333333334	0.12333333333333334	0.12	0.108	0.098	0.096	0.09266666666666666	0.08066666666666666	0.06466666666666666	0.07733333333333334	0.07	0.05466666666666667	0.05266666666666667	0.048666666666666664	0.042	0.038	0.026	0.02266666666666667	0.016666666666666666	0.022	0.02	0.021333333333333333	0.013333333333333334	0.024	0.014666666666666666	0.012	
3.6626666666666665	3.735333333333333	3.418	3.474	3.2693333333333334	3.2373333333333334	3.0446666666666666	3.1226666666666665	2.932	2.862	2.904	2.836	2.7173333333333334	2.516	2.570666666666667	2.4646666666666666	2.308	2.3273333333333333	2.308666666666667	2.198	2.1546666666666665	2.054666666666667	2.030666666666667	1.908	1.9313333333333333	1.7973333333333332	1.7813333333333334	1.6573333333333333	1.644	1.5766666666666667	1.5386666666666666	1.4666666666666666	1.41	1.3846666666666667	1.3393333333333333	1.336	1.2253333333333334	1.1433333333333333	1.1246666666666667	1.0786666666666667	0.9766666666666667	0.9786666666666667	0.91	0.9106666666666666	0.8593333333333333	0.8186666666666667	0.7846666666666666	0.7746666666666666	0.678	0.6466666666666666	0.6213333333333333	0.5853333333333334	0.516	0.5213333333333333	0.494	0.4673333333333333	0.43266666666666664	0.36733333333333335	0.396	0.358	0.31	0.286	0.2633333333333333	0.284	0.272	0.23133333333333334	0.22333333333333333	0.208	0.17066666666666666	0.16533333333333333	0.16333333333333333	0.13933333333333334	0.14266666666666666	0.13666666666666666	0.12933333333333333	0.11266666666666666	0.12266666666666666	0.09066666666666667	0.09733333333333333	0.08333333333333333	0.08933333333333333	0.07066666666666667	0.07066666666666667	0.050666666666666665	0.051333333333333335	0.050666666666666665	0.04933333333333333	0.038	0.03333333333333333	0.028666666666666667	0.034	0.022	0.021333333333333333	0.025333333333333333	0.024666666666666667	0.013333333333333334	0.015333333333333332	0.015333333333333332	0.011333333333333334	
3.6866666666666665	3.5653333333333332	3.516	3.3606666666666665	3.296666666666667	3.256	3.1653333333333333	3.1306666666666665	2.926	2.8786666666666667	2.826	2.768666666666667	2.764	2.62	2.534666666666667	2.4386666666666668	2.414	2.338	2.294	2.187333333333333	2.1413333333333333	2.0006666666666666	2.018	1.942	1.854	1.7926666666666666	1.7626666666666666	1.7093333333333334	1.7013333333333334	1.614	1.5586666666666666	1.4633333333333334	1.3746666666666667	1.386	1.3173333333333332	1.2746666666666666	1.1586666666666667	1.1506666666666667	1.1613333333333333	1.072	1.0546666666666666	1.0026666666666666	0.93	0.89	0.8193333333333334	0.804	0.8333333333333334	0.7233333333333334	0.6626666666666666	0.6473333333333333	0.616	0.584	0.5306666666666666	0.49066666666666664	0.488	0.4646666666666667	0.414	0.4093333333333333	0.39066666666666666	0.3626666666666667	0.358	0.29933333333333334	0.308	0.266	0.258	0.236	0.23466666666666666	0.19866666666666666	0.20066666666666666	0.18133333333333335	0.16733333333333333	0.15533333333333332	0.134	0.132	0.13066666666666665	0.122	0.11466666666666667	0.11666666666666667	0.08533333333333333	0.112	0.06666666666666667	0.06066666666666667	0.078	0.074	0.054	0.05	0.048	0.04066666666666666	0.037333333333333336	0.032	0.028	0.02666666666666667	0.024	0.018666666666666668	0.018666666666666668	0.024666666666666667	0.013333333333333334	0.014666666666666666	0.01	
3.668	3.5693333333333332	3.3806666666666665	3.5086666666666666	3.346	3.283333333333333	3.092	3.06	3.0553333333333335	2.8553333333333333	2.88	2.7133333333333334	2.702	2.544	2.558666666666667	2.44	2.4233333333333333	2.3073333333333332	2.218	2.11	2.167333333333333	2.084	2.08	1.9593333333333334	1.864	1.8133333333333332	1.7406666666666666	1.7326666666666666	1.6586666666666667	1.5853333333333333	1.5313333333333334	1.508	1.3946666666666667	1.3273333333333333	1.3266666666666667	1.2646666666666666	1.1653333333333333	1.19	1.0786666666666667	1.08	1.0113333333333334	1.0006666666666666	0.9566666666666667	0.89	0.8433333333333334	0.798	0.7433333333333333	0.716	0.6886666666666666	0.6553333333333333	0.6333333333333333	0.598	0.5326666666666666	0.518	0.4646666666666667	0.4673333333333333	0.42133333333333334	0.37933333333333336	0.3873333333333333	0.338	0.32	0.29733333333333334	0.27266666666666667	0.25866666666666666	0.25133333333333335	0.24866666666666667	0.20466666666666666	0.2	0.168	0.19666666666666666	0.168	0.15133333333333332	0.148	0.12	0.10133333333333333	0.11	0.11133333333333334	0.10133333333333333	0.1	0.084	0.09133333333333334	0.072	0.062	0.07666666666666666	0.058	0.04466666666666667	0.04	0.04066666666666666	0.029333333333333333	0.029333333333333333	0.025333333333333333	0.029333333333333333	0.023333333333333334	0.023333333333333334	0.018	0.017333333333333333	0.014	0.013333333333333334	0.012	
3.85	3.6106666666666665	3.4513333333333334	3.4353333333333333	3.2933333333333334	3.2706666666666666	3.144	3.1706666666666665	2.956	2.933333333333333	2.824	2.716	2.712	2.56	2.598	2.453333333333333	2.324	2.267333333333333	2.2226666666666666	2.1006666666666667	2.06	2.03	2.009333333333333	1.922	1.864	1.8593333333333333	1.7766666666666666	1.7113333333333334	1.6373333333333333	1.5753333333333333	1.5553333333333332	1.542	1.464	1.3573333333333333	1.3033333333333332	1.232	1.212	1.1953333333333334	1.1193333333333333	1.1246666666666667	1.022	0.9666666666666667	0.8906666666666667	0.9026666666666666	0.814	0.8026666666666666	0.7866666666666666	0.732	0.6793333333333333	0.668	0.6046666666666667	0.5726666666666667	0.5533333333333333	0.5186666666666667	0.48933333333333334	0.45466666666666666	0.41533333333333333	0.4	0.38466666666666666	0.344	0.35533333333333333	0.312	0.284	0.2713333333333333	0.2653333333333333	0.22	0.23133333333333334	0.20333333333333334	0.19266666666666668	0.19666666666666666	0.158	0.15733333333333333	0.146	0.13533333333333333	0.13133333333333333	0.132	0.11933333333333333	0.1	0.106	0.09	0.078	0.07533333333333334	0.064	0.05333333333333334	0.05266666666666667	0.04133333333333333	0.038	0.04133333333333333	0.04133333333333333	0.02666666666666667	0.03266666666666666	0.029333333333333333	0.028	0.02666666666666667	0.025333333333333333	0.018666666666666668	0.017333333333333333	0.011333333333333334	0.009333333333333334	
3.574	3.7	3.437333333333333	3.3886666666666665	3.2693333333333334	3.1893333333333334	3.0886666666666667	3.0966666666666667	2.9086666666666665	2.812666666666667	2.826	2.7226666666666666	2.6433333333333335	2.5633333333333335	2.478666666666667	2.4646666666666666	2.352	2.243333333333333	2.1926666666666668	2.1826666666666665	2.0566666666666666	1.982	1.9333333333333333	1.8706666666666667	1.8713333333333333	1.7526666666666666	1.7293333333333334	1.786	1.6186666666666667	1.5413333333333334	1.454	1.4546666666666668	1.4266666666666667	1.374	1.3066666666666666	1.342	1.1953333333333334	1.1533333333333333	1.156	1.08	1.0073333333333334	1.016	0.97	0.9053333333333333	0.7913333333333333	0.7913333333333333	0.8073333333333333	0.7486666666666667	0.678	0.6573333333333333	0.5966666666666667	0.596	0.5173333333333333	0.5246666666666666	0.466	0.43866666666666665	0.428	0.4053333333333333	0.4033333333333333	0.366	0.33066666666666666	0.2833333333333333	0.2773333333333333	0.2733333333333333	0.23866666666666667	0.24066666666666667	0.22066666666666668	0.22133333333333333	0.202	0.17666666666666667	0.17533333333333334	0.13666666666666666	0.128	0.124	0.12666666666666668	0.10866666666666666	0.108	0.09666666666666666	0.088	0.08666666666666667	0.08266666666666667	0.06533333333333333	0.07266666666666667	0.064	0.06333333333333334	0.05266666666666667	0.03866666666666667	0.04066666666666666	0.038	0.035333333333333335	0.023333333333333334	0.021333333333333333	0.019333333333333334	0.024	0.021333333333333333	0.019333333333333334	0.015333333333333332	0.014666666666666666	0.006	
3.632	3.498666666666667	3.384	3.4306666666666668	3.164	3.248	3.12	2.9473333333333334	2.9013333333333335	2.7826666666666666	2.734	2.5726666666666667	2.6166666666666667	2.482666666666667	2.518	2.36	2.398	2.284	2.2533333333333334	2.1646666666666667	2.07	1.9586666666666666	1.958	1.794	1.8306666666666667	1.8066666666666666	1.6753333333333333	1.686	1.538	1.4766666666666666	1.4693333333333334	1.4866666666666666	1.3853333333333333	1.3313333333333333	1.2206666666666666	1.288	1.2393333333333334	1.1306666666666667	1.126	1.1033333333333333	1.0306666666666666	0.9806666666666667	0.9166666666666666	0.8666666666666667	0.8433333333333334	0.88	0.7553333333333333	0.7186666666666667	0.6966666666666667	0.668	0.5793333333333334	0.546	0.5033333333333333	0.5146666666666667	0.43533333333333335	0.43333333333333335	0.434	0.36466666666666664	0.346	0.35533333333333333	0.3253333333333333	0.29133333333333333	0.3006666666666667	0.25666666666666665	0.254	0.21533333333333332	0.23333333333333334	0.184	0.19466666666666665	0.176	0.16066666666666668	0.16066666666666668	0.15933333333333333	0.132	0.124	0.11733333333333333	0.104	0.1	0.09666666666666666	0.07933333333333334	0.08266666666666667	0.074	0.076	0.05733333333333333	0.064	0.05	0.04133333333333333	0.03666666666666667	0.04133333333333333	0.037333333333333336	0.03133333333333333	0.017333333333333333	0.02266666666666667	0.018666666666666668	0.02	0.014	0.018	0.016	0.01	
3.6553333333333335	3.5393333333333334	3.402	3.326	3.2466666666666666	3.0893333333333333	3.0486666666666666	3.022	2.88	2.814	2.75	2.6586666666666665	2.6846666666666668	2.4886666666666666	2.472	2.304	2.3773333333333335	2.23	2.2413333333333334	2.0973333333333333	2.078	1.982	1.9073333333333333	1.846	1.8186666666666667	1.7713333333333334	1.684	1.628	1.5733333333333333	1.5073333333333334	1.466	1.4193333333333333	1.35	1.3353333333333333	1.296	1.2786666666666666	1.1706666666666667	1.144	1.1153333333333333	1.0453333333333332	1.002	0.9853333333333333	0.9093333333333333	0.846	0.7866666666666666	0.8113333333333334	0.7386666666666667	0.7046666666666667	0.704	0.6446666666666667	0.5806666666666667	0.5766666666666667	0.5513333333333333	0.49066666666666664	0.464	0.43	0.3913333333333333	0.4026666666666667	0.36533333333333334	0.348	0.30666666666666664	0.302	0.2793333333333333	0.256	0.244	0.20466666666666666	0.21	0.19533333333333333	0.21333333333333335	0.14733333333333334	0.18066666666666667	0.13733333333333334	0.14533333333333334	0.14133333333333334	0.14733333333333334	0.12733333333333333	0.126	0.09666666666666666	0.1	0.08733333333333333	0.064	0.06933333333333333	0.06533333333333333	0.06066666666666667	0.04933333333333333	0.04533333333333334	0.06	0.042	0.048	0.04	0.03	0.032	0.023333333333333334	0.022	0.015333333333333332	0.013333333333333334	0.009333333333333334	0.011333333333333334	0.012	
3.562666666666667	3.5833333333333335	3.3633333333333333	3.2546666666666666	3.1966666666666668	3.194	3.070666666666667	2.966666666666667	2.8686666666666665	2.760666666666667	2.764	2.666	2.6373333333333333	2.508	2.482666666666667	2.4133333333333336	2.312	2.1586666666666665	2.166	2.054666666666667	2.114	1.9666666666666666	1.9053333333333333	1.764	1.8186666666666667	1.74	1.7166666666666666	1.6013333333333333	1.5733333333333333	1.4786666666666666	1.4066666666666667	1.42	1.3653333333333333	1.3253333333333333	1.282	1.2633333333333334	1.1846666666666668	1.1133333333333333	1.0753333333333333	1.0626666666666666	0.9753333333333334	0.992	0.8913333333333333	0.8893333333333333	0.822	0.784	0.7166666666666667	0.7293333333333333	0.664	0.65	0.5813333333333334	0.578	0.5386666666666666	0.5033333333333333	0.454	0.44	0.418	0.3953333333333333	0.38333333333333336	0.338	0.328	0.32066666666666666	0.29	0.27	0.26066666666666666	0.22266666666666668	0.232	0.216	0.19866666666666666	0.19933333333333333	0.15933333333333333	0.18266666666666667	0.14	0.12733333333333333	0.102	0.11266666666666666	0.09733333333333333	0.1	0.08933333333333333	0.08533333333333333	0.07466666666666667	0.086	0.074	0.05533333333333333	0.05733333333333333	0.04466666666666667	0.04066666666666666	0.042	0.036	0.03666666666666667	0.02666666666666667	0.023333333333333334	0.023333333333333334	0.027333333333333334	0.014666666666666666	0.014666666666666666	0.015333333333333332	0.013333333333333334	0.011333333333333334	
3.6106666666666665	3.4133333333333336	3.4053333333333335	3.3393333333333333	3.138	3.15	3.0573333333333332	2.8613333333333335	2.892	2.768666666666667	2.73	2.529333333333333	2.6306666666666665	2.494	2.4393333333333334	2.3453333333333335	2.308	2.1453333333333333	2.18	2.078666666666667	2.07	1.9173333333333333	1.9166666666666667	1.8273333333333333	1.8053333333333332	1.732	1.602	1.6013333333333333	1.604	1.4866666666666666	1.414	1.3933333333333333	1.2853333333333334	1.2873333333333334	1.258	1.218	1.1333333333333333	1.1266666666666667	1.0526666666666666	1.048	1.0066666666666666	0.9646666666666667	0.9033333333333333	0.8813333333333333	0.822	0.778	0.706	0.694	0.6086666666666667	0.6773333333333333	0.5926666666666667	0.5586666666666666	0.53	0.5046666666666667	0.4533333333333333	0.42533333333333334	0.418	0.36733333333333335	0.3486666666666667	0.31533333333333335	0.31466666666666665	0.27266666666666667	0.2693333333333333	0.27066666666666667	0.23133333333333334	0.23333333333333334	0.23933333333333334	0.21533333333333332	0.16066666666666668	0.16866666666666666	0.15933333333333333	0.12733333333333333	0.12866666666666668	0.128	0.14266666666666666	0.10333333333333333	0.10333333333333333	0.08666666666666667	0.08466666666666667	0.088	0.078	0.07066666666666667	0.06266666666666666	0.06133333333333333	0.04733333333333333	0.058	0.048	0.032	0.028	0.027333333333333334	0.025333333333333333	0.021333333333333333	0.02	0.023333333333333334	0.020666666666666667	0.014666666666666666	0.016666666666666666	0.014666666666666666	0.009333333333333334	
3.4873333333333334	3.4426666666666668	3.244666666666667	3.208	3.042	3.116	2.962666666666667	2.934	2.8533333333333335	2.767333333333333	2.718	2.534666666666667	2.477333333333333	2.4306666666666668	2.3333333333333335	2.278	2.264	2.178	2.098	2.0326666666666666	2.042	1.926	1.822	1.7473333333333334	1.712	1.676	1.6406666666666667	1.5953333333333333	1.572	1.5046666666666666	1.4593333333333334	1.4133333333333333	1.386	1.3046666666666666	1.332	1.1713333333333333	1.1593333333333333	1.1426666666666667	1.0386666666666666	1.0206666666666666	0.956	0.9693333333333334	0.8866666666666667	0.8393333333333334	0.8313333333333334	0.7266666666666667	0.7293333333333333	0.6553333333333333	0.614	0.6726666666666666	0.586	0.558	0.5193333333333333	0.5013333333333333	0.418	0.42733333333333334	0.4146666666666667	0.386	0.3486666666666667	0.3446666666666667	0.302	0.296	0.25933333333333336	0.25266666666666665	0.242	0.212	0.208	0.18	0.19466666666666665	0.16466666666666666	0.17533333333333334	0.15333333333333332	0.11666666666666667	0.138	0.12666666666666668	0.10466666666666667	0.09	0.09533333333333334	0.08133333333333333	0.092	0.07	0.06066666666666667	0.07333333333333333	0.051333333333333335	0.058666666666666666	0.04666666666666667	0.04	0.04533333333333334	0.036	0.034	0.030666666666666665	0.018666666666666668	0.019333333333333334	0.02666666666666667	0.02	0.018666666666666668	0.016	0.012666666666666666	0.01	
3.421333333333333	3.4106666666666667	3.2893333333333334	3.1586666666666665	3.0946666666666665	3.0653333333333332	2.9633333333333334	2.8573333333333335	2.8466666666666667	2.74	2.6706666666666665	2.5713333333333335	2.494	2.472	2.4346666666666668	2.262	2.24	2.204	2.1366666666666667	2.0753333333333335	2.005333333333333	1.9426666666666668	1.912	1.776	1.7386666666666666	1.7446666666666666	1.6666666666666667	1.67	1.5306666666666666	1.5546666666666666	1.4606666666666666	1.3646666666666667	1.368	1.3213333333333332	1.1486666666666667	1.1486666666666667	1.1386666666666667	1.0946666666666667	1.0506666666666666	1.024	0.9546666666666667	0.9266666666666666	0.8846666666666667	0.8453333333333334	0.8233333333333334	0.76	0.6886666666666666	0.73	0.634	0.652	0.6153333333333333	0.5513333333333333	0.538	0.5113333333333333	0.43866666666666665	0.42133333333333334	0.4033333333333333	0.36933333333333335	0.3393333333333333	0.33666666666666667	0.318	0.29533333333333334	0.2833333333333333	0.25	0.25	0.23333333333333334	0.236	0.19333333333333333	0.19066666666666668	0.18933333333333333	0.172	0.15533333333333332	0.14733333333333334	0.134	0.11733333333333333	0.10866666666666666	0.11333333333333333	0.09533333333333334	0.10066666666666667	0.08466666666666667	0.06733333333333333	0.08266666666666667	0.07333333333333333	0.052	0.048666666666666664	0.048666666666666664	0.044	0.048666666666666664	0.029333333333333333	0.032	0.028	0.025333333333333333	0.019333333333333334	0.018	0.016666666666666666	0.012	0.010666666666666666	0.012666666666666666	0.010666666666666666	
3.428	3.38	3.215333333333333	3.22	3.066666666666667	3.0613333333333332	2.856	2.732	2.7413333333333334	2.6133333333333333	2.5906666666666665	2.53	2.4406666666666665	2.3813333333333335	2.320666666666667	2.199333333333333	2.28	2.1546666666666665	2.066666666666667	1.986	1.9386666666666668	1.8766666666666667	1.9113333333333333	1.7393333333333334	1.7333333333333334	1.6626666666666667	1.616	1.5333333333333334	1.4753333333333334	1.5073333333333334	1.402	1.326	1.2926666666666666	1.2913333333333334	1.2153333333333334	1.2073333333333334	1.1393333333333333	1.1373333333333333	1.028	1.0213333333333334	0.9293333333333333	0.9186666666666666	0.8886666666666667	0.866	0.788	0.7613333333333333	0.704	0.678	0.6506666666666666	0.6333333333333333	0.5686666666666667	0.5446666666666666	0.5026666666666667	0.486	0.436	0.392	0.374	0.38	0.3586666666666667	0.292	0.30866666666666664	0.268	0.25933333333333336	0.25133333333333335	0.244	0.234	0.22333333333333333	0.20333333333333334	0.17666666666666667	0.15133333333333332	0.15533333333333332	0.144	0.13	0.12533333333333332	0.11133333333333334	0.12133333333333333	0.102	0.09	0.08866666666666667	0.08	0.07733333333333334	0.05466666666666667	0.056	0.056666666666666664	0.05733333333333333	0.038	0.048666666666666664	0.042	0.037333333333333336	0.034	0.025333333333333333	0.029333333333333333	0.02266666666666667	0.02666666666666667	0.020666666666666667	0.012666666666666666	0.012	0.010666666666666666	0.006	
3.4153333333333333	3.372	3.2346666666666666	3.175333333333333	3.0486666666666666	2.9473333333333334	2.8353333333333333	2.776666666666667	2.7106666666666666	2.572	2.6033333333333335	2.4793333333333334	2.468	2.328666666666667	2.3313333333333333	2.211333333333333	2.1973333333333334	2.082666666666667	2.104	1.9393333333333334	1.924	1.936	1.828	1.7626666666666666	1.6986666666666668	1.6546666666666667	1.6033333333333333	1.484	1.494	1.454	1.4113333333333333	1.342	1.2873333333333334	1.2726666666666666	1.2233333333333334	1.2046666666666668	1.0733333333333333	1.0673333333333332	1.01	0.968	0.9493333333333334	0.9093333333333333	0.8786666666666667	0.8093333333333333	0.7786666666666666	0.742	0.7046666666666667	0.6706666666666666	0.6846666666666666	0.6086666666666667	0.5653333333333334	0.548	0.482	0.49533333333333335	0.4646666666666667	0.422	0.428	0.368	0.346	0.3313333333333333	0.2866666666666667	0.29733333333333334	0.25266666666666665	0.25733333333333336	0.26	0.204	0.21133333333333335	0.19066666666666668	0.18466666666666667	0.16266666666666665	0.158	0.14733333333333334	0.15333333333333332	0.12866666666666668	0.11533333333333333	0.10333333333333333	0.10466666666666667	0.07	0.07466666666666667	0.059333333333333335	0.06933333333333333	0.06866666666666667	0.06266666666666666	0.050666666666666665	0.04933333333333333	0.04533333333333334	0.043333333333333335	0.048	0.04133333333333333	0.030666666666666665	0.027333333333333334	0.026	0.020666666666666667	0.02266666666666667	0.021333333333333333	0.015333333333333332	0.014666666666666666	0.010666666666666666	0.011333333333333334	
3.3626666666666667	3.272666666666667	3.0773333333333333	3.078	3.082666666666667	2.9846666666666666	2.908	2.886	2.7953333333333332	2.6413333333333333	2.586	2.482666666666667	2.3746666666666667	2.3746666666666667	2.288666666666667	2.182	2.094	2.05	2.05	2.041333333333333	1.9513333333333334	1.8633333333333333	1.8326666666666667	1.7473333333333334	1.6693333333333333	1.6333333333333333	1.612	1.5586666666666666	1.5393333333333334	1.4146666666666667	1.394	1.32	1.2253333333333334	1.2513333333333334	1.2346666666666666	1.1453333333333333	1.1353333333333333	1.0213333333333334	0.99	1.004	0.96	0.9493333333333334	0.834	0.7833333333333333	0.7846666666666666	0.7146666666666667	0.6953333333333334	0.67	0.584	0.5913333333333334	0.5633333333333334	0.55	0.4866666666666667	0.46066666666666667	0.44266666666666665	0.38	0.394	0.37466666666666665	0.34	0.332	0.30133333333333334	0.2713333333333333	0.25866666666666666	0.242	0.242	0.21466666666666667	0.20066666666666666	0.17333333333333334	0.17133333333333334	0.15333333333333332	0.15466666666666667	0.13133333333333333	0.12733333333333333	0.12133333333333333	0.12133333333333333	0.09533333333333334	0.1	0.08	0.096	0.088	0.06066666666666667	0.06066666666666667	0.048666666666666664	0.06133333333333333	0.04	0.06933333333333333	0.04466666666666667	0.03333333333333333	0.029333333333333333	0.022	0.032	0.017333333333333333	0.021333333333333333	0.022	0.018	0.017333333333333333	0.012666666666666666	0.012666666666666666	0.007333333333333333	
3.3646666666666665	3.288666666666667	3.074666666666667	3.0153333333333334	2.982666666666667	2.9466666666666668	2.844	2.8133333333333335	2.6626666666666665	2.62	2.4913333333333334	2.4486666666666665	2.4646666666666666	2.256	2.31	2.188	2.156	2.038	2.08	1.9486666666666668	1.896	1.87	1.8046666666666666	1.7353333333333334	1.5993333333333333	1.5553333333333332	1.5506666666666666	1.5166666666666666	1.5206666666666666	1.4273333333333333	1.398	1.318	1.2513333333333334	1.2426666666666666	1.162	1.1406666666666667	1.0846666666666667	1.0813333333333333	0.9993333333333333	0.974	0.9093333333333333	0.8606666666666667	0.8326666666666667	0.75	0.742	0.7613333333333333	0.6773333333333333	0.6673333333333333	0.6206666666666667	0.584	0.5613333333333334	0.5146666666666667	0.49066666666666664	0.4746666666666667	0.43266666666666664	0.4126666666666667	0.366	0.34933333333333333	0.36933333333333335	0.33266666666666667	0.288	0.27666666666666667	0.26066666666666666	0.24733333333333332	0.23866666666666667	0.21066666666666667	0.16733333333333333	0.19133333333333333	0.16666666666666666	0.17133333333333334	0.162	0.136	0.14	0.13	0.114	0.1	0.09866666666666667	0.108	0.084	0.08266666666666667	0.06933333333333333	0.07066666666666667	0.056666666666666664	0.05266666666666667	0.042666666666666665	0.04466666666666667	0.044	0.03866666666666667	0.03133333333333333	0.030666666666666665	0.027333333333333334	0.02	0.021333333333333333	0.022	0.022	0.018	0.015333333333333332	0.010666666666666666	0.006666666666666667	
3.258	3.252666666666667	3.058	3.0813333333333333	2.93	2.9206666666666665	2.716	2.7146666666666666	2.66	2.632	2.542	2.4086666666666665	2.4066666666666667	2.338	2.231333333333333	2.1666666666666665	2.166	2.02	2.004	1.9146666666666667	1.892	1.7873333333333334	1.8046666666666666	1.648	1.7473333333333334	1.594	1.512	1.4893333333333334	1.4426666666666668	1.4213333333333333	1.3526666666666667	1.3353333333333333	1.2246666666666666	1.1793333333333333	1.188	1.1326666666666667	1.042	1.0613333333333332	1.0133333333333334	0.9973333333333333	0.8933333333333333	0.8786666666666667	0.8366666666666667	0.7733333333333333	0.7313333333333333	0.744	0.69	0.6533333333333333	0.6066666666666667	0.628	0.5473333333333333	0.54	0.468	0.48733333333333334	0.47333333333333333	0.4073333333333333	0.388	0.3453333333333333	0.32466666666666666	0.3293333333333333	0.2966666666666667	0.25866666666666666	0.274	0.23533333333333334	0.22133333333333333	0.20866666666666667	0.19133333333333333	0.17933333333333334	0.172	0.16	0.152	0.14666666666666667	0.12466666666666666	0.104	0.11	0.11	0.102	0.09533333333333334	0.088	0.076	0.05333333333333334	0.05466666666666667	0.07466666666666667	0.05	0.048	0.034666666666666665	0.04133333333333333	0.034	0.030666666666666665	0.03	0.017333333333333333	0.018	0.015333333333333332	0.024666666666666667	0.016	0.018666666666666668	0.010666666666666666	0.014	0.007333333333333333	
3.3153333333333332	3.216	3.066666666666667	2.99	2.921333333333333	2.9206666666666665	2.776	2.6346666666666665	2.7026666666666666	2.566666666666667	2.474	2.432	2.3993333333333333	2.324666666666667	2.2573333333333334	2.158	2.1346666666666665	2.0553333333333335	1.9826666666666666	1.8773333333333333	1.8346666666666667	1.832	1.796	1.6546666666666667	1.6433333333333333	1.5793333333333333	1.5733333333333333	1.454	1.4366666666666668	1.3633333333333333	1.3153333333333332	1.2853333333333334	1.2833333333333334	1.2333333333333334	1.1193333333333333	1.114	1.056	1.0026666666666666	0.958	0.8946666666666667	0.9293333333333333	0.8653333333333333	0.78	0.8093333333333333	0.7453333333333333	0.7326666666666667	0.6973333333333334	0.6266666666666667	0.5953333333333334	0.5986666666666667	0.5133333333333333	0.5286666666666666	0.474	0.47533333333333333	0.41133333333333333	0.364	0.4033333333333333	0.364	0.32	0.30333333333333334	0.28733333333333333	0.27	0.25666666666666665	0.20666666666666667	0.23933333333333334	0.20666666666666667	0.206	0.19	0.168	0.14066666666666666	0.15066666666666667	0.134	0.12533333333333332	0.11866666666666667	0.106	0.112	0.08866666666666667	0.102	0.08933333333333333	0.07733333333333334	0.06666666666666667	0.066	0.06466666666666666	0.051333333333333335	0.059333333333333335	0.03866666666666667	0.03933333333333333	0.04	0.03266666666666666	0.028666666666666667	0.029333333333333333	0.023333333333333334	0.025333333333333333	0.019333333333333334	0.012	0.013333333333333334	0.012	0.009333333333333334	0.011333333333333334	
3.134	3.1373333333333333	3.0273333333333334	3.0246666666666666	2.82	2.836	2.736666666666667	2.7046666666666668	2.6193333333333335	2.514666666666667	2.436	2.396	2.3413333333333335	2.2346666666666666	2.1586666666666665	2.0913333333333335	2.1033333333333335	2.022	1.9946666666666666	1.83	1.842	1.7533333333333334	1.6686666666666667	1.6386666666666667	1.6393333333333333	1.5893333333333333	1.5513333333333332	1.492	1.4486666666666668	1.344	1.3053333333333332	1.2406666666666666	1.2186666666666666	1.1866666666666668	1.0966666666666667	1.1273333333333333	1.0126666666666666	1.0126666666666666	1.0093333333333334	0.9146666666666666	0.9213333333333333	0.8766666666666667	0.822	0.7926666666666666	0.7366666666666667	0.714	0.6473333333333333	0.6113333333333333	0.5466666666666666	0.5253333333333333	0.5393333333333333	0.5326666666666666	0.45866666666666667	0.438	0.4226666666666667	0.386	0.368	0.35533333333333333	0.326	0.314	0.296	0.25866666666666666	0.25066666666666665	0.24266666666666667	0.206	0.19133333333333333	0.17133333333333334	0.19333333333333333	0.18266666666666667	0.15133333333333332	0.15133333333333332	0.124	0.14	0.118	0.10933333333333334	0.102	0.09333333333333334	0.09933333333333333	0.07866666666666666	0.086	0.06866666666666667	0.068	0.05466666666666667	0.051333333333333335	0.04	0.048666666666666664	0.04	0.036	0.028	0.03133333333333333	0.03666666666666667	0.020666666666666667	0.021333333333333333	0.018	0.014	0.014	0.019333333333333334	0.014	0.006666666666666667	
3.186	3.104	2.906	2.8846666666666665	2.832	2.8346666666666667	2.6693333333333333	2.544	2.6226666666666665	2.478666666666667	2.41	2.3113333333333332	2.3513333333333333	2.2413333333333334	2.192	2.1086666666666667	1.9646666666666666	1.902	1.96	1.9193333333333333	1.872	1.7726666666666666	1.6913333333333334	1.6253333333333333	1.5993333333333333	1.5553333333333332	1.4626666666666666	1.4546666666666668	1.438	1.324	1.3086666666666666	1.2393333333333334	1.2013333333333334	1.1586666666666667	1.1446666666666667	1.0646666666666667	1.0306666666666666	1.0393333333333334	0.9353333333333333	0.8913333333333333	0.8853333333333333	0.85	0.802	0.79	0.7053333333333334	0.678	0.6846666666666666	0.6186666666666667	0.6	0.576	0.52	0.504	0.49066666666666664	0.45666666666666667	0.3993333333333333	0.38666666666666666	0.38133333333333336	0.35	0.30266666666666664	0.27066666666666667	0.2906666666666667	0.25066666666666665	0.26266666666666666	0.24533333333333332	0.19866666666666666	0.19866666666666666	0.20133333333333334	0.18733333333333332	0.15666666666666668	0.136	0.154	0.13066666666666665	0.126	0.10933333333333334	0.10266666666666667	0.10266666666666667	0.084	0.09266666666666666	0.078	0.08	0.076	0.05266666666666667	0.06133333333333333	0.04533333333333334	0.04066666666666666	0.044	0.03	0.035333333333333335	0.030666666666666665	0.028666666666666667	0.03266666666666666	0.028	0.02	0.018666666666666668	0.018666666666666668	0.014	0.015333333333333332	0.01	0.006	
3.174	3.1266666666666665	2.942	2.8706666666666667	2.7573333333333334	2.6626666666666665	2.6013333333333333	2.5853333333333333	2.530666666666667	2.3666666666666667	2.4106666666666667	2.3386666666666667	2.304666666666667	2.094	2.208666666666667	2.046666666666667	1.9846666666666666	1.8826666666666667	1.888	1.79	1.8546666666666667	1.7713333333333334	1.7393333333333334	1.654	1.6106666666666667	1.5386666666666666	1.4486666666666668	1.4166666666666667	1.4266666666666667	1.3093333333333332	1.2486666666666666	1.256	1.2146666666666666	1.1613333333333333	1.0866666666666667	1.03	0.9746666666666667	0.9353333333333333	0.9053333333333333	0.9106666666666666	0.8346666666666667	0.892	0.7786666666666666	0.7606666666666667	0.726	0.694	0.6453333333333333	0.6226666666666667	0.5926666666666667	0.5566666666666666	0.5493333333333333	0.49333333333333335	0.43933333333333335	0.436	0.4086666666666667	0.4046666666666667	0.368	0.3273333333333333	0.30866666666666664	0.28	0.2986666666666667	0.248	0.24066666666666667	0.20933333333333334	0.23066666666666666	0.18533333333333332	0.174	0.154	0.17466666666666666	0.162	0.13	0.14133333333333334	0.13733333333333334	0.10133333333333333	0.116	0.09266666666666666	0.09466666666666666	0.08066666666666666	0.08933333333333333	0.08333333333333333	0.07066666666666667	0.059333333333333335	0.064	0.051333333333333335	0.052	0.046	0.04133333333333333	0.025333333333333333	0.028666666666666667	0.028	0.028	0.025333333333333333	0.023333333333333334	0.015333333333333332	0.018666666666666668	0.018	0.014	0.012666666666666666	0.012	
3.128	3.082666666666667	2.978	2.8573333333333335	2.716666666666667	2.7	2.636	2.502	2.542	2.4633333333333334	2.3546666666666667	2.3013333333333335	2.244	2.1766666666666667	2.108	2.082	1.956	1.886	1.854	1.7413333333333334	1.736	1.6946666666666668	1.6413333333333333	1.592	1.6086666666666667	1.5366666666666666	1.5	1.396	1.3693333333333333	1.37	1.2866666666666666	1.294	1.1473333333333333	1.184	1.0993333333333333	1.142	1.036	0.994	0.886	0.9313333333333333	0.8346666666666667	0.8386666666666667	0.7733333333333333	0.7586666666666667	0.706	0.6933333333333334	0.6506666666666666	0.6166666666666667	0.5573333333333333	0.552	0.546	0.5033333333333333	0.462	0.44666666666666666	0.398	0.384	0.3393333333333333	0.33066666666666666	0.3313333333333333	0.31333333333333335	0.284	0.24133333333333334	0.246	0.232	0.204	0.174	0.186	0.17066666666666666	0.15866666666666668	0.15533333333333332	0.12866666666666668	0.138	0.14	0.106	0.12066666666666667	0.08533333333333333	0.098	0.08066666666666666	0.08666666666666667	0.064	0.05733333333333333	0.06466666666666666	0.048	0.05466666666666667	0.05266666666666667	0.04533333333333334	0.03666666666666667	0.035333333333333335	0.036	0.03	0.017333333333333333	0.020666666666666667	0.021333333333333333	0.016666666666666666	0.012666666666666666	0.013333333333333334	0.014	0.014666666666666666	0.01	
3.152	2.9206666666666665	2.8673333333333333	2.888	2.76	2.7133333333333334	2.6566666666666667	2.5573333333333332	2.489333333333333	2.388	2.308	2.2466666666666666	2.18	2.142	2.0606666666666666	2.022666666666667	1.9766666666666666	1.8633333333333333	1.8533333333333333	1.758	1.7886666666666666	1.7053333333333334	1.69	1.5873333333333333	1.596	1.4986666666666666	1.452	1.3666666666666667	1.3486666666666667	1.3346666666666667	1.282	1.2293333333333334	1.1826666666666668	1.112	1.1	1.0533333333333332	1.0093333333333334	0.934	0.9193333333333333	0.8873333333333333	0.8186666666666667	0.8026666666666666	0.764	0.7073333333333334	0.706	0.666	0.6533333333333333	0.6033333333333334	0.5553333333333333	0.5293333333333333	0.542	0.49533333333333335	0.43733333333333335	0.426	0.404	0.368	0.3353333333333333	0.342	0.3006666666666667	0.29	0.2713333333333333	0.2653333333333333	0.242	0.22266666666666668	0.23066666666666666	0.19133333333333333	0.166	0.16933333333333334	0.15066666666666667	0.14333333333333334	0.146	0.13266666666666665	0.12	0.10466666666666667	0.09066666666666667	0.08333333333333333	0.078	0.08333333333333333	0.07733333333333334	0.076	0.068	0.066	0.05266666666666667	0.056	0.054	0.046	0.04533333333333334	0.038	0.02666666666666667	0.030666666666666665	0.026	0.020666666666666667	0.02	0.019333333333333334	0.02	0.014	0.01	0.012666666666666666	0.006666666666666667	
3.022	2.929333333333333	2.8473333333333333	2.768666666666667	2.6153333333333335	2.622	2.6233333333333335	2.474	2.445333333333333	2.3146666666666667	2.3073333333333332	2.1773333333333333	2.212666666666667	2.1093333333333333	2.0753333333333335	1.9366666666666668	1.8806666666666667	1.8293333333333333	1.892	1.7493333333333334	1.712	1.6633333333333333	1.642	1.5386666666666666	1.552	1.5186666666666666	1.3866666666666667	1.3566666666666667	1.3486666666666667	1.322	1.238	1.2286666666666666	1.1613333333333333	1.132	1.0713333333333332	0.9866666666666667	0.9826666666666667	0.9866666666666667	0.928	0.9506666666666667	0.8113333333333334	0.8413333333333334	0.7566666666666667	0.748	0.662	0.68	0.64	0.5666666666666667	0.5913333333333334	0.5286666666666666	0.5053333333333333	0.492	0.45066666666666666	0.43533333333333335	0.4093333333333333	0.3933333333333333	0.346	0.3313333333333333	0.30866666666666664	0.25866666666666666	0.278	0.26266666666666666	0.25466666666666665	0.23533333333333334	0.19	0.17466666666666666	0.17866666666666667	0.164	0.17133333333333334	0.14933333333333335	0.13933333333333334	0.13	0.12133333333333333	0.10066666666666667	0.088	0.116	0.094	0.086	0.07266666666666667	0.07666666666666666	0.06666666666666667	0.056	0.062	0.04933333333333333	0.044	0.032	0.034666666666666665	0.03	0.042	0.026	0.023333333333333334	0.016666666666666666	0.018666666666666668	0.013333333333333334	0.012	0.012666666666666666	0.011333333333333334	0.01	0.01	
2.9473333333333334	2.954	2.82	2.7993333333333332	2.6513333333333335	2.6426666666666665	2.582	2.449333333333333	2.472	2.3613333333333335	2.2693333333333334	2.174	2.0946666666666665	2.0233333333333334	1.998	1.9473333333333334	1.98	1.8766666666666667	1.794	1.7713333333333334	1.7686666666666666	1.614	1.6753333333333333	1.5833333333333333	1.57	1.486	1.374	1.3993333333333333	1.2906666666666666	1.3006666666666666	1.2286666666666666	1.2053333333333334	1.146	1.1773333333333333	1.056	1.0393333333333334	0.9393333333333334	0.9426666666666667	0.8706666666666667	0.858	0.8406666666666667	0.8173333333333334	0.7613333333333333	0.7606666666666667	0.7133333333333334	0.6466666666666666	0.582	0.6033333333333334	0.564	0.5193333333333333	0.5106666666666667	0.47	0.44066666666666665	0.428	0.39866666666666667	0.32866666666666666	0.3526666666666667	0.32133333333333336	0.30333333333333334	0.296	0.27	0.23266666666666666	0.22066666666666668	0.22933333333333333	0.2	0.19266666666666668	0.16733333333333333	0.18333333333333332	0.154	0.142	0.15	0.13333333333333333	0.11733333333333333	0.10133333333333333	0.098	0.08533333333333333	0.094	0.08533333333333333	0.07133333333333333	0.074	0.07066666666666667	0.06933333333333333	0.048	0.04733333333333333	0.044	0.03	0.03866666666666667	0.032	0.028	0.026	0.024	0.019333333333333334	0.018666666666666668	0.015333333333333332	0.018	0.011333333333333334	0.01	0.014	0.008666666666666666	
2.982666666666667	2.974	2.8153333333333332	2.734	2.6226666666666665	2.6113333333333335	2.574666666666667	2.4246666666666665	2.3886666666666665	2.334	2.288666666666667	2.212666666666667	2.1193333333333335	2.0906666666666665	1.9986666666666666	1.966	1.9	1.8126666666666666	1.8086666666666666	1.7233333333333334	1.7093333333333334	1.644	1.5753333333333333	1.5493333333333332	1.5373333333333334	1.4473333333333334	1.3833333333333333	1.3346666666666667	1.2726666666666666	1.2653333333333334	1.214	1.194	1.162	1.0886666666666667	1.0853333333333333	0.994	0.9686666666666667	0.9533333333333334	0.936	0.8773333333333333	0.7586666666666667	0.7946666666666666	0.6933333333333334	0.7193333333333334	0.6713333333333333	0.6286666666666667	0.614	0.5926666666666667	0.5446666666666666	0.5173333333333333	0.4846666666666667	0.486	0.44066666666666665	0.4073333333333333	0.3933333333333333	0.37	0.352	0.3333333333333333	0.284	0.2926666666666667	0.26266666666666666	0.25466666666666665	0.24733333333333332	0.22866666666666666	0.20933333333333334	0.186	0.174	0.178	0.13933333333333334	0.13466666666666666	0.11666666666666667	0.12533333333333332	0.13066666666666665	0.10866666666666666	0.104	0.09733333333333333	0.07466666666666667	0.094	0.07333333333333333	0.062	0.062	0.05333333333333334	0.04933333333333333	0.04933333333333333	0.044	0.04066666666666666	0.034666666666666665	0.03333333333333333	0.03666666666666667	0.024666666666666667	0.019333333333333334	0.018666666666666668	0.02	0.023333333333333334	0.014666666666666666	0.016	0.012	0.009333333333333334	0.008	
2.9153333333333333	2.804	2.728666666666667	2.675333333333333	2.6293333333333333	2.5753333333333335	2.489333333333333	2.477333333333333	2.364	2.3106666666666666	2.1893333333333334	2.172	2.066666666666667	2.0273333333333334	1.9706666666666666	1.942	1.866	1.832	1.8133333333333332	1.6993333333333334	1.714	1.604	1.5613333333333332	1.48	1.46	1.3526666666666667	1.3946666666666667	1.3053333333333332	1.3146666666666667	1.194	1.1653333333333333	1.148	1.074	1.0846666666666667	1.046	1.0586666666666666	0.9333333333333333	0.9513333333333334	0.866	0.8506666666666667	0.806	0.762	0.7633333333333333	0.742	0.69	0.6586666666666666	0.6046666666666667	0.594	0.5406666666666666	0.5206666666666667	0.492	0.452	0.4186666666666667	0.41533333333333333	0.376	0.358	0.33466666666666667	0.32	0.32	0.2786666666666667	0.23866666666666667	0.254	0.21733333333333332	0.21666666666666667	0.21533333333333332	0.20666666666666667	0.17866666666666667	0.16133333333333333	0.14866666666666667	0.144	0.11533333333333333	0.12466666666666666	0.12	0.11533333333333333	0.10266666666666667	0.06933333333333333	0.08733333333333333	0.07066666666666667	0.07466666666666667	0.064	0.06333333333333334	0.066	0.044	0.04	0.03666666666666667	0.042	0.044	0.03	0.028666666666666667	0.028666666666666667	0.03	0.021333333333333333	0.022	0.016	0.014	0.016666666666666666	0.012666666666666666	0.008	0.017333333333333333	
2.878	2.8066666666666666	2.6513333333333335	2.6686666666666667	2.524	2.5073333333333334	2.4566666666666666	2.3753333333333333	2.382	2.263333333333333	2.212666666666667	2.1306666666666665	2.034666666666667	1.976	1.9733333333333334	1.914	1.9106666666666667	1.728	1.7213333333333334	1.712	1.7006666666666668	1.598	1.5733333333333333	1.494	1.466	1.3766666666666667	1.328	1.2233333333333334	1.2566666666666666	1.282	1.1706666666666667	1.1246666666666667	1.104	1.0126666666666666	1.0013333333333334	0.9753333333333334	0.922	0.9126666666666666	0.8506666666666667	0.87	0.7606666666666667	0.7386666666666667	0.7266666666666667	0.692	0.6486666666666666	0.6246666666666667	0.596	0.576	0.496	0.5266666666666666	0.4786666666666667	0.4513333333333333	0.39666666666666667	0.412	0.37733333333333335	0.36866666666666664	0.35	0.30533333333333335	0.30266666666666664	0.25866666666666666	0.25333333333333335	0.22533333333333333	0.24	0.21533333333333332	0.20266666666666666	0.19933333333333333	0.178	0.15733333333333333	0.15266666666666667	0.124	0.14266666666666666	0.11	0.12333333333333334	0.11733333333333333	0.102	0.09266666666666666	0.092	0.08	0.08066666666666666	0.06066666666666667	0.062	0.05266666666666667	0.04533333333333334	0.04733333333333333	0.034666666666666665	0.042	0.032	0.03666666666666667	0.022	0.02	0.020666666666666667	0.026	0.012	0.019333333333333334	0.016	0.012	0.012666666666666666	0.013333333333333334	0.01	
2.929333333333333	2.828666666666667	2.6406666666666667	2.6133333333333333	2.6106666666666665	2.474666666666667	2.3746666666666667	2.243333333333333	2.3813333333333335	2.16	2.2093333333333334	2.1633333333333336	2.02	1.97	2.005333333333333	1.9106666666666667	1.8253333333333333	1.76	1.758	1.6973333333333334	1.6786666666666668	1.59	1.554	1.4506666666666668	1.4813333333333334	1.3766666666666667	1.35	1.22	1.2606666666666666	1.2026666666666668	1.2046666666666668	1.1	1.0433333333333332	1.0366666666666666	0.978	0.9906666666666667	0.9353333333333333	0.95	0.8486666666666667	0.8466666666666667	0.7413333333333333	0.7286666666666667	0.736	0.6113333333333333	0.6566666666666666	0.5706666666666667	0.576	0.558	0.5346666666666666	0.5133333333333333	0.44466666666666665	0.43733333333333335	0.422	0.36666666666666664	0.366	0.33466666666666667	0.314	0.2986666666666667	0.29	0.25666666666666665	0.272	0.23666666666666666	0.24666666666666667	0.20733333333333334	0.206	0.16133333333333333	0.17666666666666667	0.162	0.14533333333333334	0.148	0.13933333333333334	0.11866666666666667	0.104	0.094	0.10066666666666667	0.08466666666666667	0.08466666666666667	0.074	0.066	0.058	0.058	0.05466666666666667	0.04	0.04133333333333333	0.05333333333333334	0.042666666666666665	0.025333333333333333	0.04066666666666666	0.024666666666666667	0.027333333333333334	0.015333333333333332	0.024	0.02	0.012666666666666666	0.013333333333333334	0.01	0.014	0.005333333333333333	0.009333333333333334	
2.864	2.756	2.6233333333333335	2.5693333333333332	2.490666666666667	2.4633333333333334	2.3306666666666667	2.260666666666667	2.2653333333333334	2.215333333333333	2.1346666666666665	2.0993333333333335	2.010666666666667	1.93	1.884	1.8986666666666667	1.8093333333333332	1.6946666666666668	1.7326666666666666	1.6386666666666667	1.6233333333333333	1.5433333333333332	1.4973333333333334	1.4053333333333333	1.498	1.3926666666666667	1.3613333333333333	1.2426666666666666	1.2413333333333334	1.1286666666666667	1.1293333333333333	1.0673333333333332	1.084	1.032	0.974	0.924	0.898	0.8793333333333333	0.8606666666666667	0.8153333333333334	0.7433333333333333	0.7406666666666667	0.7066666666666667	0.6853333333333333	0.628	0.6086666666666667	0.5913333333333334	0.5613333333333334	0.5306666666666666	0.478	0.46	0.46066666666666667	0.4126666666666667	0.38	0.372	0.348	0.3466666666666667	0.30733333333333335	0.318	0.258	0.25266666666666665	0.22	0.21733333333333332	0.18266666666666667	0.18333333333333332	0.17733333333333334	0.15133333333333332	0.14666666666666667	0.13933333333333334	0.156	0.12466666666666666	0.10266666666666667	0.106	0.09533333333333334	0.08866666666666667	0.092	0.08066666666666666	0.07466666666666667	0.06333333333333334	0.066	0.06266666666666666	0.064	0.048	0.042	0.038	0.03866666666666667	0.034	0.029333333333333333	0.028666666666666667	0.018	0.024666666666666667	0.024	0.02	0.018666666666666668	0.016	0.016666666666666666	0.008666666666666666	0.008666666666666666	0.009333333333333334	
2.784	2.7	2.6126666666666667	2.512	2.4713333333333334	2.518666666666667	2.2666666666666666	2.239333333333333	2.231333333333333	2.175333333333333	2.084	2.06	1.9693333333333334	1.9526666666666668	1.9586666666666666	1.802	1.8273333333333333	1.698	1.7066666666666668	1.64	1.6013333333333333	1.488	1.5306666666666666	1.4346666666666668	1.3726666666666667	1.33	1.3053333333333332	1.2693333333333334	1.2446666666666666	1.186	1.13	1.0546666666666666	1.1066666666666667	1.052	0.9806666666666667	0.9813333333333333	0.8926666666666667	0.916	0.8046666666666666	0.8346666666666667	0.774	0.75	0.668	0.6786666666666666	0.6166666666666667	0.578	0.62	0.5573333333333333	0.5453333333333333	0.482	0.44466666666666665	0.446	0.38466666666666666	0.39866666666666667	0.37933333333333336	0.3506666666666667	0.3413333333333333	0.326	0.2713333333333333	0.24	0.254	0.218	0.212	0.208	0.18933333333333333	0.15933333333333333	0.14733333333333334	0.152	0.142	0.13	0.132	0.11933333333333333	0.116	0.08866666666666667	0.102	0.09466666666666666	0.07666666666666666	0.06266666666666666	0.07133333333333333	0.06266666666666666	0.054	0.048666666666666664	0.04466666666666667	0.05466666666666667	0.03666666666666667	0.03666666666666667	0.034666666666666665	0.02666666666666667	0.019333333333333334	0.024666666666666667	0.020666666666666667	0.018666666666666668	0.015333333333333332	0.02	0.018666666666666668	0.016	0.010666666666666666	0.012	0.005333333333333333	
2.6886666666666668	2.564	2.5486666666666666	2.5493333333333332	2.4286666666666665	2.436	2.3133333333333335	2.33	2.171333333333333	2.152	2.114	2.0573333333333332	1.9726666666666666	1.92	1.9566666666666668	1.7346666666666666	1.7853333333333334	1.6693333333333333	1.6693333333333333	1.5786666666666667	1.598	1.512	1.4546666666666668	1.4166666666666667	1.4153333333333333	1.3933333333333333	1.2406666666666666	1.2866666666666666	1.1733333333333333	1.2046666666666668	1.1206666666666667	1.0713333333333332	1.004	1.0133333333333334	0.9786666666666667	0.91	0.8753333333333333	0.908	0.828	0.816	0.754	0.7486666666666667	0.714	0.704	0.624	0.5846666666666667	0.5586666666666666	0.554	0.504	0.4593333333333333	0.446	0.43266666666666664	0.4026666666666667	0.36533333333333334	0.346	0.31133333333333335	0.31066666666666665	0.2846666666666667	0.29	0.2833333333333333	0.23733333333333334	0.21266666666666667	0.22	0.202	0.20933333333333334	0.18666666666666668	0.15666666666666668	0.148	0.15666666666666668	0.128	0.11866666666666667	0.11466666666666667	0.09733333333333333	0.08133333333333333	0.104	0.07733333333333334	0.074	0.07266666666666667	0.062	0.068	0.04933333333333333	0.05533333333333333	0.048	0.03866666666666667	0.03666666666666667	0.04733333333333333	0.037333333333333336	0.025333333333333333	0.028666666666666667	0.025333333333333333	0.019333333333333334	0.016666666666666666	0.024666666666666667	0.014666666666666666	0.012666666666666666	0.012	0.007333333333333333	0.006666666666666667	0.01	
2.752	2.5906666666666665	2.492	2.4446666666666665	2.4153333333333333	2.314	2.246	2.276	2.246	2.0673333333333335	1.99	2.001333333333333	1.9733333333333334	1.88	1.8653333333333333	1.7253333333333334	1.6986666666666668	1.6546666666666667	1.6146666666666667	1.6306666666666667	1.6113333333333333	1.4866666666666666	1.4486666666666668	1.3533333333333333	1.3366666666666667	1.2546666666666666	1.2726666666666666	1.2126666666666666	1.2026666666666668	1.158	1.0933333333333333	1.0286666666666666	1.0253333333333334	0.954	0.9626666666666667	0.9393333333333334	0.8566666666666667	0.902	0.7713333333333333	0.764	0.7346666666666667	0.712	0.674	0.6586666666666666	0.6006666666666667	0.6226666666666667	0.5646666666666667	0.538	0.49733333333333335	0.49	0.41733333333333333	0.41333333333333333	0.37666666666666665	0.3453333333333333	0.354	0.318	0.31	0.25933333333333336	0.26866666666666666	0.25333333333333335	0.248	0.22666666666666666	0.188	0.19866666666666666	0.21066666666666667	0.174	0.15733333333333333	0.15266666666666667	0.14133333333333334	0.13466666666666666	0.114	0.12666666666666668	0.108	0.08333333333333333	0.092	0.08066666666666666	0.06	0.072	0.082	0.05333333333333334	0.06266666666666666	0.07466666666666667	0.048666666666666664	0.042666666666666665	0.035333333333333335	0.038	0.034	0.034	0.028	0.026	0.02666666666666667	0.027333333333333334	0.021333333333333333	0.014666666666666666	0.018	0.018	0.01	0.01	0.009333333333333334	
2.666	2.586	2.524	2.43	2.3633333333333333	2.2666666666666666	2.316	2.1466666666666665	2.187333333333333	1.9806666666666666	2.0513333333333335	1.9953333333333334	1.9686666666666666	1.8513333333333333	1.8113333333333332	1.7613333333333334	1.642	1.672	1.6846666666666668	1.5693333333333332	1.492	1.456	1.4333333333333333	1.3426666666666667	1.3433333333333333	1.3146666666666667	1.25	1.1913333333333334	1.206	1.1453333333333333	1.0693333333333332	1.0646666666666667	1.0086666666666666	1.014	0.976	0.902	0.854	0.7773333333333333	0.8313333333333334	0.7966666666666666	0.7006666666666667	0.712	0.6206666666666667	0.65	0.57	0.6053333333333333	0.54	0.496	0.49266666666666664	0.49466666666666664	0.43866666666666665	0.41133333333333333	0.3626666666666667	0.364	0.314	0.356	0.314	0.2733333333333333	0.2653333333333333	0.26	0.25933333333333336	0.21533333333333332	0.20866666666666667	0.20333333333333334	0.19533333333333333	0.17	0.13733333333333334	0.12533333333333332	0.154	0.14066666666666666	0.12666666666666668	0.10933333333333334	0.104	0.10266666666666667	0.10733333333333334	0.08933333333333333	0.092	0.066	0.05733333333333333	0.054	0.048666666666666664	0.056666666666666664	0.04666666666666667	0.04	0.03266666666666666	0.034666666666666665	0.030666666666666665	0.028666666666666667	0.025333333333333333	0.024	0.024666666666666667	0.024	0.018	0.014666666666666666	0.016	0.018	0.011333333333333334	0.008666666666666666	0.01	
2.720666666666667	2.566	2.4353333333333333	2.4566666666666666	2.3	2.302	2.298	2.2613333333333334	2.1213333333333333	2.0713333333333335	2.002666666666667	1.9653333333333334	1.8986666666666667	1.8413333333333333	1.7893333333333334	1.71	1.6986666666666668	1.6133333333333333	1.5893333333333333	1.5573333333333332	1.5193333333333334	1.4306666666666668	1.4146666666666667	1.39	1.3166666666666667	1.2386666666666666	1.252	1.2086666666666666	1.1553333333333333	1.092	1.04	1.0013333333333334	0.9806666666666667	0.9506666666666667	0.898	0.8926666666666667	0.8453333333333334	0.828	0.8246666666666667	0.7893333333333333	0.7426666666666667	0.704	0.6466666666666666	0.6526666666666666	0.5613333333333334	0.608	0.5453333333333333	0.5386666666666666	0.4533333333333333	0.4693333333333333	0.44866666666666666	0.3993333333333333	0.374	0.35533333333333333	0.34933333333333333	0.3273333333333333	0.2986666666666667	0.288	0.25	0.264	0.23533333333333334	0.21266666666666667	0.188	0.194	0.17466666666666666	0.146	0.16466666666666666	0.126	0.13	0.12	0.09666666666666666	0.1	0.108	0.09666666666666666	0.09466666666666666	0.07266666666666667	0.07733333333333334	0.072	0.06666666666666667	0.04933333333333333	0.064	0.050666666666666665	0.046	0.04133333333333333	0.03333333333333333	0.029333333333333333	0.03666666666666667	0.03133333333333333	0.027333333333333334	0.024666666666666667	0.026	0.019333333333333334	0.018666666666666668	0.014666666666666666	0.015333333333333332	0.012666666666666666	0.013333333333333334	0.011333333333333334	0.007333333333333333	
2.6586666666666665	2.584	2.4873333333333334	2.3713333333333333	2.3026666666666666	2.3386666666666667	2.164	2.179333333333333	2.1733333333333333	2.1666666666666665	2.0086666666666666	1.966	1.8993333333333333	1.8966666666666667	1.7506666666666666	1.7673333333333334	1.73	1.632	1.6486666666666667	1.52	1.504	1.4653333333333334	1.4433333333333334	1.3273333333333333	1.342	1.306	1.296	1.2233333333333334	1.18	1.098	1.066	1.0486666666666666	0.964	0.9966666666666667	0.8826666666666667	0.9106666666666666	0.862	0.806	0.7306666666666667	0.7626666666666667	0.7253333333333334	0.674	0.668	0.664	0.5913333333333334	0.5713333333333334	0.542	0.524	0.454	0.47933333333333333	0.45	0.4206666666666667	0.3606666666666667	0.36133333333333334	0.31333333333333335	0.32466666666666666	0.3006666666666667	0.2806666666666667	0.27066666666666667	0.22133333333333333	0.21466666666666667	0.21333333333333335	0.20133333333333334	0.192	0.20066666666666666	0.17133333333333334	0.154	0.13666666666666666	0.15266666666666667	0.11866666666666667	0.11133333333333334	0.114	0.09733333333333333	0.09733333333333333	0.09333333333333334	0.08933333333333333	0.08133333333333333	0.068	0.058	0.06733333333333333	0.051333333333333335	0.05466666666666667	0.048	0.042666666666666665	0.05466666666666667	0.03866666666666667	0.038	0.03666666666666667	0.027333333333333334	0.028	0.02	0.015333333333333332	0.018	0.012666666666666666	0.011333333333333334	0.010666666666666666	0.008666666666666666	0.009333333333333334	0.007333333333333333	
2.6466666666666665	2.598	2.4553333333333334	2.4286666666666665	2.239333333333333	2.296	2.224	2.1086666666666667	2.082666666666667	2.030666666666667	2.014	1.9286666666666668	1.9033333333333333	1.774	1.7946666666666666	1.7013333333333334	1.7206666666666666	1.6253333333333333	1.5346666666666666	1.4853333333333334	1.5633333333333332	1.4326666666666668	1.46	1.3386666666666667	1.3726666666666667	1.2873333333333334	1.2586666666666666	1.1506666666666667	1.1346666666666667	1.15	1.0273333333333334	1.0326666666666666	0.968	0.966	0.9253333333333333	0.8766666666666667	0.836	0.838	0.8	0.7493333333333333	0.72	0.6986666666666667	0.694	0.6226666666666667	0.5893333333333334	0.5573333333333333	0.5326666666666666	0.51	0.47333333333333333	0.47733333333333333	0.39466666666666667	0.4106666666666667	0.3566666666666667	0.3426666666666667	0.3393333333333333	0.32133333333333336	0.2926666666666667	0.276	0.25333333333333335	0.25866666666666666	0.23533333333333334	0.19466666666666665	0.21266666666666667	0.20533333333333334	0.17	0.172	0.148	0.14333333333333334	0.136	0.12666666666666668	0.11533333333333333	0.10733333333333334	0.10266666666666667	0.08466666666666667	0.09666666666666666	0.08933333333333333	0.064	0.06866666666666667	0.066	0.051333333333333335	0.068	0.04666666666666667	0.03933333333333333	0.04	0.043333333333333335	0.038	0.036	0.023333333333333334	0.027333333333333334	0.028666666666666667	0.021333333333333333	0.015333333333333332	0.018	0.012666666666666666	0.015333333333333332	0.011333333333333334	0.012	0.011333333333333334	0.010666666666666666	
2.5486666666666666	2.5933333333333333	2.452	2.3526666666666665	2.302	2.3146666666666667	2.12	2.1473333333333335	2.037333333333333	2.0446666666666666	1.994	1.852	1.8746666666666667	1.806	1.7753333333333334	1.668	1.7206666666666666	1.6193333333333333	1.554	1.4673333333333334	1.5326666666666666	1.4686666666666666	1.436	1.3346666666666667	1.322	1.2633333333333334	1.1446666666666667	1.224	1.1666666666666667	1.0666666666666667	1.0473333333333332	1.0353333333333334	0.968	0.9873333333333333	0.9206666666666666	0.8413333333333334	0.83	0.822	0.7553333333333333	0.776	0.706	0.6913333333333334	0.6606666666666666	0.6526666666666666	0.6	0.552	0.5166666666666667	0.48533333333333334	0.462	0.47733333333333333	0.446	0.4066666666666667	0.386	0.372	0.3373333333333333	0.322	0.2806666666666667	0.2713333333333333	0.272	0.242	0.22133333333333333	0.21933333333333332	0.21666666666666667	0.17066666666666666	0.18066666666666667	0.172	0.16133333333333333	0.134	0.12733333333333333	0.12066666666666667	0.11866666666666667	0.09733333333333333	0.10066666666666667	0.09733333333333333	0.094	0.07866666666666666	0.07333333333333333	0.05733333333333333	0.056666666666666664	0.07066666666666667	0.05733333333333333	0.056	0.04133333333333333	0.048666666666666664	0.04933333333333333	0.03333333333333333	0.037333333333333336	0.03133333333333333	0.025333333333333333	0.024666666666666667	0.019333333333333334	0.018	0.012666666666666666	0.011333333333333334	0.014	0.014	0.013333333333333334	0.008	0.008666666666666666	
2.5973333333333333	2.618	2.3946666666666667	2.3673333333333333	2.3366666666666664	2.2133333333333334	2.1486666666666667	2.0986666666666665	2.1013333333333333	2.018	1.952	1.8793333333333333	1.8593333333333333	1.782	1.7386666666666666	1.7333333333333334	1.7193333333333334	1.6226666666666667	1.5606666666666666	1.516	1.446	1.4633333333333334	1.386	1.3433333333333333	1.3313333333333333	1.292	1.228	1.116	1.1866666666666668	1.1006666666666667	1.0773333333333333	1.0346666666666666	1.002	0.9613333333333334	0.9153333333333333	0.86	0.86	0.7966666666666666	0.7833333333333333	0.722	0.7126666666666667	0.708	0.632	0.6373333333333333	0.5873333333333334	0.568	0.5126666666666667	0.498	0.44666666666666666	0.434	0.4166666666666667	0.396	0.3473333333333333	0.3413333333333333	0.33066666666666666	0.30733333333333335	0.296	0.2846666666666667	0.25066666666666665	0.224	0.20933333333333334	0.234	0.208	0.16533333333333333	0.18466666666666667	0.15533333333333332	0.15533333333333332	0.142	0.138	0.12066666666666667	0.11666666666666667	0.08666666666666667	0.12466666666666666	0.086	0.08666666666666667	0.09466666666666666	0.07533333333333334	0.06533333333333333	0.06066666666666667	0.062	0.04666666666666667	0.058666666666666666	0.050666666666666665	0.04	0.032	0.034666666666666665	0.024666666666666667	0.03	0.03	0.025333333333333333	0.018	0.023333333333333334	0.02266666666666667	0.013333333333333334	0.011333333333333334	0.012	0.012	0.009333333333333334	0.0033333333333333335	
2.506666666666667	2.4913333333333334	2.4526666666666666	2.39	2.294	2.244	2.1293333333333333	2.074	2.0606666666666666	1.9746666666666666	1.982	1.8546666666666667	1.8493333333333333	1.7953333333333332	1.764	1.6586666666666667	1.6413333333333333	1.5973333333333333	1.572	1.4626666666666666	1.464	1.3746666666666667	1.3846666666666667	1.2846666666666666	1.334	1.2413333333333334	1.1873333333333334	1.114	1.1293333333333333	1.09	1.0546666666666666	1.0426666666666666	0.946	0.9813333333333333	0.9166666666666666	0.8586666666666667	0.82	0.7966666666666666	0.7513333333333333	0.724	0.696	0.7213333333333334	0.666	0.622	0.5853333333333334	0.5566666666666666	0.4786666666666667	0.5173333333333333	0.4673333333333333	0.456	0.436	0.41	0.36533333333333334	0.37133333333333335	0.33066666666666666	0.32466666666666666	0.31066666666666665	0.29533333333333334	0.25666666666666665	0.24866666666666667	0.24266666666666667	0.224	0.19066666666666668	0.17666666666666667	0.19133333333333333	0.16866666666666666	0.15933333333333333	0.144	0.146	0.12733333333333333	0.10866666666666666	0.10133333333333333	0.098	0.10466666666666667	0.09066666666666667	0.078	0.07466666666666667	0.062	0.06066666666666667	0.05533333333333333	0.04933333333333333	0.04533333333333334	0.038	0.037333333333333336	0.032	0.03333333333333333	0.024666666666666667	0.023333333333333334	0.024666666666666667	0.024	0.021333333333333333	0.02266666666666667	0.017333333333333333	0.014666666666666666	0.02	0.011333333333333334	0.008666666666666666	0.01	0.006	
2.6233333333333335	2.4766666666666666	2.441333333333333	2.414	2.322	2.206	2.1093333333333333	2.0946666666666665	2.0513333333333335	1.9366666666666668	1.908	1.8946666666666667	1.852	1.756	1.8026666666666666	1.6566666666666667	1.6426666666666667	1.5546666666666666	1.5573333333333332	1.506	1.418	1.4153333333333333	1.3813333333333333	1.3326666666666667	1.272	1.2453333333333334	1.212	1.1246666666666667	1.1233333333333333	1.0306666666666666	1.0133333333333334	1.0153333333333334	0.946	0.958	0.898	0.8653333333333333	0.82	0.782	0.7673333333333333	0.7213333333333334	0.706	0.6933333333333334	0.6466666666666666	0.6126666666666667	0.5746666666666667	0.5386666666666666	0.5453333333333333	0.494	0.47	0.43066666666666664	0.41533333333333333	0.39466666666666667	0.35933333333333334	0.334	0.33066666666666666	0.272	0.2866666666666667	0.25666666666666665	0.254	0.23933333333333334	0.22266666666666668	0.234	0.20866666666666667	0.17533333333333334	0.15866666666666668	0.16	0.156	0.12466666666666666	0.124	0.12466666666666666	0.11666666666666667	0.09866666666666667	0.09333333333333334	0.09133333333333334	0.08333333333333333	0.07533333333333334	0.07866666666666666	0.06866666666666667	0.06266666666666666	0.06133333333333333	0.05333333333333334	0.04733333333333333	0.042666666666666665	0.043333333333333335	0.04066666666666666	0.036	0.042	0.034666666666666665	0.024666666666666667	0.02666666666666667	0.014	0.016	0.019333333333333334	0.012	0.013333333333333334	0.015333333333333332	0.009333333333333334	0.004666666666666667	0.014666666666666666	
2.5806666666666667	2.457333333333333	2.456	2.3686666666666665	2.2626666666666666	2.2106666666666666	2.1866666666666665	2.092	2.1106666666666665	1.986	1.8966666666666667	1.83	1.8513333333333333	1.8006666666666666	1.7493333333333334	1.6533333333333333	1.6453333333333333	1.5486666666666666	1.478	1.4406666666666668	1.4793333333333334	1.434	1.4153333333333333	1.3246666666666667	1.258	1.1873333333333334	1.1693333333333333	1.2053333333333334	1.138	1.082	1.0233333333333334	0.992	0.9933333333333333	0.944	0.872	0.936	0.8566666666666667	0.798	0.7366666666666667	0.718	0.718	0.6626666666666666	0.636	0.5906666666666667	0.594	0.568	0.506	0.496	0.48933333333333334	0.4206666666666667	0.438	0.37066666666666664	0.38333333333333336	0.352	0.324	0.3273333333333333	0.286	0.2793333333333333	0.24933333333333332	0.26066666666666666	0.22866666666666666	0.20733333333333334	0.19666666666666666	0.192	0.17733333333333334	0.166	0.15933333333333333	0.13933333333333334	0.144	0.096	0.10666666666666667	0.10133333333333333	0.098	0.08733333333333333	0.09666666666666666	0.06333333333333334	0.06333333333333334	0.06066666666666667	0.064	0.050666666666666665	0.058	0.05533333333333333	0.05	0.037333333333333336	0.034	0.034	0.030666666666666665	0.025333333333333333	0.026	0.023333333333333334	0.018	0.016	0.018	0.016	0.011333333333333334	0.006	0.009333333333333334	0.008666666666666666	0.007333333333333333	
2.486666666666667	2.4426666666666668	2.4833333333333334	2.3806666666666665	2.240666666666667	2.207333333333333	2.1053333333333333	2.014666666666667	1.9846666666666666	1.934	1.9526666666666668	1.7973333333333332	1.818	1.764	1.7526666666666666	1.738	1.6066666666666667	1.6066666666666667	1.484	1.5	1.5273333333333334	1.3953333333333333	1.4106666666666667	1.34	1.2653333333333334	1.2413333333333334	1.1646666666666667	1.1493333333333333	1.112	1.054	1.0006666666666666	0.964	1.0086666666666666	0.9153333333333333	0.8706666666666667	0.8886666666666667	0.8253333333333334	0.79	0.7373333333333333	0.782	0.6993333333333334	0.6986666666666667	0.65	0.65	0.578	0.554	0.566	0.5146666666666667	0.44266666666666665	0.46066666666666667	0.4033333333333333	0.38533333333333336	0.378	0.352	0.3253333333333333	0.33066666666666666	0.32133333333333336	0.26466666666666666	0.25666666666666665	0.196	0.21933333333333332	0.23533333333333334	0.192	0.18	0.194	0.16533333333333333	0.172	0.13	0.14733333333333334	0.11666666666666667	0.124	0.10666666666666667	0.09133333333333334	0.09466666666666666	0.078	0.07	0.07666666666666666	0.07266666666666667	0.05466666666666667	0.048	0.056	0.04066666666666666	0.04133333333333333	0.043333333333333335	0.038	0.04066666666666666	0.03133333333333333	0.024	0.024666666666666667	0.024666666666666667	0.022	0.012666666666666666	0.014666666666666666	0.012	0.012	0.007333333333333333	0.012	0.011333333333333334	0.004	
2.537333333333333	2.51	2.3413333333333335	2.308	2.254	2.191333333333333	2.1586666666666665	2.058	2.0533333333333332	1.976	1.958	1.7946666666666666	1.824	1.7846666666666666	1.7206666666666666	1.644	1.6846666666666668	1.5166666666666666	1.5273333333333334	1.4893333333333334	1.4506666666666668	1.3713333333333333	1.3346666666666667	1.2966666666666666	1.266	1.1806666666666668	1.222	1.1313333333333333	1.0893333333333333	1.0453333333333332	1.012	0.996	0.9453333333333334	0.9206666666666666	0.906	0.84	0.7946666666666666	0.7933333333333333	0.748	0.724	0.68	0.652	0.666	0.6166666666666667	0.5633333333333334	0.584	0.5206666666666667	0.5146666666666667	0.4706666666666667	0.43533333333333335	0.43	0.38466666666666666	0.38466666666666666	0.3373333333333333	0.33266666666666667	0.2693333333333333	0.2733333333333333	0.26866666666666666	0.24933333333333332	0.24733333333333332	0.232	0.196	0.194	0.188	0.17466666666666666	0.15333333333333332	0.15	0.134	0.118	0.13333333333333333	0.13533333333333333	0.10133333333333333	0.086	0.10133333333333333	0.094	0.072	0.076	0.068	0.059333333333333335	0.06	0.04933333333333333	0.056	0.03866666666666667	0.04066666666666666	0.03133333333333333	0.03933333333333333	0.028	0.034	0.024	0.024	0.018	0.02666666666666667	0.010666666666666666	0.014666666666666666	0.012666666666666666	0.013333333333333334	0.006666666666666667	0.008666666666666666	0.013333333333333334	
2.4593333333333334	2.4273333333333333	2.3306666666666667	2.2706666666666666	2.2993333333333332	2.172	2.13	2.034666666666667	2.0366666666666666	1.956	1.9126666666666667	1.824	1.7986666666666666	1.7326666666666666	1.7326666666666666	1.708	1.6333333333333333	1.5613333333333332	1.5126666666666666	1.4793333333333334	1.4273333333333333	1.3106666666666666	1.362	1.3073333333333332	1.2346666666666666	1.262	1.134	1.1306666666666667	1.1266666666666667	1.0726666666666667	0.9953333333333333	1.0046666666666666	0.9473333333333334	0.9266666666666666	0.8573333333333333	0.8606666666666667	0.784	0.7566666666666667	0.7606666666666667	0.7086666666666667	0.6326666666666667	0.6506666666666666	0.618	0.6146666666666667	0.5566666666666666	0.5693333333333334	0.478	0.476	0.4666666666666667	0.432	0.4086666666666667	0.38533333333333336	0.362	0.362	0.2926666666666667	0.312	0.23933333333333334	0.2786666666666667	0.27066666666666667	0.224	0.222	0.206	0.19666666666666666	0.17266666666666666	0.18066666666666667	0.14733333333333334	0.15266666666666667	0.13533333333333333	0.13866666666666666	0.142	0.10933333333333334	0.11133333333333334	0.09333333333333334	0.08866666666666667	0.08266666666666667	0.06733333333333333	0.084	0.066	0.066	0.054	0.058	0.04666666666666667	0.03333333333333333	0.037333333333333336	0.03933333333333333	0.032	0.03	0.034666666666666665	0.030666666666666665	0.022	0.02	0.018	0.014	0.015333333333333332	0.012666666666666666	0.012666666666666666	0.005333333333333333	0.014	0.007333333333333333	
2.5006666666666666	2.4766666666666666	2.3666666666666667	2.28	2.1733333333333333	2.2046666666666668	2.0913333333333335	1.9886666666666666	2.038666666666667	1.946	1.8786666666666667	1.8246666666666667	1.8666666666666667	1.7066666666666668	1.6546666666666667	1.6373333333333333	1.5506666666666666	1.538	1.576	1.4373333333333334	1.4346666666666668	1.3406666666666667	1.324	1.2966666666666666	1.274	1.1906666666666668	1.23	1.1346666666666667	1.14	1.056	1.0	1.0066666666666666	0.9813333333333333	0.9133333333333333	0.83	0.8126666666666666	0.826	0.7746666666666666	0.71	0.7	0.6626666666666666	0.6873333333333334	0.6593333333333333	0.6233333333333333	0.5553333333333333	0.5866666666666667	0.532	0.4653333333333333	0.4866666666666667	0.41133333333333333	0.42533333333333334	0.376	0.382	0.3293333333333333	0.314	0.284	0.25666666666666665	0.28	0.26266666666666666	0.2673333333333333	0.22466666666666665	0.214	0.172	0.18133333333333335	0.16533333333333333	0.14733333333333334	0.15733333333333333	0.144	0.122	0.11866666666666667	0.11333333333333333	0.11933333333333333	0.092	0.08466666666666667	0.088	0.07	0.076	0.07533333333333334	0.06533333333333333	0.046	0.05	0.04533333333333334	0.044	0.037333333333333336	0.04133333333333333	0.03666666666666667	0.024	0.029333333333333333	0.022	0.020666666666666667	0.026	0.02	0.016666666666666666	0.018666666666666668	0.018	0.007333333333333333	0.014666666666666666	0.01	0.006	
2.470666666666667	2.4713333333333334	2.284	2.254	2.191333333333333	2.154	2.07	2.0513333333333335	1.8946666666666667	1.8906666666666667	1.8853333333333333	1.8413333333333333	1.79	1.7066666666666668	1.7293333333333334	1.6173333333333333	1.608	1.5826666666666667	1.5233333333333334	1.474	1.49	1.3733333333333333	1.3126666666666666	1.2993333333333332	1.3106666666666666	1.2153333333333334	1.1746666666666667	1.1366666666666667	1.066	1.1006666666666667	0.9913333333333333	0.9726666666666667	0.9513333333333334	0.9053333333333333	0.886	0.838	0.8233333333333334	0.7673333333333333	0.74	0.718	0.6766666666666666	0.618	0.5786666666666667	0.624	0.5646666666666667	0.5186666666666667	0.5073333333333333	0.5006666666666667	0.444	0.43933333333333335	0.39	0.4046666666666667	0.3353333333333333	0.37866666666666665	0.312	0.2786666666666667	0.2986666666666667	0.276	0.248	0.25466666666666665	0.21466666666666667	0.202	0.18933333333333333	0.16666666666666666	0.168	0.14066666666666666	0.15133333333333332	0.13266666666666665	0.13466666666666666	0.13	0.112	0.09266666666666666	0.10466666666666667	0.1	0.082	0.07866666666666666	0.068	0.059333333333333335	0.06	0.058	0.05533333333333333	0.048666666666666664	0.05	0.044	0.03333333333333333	0.03666666666666667	0.034666666666666665	0.028666666666666667	0.024666666666666667	0.02666666666666667	0.022	0.016666666666666666	0.017333333333333333	0.013333333333333334	0.016666666666666666	0.016666666666666666	0.007333333333333333	0.004	0.006	
2.4473333333333334	2.4186666666666667	2.32	2.2653333333333334	2.236666666666667	2.1046666666666667	2.074	2.0533333333333332	2.001333333333333	1.908	1.9393333333333334	1.7493333333333334	1.802	1.7153333333333334	1.682	1.6046666666666667	1.56	1.5666666666666667	1.462	1.4906666666666666	1.3826666666666667	1.3333333333333333	1.3233333333333333	1.2653333333333334	1.28	1.166	1.1493333333333333	1.138	1.066	1.0846666666666667	0.9766666666666667	1.0093333333333334	0.942	0.916	0.848	0.8053333333333333	0.7693333333333333	0.7826666666666666	0.7826666666666666	0.7106666666666667	0.6733333333333333	0.686	0.592	0.5693333333333334	0.5693333333333334	0.53	0.5026666666666667	0.49666666666666665	0.43666666666666665	0.426	0.41533333333333333	0.37	0.336	0.35733333333333334	0.324	0.3006666666666667	0.27	0.2613333333333333	0.23333333333333334	0.256	0.214	0.21066666666666667	0.21133333333333335	0.17466666666666666	0.17066666666666666	0.14733333333333334	0.142	0.13266666666666665	0.136	0.10866666666666666	0.116	0.118	0.09066666666666667	0.08066666666666666	0.08266666666666667	0.07533333333333334	0.074	0.06733333333333333	0.05266666666666667	0.06333333333333334	0.04733333333333333	0.046	0.04466666666666667	0.036	0.04	0.032	0.028666666666666667	0.029333333333333333	0.03133333333333333	0.025333333333333333	0.026	0.023333333333333334	0.016	0.014	0.01	0.01	0.008666666666666666	0.006666666666666667	0.007333333333333333	
2.362	2.4246666666666665	2.272	2.259333333333333	2.0853333333333333	2.0986666666666665	1.9833333333333334	1.9286666666666668	2.0433333333333334	1.972	1.868	1.8126666666666666	1.794	1.716	1.6806666666666668	1.578	1.604	1.46	1.4826666666666666	1.4466666666666668	1.448	1.3153333333333332	1.3573333333333333	1.234	1.2746666666666666	1.1546666666666667	1.2013333333333334	1.136	1.1166666666666667	0.9973333333333333	1.0366666666666666	0.9533333333333334	0.904	0.9186666666666666	0.8573333333333333	0.8113333333333334	0.7846666666666666	0.7586666666666667	0.7606666666666667	0.6746666666666666	0.6553333333333333	0.644	0.6226666666666667	0.5853333333333334	0.5353333333333333	0.542	0.5213333333333333	0.4806666666666667	0.43266666666666664	0.43733333333333335	0.42	0.392	0.36866666666666664	0.3426666666666667	0.31733333333333336	0.3333333333333333	0.2986666666666667	0.27	0.242	0.226	0.21666666666666667	0.21666666666666667	0.184	0.19	0.156	0.14733333333333334	0.132	0.126	0.11933333333333333	0.11533333333333333	0.11	0.11666666666666667	0.08133333333333333	0.08466666666666667	0.088	0.07	0.07733333333333334	0.05266666666666667	0.048	0.059333333333333335	0.036	0.044	0.051333333333333335	0.04	0.04066666666666666	0.038	0.03	0.034	0.02266666666666667	0.02666666666666667	0.014	0.026	0.009333333333333334	0.015333333333333332	0.012	0.013333333333333334	0.010666666666666666	0.010666666666666666	0.012666666666666666	
2.449333333333333	2.3546666666666667	2.274	2.2053333333333334	2.1526666666666667	2.167333333333333	2.026666666666667	2.076	1.9613333333333334	1.9253333333333333	1.88	1.854	1.7746666666666666	1.6733333333333333	1.65	1.5853333333333333	1.5786666666666667	1.532	1.5046666666666666	1.4133333333333333	1.4253333333333333	1.3513333333333333	1.322	1.264	1.2333333333333334	1.138	1.138	1.0766666666666667	1.06	1.0866666666666667	0.99	0.952	0.9253333333333333	0.888	0.8693333333333333	0.84	0.8053333333333333	0.7866666666666666	0.7626666666666667	0.71	0.672	0.6646666666666666	0.61	0.6073333333333333	0.538	0.5866666666666667	0.512	0.49866666666666665	0.42933333333333334	0.4573333333333333	0.41533333333333333	0.3993333333333333	0.372	0.33066666666666666	0.33866666666666667	0.30866666666666664	0.2926666666666667	0.27	0.26866666666666666	0.24333333333333335	0.20066666666666666	0.21333333333333335	0.18866666666666668	0.178	0.15066666666666667	0.15	0.14533333333333334	0.144	0.13533333333333333	0.11066666666666666	0.102	0.11333333333333333	0.102	0.08733333333333333	0.08266666666666667	0.08666666666666667	0.06933333333333333	0.05466666666666667	0.066	0.05333333333333334	0.056666666666666664	0.04466666666666667	0.048	0.042	0.035333333333333335	0.030666666666666665	0.034	0.03133333333333333	0.024	0.021333333333333333	0.018666666666666668	0.012	0.012	0.010666666666666666	0.012	0.011333333333333334	0.013333333333333334	0.007333333333333333	0.006	
2.4486666666666665	2.3253333333333335	2.2426666666666666	2.223333333333333	2.1026666666666665	2.178	2.0646666666666667	2.022666666666667	1.9713333333333334	1.9086666666666667	1.8053333333333332	1.7986666666666666	1.7166666666666666	1.6953333333333334	1.636	1.6133333333333333	1.6633333333333333	1.494	1.5366666666666666	1.444	1.416	1.336	1.3353333333333333	1.264	1.232	1.1506666666666667	1.186	1.0793333333333333	1.07	1.0466666666666666	1.0153333333333334	0.97	0.95	0.9113333333333333	0.8733333333333333	0.8533333333333334	0.756	0.8173333333333334	0.7186666666666667	0.7166666666666667	0.6493333333333333	0.6193333333333333	0.614	0.57	0.5713333333333334	0.5373333333333333	0.5066666666666667	0.5	0.4553333333333333	0.416	0.408	0.38266666666666665	0.35733333333333334	0.3526666666666667	0.328	0.26266666666666666	0.2813333333333333	0.24466666666666667	0.266	0.226	0.22733333333333333	0.204	0.17	0.18333333333333332	0.152	0.15333333333333332	0.14266666666666666	0.136	0.12733333333333333	0.12666666666666668	0.11733333333333333	0.10466666666666667	0.09733333333333333	0.09	0.072	0.084	0.06466666666666666	0.066	0.066	0.062	0.05266666666666667	0.04666666666666667	0.04133333333333333	0.03866666666666667	0.03266666666666666	0.03133333333333333	0.032	0.032	0.025333333333333333	0.02666666666666667	0.01	0.016666666666666666	0.015333333333333332	0.017333333333333333	0.018	0.007333333333333333	0.016	0.008666666666666666	0.008	
2.444	2.3253333333333335	2.252	2.254	2.1466666666666665	2.1286666666666667	2.0533333333333332	2.001333333333333	1.942	1.8513333333333333	1.8213333333333332	1.7913333333333334	1.7826666666666666	1.6786666666666668	1.6006666666666667	1.6333333333333333	1.5733333333333333	1.44	1.4866666666666666	1.4113333333333333	1.3773333333333333	1.3653333333333333	1.3213333333333332	1.1966666666666668	1.2693333333333334	1.1873333333333334	1.0906666666666667	1.0606666666666666	1.058	1.032	1.0226666666666666	0.9366666666666666	0.8653333333333333	0.874	0.8426666666666667	0.8133333333333334	0.776	0.8033333333333333	0.7093333333333334	0.688	0.6633333333333333	0.6613333333333333	0.6	0.592	0.514	0.532	0.51	0.47533333333333333	0.4266666666666667	0.434	0.4146666666666667	0.38333333333333336	0.37	0.302	0.2966666666666667	0.2966666666666667	0.288	0.2733333333333333	0.24066666666666667	0.2	0.18733333333333332	0.182	0.19333333333333333	0.178	0.16866666666666666	0.15866666666666668	0.14133333333333334	0.14266666666666666	0.13	0.11066666666666666	0.11333333333333333	0.1	0.09733333333333333	0.07466666666666667	0.076	0.06866666666666667	0.074	0.056666666666666664	0.054	0.062	0.05266666666666667	0.042666666666666665	0.04066666666666666	0.037333333333333336	0.03866666666666667	0.03666666666666667	0.028666666666666667	0.03	0.021333333333333333	0.023333333333333334	0.019333333333333334	0.019333333333333334	0.016	0.017333333333333333	0.016666666666666666	0.008	0.008666666666666666	0.006666666666666667	0.005333333333333333	
2.3593333333333333	2.3553333333333333	2.194	2.1506666666666665	2.14	2.175333333333333	2.05	2.006	1.89	1.9113333333333333	1.7933333333333332	1.7733333333333334	1.79	1.6486666666666667	1.66	1.558	1.5446666666666666	1.4766666666666666	1.4066666666666667	1.3986666666666667	1.3826666666666667	1.2933333333333332	1.34	1.1973333333333334	1.2473333333333334	1.19	1.164	1.1	1.0866666666666667	1.02	1.0013333333333334	0.9493333333333334	0.9373333333333334	0.882	0.8033333333333333	0.776	0.7906666666666666	0.764	0.7273333333333334	0.682	0.6593333333333333	0.6313333333333333	0.612	0.5966666666666667	0.5273333333333333	0.52	0.47733333333333333	0.49333333333333335	0.44133333333333336	0.43666666666666665	0.4146666666666667	0.386	0.3566666666666667	0.32066666666666666	0.31533333333333335	0.32	0.282	0.25866666666666666	0.21733333333333332	0.22266666666666668	0.208	0.17266666666666666	0.21	0.172	0.166	0.14	0.13333333333333333	0.12866666666666668	0.12333333333333334	0.116	0.10866666666666666	0.09666666666666666	0.10466666666666667	0.088	0.08066666666666666	0.072	0.062	0.05533333333333333	0.050666666666666665	0.06733333333333333	0.056666666666666664	0.03866666666666667	0.035333333333333335	0.03133333333333333	0.042	0.03266666666666666	0.027333333333333334	0.024666666666666667	0.024666666666666667	0.02	0.019333333333333334	0.015333333333333332	0.012666666666666666	0.014666666666666666	0.01	0.012666666666666666	0.006	0.008	0.007333333333333333	
2.4153333333333333	2.3593333333333333	2.19	2.266	2.184	2.1073333333333335	1.9573333333333334	1.9626666666666666	1.9446666666666668	1.896	1.7913333333333334	1.7853333333333334	1.7773333333333334	1.6186666666666667	1.6126666666666667	1.5453333333333332	1.5346666666666666	1.506	1.4733333333333334	1.4013333333333333	1.3386666666666667	1.3226666666666667	1.292	1.288	1.2066666666666668	1.1413333333333333	1.128	1.114	1.0766666666666667	1.0366666666666666	0.974	0.9413333333333334	0.886	0.8726666666666667	0.844	0.8146666666666667	0.804	0.72	0.708	0.7	0.6693333333333333	0.6526666666666666	0.6353333333333333	0.6133333333333333	0.5493333333333333	0.536	0.508	0.47533333333333333	0.43866666666666665	0.4166666666666667	0.36866666666666664	0.352	0.35333333333333333	0.326	0.316	0.30533333333333335	0.25466666666666665	0.25666666666666665	0.24866666666666667	0.236	0.21933333333333332	0.20866666666666667	0.19933333333333333	0.158	0.19	0.16	0.13133333333333333	0.136	0.124	0.102	0.11066666666666666	0.116	0.082	0.06866666666666667	0.08333333333333333	0.07066666666666667	0.07333333333333333	0.062	0.07133333333333333	0.059333333333333335	0.056666666666666664	0.04066666666666666	0.04066666666666666	0.048666666666666664	0.030666666666666665	0.038	0.037333333333333336	0.021333333333333333	0.03	0.016666666666666666	0.027333333333333334	0.015333333333333332	0.013333333333333334	0.016	0.013333333333333334	0.011333333333333334	0.008	0.007333333333333333	0.006	
2.4066666666666667	2.320666666666667	2.2706666666666666	2.219333333333333	2.1406666666666667	2.1286666666666667	1.996	1.9526666666666668	1.946	1.902	1.7926666666666666	1.774	1.754	1.7146666666666666	1.6266666666666667	1.6093333333333333	1.5206666666666666	1.4666666666666666	1.5026666666666666	1.3646666666666667	1.3873333333333333	1.286	1.2393333333333334	1.222	1.2086666666666666	1.1753333333333333	1.106	1.0826666666666667	1.0653333333333332	0.976	0.9513333333333334	0.93	0.892	0.8966666666666666	0.834	0.8193333333333334	0.7873333333333333	0.7413333333333333	0.6993333333333334	0.6653333333333333	0.6566666666666666	0.61	0.6013333333333334	0.546	0.512	0.5433333333333333	0.47	0.4493333333333333	0.45	0.4186666666666667	0.378	0.38066666666666665	0.342	0.31333333333333335	0.316	0.3293333333333333	0.2793333333333333	0.25266666666666665	0.23666666666666666	0.21333333333333335	0.21133333333333335	0.20466666666666666	0.19666666666666666	0.15466666666666667	0.16266666666666665	0.15666666666666668	0.142	0.13133333333333333	0.13266666666666665	0.11133333333333334	0.114	0.09	0.09333333333333334	0.09133333333333334	0.08466666666666667	0.07933333333333334	0.07533333333333334	0.062	0.05533333333333333	0.050666666666666665	0.04466666666666667	0.042666666666666665	0.037333333333333336	0.034	0.029333333333333333	0.016666666666666666	0.034	0.021333333333333333	0.029333333333333333	0.019333333333333334	0.017333333333333333	0.020666666666666667	0.012	0.018666666666666668	0.006666666666666667	0.008666666666666666	0.008666666666666666	0.01	0.008	
2.356	2.3153333333333332	2.284666666666667	2.218	2.0273333333333334	2.0773333333333333	1.976	1.9873333333333334	1.8866666666666667	1.7986666666666666	1.8273333333333333	1.7266666666666666	1.6893333333333334	1.634	1.6546666666666667	1.6053333333333333	1.4833333333333334	1.5086666666666666	1.4446666666666668	1.432	1.3573333333333333	1.2513333333333334	1.3013333333333332	1.1793333333333333	1.1593333333333333	1.1506666666666667	1.1346666666666667	1.0353333333333334	1.0253333333333334	0.9846666666666667	0.9746666666666667	0.946	0.9146666666666666	0.886	0.8113333333333334	0.8026666666666666	0.7866666666666666	0.7106666666666667	0.7426666666666667	0.6866666666666666	0.6553333333333333	0.636	0.592	0.576	0.528	0.5113333333333333	0.49666666666666665	0.474	0.44533333333333336	0.42	0.37	0.362	0.332	0.33	0.32133333333333336	0.2806666666666667	0.2826666666666667	0.2653333333333333	0.24666666666666667	0.21066666666666667	0.22	0.19	0.18866666666666668	0.15333333333333332	0.162	0.13333333333333333	0.14733333333333334	0.11933333333333333	0.104	0.10266666666666667	0.104	0.1	0.088	0.092	0.07533333333333334	0.07266666666666667	0.066	0.06733333333333333	0.059333333333333335	0.058	0.048	0.046	0.046	0.036	0.046	0.035333333333333335	0.02666666666666667	0.03133333333333333	0.022	0.022	0.014	0.023333333333333334	0.011333333333333334	0.014	0.011333333333333334	0.01	0.007333333333333333	0.004666666666666667	0.008	
2.296666666666667	2.300666666666667	2.2813333333333334	2.172	2.1006666666666667	2.11	1.9126666666666667	1.908	1.8886666666666667	1.848	1.76	1.6746666666666667	1.7053333333333334	1.6153333333333333	1.614	1.5206666666666666	1.5073333333333334	1.4286666666666668	1.408	1.3266666666666667	1.336	1.2266666666666666	1.3026666666666666	1.196	1.1853333333333333	1.1666666666666667	1.1113333333333333	1.1	1.0406666666666666	1.0133333333333334	0.9426666666666667	0.8873333333333333	0.8966666666666666	0.8713333333333333	0.8133333333333334	0.8166666666666667	0.7306666666666667	0.7493333333333333	0.6886666666666666	0.6906666666666667	0.596	0.6026666666666667	0.6013333333333334	0.5813333333333334	0.5313333333333333	0.5066666666666667	0.5033333333333333	0.46	0.422	0.3953333333333333	0.358	0.38333333333333336	0.3486666666666667	0.33	0.2906666666666667	0.2986666666666667	0.268	0.2693333333333333	0.214	0.23666666666666666	0.19733333333333333	0.18866666666666668	0.18666666666666668	0.168	0.162	0.14333333333333334	0.15	0.124	0.122	0.09666666666666666	0.10333333333333333	0.08266666666666667	0.084	0.09	0.08466666666666667	0.068	0.06866666666666667	0.05733333333333333	0.06066666666666667	0.05266666666666667	0.046	0.04066666666666666	0.048666666666666664	0.04133333333333333	0.037333333333333336	0.03133333333333333	0.020666666666666667	0.029333333333333333	0.025333333333333333	0.024666666666666667	0.027333333333333334	0.015333333333333332	0.013333333333333334	0.014666666666666666	0.012666666666666666	0.016666666666666666	0.009333333333333334	0.008	0.006666666666666667	
2.32	2.3013333333333335	2.0486666666666666	2.1026666666666665	2.1286666666666667	2.042666666666667	2.0126666666666666	1.91	1.8326666666666667	1.872	1.7646666666666666	1.7073333333333334	1.6633333333333333	1.6286666666666667	1.6046666666666667	1.5266666666666666	1.608	1.4286666666666668	1.434	1.35	1.3586666666666667	1.288	1.3026666666666666	1.224	1.1593333333333333	1.212	1.154	1.0773333333333333	1.034	0.9826666666666667	0.9473333333333334	0.9206666666666666	0.8953333333333333	0.8746666666666667	0.846	0.7946666666666666	0.76	0.7153333333333334	0.672	0.6833333333333333	0.6153333333333333	0.6186666666666667	0.5873333333333334	0.566	0.5093333333333333	0.518	0.5053333333333333	0.466	0.438	0.416	0.372	0.4	0.3253333333333333	0.31733333333333336	0.308	0.2926666666666667	0.262	0.2753333333333333	0.22466666666666665	0.22666666666666666	0.208	0.19333333333333333	0.18733333333333332	0.17133333333333334	0.14266666666666666	0.14933333333333335	0.14333333333333334	0.12533333333333332	0.11533333333333333	0.09666666666666666	0.098	0.08533333333333333	0.098	0.07733333333333334	0.09066666666666667	0.06733333333333333	0.059333333333333335	0.06	0.04933333333333333	0.043333333333333335	0.05466666666666667	0.05	0.03933333333333333	0.037333333333333336	0.035333333333333335	0.036	0.024666666666666667	0.024	0.028	0.021333333333333333	0.016666666666666666	0.012666666666666666	0.014666666666666666	0.010666666666666666	0.012	0.008666666666666666	0.008666666666666666	0.01	0.005333333333333333	
2.2933333333333334	2.328	2.1486666666666667	2.1453333333333333	2.0993333333333335	2.0273333333333334	2.0086666666666666	1.9613333333333334	1.836	1.8173333333333332	1.8126666666666666	1.67	1.76	1.6146666666666667	1.644	1.5486666666666666	1.4933333333333334	1.426	1.43	1.328	1.3246666666666667	1.3206666666666667	1.268	1.1946666666666668	1.186	1.1193333333333333	1.118	1.086	1.0266666666666666	0.99	0.9253333333333333	0.914	0.8806666666666667	0.846	0.84	0.824	0.7366666666666667	0.7166666666666667	0.7266666666666667	0.6786666666666666	0.6146666666666667	0.58	0.59	0.554	0.53	0.5126666666666667	0.5146666666666667	0.462	0.4226666666666667	0.404	0.38466666666666666	0.35	0.316	0.33	0.304	0.2906666666666667	0.28	0.24666666666666667	0.23266666666666666	0.20666666666666667	0.21933333333333332	0.20933333333333334	0.17	0.18	0.15	0.14	0.136	0.126	0.12533333333333332	0.11066666666666666	0.09266666666666666	0.09533333333333334	0.10733333333333334	0.08	0.07466666666666667	0.07133333333333333	0.06466666666666666	0.06066666666666667	0.06866666666666667	0.043333333333333335	0.058	0.05333333333333334	0.042	0.037333333333333336	0.028	0.030666666666666665	0.030666666666666665	0.03666666666666667	0.030666666666666665	0.020666666666666667	0.019333333333333334	0.013333333333333334	0.019333333333333334	0.013333333333333334	0.01	0.010666666666666666	0.006	0.006666666666666667	0.0026666666666666666	
2.274	2.244666666666667	2.1433333333333335	2.1286666666666667	2.054	2.0313333333333334	2.034666666666667	1.9166666666666667	1.8833333333333333	1.824	1.7913333333333334	1.6866666666666668	1.7046666666666668	1.5766666666666667	1.5606666666666666	1.528	1.5493333333333332	1.412	1.4453333333333334	1.3706666666666667	1.3093333333333332	1.2953333333333332	1.2553333333333334	1.1493333333333333	1.1686666666666667	1.142	1.128	1.0626666666666666	1.008	0.968	0.9173333333333333	0.9173333333333333	0.8873333333333333	0.8466666666666667	0.7786666666666666	0.8246666666666667	0.7526666666666667	0.7173333333333334	0.6933333333333334	0.6706666666666666	0.61	0.6026666666666667	0.5646666666666667	0.528	0.5546666666666666	0.5173333333333333	0.472	0.466	0.4593333333333333	0.39	0.39066666666666666	0.37733333333333335	0.354	0.32	0.31466666666666665	0.29733333333333334	0.26	0.248	0.234	0.232	0.22133333333333333	0.19	0.18933333333333333	0.17333333333333334	0.16533333333333333	0.14266666666666666	0.146	0.12	0.11133333333333334	0.10533333333333333	0.132	0.09066666666666667	0.09133333333333334	0.08266666666666667	0.088	0.07133333333333333	0.07933333333333334	0.056	0.064	0.05333333333333334	0.04733333333333333	0.056	0.03666666666666667	0.032	0.03933333333333333	0.025333333333333333	0.024666666666666667	0.034	0.02266666666666667	0.021333333333333333	0.02	0.021333333333333333	0.016666666666666666	0.016666666666666666	0.010666666666666666	0.012	0.008666666666666666	0.008	0.005333333333333333	
2.2506666666666666	2.2826666666666666	2.1226666666666665	2.208666666666667	2.108	2.0606666666666666	1.9606666666666666	1.9186666666666667	1.8733333333333333	1.7266666666666666	1.756	1.724	1.6673333333333333	1.6153333333333333	1.5806666666666667	1.51	1.468	1.4366666666666668	1.4093333333333333	1.3126666666666666	1.3553333333333333	1.2706666666666666	1.248	1.1966666666666668	1.1773333333333333	1.0846666666666667	1.0553333333333332	1.058	1.014	0.9766666666666667	0.974	0.9126666666666666	0.896	0.8146666666666667	0.7986666666666666	0.762	0.7753333333333333	0.7386666666666667	0.724	0.6826666666666666	0.6413333333333333	0.612	0.57	0.5686666666666667	0.49733333333333335	0.498	0.4826666666666667	0.47333333333333333	0.43466666666666665	0.37533333333333335	0.408	0.36533333333333334	0.3313333333333333	0.326	0.30533333333333335	0.29933333333333334	0.24333333333333335	0.25466666666666665	0.22466666666666665	0.224	0.20266666666666666	0.18466666666666667	0.176	0.15466666666666667	0.16066666666666668	0.132	0.13666666666666666	0.12933333333333333	0.11533333333333333	0.106	0.10133333333333333	0.108	0.09533333333333334	0.08066666666666666	0.09533333333333334	0.06733333333333333	0.06533333333333333	0.058	0.06	0.06866666666666667	0.04733333333333333	0.03133333333333333	0.035333333333333335	0.044	0.03133333333333333	0.034	0.02666666666666667	0.024	0.024	0.019333333333333334	0.017333333333333333	0.02	0.018666666666666668	0.011333333333333334	0.010666666666666666	0.008666666666666666	0.01	0.010666666666666666	0.006666666666666667	
2.2866666666666666	2.208	2.1513333333333335	2.1306666666666665	2.042	2.006	1.9373333333333334	1.8853333333333333	1.8366666666666667	1.794	1.732	1.6466666666666667	1.6833333333333333	1.5946666666666667	1.534	1.5373333333333334	1.5146666666666666	1.4466666666666668	1.4086666666666667	1.3093333333333332	1.2353333333333334	1.242	1.2373333333333334	1.18	1.1906666666666668	1.128	1.0926666666666667	1.0186666666666666	1.0393333333333334	0.99	0.9566666666666667	0.886	0.8413333333333334	0.834	0.8113333333333334	0.7733333333333333	0.75	0.7326666666666667	0.6966666666666667	0.6746666666666666	0.6306666666666667	0.618	0.5666666666666667	0.52	0.5206666666666667	0.49666666666666665	0.474	0.44733333333333336	0.44133333333333336	0.41733333333333333	0.3433333333333333	0.382	0.356	0.308	0.2986666666666667	0.284	0.256	0.23733333333333334	0.21533333333333332	0.23066666666666666	0.194	0.20266666666666666	0.192	0.15733333333333333	0.16533333333333333	0.14333333333333334	0.13133333333333333	0.12466666666666666	0.12266666666666666	0.11666666666666667	0.11466666666666667	0.106	0.082	0.09	0.07933333333333334	0.074	0.064	0.05733333333333333	0.058	0.06133333333333333	0.051333333333333335	0.035333333333333335	0.03866666666666667	0.04066666666666666	0.03866666666666667	0.036	0.037333333333333336	0.026	0.02266666666666667	0.018	0.011333333333333334	0.015333333333333332	0.014	0.012	0.009333333333333334	0.01	0.005333333333333333	0.012	0.006666666666666667	
2.278	2.236	2.134	2.1613333333333333	2.0593333333333335	1.9493333333333334	1.874	1.858	1.8193333333333332	1.812	1.73	1.67	1.632	1.578	1.5486666666666666	1.422	1.5226666666666666	1.3973333333333333	1.4253333333333333	1.34	1.2833333333333334	1.2573333333333334	1.266	1.1693333333333333	1.14	1.1186666666666667	1.1213333333333333	1.0486666666666666	1.0313333333333334	0.9566666666666667	0.976	0.9293333333333333	0.9113333333333333	0.8286666666666667	0.8086666666666666	0.7733333333333333	0.7506666666666667	0.6846666666666666	0.6993333333333334	0.6793333333333333	0.614	0.572	0.558	0.562	0.518	0.514	0.45	0.4666666666666667	0.42533333333333334	0.39	0.372	0.3426666666666667	0.34933333333333333	0.3333333333333333	0.2926666666666667	0.278	0.274	0.238	0.228	0.22333333333333333	0.19333333333333333	0.208	0.17666666666666667	0.16933333333333334	0.16466666666666666	0.16333333333333333	0.14666666666666667	0.11733333333333333	0.12933333333333333	0.138	0.106	0.08	0.08533333333333333	0.09466666666666666	0.082	0.066	0.06533333333333333	0.05733333333333333	0.046	0.05266666666666667	0.058666666666666666	0.04066666666666666	0.04066666666666666	0.042666666666666665	0.04133333333333333	0.030666666666666665	0.024	0.02	0.02666666666666667	0.018666666666666668	0.019333333333333334	0.018666666666666668	0.016666666666666666	0.018	0.01	0.008666666666666666	0.007333333333333333	0.007333333333333333	0.009333333333333334	
2.276666666666667	2.2	2.148	2.0273333333333334	2.004	2.054	1.8626666666666667	1.8286666666666667	1.824	1.6913333333333334	1.6753333333333333	1.6533333333333333	1.5993333333333333	1.556	1.576	1.4973333333333334	1.5253333333333334	1.3706666666666667	1.3386666666666667	1.3646666666666667	1.2906666666666666	1.198	1.2346666666666666	1.102	1.1166666666666667	1.0786666666666667	1.0893333333333333	1.046	1.0073333333333334	0.974	0.946	0.8453333333333334	0.852	0.808	0.8346666666666667	0.7246666666666667	0.752	0.692	0.6913333333333334	0.6613333333333333	0.6126666666666667	0.624	0.564	0.5306666666666666	0.5066666666666667	0.49933333333333335	0.4706666666666667	0.44533333333333336	0.4073333333333333	0.36666666666666664	0.39466666666666667	0.3406666666666667	0.31733333333333336	0.3006666666666667	0.2773333333333333	0.27066666666666667	0.252	0.252	0.23466666666666666	0.214	0.19333333333333333	0.19	0.158	0.14533333333333334	0.158	0.138	0.13733333333333334	0.124	0.10533333333333333	0.11666666666666667	0.09266666666666666	0.08333333333333333	0.08466666666666667	0.07733333333333334	0.092	0.07266666666666667	0.074	0.06666666666666667	0.06133333333333333	0.048	0.04666666666666667	0.04466666666666667	0.04133333333333333	0.046	0.03666666666666667	0.03933333333333333	0.037333333333333336	0.020666666666666667	0.018666666666666668	0.020666666666666667	0.014	0.019333333333333334	0.017333333333333333	0.008666666666666666	0.012666666666666666	0.010666666666666666	0.008	0.007333333333333333	0.004	
2.291333333333333	2.212	2.106	2.0493333333333332	1.9846666666666666	1.9626666666666666	1.968	1.806	1.822	1.7446666666666666	1.6946666666666668	1.6526666666666667	1.6106666666666667	1.554	1.5746666666666667	1.5186666666666666	1.5006666666666666	1.444	1.3886666666666667	1.3213333333333332	1.3686666666666667	1.2193333333333334	1.2273333333333334	1.1233333333333333	1.1026666666666667	1.0473333333333332	1.0946666666666667	1.0526666666666666	0.9666666666666667	0.98	0.9526666666666667	0.9093333333333333	0.858	0.8586666666666667	0.7713333333333333	0.7333333333333333	0.7713333333333333	0.736	0.6686666666666666	0.6713333333333333	0.6173333333333333	0.586	0.592	0.554	0.514	0.49466666666666664	0.4646666666666667	0.462	0.4066666666666667	0.386	0.36533333333333334	0.36666666666666664	0.31733333333333336	0.29733333333333334	0.29933333333333334	0.25866666666666666	0.24666666666666667	0.25333333333333335	0.24	0.21333333333333335	0.20466666666666666	0.20133333333333334	0.16266666666666665	0.17066666666666666	0.156	0.16333333333333333	0.12733333333333333	0.11133333333333334	0.12466666666666666	0.108	0.10733333333333334	0.102	0.08733333333333333	0.09	0.076	0.06866666666666667	0.056666666666666664	0.06066666666666667	0.03866666666666667	0.054	0.030666666666666665	0.04533333333333334	0.037333333333333336	0.027333333333333334	0.03266666666666666	0.025333333333333333	0.028666666666666667	0.017333333333333333	0.021333333333333333	0.017333333333333333	0.015333333333333332	0.015333333333333332	0.018	0.008	0.014	0.009333333333333334	0.01	0.008666666666666666	0.01	
2.215333333333333	2.236	2.037333333333333	2.0606666666666666	1.9993333333333334	1.9486666666666668	1.9106666666666667	1.852	1.7853333333333334	1.7646666666666666	1.734	1.6433333333333333	1.592	1.594	1.5273333333333334	1.4446666666666668	1.496	1.4126666666666667	1.3846666666666667	1.27	1.3146666666666667	1.178	1.23	1.1193333333333333	1.1453333333333333	1.0806666666666667	1.0626666666666666	0.96	0.9513333333333334	1.0186666666666666	0.898	0.8926666666666667	0.86	0.8786666666666667	0.7866666666666666	0.7386666666666667	0.7126666666666667	0.7173333333333334	0.6693333333333333	0.6146666666666667	0.664	0.5486666666666666	0.59	0.546	0.5513333333333333	0.49066666666666664	0.44666666666666666	0.432	0.43666666666666665	0.3893333333333333	0.4086666666666667	0.3486666666666667	0.316	0.318	0.2806666666666667	0.29133333333333333	0.2613333333333333	0.25733333333333336	0.23066666666666666	0.22	0.20666666666666667	0.19666666666666666	0.176	0.16466666666666666	0.166	0.13933333333333334	0.12933333333333333	0.12266666666666666	0.11733333333333333	0.12133333333333333	0.11866666666666667	0.10466666666666667	0.094	0.08133333333333333	0.07866666666666666	0.07866666666666666	0.058666666666666666	0.06133333333333333	0.05466666666666667	0.046	0.042666666666666665	0.04666666666666667	0.04133333333333333	0.042	0.043333333333333335	0.03133333333333333	0.032	0.02666666666666667	0.023333333333333334	0.018666666666666668	0.016	0.013333333333333334	0.013333333333333334	0.014666666666666666	0.010666666666666666	0.010666666666666666	0.006	0.010666666666666666	0.01	
2.28	2.242	2.0866666666666664	2.058666666666667	1.9586666666666666	1.9613333333333334	1.874	1.9326666666666668	1.8173333333333332	1.758	1.766	1.664	1.6333333333333333	1.5653333333333332	1.484	1.468	1.4546666666666668	1.3933333333333333	1.358	1.304	1.2986666666666666	1.2113333333333334	1.1973333333333334	1.1613333333333333	1.1533333333333333	1.03	1.028	1.044	0.962	0.9133333333333333	0.8866666666666667	0.878	0.882	0.818	0.77	0.796	0.6846666666666666	0.6933333333333334	0.6913333333333334	0.654	0.668	0.602	0.5846666666666667	0.556	0.48933333333333334	0.4726666666666667	0.4633333333333333	0.428	0.4186666666666667	0.3973333333333333	0.368	0.352	0.324	0.32666666666666666	0.274	0.2733333333333333	0.24733333333333332	0.25533333333333336	0.21666666666666667	0.21666666666666667	0.20333333333333334	0.186	0.17466666666666666	0.14733333333333334	0.14666666666666667	0.14466666666666667	0.148	0.12333333333333334	0.11466666666666667	0.114	0.09733333333333333	0.094	0.09733333333333333	0.08066666666666666	0.07666666666666666	0.07666666666666666	0.084	0.066	0.04933333333333333	0.05333333333333334	0.042666666666666665	0.035333333333333335	0.03866666666666667	0.034	0.034	0.027333333333333334	0.026	0.028	0.027333333333333334	0.015333333333333332	0.017333333333333333	0.024	0.014666666666666666	0.016	0.013333333333333334	0.012666666666666666	0.012	0.006	0.007333333333333333	
2.223333333333333	2.166	2.076	2.054	1.9566666666666668	1.926	1.964	1.8726666666666667	1.842	1.7473333333333334	1.6253333333333333	1.6513333333333333	1.5866666666666667	1.5693333333333332	1.554	1.4406666666666668	1.3733333333333333	1.3993333333333333	1.344	1.284	1.236	1.196	1.142	1.1333333333333333	1.1293333333333333	1.0453333333333332	1.0233333333333334	1.0073333333333334	0.9806666666666667	0.9806666666666667	0.8973333333333333	0.858	0.874	0.8113333333333334	0.7713333333333333	0.7893333333333333	0.7366666666666667	0.7293333333333333	0.6473333333333333	0.6526666666666666	0.604	0.5553333333333333	0.5526666666666666	0.5306666666666666	0.49066666666666664	0.47533333333333333	0.466	0.432	0.39866666666666667	0.39	0.3486666666666667	0.338	0.3486666666666667	0.30866666666666664	0.2753333333333333	0.26	0.244	0.26266666666666666	0.228	0.20866666666666667	0.20733333333333334	0.18333333333333332	0.18066666666666667	0.166	0.13733333333333334	0.14466666666666667	0.15466666666666667	0.13733333333333334	0.12466666666666666	0.116	0.102	0.09733333333333333	0.086	0.08066666666666666	0.07066666666666667	0.08133333333333333	0.066	0.048666666666666664	0.051333333333333335	0.056666666666666664	0.03866666666666667	0.043333333333333335	0.04466666666666667	0.038	0.034	0.025333333333333333	0.026	0.026	0.02666666666666667	0.023333333333333334	0.024666666666666667	0.020666666666666667	0.016666666666666666	0.012	0.012666666666666666	0.008666666666666666	0.008	0.008666666666666666	0.005333333333333333	
2.1013333333333333	2.218	2.082	2.0246666666666666	1.9793333333333334	1.9313333333333333	1.9386666666666668	1.82	1.7673333333333334	1.7326666666666666	1.7146666666666666	1.6793333333333333	1.5646666666666667	1.4826666666666666	1.512	1.4333333333333333	1.4746666666666666	1.3706666666666667	1.372	1.3226666666666667	1.27	1.202	1.1893333333333334	1.1393333333333333	1.1053333333333333	1.0453333333333332	1.0353333333333334	0.9786666666666667	0.9913333333333333	0.91	0.924	0.858	0.7993333333333333	0.8246666666666667	0.794	0.78	0.6886666666666666	0.66	0.6553333333333333	0.6173333333333333	0.6333333333333333	0.62	0.558	0.5426666666666666	0.47933333333333333	0.47333333333333333	0.45666666666666667	0.456	0.4146666666666667	0.384	0.36333333333333334	0.3333333333333333	0.31866666666666665	0.312	0.304	0.2753333333333333	0.266	0.248	0.22333333333333333	0.194	0.20533333333333334	0.184	0.182	0.16533333333333333	0.17133333333333334	0.12266666666666666	0.116	0.11933333333333333	0.12466666666666666	0.116	0.096	0.08733333333333333	0.08733333333333333	0.08466666666666667	0.06666666666666667	0.06266666666666666	0.06133333333333333	0.05333333333333334	0.06133333333333333	0.04666666666666667	0.03866666666666667	0.05	0.035333333333333335	0.028	0.029333333333333333	0.027333333333333334	0.027333333333333334	0.025333333333333333	0.021333333333333333	0.020666666666666667	0.020666666666666667	0.012666666666666666	0.011333333333333334	0.008666666666666666	0.016	0.008	0.008	0.005333333333333333	0.007333333333333333	
2.236	2.1473333333333335	2.0693333333333332	2.034666666666667	1.9373333333333334	1.948	1.8726666666666667	1.836	1.7366666666666666	1.704	1.6786666666666668	1.6206666666666667	1.616	1.524	1.458	1.4186666666666667	1.412	1.4046666666666667	1.3333333333333333	1.2633333333333334	1.25	1.212	1.156	1.0733333333333333	1.0986666666666667	1.0826666666666667	1.06	0.9413333333333334	0.9453333333333334	0.8873333333333333	0.894	0.876	0.816	0.8286666666666667	0.772	0.7286666666666667	0.7213333333333334	0.6993333333333334	0.6566666666666666	0.6093333333333333	0.5953333333333334	0.5653333333333334	0.5273333333333333	0.5366666666666666	0.51	0.49866666666666665	0.466	0.45	0.4126666666666667	0.38	0.352	0.3466666666666667	0.32066666666666666	0.26266666666666666	0.28	0.2966666666666667	0.264	0.244	0.20666666666666667	0.20466666666666666	0.19133333333333333	0.18733333333333332	0.192	0.18066666666666667	0.14866666666666667	0.15466666666666667	0.14466666666666667	0.114	0.11866666666666667	0.1	0.09466666666666666	0.094	0.08333333333333333	0.07333333333333333	0.07266666666666667	0.066	0.08	0.05	0.042666666666666665	0.05333333333333334	0.04533333333333334	0.046	0.04533333333333334	0.03866666666666667	0.032	0.038	0.03	0.024	0.022	0.022	0.02	0.013333333333333334	0.011333333333333334	0.012	0.01	0.01	0.006	0.005333333333333333	0.007333333333333333	
2.2006666666666668	2.176	2.0086666666666666	1.9846666666666666	1.9393333333333334	1.8793333333333333	1.7693333333333334	1.752	1.768	1.7006666666666668	1.612	1.598	1.556	1.4973333333333334	1.454	1.4466666666666668	1.368	1.338	1.2946666666666666	1.288	1.1973333333333334	1.1986666666666668	1.124	1.1173333333333333	1.112	1.0446666666666666	0.9846666666666667	0.9353333333333333	0.9446666666666667	0.9653333333333334	0.9053333333333333	0.8733333333333333	0.762	0.774	0.7733333333333333	0.7153333333333334	0.722	0.7106666666666667	0.6133333333333333	0.622	0.6273333333333333	0.5573333333333333	0.5726666666666667	0.5313333333333333	0.48933333333333334	0.498	0.44733333333333336	0.462	0.38533333333333336	0.3873333333333333	0.38266666666666665	0.31533333333333335	0.33066666666666666	0.30466666666666664	0.2866666666666667	0.2773333333333333	0.25133333333333335	0.24066666666666667	0.23	0.19666666666666666	0.19066666666666668	0.18666666666666668	0.13933333333333334	0.17	0.166	0.14333333333333334	0.11266666666666666	0.13	0.13133333333333333	0.098	0.10333333333333333	0.08466666666666667	0.07933333333333334	0.07466666666666667	0.076	0.07666666666666666	0.07	0.05266666666666667	0.048666666666666664	0.051333333333333335	0.04133333333333333	0.035333333333333335	0.042	0.034666666666666665	0.03333333333333333	0.025333333333333333	0.030666666666666665	0.018	0.027333333333333334	0.02266666666666667	0.018	0.016666666666666666	0.012666666666666666	0.016	0.012666666666666666	0.011333333333333334	0.005333333333333333	0.009333333333333334	0.008	
2.171333333333333	2.1113333333333335	2.0686666666666667	2.1213333333333333	1.9786666666666666	1.8926666666666667	1.82	1.7646666666666666	1.784	1.6946666666666668	1.66	1.5886666666666667	1.542	1.5366666666666666	1.416	1.4193333333333333	1.3666666666666667	1.314	1.3033333333333332	1.2586666666666666	1.244	1.1666666666666667	1.136	1.1206666666666667	1.1113333333333333	1.06	1.0466666666666666	0.9866666666666667	0.952	0.9153333333333333	0.9073333333333333	0.84	0.8386666666666667	0.792	0.782	0.756	0.71	0.7226666666666667	0.6486666666666666	0.6666666666666666	0.606	0.5926666666666667	0.5613333333333334	0.5086666666666667	0.49866666666666665	0.466	0.448	0.412	0.4246666666666667	0.374	0.33266666666666667	0.3413333333333333	0.318	0.29333333333333333	0.254	0.266	0.25466666666666665	0.23533333333333334	0.23933333333333334	0.21133333333333335	0.18533333333333332	0.188	0.17	0.16066666666666668	0.15066666666666667	0.14533333333333334	0.14066666666666666	0.12333333333333334	0.12133333333333333	0.11266666666666666	0.07933333333333334	0.094	0.08266666666666667	0.08533333333333333	0.08066666666666666	0.06066666666666667	0.05333333333333334	0.06866666666666667	0.050666666666666665	0.04066666666666666	0.04933333333333333	0.03866666666666667	0.04733333333333333	0.032	0.037333333333333336	0.03866666666666667	0.024666666666666667	0.023333333333333334	0.024666666666666667	0.024666666666666667	0.018	0.017333333333333333	0.018	0.015333333333333332	0.01	0.011333333333333334	0.008666666666666666	0.01	0.008666666666666666	
2.1233333333333335	2.128	2.066	2.028	1.9	1.9046666666666667	1.792	1.7553333333333334	1.7106666666666666	1.6786666666666668	1.6473333333333333	1.5513333333333332	1.5806666666666667	1.506	1.4966666666666666	1.3653333333333333	1.4213333333333333	1.3873333333333333	1.3113333333333332	1.24	1.2106666666666666	1.2406666666666666	1.1493333333333333	1.124	1.0753333333333333	1.0106666666666666	1.0386666666666666	0.9533333333333334	0.9506666666666667	0.96	0.8693333333333333	0.842	0.818	0.8146666666666667	0.7326666666666667	0.7473333333333333	0.6913333333333334	0.6613333333333333	0.652	0.6346666666666667	0.628	0.5746666666666667	0.56	0.56	0.492	0.4866666666666667	0.4553333333333333	0.4053333333333333	0.37466666666666665	0.37066666666666664	0.3373333333333333	0.33	0.3273333333333333	0.31933333333333336	0.3	0.2633333333333333	0.242	0.244	0.21466666666666667	0.198	0.21466666666666667	0.16266666666666665	0.176	0.16133333333333333	0.14133333333333334	0.12733333333333333	0.136	0.12666666666666668	0.11733333333333333	0.092	0.10466666666666667	0.096	0.08666666666666667	0.08866666666666667	0.068	0.07	0.058	0.058666666666666666	0.058666666666666666	0.038	0.054	0.03133333333333333	0.042666666666666665	0.03666666666666667	0.03333333333333333	0.029333333333333333	0.026	0.021333333333333333	0.017333333333333333	0.020666666666666667	0.018666666666666668	0.01	0.018666666666666668	0.01	0.02	0.011333333333333334	0.005333333333333333	0.007333333333333333	0.006666666666666667	
2.164	2.108	2.048	2.002666666666667	1.912	1.856	1.7893333333333334	1.7706666666666666	1.7326666666666666	1.6353333333333333	1.6873333333333334	1.5966666666666667	1.4986666666666666	1.5366666666666666	1.406	1.4213333333333333	1.398	1.31	1.2986666666666666	1.252	1.214	1.15	1.1866666666666668	1.1013333333333333	1.0586666666666666	1.0446666666666666	1.0266666666666666	0.9786666666666667	0.9006666666666666	0.8986666666666666	0.8766666666666667	0.854	0.8186666666666667	0.8146666666666667	0.794	0.722	0.666	0.6933333333333334	0.6373333333333333	0.6386666666666667	0.5993333333333334	0.5673333333333334	0.532	0.528	0.5026666666666667	0.4646666666666667	0.442	0.422	0.394	0.378	0.3506666666666667	0.33066666666666666	0.294	0.318	0.2793333333333333	0.27266666666666667	0.2633333333333333	0.24666666666666667	0.224	0.21666666666666667	0.17866666666666667	0.16666666666666666	0.17666666666666667	0.16133333333333333	0.14266666666666666	0.12933333333333333	0.10733333333333334	0.126	0.112	0.11066666666666666	0.088	0.10333333333333333	0.08666666666666667	0.094	0.07733333333333334	0.062	0.06733333333333333	0.04733333333333333	0.05266666666666667	0.046	0.046	0.038	0.035333333333333335	0.028666666666666667	0.028666666666666667	0.034	0.03333333333333333	0.027333333333333334	0.026	0.023333333333333334	0.012666666666666666	0.008666666666666666	0.013333333333333334	0.012	0.008666666666666666	0.006666666666666667	0.009333333333333334	0.009333333333333334	0.008	
2.206	2.0673333333333335	2.016	1.94	1.8733333333333333	1.8913333333333333	1.788	1.848	1.67	1.6833333333333333	1.542	1.5926666666666667	1.5053333333333334	1.4973333333333334	1.4733333333333334	1.384	1.35	1.284	1.2966666666666666	1.2586666666666666	1.1993333333333334	1.1526666666666667	1.132	1.134	1.0686666666666667	1.0626666666666666	1.0126666666666666	0.9886666666666667	0.9606666666666667	0.938	0.8673333333333333	0.878	0.8433333333333334	0.7786666666666666	0.7233333333333334	0.732	0.7286666666666667	0.732	0.5993333333333334	0.6146666666666667	0.5726666666666667	0.5546666666666666	0.512	0.5013333333333333	0.47933333333333333	0.4866666666666667	0.4513333333333333	0.42333333333333334	0.38	0.38466666666666666	0.34933333333333333	0.3526666666666667	0.34	0.29933333333333334	0.2693333333333333	0.24333333333333335	0.26466666666666666	0.21066666666666667	0.21333333333333335	0.21666666666666667	0.20666666666666667	0.18733333333333332	0.15666666666666668	0.158	0.16133333333333333	0.13266666666666665	0.12533333333333332	0.11866666666666667	0.11	0.10133333333333333	0.10133333333333333	0.08333333333333333	0.08533333333333333	0.06866666666666667	0.072	0.07666666666666666	0.062	0.06133333333333333	0.042666666666666665	0.042666666666666665	0.04933333333333333	0.04666666666666667	0.03666666666666667	0.042	0.035333333333333335	0.026	0.02666666666666667	0.020666666666666667	0.03133333333333333	0.026	0.018	0.016	0.014666666666666666	0.014	0.009333333333333334	0.007333333333333333	0.008666666666666666	0.008666666666666666	0.006666666666666667	
2.1393333333333335	2.0233333333333334	1.9813333333333334	1.9653333333333334	1.9273333333333333	1.8713333333333333	1.758	1.794	1.6753333333333333	1.6346666666666667	1.678	1.5833333333333333	1.5513333333333332	1.46	1.494	1.398	1.308	1.346	1.3466666666666667	1.1993333333333334	1.2286666666666666	1.1853333333333333	1.1593333333333333	1.09	1.102	1.034	1.0286666666666666	1.0106666666666666	0.906	0.9453333333333334	0.9126666666666666	0.8106666666666666	0.786	0.818	0.7406666666666667	0.7393333333333333	0.684	0.674	0.6113333333333333	0.6233333333333333	0.5713333333333334	0.5566666666666666	0.5986666666666667	0.5326666666666666	0.5226666666666666	0.502	0.42933333333333334	0.414	0.402	0.368	0.36333333333333334	0.3293333333333333	0.31266666666666665	0.2833333333333333	0.2773333333333333	0.2633333333333333	0.25	0.23533333333333334	0.204	0.19933333333333333	0.19	0.19866666666666666	0.152	0.14066666666666666	0.154	0.14666666666666667	0.122	0.12533333333333332	0.13	0.08666666666666667	0.098	0.08133333333333333	0.08666666666666667	0.06933333333333333	0.07066666666666667	0.07066666666666667	0.05733333333333333	0.06866666666666667	0.059333333333333335	0.04066666666666666	0.048666666666666664	0.048666666666666664	0.04066666666666666	0.03933333333333333	0.016666666666666666	0.027333333333333334	0.026	0.021333333333333333	0.021333333333333333	0.02666666666666667	0.018	0.014	0.013333333333333334	0.013333333333333334	0.011333333333333334	0.012	0.004666666666666667	0.008	0.004	
2.072	2.038	1.958	1.9313333333333333	1.9186666666666667	1.764	1.7766666666666666	1.7686666666666666	1.7406666666666666	1.6133333333333333	1.586	1.5206666666666666	1.572	1.444	1.4686666666666666	1.366	1.3766666666666667	1.3586666666666667	1.3333333333333333	1.2173333333333334	1.2366666666666666	1.1333333333333333	1.1353333333333333	1.092	1.0726666666666667	1.0506666666666666	1.0193333333333334	0.9813333333333333	0.9053333333333333	0.866	0.9053333333333333	0.836	0.7933333333333333	0.7566666666666667	0.72	0.7133333333333334	0.6886666666666666	0.6486666666666666	0.61	0.6226666666666667	0.5573333333333333	0.5566666666666666	0.5146666666666667	0.514	0.49466666666666664	0.4633333333333333	0.41333333333333333	0.4126666666666667	0.382	0.37133333333333335	0.3426666666666667	0.31266666666666665	0.32133333333333336	0.28933333333333333	0.26266666666666666	0.246	0.24133333333333334	0.23066666666666666	0.20866666666666667	0.18933333333333333	0.2	0.17666666666666667	0.16266666666666665	0.142	0.16	0.124	0.13	0.112	0.13133333333333333	0.09866666666666667	0.09133333333333334	0.088	0.084	0.08133333333333333	0.07333333333333333	0.064	0.06066666666666667	0.06466666666666666	0.050666666666666665	0.052	0.044	0.03333333333333333	0.036	0.038	0.032	0.036	0.02266666666666667	0.028	0.02266666666666667	0.024666666666666667	0.013333333333333334	0.012666666666666666	0.011333333333333334	0.014	0.012	0.013333333333333334	0.007333333333333333	0.007333333333333333	0.006666666666666667	
2.1173333333333333	2.0646666666666667	1.9393333333333334	1.9006666666666667	1.8953333333333333	1.852	1.778	1.802	1.6713333333333333	1.6333333333333333	1.562	1.4973333333333334	1.4886666666666666	1.4133333333333333	1.394	1.4	1.3546666666666667	1.2986666666666666	1.244	1.2346666666666666	1.2093333333333334	1.1526666666666667	1.1133333333333333	1.1026666666666667	1.064	1.0486666666666666	0.9553333333333334	0.9326666666666666	0.918	0.8753333333333333	0.8786666666666667	0.8293333333333334	0.788	0.7706666666666667	0.7413333333333333	0.7106666666666667	0.6406666666666667	0.694	0.6573333333333333	0.6193333333333333	0.566	0.5786666666666667	0.558	0.526	0.456	0.476	0.42933333333333334	0.412	0.39666666666666667	0.356	0.35	0.322	0.298	0.294	0.30866666666666664	0.256	0.26066666666666666	0.21266666666666667	0.21666666666666667	0.198	0.19866666666666666	0.17466666666666666	0.16066666666666668	0.15	0.142	0.13333333333333333	0.14533333333333334	0.11533333333333333	0.09666666666666666	0.092	0.09333333333333334	0.07866666666666666	0.098	0.074	0.07133333333333333	0.06	0.059333333333333335	0.052	0.05466666666666667	0.04466666666666667	0.04	0.046	0.037333333333333336	0.034	0.042	0.028666666666666667	0.029333333333333333	0.024	0.024666666666666667	0.024	0.022	0.02	0.012	0.011333333333333334	0.008	0.012	0.012666666666666666	0.006666666666666667	0.0033333333333333335	
2.078666666666667	1.9913333333333334	1.976	1.8786666666666667	1.8306666666666667	1.9146666666666667	1.722	1.762	1.642	1.6166666666666667	1.616	1.5533333333333332	1.5573333333333332	1.436	1.43	1.4113333333333333	1.3426666666666667	1.2886666666666666	1.216	1.2346666666666666	1.194	1.1166666666666667	1.1	1.1246666666666667	1.0326666666666666	0.994	1.0113333333333334	0.932	0.912	0.912	0.884	0.8466666666666667	0.79	0.8026666666666666	0.788	0.7113333333333334	0.6706666666666666	0.6646666666666666	0.642	0.6126666666666667	0.5686666666666667	0.5353333333333333	0.518	0.4613333333333333	0.4553333333333333	0.4826666666666667	0.4186666666666667	0.404	0.404	0.3953333333333333	0.3526666666666667	0.32133333333333336	0.31466666666666665	0.29	0.26	0.2613333333333333	0.226	0.20733333333333334	0.21933333333333332	0.19266666666666668	0.18066666666666667	0.17933333333333334	0.15333333333333332	0.14333333333333334	0.15	0.12266666666666666	0.13733333333333334	0.114	0.10933333333333334	0.11	0.09266666666666666	0.086	0.084	0.074	0.07533333333333334	0.07	0.058666666666666666	0.058	0.05333333333333334	0.05533333333333333	0.04466666666666667	0.04533333333333334	0.043333333333333335	0.035333333333333335	0.02666666666666667	0.025333333333333333	0.036	0.025333333333333333	0.028666666666666667	0.02	0.012666666666666666	0.01	0.014	0.013333333333333334	0.007333333333333333	0.006	0.011333333333333334	0.012666666666666666	0.004666666666666667	
2.0973333333333333	2.1093333333333333	1.8893333333333333	1.9053333333333333	1.836	1.772	1.7653333333333334	1.7046666666666668	1.6426666666666667	1.5693333333333332	1.6133333333333333	1.5773333333333333	1.492	1.4726666666666666	1.424	1.3786666666666667	1.3393333333333333	1.3086666666666666	1.3426666666666667	1.2266666666666666	1.2213333333333334	1.18	1.1553333333333333	1.0806666666666667	1.0173333333333334	0.9913333333333333	1.004	0.9433333333333334	0.8893333333333333	0.8786666666666667	0.8653333333333333	0.8473333333333334	0.7613333333333333	0.772	0.718	0.7146666666666667	0.706	0.702	0.6213333333333333	0.6133333333333333	0.568	0.54	0.5346666666666666	0.5266666666666666	0.4633333333333333	0.48	0.4106666666666667	0.43466666666666665	0.3893333333333333	0.36666666666666664	0.33666666666666667	0.338	0.306	0.2846666666666667	0.25533333333333336	0.25933333333333336	0.21533333333333332	0.22266666666666668	0.204	0.19933333333333333	0.17866666666666667	0.18	0.19533333333333333	0.15866666666666668	0.14733333333333334	0.13066666666666665	0.118	0.12533333333333332	0.11133333333333334	0.10333333333333333	0.104	0.082	0.08	0.076	0.064	0.06533333333333333	0.05733333333333333	0.06133333333333333	0.052	0.059333333333333335	0.05466666666666667	0.03333333333333333	0.04133333333333333	0.03133333333333333	0.03866666666666667	0.034666666666666665	0.021333333333333333	0.028	0.02	0.020666666666666667	0.016666666666666666	0.018666666666666668	0.014666666666666666	0.013333333333333334	0.008666666666666666	0.008	0.007333333333333333	0.008	0.004666666666666667	
2.0833333333333335	2.026	1.994	1.8766666666666667	1.786	1.782	1.7426666666666666	1.738	1.6753333333333333	1.6373333333333333	1.5833333333333333	1.536	1.4733333333333334	1.3933333333333333	1.416	1.402	1.358	1.2586666666666666	1.2106666666666666	1.218	1.1713333333333333	1.1306666666666667	1.0733333333333333	1.0653333333333332	1.0153333333333334	0.9793333333333333	0.97	0.9046666666666666	0.91	0.91	0.8593333333333333	0.8366666666666667	0.79	0.78	0.69	0.704	0.7053333333333334	0.6853333333333333	0.6066666666666667	0.618	0.5846666666666667	0.5246666666666666	0.5606666666666666	0.48533333333333334	0.48133333333333334	0.428	0.4033333333333333	0.4066666666666667	0.378	0.38	0.3426666666666667	0.3353333333333333	0.30466666666666664	0.31066666666666665	0.258	0.234	0.21933333333333332	0.20666666666666667	0.196	0.20666666666666667	0.20533333333333334	0.17666666666666667	0.17466666666666666	0.146	0.15466666666666667	0.13533333333333333	0.12533333333333332	0.118	0.108	0.10266666666666667	0.08866666666666667	0.09266666666666666	0.082	0.08	0.062	0.07	0.06266666666666666	0.058666666666666666	0.05333333333333334	0.048	0.04	0.037333333333333336	0.035333333333333335	0.029333333333333333	0.03866666666666667	0.029333333333333333	0.024	0.024	0.022	0.016666666666666666	0.012666666666666666	0.014666666666666666	0.010666666666666666	0.010666666666666666	0.009333333333333334	0.008	0.01	0.0026666666666666666	0.004666666666666667	
2.1073333333333335	1.958	1.9853333333333334	1.9093333333333333	1.908	1.8493333333333333	1.7526666666666666	1.7226666666666666	1.634	1.61	1.6013333333333333	1.5253333333333334	1.5353333333333334	1.4526666666666668	1.3746666666666667	1.3993333333333333	1.3493333333333333	1.2986666666666666	1.314	1.196	1.2026666666666668	1.1273333333333333	1.0833333333333333	1.104	1.0346666666666666	0.988	1.004	0.9233333333333333	0.9313333333333333	0.876	0.818	0.8446666666666667	0.7833333333333333	0.7926666666666666	0.7246666666666667	0.7086666666666667	0.6833333333333333	0.7033333333333334	0.5946666666666667	0.5646666666666667	0.5813333333333334	0.5513333333333333	0.49	0.524	0.4786666666666667	0.43666666666666665	0.42933333333333334	0.4093333333333333	0.3973333333333333	0.37	0.32666666666666666	0.30266666666666664	0.32133333333333336	0.3006666666666667	0.25	0.24066666666666667	0.23266666666666666	0.22	0.2	0.18666666666666668	0.19666666666666666	0.17466666666666666	0.14666666666666667	0.142	0.154	0.11933333333333333	0.134	0.12133333333333333	0.11133333333333334	0.11333333333333333	0.088	0.09933333333333333	0.08266666666666667	0.08133333333333333	0.076	0.05733333333333333	0.07466666666666667	0.052	0.042	0.04933333333333333	0.04533333333333334	0.042	0.04133333333333333	0.027333333333333334	0.02666666666666667	0.027333333333333334	0.030666666666666665	0.019333333333333334	0.020666666666666667	0.018	0.018	0.018666666666666668	0.012666666666666666	0.010666666666666666	0.006666666666666667	0.008666666666666666	0.008	0.007333333333333333	0.004	
2.0613333333333332	2.010666666666667	1.8893333333333333	1.858	1.862	1.8413333333333333	1.7226666666666666	1.714	1.5986666666666667	1.6426666666666667	1.62	1.514	1.4753333333333334	1.3586666666666667	1.4053333333333333	1.3166666666666667	1.3973333333333333	1.2686666666666666	1.2526666666666666	1.19	1.2166666666666666	1.1666666666666667	1.1386666666666667	1.0633333333333332	1.0946666666666667	1.0186666666666666	0.9966666666666667	0.9213333333333333	0.934	0.8546666666666667	0.8673333333333333	0.8046666666666666	0.7793333333333333	0.762	0.7326666666666667	0.6873333333333334	0.656	0.6613333333333333	0.6266666666666667	0.6106666666666667	0.568	0.5573333333333333	0.5206666666666667	0.5073333333333333	0.462	0.47333333333333333	0.4513333333333333	0.4266666666666667	0.4033333333333333	0.374	0.326	0.34	0.294	0.2806666666666667	0.2926666666666667	0.26066666666666666	0.25466666666666665	0.228	0.22	0.18533333333333332	0.176	0.16	0.14266666666666666	0.15466666666666667	0.142	0.12466666666666666	0.12733333333333333	0.10666666666666667	0.10733333333333334	0.09866666666666667	0.08933333333333333	0.08133333333333333	0.09533333333333334	0.078	0.07066666666666667	0.068	0.07933333333333334	0.04733333333333333	0.038	0.042666666666666665	0.048666666666666664	0.04133333333333333	0.036	0.032	0.032	0.028	0.022	0.02266666666666667	0.028666666666666667	0.024	0.020666666666666667	0.014	0.011333333333333334	0.014666666666666666	0.011333333333333334	0.008	0.004666666666666667	0.0026666666666666666	0.006	
2.04	2.0086666666666666	1.9266666666666667	1.886	1.838	1.8393333333333333	1.7106666666666666	1.644	1.6406666666666667	1.606	1.5773333333333333	1.5326666666666666	1.446	1.384	1.41	1.3946666666666667	1.3493333333333333	1.2066666666666668	1.2593333333333334	1.1666666666666667	1.164	1.1566666666666667	1.1533333333333333	1.112	1.0326666666666666	1.002	1.0073333333333334	0.948	0.892	0.88	0.8373333333333334	0.808	0.7966666666666666	0.7893333333333333	0.7026666666666667	0.7206666666666667	0.652	0.6506666666666666	0.6113333333333333	0.5906666666666667	0.5826666666666667	0.544	0.5053333333333333	0.5306666666666666	0.47533333333333333	0.4533333333333333	0.412	0.4013333333333333	0.39066666666666666	0.37933333333333336	0.36133333333333334	0.31533333333333335	0.28933333333333333	0.2906666666666667	0.25333333333333335	0.25666666666666665	0.22866666666666666	0.21733333333333332	0.22733333333333333	0.19133333333333333	0.18	0.17933333333333334	0.152	0.14466666666666667	0.14066666666666666	0.12133333333333333	0.124	0.106	0.112	0.09066666666666667	0.096	0.082	0.07866666666666666	0.06466666666666666	0.07466666666666667	0.06	0.058	0.06133333333333333	0.052	0.04466666666666667	0.046	0.03866666666666667	0.038	0.03133333333333333	0.024666666666666667	0.034666666666666665	0.027333333333333334	0.022	0.025333333333333333	0.017333333333333333	0.017333333333333333	0.013333333333333334	0.016666666666666666	0.012	0.013333333333333334	0.014	0.009333333333333334	0.014	0.004	
2.086	1.99	1.9206666666666667	1.9266666666666667	1.8126666666666666	1.866	1.7333333333333334	1.764	1.7246666666666666	1.5906666666666667	1.6106666666666667	1.524	1.5	1.4153333333333333	1.3966666666666667	1.3566666666666667	1.3406666666666667	1.29	1.2806666666666666	1.1826666666666668	1.1193333333333333	1.1406666666666667	1.0746666666666667	1.0633333333333332	1.0066666666666666	1.0293333333333334	0.9893333333333333	0.9526666666666667	0.9686666666666667	0.8753333333333333	0.7953333333333333	0.7946666666666666	0.8086666666666666	0.752	0.7193333333333334	0.696	0.6946666666666667	0.6466666666666666	0.5906666666666667	0.578	0.5813333333333334	0.558	0.502	0.478	0.49733333333333335	0.43466666666666665	0.4033333333333333	0.394	0.38066666666666665	0.3566666666666667	0.37066666666666664	0.316	0.3006666666666667	0.2806666666666667	0.28733333333333333	0.248	0.224	0.20333333333333334	0.224	0.178	0.182	0.15666666666666668	0.16133333333333333	0.16933333333333334	0.134	0.13	0.11533333333333333	0.11133333333333334	0.116	0.1	0.08866666666666667	0.082	0.07533333333333334	0.07533333333333334	0.058	0.066	0.07333333333333333	0.06533333333333333	0.06066666666666667	0.04666666666666667	0.04066666666666666	0.04066666666666666	0.027333333333333334	0.03333333333333333	0.028666666666666667	0.02266666666666667	0.022	0.022	0.02	0.020666666666666667	0.018666666666666668	0.02	0.019333333333333334	0.014666666666666666	0.008666666666666666	0.010666666666666666	0.008	0.004	0.004666666666666667	
2.0773333333333333	1.9453333333333334	1.8953333333333333	1.83	1.7826666666666666	1.6666666666666667	1.73	1.654	1.6	1.596	1.5726666666666667	1.5093333333333334	1.5033333333333334	1.384	1.418	1.358	1.3406666666666667	1.2726666666666666	1.2766666666666666	1.212	1.1706666666666667	1.1033333333333333	1.1206666666666667	1.0506666666666666	1.028	0.996	0.908	0.9633333333333334	0.956	0.8686666666666667	0.822	0.856	0.7646666666666667	0.7526666666666667	0.7373333333333333	0.73	0.6433333333333333	0.6446666666666667	0.626	0.6233333333333333	0.556	0.584	0.51	0.4673333333333333	0.5	0.45066666666666666	0.408	0.39466666666666667	0.39666666666666667	0.334	0.36333333333333334	0.318	0.31066666666666665	0.2653333333333333	0.2786666666666667	0.24533333333333332	0.222	0.21	0.196	0.19333333333333333	0.212	0.19466666666666665	0.164	0.14466666666666667	0.14066666666666666	0.13	0.12466666666666666	0.132	0.10133333333333333	0.092	0.09	0.09133333333333334	0.08466666666666667	0.078	0.06466666666666666	0.07533333333333334	0.07	0.05533333333333333	0.04933333333333333	0.051333333333333335	0.04133333333333333	0.03333333333333333	0.030666666666666665	0.034	0.024	0.024666666666666667	0.03133333333333333	0.03333333333333333	0.017333333333333333	0.028666666666666667	0.018666666666666668	0.016666666666666666	0.010666666666666666	0.010666666666666666	0.01	0.010666666666666666	0.007333333333333333	0.009333333333333334	0.0026666666666666666	
1.9546666666666668	2.08	1.9166666666666667	1.852	1.8006666666666666	1.766	1.74	1.692	1.6646666666666667	1.5766666666666667	1.592	1.4606666666666666	1.498	1.4113333333333333	1.404	1.3706666666666667	1.312	1.2446666666666666	1.224	1.2153333333333334	1.1506666666666667	1.1326666666666667	1.1053333333333333	1.0906666666666667	1.0693333333333332	0.9926666666666667	0.9206666666666666	0.9573333333333334	0.916	0.8353333333333334	0.8246666666666667	0.8113333333333334	0.788	0.8006666666666666	0.7	0.6886666666666666	0.6513333333333333	0.6453333333333333	0.6426666666666667	0.564	0.556	0.526	0.482	0.538	0.4713333333333333	0.44333333333333336	0.43066666666666664	0.38533333333333336	0.39066666666666666	0.346	0.338	0.2986666666666667	0.32	0.2793333333333333	0.284	0.254	0.23666666666666666	0.22066666666666668	0.21466666666666667	0.2	0.17933333333333334	0.19133333333333333	0.15133333333333332	0.14	0.13933333333333334	0.12266666666666666	0.12133333333333333	0.106	0.10266666666666667	0.10866666666666666	0.098	0.092	0.08	0.07933333333333334	0.08133333333333333	0.06666666666666667	0.056	0.04933333333333333	0.058666666666666666	0.03933333333333333	0.04533333333333334	0.028	0.034	0.028	0.025333333333333333	0.03133333333333333	0.023333333333333334	0.022	0.017333333333333333	0.016	0.020666666666666667	0.021333333333333333	0.011333333333333334	0.014	0.012666666666666666	0.012666666666666666	0.007333333333333333	0.009333333333333334	0.008	
2.054666666666667	2.014	1.9266666666666667	1.8546666666666667	1.792	1.838	1.7033333333333334	1.734	1.6953333333333334	1.582	1.5073333333333334	1.4813333333333334	1.4706666666666666	1.3966666666666667	1.3966666666666667	1.3226666666666667	1.2866666666666666	1.3013333333333332	1.2433333333333334	1.1553333333333333	1.1686666666666667	1.1433333333333333	1.078	1.092	1.0006666666666666	0.9873333333333333	0.95	0.9346666666666666	0.9093333333333333	0.8526666666666667	0.824	0.8206666666666667	0.8226666666666667	0.7006666666666667	0.696	0.6813333333333333	0.6453333333333333	0.6213333333333333	0.6026666666666667	0.632	0.526	0.5466666666666666	0.506	0.49666666666666665	0.474	0.43866666666666665	0.43266666666666664	0.41	0.384	0.35533333333333333	0.30733333333333335	0.29733333333333334	0.2906666666666667	0.2806666666666667	0.2733333333333333	0.26466666666666666	0.24066666666666667	0.23266666666666666	0.19533333333333333	0.198	0.18733333333333332	0.17933333333333334	0.16866666666666666	0.15266666666666667	0.14533333333333334	0.13	0.15466666666666667	0.118	0.10666666666666667	0.09733333333333333	0.09133333333333334	0.08866666666666667	0.07666666666666666	0.07866666666666666	0.074	0.05466666666666667	0.064	0.048	0.04733333333333333	0.044	0.04133333333333333	0.042	0.034	0.035333333333333335	0.026	0.023333333333333334	0.024666666666666667	0.016666666666666666	0.020666666666666667	0.018666666666666668	0.022	0.012666666666666666	0.006666666666666667	0.014666666666666666	0.011333333333333334	0.007333333333333333	0.009333333333333334	0.005333333333333333	0.005333333333333333	
2.0206666666666666	2.0366666666666666	1.9993333333333334	1.8113333333333332	1.89	1.866	1.6533333333333333	1.678	1.69	1.6133333333333333	1.556	1.4866666666666666	1.49	1.3406666666666667	1.394	1.3593333333333333	1.3346666666666667	1.28	1.2653333333333334	1.1946666666666668	1.148	1.09	1.12	1.0793333333333333	1.052	0.9753333333333334	0.9726666666666667	0.8966666666666666	0.914	0.8886666666666667	0.824	0.7946666666666666	0.7913333333333333	0.7573333333333333	0.7486666666666667	0.6846666666666666	0.6566666666666666	0.6153333333333333	0.608	0.5773333333333334	0.552	0.5546666666666666	0.548	0.51	0.4573333333333333	0.456	0.434	0.41133333333333333	0.37266666666666665	0.35933333333333334	0.312	0.29133333333333333	0.30666666666666664	0.26866666666666666	0.2946666666666667	0.24	0.22866666666666666	0.22333333333333333	0.222	0.20466666666666666	0.19333333333333333	0.16733333333333333	0.16066666666666668	0.14266666666666666	0.14066666666666666	0.134	0.11	0.09	0.10466666666666667	0.09466666666666666	0.094	0.08066666666666666	0.084	0.07133333333333333	0.06533333333333333	0.056666666666666664	0.06066666666666667	0.06933333333333333	0.058	0.05533333333333333	0.046	0.04133333333333333	0.037333333333333336	0.04066666666666666	0.03266666666666666	0.027333333333333334	0.028	0.025333333333333333	0.024666666666666667	0.018	0.017333333333333333	0.021333333333333333	0.017333333333333333	0.012666666666666666	0.01	0.007333333333333333	0.004	0.008666666666666666	0.006	
2.0326666666666666	1.984	1.894	1.8553333333333333	1.752	1.8046666666666666	1.7066666666666668	1.6306666666666667	1.6766666666666667	1.5306666666666666	1.4853333333333334	1.5033333333333334	1.4806666666666666	1.422	1.3966666666666667	1.2806666666666666	1.304	1.2993333333333332	1.2613333333333334	1.1833333333333333	1.186	1.116	1.1033333333333333	1.056	1.0393333333333334	1.0293333333333334	0.974	0.8873333333333333	0.912	0.8793333333333333	0.8373333333333334	0.7846666666666666	0.806	0.7426666666666667	0.7086666666666667	0.7533333333333333	0.6526666666666666	0.644	0.6133333333333333	0.62	0.546	0.5673333333333334	0.48933333333333334	0.4673333333333333	0.4706666666666667	0.486	0.40066666666666667	0.37533333333333335	0.378	0.3453333333333333	0.338	0.2986666666666667	0.31133333333333335	0.3273333333333333	0.2713333333333333	0.26066666666666666	0.236	0.20133333333333334	0.17533333333333334	0.204	0.178	0.16	0.16266666666666665	0.146	0.12333333333333334	0.122	0.10866666666666666	0.09666666666666666	0.09333333333333334	0.10333333333333333	0.106	0.076	0.07933333333333334	0.06933333333333333	0.062	0.050666666666666665	0.052	0.044	0.052	0.04066666666666666	0.03866666666666667	0.04	0.035333333333333335	0.029333333333333333	0.029333333333333333	0.022	0.028	0.024	0.029333333333333333	0.02	0.014666666666666666	0.010666666666666666	0.012	0.011333333333333334	0.009333333333333334	0.006666666666666667	0.005333333333333333	0.009333333333333334	0.008	
1.9953333333333334	1.9946666666666666	1.9066666666666667	1.8293333333333333	1.7693333333333334	1.8093333333333332	1.6726666666666667	1.676	1.6166666666666667	1.6046666666666667	1.5793333333333333	1.4606666666666666	1.5213333333333334	1.4093333333333333	1.3993333333333333	1.3153333333333332	1.2766666666666666	1.2953333333333332	1.218	1.158	1.1926666666666668	1.1046666666666667	1.1126666666666667	1.0386666666666666	1.0113333333333334	1.008	0.9766666666666667	0.9213333333333333	0.8766666666666667	0.8446666666666667	0.8353333333333334	0.86	0.7733333333333333	0.7813333333333333	0.6833333333333333	0.642	0.6566666666666666	0.6833333333333333	0.572	0.6006666666666667	0.5813333333333334	0.56	0.534	0.47933333333333333	0.4533333333333333	0.45666666666666667	0.41133333333333333	0.402	0.38266666666666665	0.3353333333333333	0.32066666666666666	0.31866666666666665	0.30333333333333334	0.274	0.2826666666666667	0.26	0.22666666666666666	0.224	0.21733333333333332	0.20933333333333334	0.178	0.16733333333333333	0.16266666666666665	0.14333333333333334	0.136	0.13733333333333334	0.12733333333333333	0.09333333333333334	0.118	0.09866666666666667	0.09133333333333334	0.08333333333333333	0.088	0.066	0.06933333333333333	0.06533333333333333	0.058	0.06666666666666667	0.042	0.051333333333333335	0.04133333333333333	0.03333333333333333	0.04133333333333333	0.03333333333333333	0.03	0.03266666666666666	0.036	0.02666666666666667	0.02266666666666667	0.026	0.019333333333333334	0.017333333333333333	0.012	0.018	0.015333333333333332	0.008666666666666666	0.006666666666666667	0.010666666666666666	0.007333333333333333	
2.062666666666667	2.018666666666667	1.8486666666666667	1.878	1.7913333333333334	1.6806666666666668	1.73	1.6766666666666667	1.604	1.5606666666666666	1.5413333333333334	1.4613333333333334	1.4193333333333333	1.448	1.3626666666666667	1.36	1.3193333333333332	1.2266666666666666	1.224	1.1866666666666668	1.1453333333333333	1.1013333333333333	1.0786666666666667	1.0566666666666666	0.9986666666666667	0.9473333333333334	0.9493333333333334	0.9073333333333333	0.8466666666666667	0.8593333333333333	0.8113333333333334	0.7973333333333333	0.7833333333333333	0.752	0.712	0.6966666666666667	0.67	0.6413333333333333	0.6093333333333333	0.5806666666666667	0.5593333333333333	0.5246666666666666	0.5146666666666667	0.5126666666666667	0.428	0.452	0.38666666666666666	0.4066666666666667	0.35333333333333333	0.36466666666666664	0.32666666666666666	0.33466666666666667	0.2866666666666667	0.2773333333333333	0.2826666666666667	0.23666666666666666	0.244	0.224	0.21266666666666667	0.18466666666666667	0.15066666666666667	0.15	0.15133333333333332	0.14733333333333334	0.152	0.14	0.11066666666666666	0.12133333333333333	0.09266666666666666	0.112	0.09133333333333334	0.088	0.08133333333333333	0.068	0.07866666666666666	0.06733333333333333	0.058666666666666666	0.05466666666666667	0.050666666666666665	0.03933333333333333	0.043333333333333335	0.04	0.04066666666666666	0.03666666666666667	0.028666666666666667	0.03	0.019333333333333334	0.02666666666666667	0.021333333333333333	0.02266666666666667	0.007333333333333333	0.018666666666666668	0.013333333333333334	0.012666666666666666	0.012666666666666666	0.009333333333333334	0.011333333333333334	0.011333333333333334	0.005333333333333333	
2.046	1.9406666666666668	1.9553333333333334	1.9346666666666668	1.826	1.742	1.7046666666666668	1.652	1.614	1.5466666666666666	1.5786666666666667	1.502	1.4626666666666666	1.39	1.368	1.3053333333333332	1.3366666666666667	1.324	1.2066666666666668	1.154	1.2053333333333334	1.1113333333333333	1.0926666666666667	1.0713333333333332	0.992	0.9933333333333333	0.9646666666666667	0.866	0.884	0.854	0.8213333333333334	0.778	0.7653333333333333	0.7586666666666667	0.688	0.694	0.6433333333333333	0.6506666666666666	0.6186666666666667	0.5993333333333334	0.54	0.5413333333333333	0.5033333333333333	0.5033333333333333	0.472	0.4226666666666667	0.424	0.412	0.38	0.366	0.32866666666666666	0.3373333333333333	0.2846666666666667	0.2826666666666667	0.2926666666666667	0.266	0.22733333333333333	0.21066666666666667	0.21333333333333335	0.18733333333333332	0.17733333333333334	0.164	0.14933333333333335	0.15333333333333332	0.14666666666666667	0.12333333333333334	0.14	0.114	0.1	0.1	0.09866666666666667	0.09066666666666667	0.068	0.096	0.06666666666666667	0.06533333333333333	0.05733333333333333	0.059333333333333335	0.048666666666666664	0.048	0.051333333333333335	0.04666666666666667	0.03666666666666667	0.029333333333333333	0.03933333333333333	0.026	0.023333333333333334	0.025333333333333333	0.018666666666666668	0.017333333333333333	0.016666666666666666	0.016	0.012666666666666666	0.012666666666666666	0.008666666666666666	0.007333333333333333	0.010666666666666666	0.005333333333333333	0.007333333333333333	
2.021333333333333	1.978	1.8913333333333333	1.8193333333333332	1.8046666666666666	1.7073333333333334	1.706	1.678	1.6046666666666667	1.604	1.5086666666666666	1.4513333333333334	1.4213333333333333	1.41	1.404	1.346	1.2993333333333332	1.21	1.252	1.1933333333333334	1.1426666666666667	1.0666666666666667	1.1266666666666667	1.032	0.9833333333333333	0.9826666666666667	0.964	0.932	0.8993333333333333	0.8173333333333334	0.8393333333333334	0.8233333333333334	0.754	0.754	0.7233333333333334	0.6493333333333333	0.6806666666666666	0.6206666666666667	0.5673333333333334	0.582	0.53	0.5493333333333333	0.5046666666666667	0.486	0.4573333333333333	0.44266666666666665	0.44133333333333336	0.37333333333333335	0.382	0.3253333333333333	0.3446666666666667	0.32666666666666666	0.30866666666666664	0.2886666666666667	0.25866666666666666	0.23133333333333334	0.23466666666666666	0.22133333333333333	0.22333333333333333	0.20266666666666666	0.17933333333333334	0.17866666666666667	0.14733333333333334	0.15933333333333333	0.14666666666666667	0.13866666666666666	0.12933333333333333	0.116	0.09933333333333333	0.098	0.092	0.10466666666666667	0.08933333333333333	0.064	0.06733333333333333	0.06333333333333334	0.05733333333333333	0.056	0.050666666666666665	0.04133333333333333	0.043333333333333335	0.04733333333333333	0.03866666666666667	0.036	0.027333333333333334	0.035333333333333335	0.030666666666666665	0.024	0.02	0.03133333333333333	0.023333333333333334	0.018	0.018	0.010666666666666666	0.011333333333333334	0.007333333333333333	0.010666666666666666	0.008	0.004666666666666667	
2.002666666666667	1.942	1.9173333333333333	1.8293333333333333	1.7753333333333334	1.7673333333333334	1.6853333333333333	1.7133333333333334	1.546	1.5693333333333332	1.576	1.4733333333333334	1.4386666666666668	1.3846666666666667	1.3626666666666667	1.2993333333333332	1.2653333333333334	1.2073333333333334	1.2853333333333334	1.2093333333333334	1.18	1.0726666666666667	1.0393333333333334	1.0313333333333334	1.0473333333333332	0.9713333333333334	0.9273333333333333	0.9106666666666666	0.9053333333333333	0.8413333333333334	0.8793333333333333	0.8033333333333333	0.742	0.7233333333333334	0.7213333333333334	0.7013333333333334	0.69	0.6646666666666666	0.5833333333333334	0.622	0.5673333333333334	0.5633333333333334	0.55	0.49666666666666665	0.46066666666666667	0.464	0.422	0.416	0.38466666666666666	0.386	0.32866666666666666	0.328	0.276	0.286	0.262	0.25733333333333336	0.22733333333333333	0.226	0.19	0.18933333333333333	0.196	0.17866666666666667	0.16466666666666666	0.15333333333333332	0.14933333333333335	0.14066666666666666	0.13733333333333334	0.092	0.10866666666666666	0.10666666666666667	0.08933333333333333	0.084	0.09066666666666667	0.07533333333333334	0.06866666666666667	0.07333333333333333	0.066	0.058666666666666666	0.048	0.04066666666666666	0.04066666666666666	0.04533333333333334	0.03	0.032	0.036	0.026	0.019333333333333334	0.018	0.016	0.02266666666666667	0.014666666666666666	0.012	0.010666666666666666	0.019333333333333334	0.005333333333333333	0.010666666666666666	0.012	0.006	0.006666666666666667	
2.042666666666667	2.014666666666667	1.858	1.9013333333333333	1.738	1.8093333333333332	1.742	1.6866666666666668	1.6786666666666668	1.5846666666666667	1.4846666666666666	1.5	1.514	1.4273333333333333	1.3613333333333333	1.3106666666666666	1.3133333333333332	1.2433333333333334	1.232	1.1786666666666668	1.1466666666666667	1.0893333333333333	1.0873333333333333	1.044	1.0213333333333334	0.9326666666666666	0.972	0.8913333333333333	0.9053333333333333	0.8466666666666667	0.8253333333333334	0.7686666666666667	0.7686666666666667	0.7273333333333334	0.718	0.6566666666666666	0.6593333333333333	0.6026666666666667	0.624	0.588	0.55	0.5626666666666666	0.4713333333333333	0.486	0.5046666666666667	0.46	0.41533333333333333	0.394	0.386	0.36533333333333334	0.3453333333333333	0.308	0.31466666666666665	0.2773333333333333	0.27666666666666667	0.25666666666666665	0.25133333333333335	0.21533333333333332	0.20133333333333334	0.202	0.17	0.16666666666666666	0.154	0.15466666666666667	0.14066666666666666	0.124	0.11533333333333333	0.12266666666666666	0.106	0.09066666666666667	0.09133333333333334	0.09333333333333334	0.08133333333333333	0.07866666666666666	0.074	0.062	0.044	0.05333333333333334	0.04666666666666667	0.062	0.03933333333333333	0.044	0.04066666666666666	0.03866666666666667	0.034	0.027333333333333334	0.020666666666666667	0.020666666666666667	0.018	0.014666666666666666	0.017333333333333333	0.016	0.012	0.010666666666666666	0.012666666666666666	0.01	0.012	0.004	0.0026666666666666666	
2.025333333333333	1.9666666666666666	1.8933333333333333	1.814	1.792	1.7726666666666666	1.7233333333333334	1.6766666666666667	1.548	1.54	1.488	1.472	1.4566666666666668	1.35	1.376	1.3053333333333332	1.334	1.2273333333333334	1.252	1.1453333333333333	1.1806666666666668	1.104	1.1013333333333333	1.0346666666666666	1.0146666666666666	1.0126666666666666	0.9646666666666667	0.8686666666666667	0.8706666666666667	0.854	0.8186666666666667	0.8033333333333333	0.73	0.7626666666666667	0.7333333333333333	0.702	0.6653333333333333	0.5906666666666667	0.638	0.5833333333333334	0.528	0.5113333333333333	0.49266666666666664	0.49466666666666664	0.482	0.424	0.41133333333333333	0.4033333333333333	0.35333333333333333	0.35	0.328	0.30133333333333334	0.31	0.24733333333333332	0.2773333333333333	0.24333333333333335	0.23666666666666666	0.22733333333333333	0.21266666666666667	0.19933333333333333	0.19533333333333333	0.17066666666666666	0.17	0.146	0.128	0.132	0.10933333333333334	0.10533333333333333	0.09466666666666666	0.08533333333333333	0.09066666666666667	0.082	0.08266666666666667	0.06733333333333333	0.07733333333333334	0.06066666666666667	0.06	0.05266666666666667	0.044	0.051333333333333335	0.037333333333333336	0.046	0.03333333333333333	0.03333333333333333	0.032	0.030666666666666665	0.02666666666666667	0.023333333333333334	0.025333333333333333	0.018	0.018	0.014666666666666666	0.012666666666666666	0.013333333333333334	0.009333333333333334	0.008666666666666666	0.009333333333333334	0.005333333333333333	0.006666666666666667	
1.9753333333333334	1.9533333333333334	1.874	1.8633333333333333	1.7946666666666666	1.7686666666666666	1.706	1.6446666666666667	1.5786666666666667	1.5786666666666667	1.4666666666666666	1.462	1.4413333333333334	1.39	1.388	1.2666666666666666	1.3066666666666666	1.2226666666666666	1.2026666666666668	1.1826666666666668	1.156	1.1546666666666667	1.0973333333333333	1.0153333333333334	1.036	0.9766666666666667	0.936	0.906	0.86	0.8453333333333334	0.832	0.8026666666666666	0.754	0.7366666666666667	0.716	0.658	0.618	0.654	0.6166666666666667	0.5653333333333334	0.566	0.54	0.5366666666666666	0.478	0.43733333333333335	0.43333333333333335	0.42933333333333334	0.38533333333333336	0.38	0.3486666666666667	0.328	0.306	0.298	0.2853333333333333	0.2753333333333333	0.25466666666666665	0.232	0.216	0.196	0.19066666666666668	0.18066666666666667	0.15266666666666667	0.166	0.154	0.138	0.14333333333333334	0.12533333333333332	0.11066666666666666	0.11466666666666667	0.10266666666666667	0.08933333333333333	0.08266666666666667	0.08866666666666667	0.06933333333333333	0.076	0.06533333333333333	0.05266666666666667	0.048	0.04933333333333333	0.05466666666666667	0.04	0.037333333333333336	0.03666666666666667	0.032	0.03266666666666666	0.03133333333333333	0.02	0.02266666666666667	0.015333333333333332	0.022	0.020666666666666667	0.021333333333333333	0.011333333333333334	0.01	0.008666666666666666	0.008666666666666666	0.008666666666666666	0.007333333333333333	0.004666666666666667	
1.994	1.94	1.8973333333333333	1.8373333333333333	1.802	1.7466666666666666	1.714	1.6633333333333333	1.624	1.58	1.5453333333333332	1.4966666666666666	1.428	1.376	1.3513333333333333	1.2826666666666666	1.2986666666666666	1.2326666666666666	1.2206666666666666	1.1506666666666667	1.1533333333333333	1.0846666666666667	1.1266666666666667	1.0453333333333332	1.0093333333333334	0.9653333333333334	0.9433333333333334	0.9013333333333333	0.9353333333333333	0.8286666666666667	0.7893333333333333	0.796	0.752	0.714	0.6653333333333333	0.6866666666666666	0.666	0.636	0.5986666666666667	0.6013333333333334	0.5606666666666666	0.494	0.48533333333333334	0.492	0.44266666666666665	0.45666666666666667	0.40066666666666667	0.3973333333333333	0.382	0.3446666666666667	0.33666666666666667	0.328	0.2713333333333333	0.274	0.2693333333333333	0.22533333333333333	0.22533333333333333	0.21266666666666667	0.21266666666666667	0.18866666666666668	0.19266666666666668	0.17266666666666666	0.142	0.14733333333333334	0.11266666666666666	0.12333333333333334	0.118	0.10866666666666666	0.13733333333333334	0.09733333333333333	0.09066666666666667	0.08866666666666667	0.09	0.06	0.06466666666666666	0.06733333333333333	0.056	0.05466666666666667	0.054	0.048	0.036	0.03866666666666667	0.03133333333333333	0.02666666666666667	0.024666666666666667	0.026	0.026	0.022	0.020666666666666667	0.014	0.020666666666666667	0.019333333333333334	0.012666666666666666	0.010666666666666666	0.007333333333333333	0.012	0.005333333333333333	0.01	0.006	
1.97	1.9606666666666666	1.9186666666666667	1.8786666666666667	1.864	1.7346666666666666	1.6426666666666667	1.6366666666666667	1.5633333333333332	1.53	1.5253333333333334	1.4686666666666666	1.4766666666666666	1.4513333333333334	1.3466666666666667	1.3286666666666667	1.2746666666666666	1.2346666666666666	1.25	1.2166666666666666	1.154	1.116	1.0353333333333334	1.0253333333333334	0.994	0.994	0.9006666666666666	0.8706666666666667	0.8526666666666667	0.8686666666666667	0.8206666666666667	0.8033333333333333	0.742	0.7326666666666667	0.692	0.6586666666666666	0.6793333333333333	0.6246666666666667	0.568	0.588	0.54	0.556	0.512	0.4513333333333333	0.45666666666666667	0.43733333333333335	0.42866666666666664	0.3893333333333333	0.358	0.36733333333333335	0.32466666666666666	0.31066666666666665	0.31333333333333335	0.26066666666666666	0.24866666666666667	0.23133333333333334	0.24066666666666667	0.232	0.19733333333333333	0.18466666666666667	0.16866666666666666	0.18133333333333335	0.152	0.158	0.14266666666666666	0.13933333333333334	0.126	0.11733333333333333	0.086	0.09666666666666666	0.07466666666666667	0.09066666666666667	0.088	0.07666666666666666	0.066	0.058666666666666666	0.056666666666666664	0.05733333333333333	0.048	0.05333333333333334	0.029333333333333333	0.048	0.034666666666666665	0.03666666666666667	0.027333333333333334	0.022	0.02266666666666667	0.020666666666666667	0.018666666666666668	0.024666666666666667	0.024	0.015333333333333332	0.01	0.010666666666666666	0.013333333333333334	0.008666666666666666	0.008	0.006666666666666667	0.0026666666666666666	
1.9886666666666666	1.918	1.8853333333333333	1.8753333333333333	1.8006666666666666	1.7993333333333332	1.7266666666666666	1.64	1.6173333333333333	1.5313333333333334	1.472	1.5026666666666666	1.4726666666666666	1.3813333333333333	1.382	1.3046666666666666	1.2526666666666666	1.2426666666666666	1.2286666666666666	1.196	1.1586666666666667	1.0793333333333333	1.084	0.9946666666666667	0.9813333333333333	0.9753333333333334	0.9126666666666666	0.8573333333333333	0.9073333333333333	0.832	0.85	0.8193333333333334	0.724	0.7233333333333334	0.69	0.724	0.664	0.634	0.618	0.5866666666666667	0.554	0.536	0.522	0.462	0.44066666666666665	0.43733333333333335	0.44133333333333336	0.39466666666666667	0.416	0.37333333333333335	0.33666666666666667	0.302	0.296	0.2926666666666667	0.25933333333333336	0.25866666666666666	0.228	0.21466666666666667	0.20333333333333334	0.186	0.182	0.16933333333333334	0.16933333333333334	0.16266666666666665	0.13666666666666666	0.13666666666666666	0.114	0.10866666666666666	0.09	0.114	0.1	0.08266666666666667	0.08	0.07866666666666666	0.06733333333333333	0.054	0.064	0.05533333333333333	0.058	0.04	0.04	0.04466666666666667	0.03266666666666666	0.03133333333333333	0.023333333333333334	0.029333333333333333	0.021333333333333333	0.024	0.02266666666666667	0.016666666666666666	0.011333333333333334	0.012	0.008666666666666666	0.011333333333333334	0.009333333333333334	0.006666666666666667	0.008	0.0033333333333333335	0.007333333333333333	
2.033333333333333	1.9946666666666666	1.8266666666666667	1.872	1.7646666666666666	1.6486666666666667	1.6893333333333334	1.676	1.5973333333333333	1.52	1.4693333333333334	1.4693333333333334	1.464	1.3853333333333333	1.3233333333333333	1.2946666666666666	1.2693333333333334	1.218	1.2546666666666666	1.0873333333333333	1.12	1.1086666666666667	1.106	1.0693333333333332	1.0453333333333332	0.9706666666666667	0.9353333333333333	0.8686666666666667	0.8986666666666666	0.8273333333333334	0.7706666666666667	0.7926666666666666	0.7673333333333333	0.744	0.7146666666666667	0.6946666666666667	0.62	0.62	0.5926666666666667	0.5293333333333333	0.5646666666666667	0.5246666666666666	0.5186666666666667	0.502	0.43933333333333335	0.4226666666666667	0.3933333333333333	0.372	0.3606666666666667	0.3466666666666667	0.3473333333333333	0.30466666666666664	0.2846666666666667	0.2866666666666667	0.25333333333333335	0.24133333333333334	0.21866666666666668	0.21	0.194	0.19866666666666666	0.17533333333333334	0.154	0.15733333333333333	0.134	0.14	0.134	0.116	0.10533333333333333	0.09133333333333334	0.09666666666666666	0.10133333333333333	0.10066666666666667	0.07	0.07333333333333333	0.07	0.06533333333333333	0.056	0.06466666666666666	0.04933333333333333	0.044	0.042666666666666665	0.030666666666666665	0.028	0.028	0.03	0.030666666666666665	0.03	0.024	0.014	0.016666666666666666	0.018666666666666668	0.014	0.009333333333333334	0.012666666666666666	0.012	0.008666666666666666	0.006	0.009333333333333334	0.007333333333333333	
