0.01	0.5149494949494949	1.0198989898989899	1.5248484848484847	2.0297979797979795	2.5347474747474745	3.039696969696969	3.544646464646464	4.049595959595959	4.554545454545454	5.059494949494949	5.564444444444444	6.0693939393939385	6.574343434343434	7.0792929292929285	7.584242424242424	8.089191919191919	8.594141414141413	9.099090909090908	9.604040404040404	10.108989898989899	10.613939393939393	11.118888888888888	11.623838383838383	12.128787878787877	12.633737373737373	13.138686868686868	13.643636363636363	14.148585858585857	14.653535353535352	15.158484848484848	15.663434343434343	16.16838383838384	16.673333333333336	17.17828282828283	17.683232323232325	18.188181818181818	18.693131313131314	19.19808080808081	19.703030303030303	20.2079797979798	20.712929292929292	21.21787878787879	21.722828282828285	22.227777777777778	22.732727272727274	23.237676767676767	23.742626262626263	24.247575757575756	24.752525252525253	25.25747474747475	25.762424242424242	26.267373737373738	26.77232323232323	27.277272727272727	27.782222222222224	28.287171717171717	28.792121212121213	29.297070707070706	29.802020202020202	30.3069696969697	30.81191919191919	31.316868686868688	31.82181818181818	32.32676767676767	32.831717171717166	33.336666666666666	33.84161616161616	34.34656565656565	34.851515151515144	35.356464646464644	35.86141414141414	36.36636363636363	36.87131313131313	37.37626262626262	37.881212121212116	38.386161616161615	38.89111111111111	39.3960606060606	39.901010101010094	40.405959595959594	40.91090909090909	41.41585858585858	41.92080808080808	42.42575757575757	42.930707070707065	43.435656565656565	43.94060606060606	44.44555555555555	44.95050505050504	45.45545454545454	45.960404040404036	46.46535353535353	46.97030303030303	47.47525252525252	47.980202020202015	48.48515151515151	48.99010101010101	49.4950505050505	50.0	
1.47	1.3693333333333333	1.3153333333333332	1.2773333333333334	1.262	1.1993333333333334	1.266	1.152	1.0733333333333333	1.1426666666666667	1.1166666666666667	1.01	1.0186666666666666	0.9573333333333334	0.9586666666666667	0.9133333333333333	0.9066666666666666	0.8853333333333333	0.8886666666666667	0.8066666666666666	0.8226666666666667	0.7613333333333333	0.768	0.768	0.74	0.6886666666666666	0.6926666666666667	0.6413333333333333	0.6493333333333333	0.626	0.574	0.5886666666666667	0.5413333333333333	0.52	0.492	0.49266666666666664	0.46066666666666667	0.4553333333333333	0.43866666666666665	0.39866666666666667	0.39866666666666667	0.362	0.334	0.322	0.31666666666666665	0.33666666666666667	0.3	0.2946666666666667	0.27	0.2733333333333333	0.20733333333333334	0.23333333333333334	0.23333333333333334	0.2	0.19	0.17933333333333334	0.168	0.16666666666666666	0.13066666666666665	0.128	0.126	0.11	0.118	0.09933333333333333	0.09733333333333333	0.08533333333333333	0.078	0.086	0.09333333333333334	0.05466666666666667	0.068	0.06066666666666667	0.05266666666666667	0.05533333333333333	0.04733333333333333	0.051333333333333335	0.04066666666666666	0.03933333333333333	0.037333333333333336	0.03	0.046	0.026	0.02266666666666667	0.021333333333333333	0.025333333333333333	0.02	0.020666666666666667	0.012666666666666666	0.01	0.020666666666666667	0.010666666666666666	0.015333333333333332	0.007333333333333333	0.006666666666666667	0.005333333333333333	0.007333333333333333	0.008	0.0026666666666666666	0.006	
1.4573333333333334	1.3973333333333333	1.346	1.2633333333333334	1.28	1.1806666666666668	1.2166666666666666	1.1566666666666667	1.1586666666666667	1.0206666666666666	1.082	1.056	0.9886666666666667	1.002	1.0013333333333334	0.9273333333333333	0.9113333333333333	0.914	0.884	0.8593333333333333	0.8	0.744	0.7753333333333333	0.7646666666666667	0.7086666666666667	0.7286666666666667	0.6453333333333333	0.6306666666666667	0.6113333333333333	0.6346666666666667	0.578	0.5593333333333333	0.5246666666666666	0.5466666666666666	0.51	0.49133333333333334	0.456	0.4693333333333333	0.442	0.4166666666666667	0.36866666666666664	0.38066666666666665	0.36666666666666664	0.3473333333333333	0.3353333333333333	0.3273333333333333	0.28733333333333333	0.2886666666666667	0.25333333333333335	0.25466666666666665	0.212	0.20066666666666666	0.238	0.19733333333333333	0.18133333333333335	0.16266666666666665	0.16733333333333333	0.18066666666666667	0.14066666666666666	0.13133333333333333	0.13266666666666665	0.132	0.12066666666666667	0.10733333333333334	0.108	0.092	0.076	0.07133333333333333	0.07133333333333333	0.07066666666666667	0.07133333333333333	0.06866666666666667	0.07133333333333333	0.056	0.04733333333333333	0.05266666666666667	0.04666666666666667	0.042666666666666665	0.04	0.02266666666666667	0.034	0.024666666666666667	0.02666666666666667	0.015333333333333332	0.026	0.021333333333333333	0.016666666666666666	0.015333333333333332	0.018	0.018666666666666668	0.013333333333333334	0.01	0.016	0.008666666666666666	0.011333333333333334	0.008	0.004666666666666667	0.0026666666666666666	0.004666666666666667	
1.4346666666666668	1.346	1.304	1.328	1.2486666666666666	1.236	1.1866666666666668	1.198	1.1266666666666667	1.0946666666666667	1.038	1.08	0.9953333333333333	0.994	0.9566666666666667	0.906	0.904	0.9006666666666666	0.8446666666666667	0.8	0.808	0.7566666666666667	0.7806666666666666	0.708	0.7446666666666667	0.6946666666666667	0.6673333333333333	0.6526666666666666	0.6493333333333333	0.5853333333333334	0.572	0.548	0.53	0.556	0.4686666666666667	0.44466666666666665	0.44066666666666665	0.444	0.42933333333333334	0.4186666666666667	0.418	0.412	0.3353333333333333	0.36	0.32866666666666666	0.32866666666666666	0.2813333333333333	0.292	0.2613333333333333	0.254	0.24466666666666667	0.238	0.20533333333333334	0.19933333333333333	0.184	0.18733333333333332	0.174	0.14133333333333334	0.146	0.14	0.11533333333333333	0.11333333333333333	0.116	0.10733333333333334	0.10533333333333333	0.09266666666666666	0.08933333333333333	0.06666666666666667	0.07066666666666667	0.08933333333333333	0.068	0.066	0.06133333333333333	0.05733333333333333	0.042	0.04466666666666667	0.04933333333333333	0.03866666666666667	0.035333333333333335	0.032	0.03	0.021333333333333333	0.027333333333333334	0.03133333333333333	0.020666666666666667	0.02	0.011333333333333334	0.021333333333333333	0.015333333333333332	0.007333333333333333	0.01	0.008666666666666666	0.009333333333333334	0.006	0.009333333333333334	0.006666666666666667	0.0033333333333333335	0.004666666666666667	0.0033333333333333335	
1.3686666666666667	1.3866666666666667	1.3493333333333333	1.2853333333333334	1.2853333333333334	1.2386666666666666	1.2	1.22	1.122	1.084	1.1173333333333333	1.0306666666666666	1.0126666666666666	0.9753333333333334	0.9506666666666667	0.9173333333333333	0.944	0.8846666666666667	0.8953333333333333	0.8486666666666667	0.8066666666666666	0.7833333333333333	0.7046666666666667	0.7313333333333333	0.7353333333333333	0.668	0.682	0.6586666666666666	0.6086666666666667	0.5946666666666667	0.5673333333333334	0.5826666666666667	0.556	0.5226666666666666	0.486	0.49333333333333335	0.45066666666666666	0.45266666666666666	0.43333333333333335	0.4226666666666667	0.39266666666666666	0.38533333333333336	0.354	0.352	0.30466666666666664	0.31933333333333336	0.29733333333333334	0.2633333333333333	0.254	0.24066666666666667	0.24	0.22466666666666665	0.204	0.20066666666666666	0.18333333333333332	0.166	0.176	0.13466666666666666	0.15	0.13	0.12266666666666666	0.138	0.122	0.10466666666666667	0.10066666666666667	0.09666666666666666	0.078	0.08666666666666667	0.082	0.07466666666666667	0.06666666666666667	0.064	0.06666666666666667	0.062	0.056	0.04133333333333333	0.03133333333333333	0.04133333333333333	0.03333333333333333	0.03133333333333333	0.029333333333333333	0.030666666666666665	0.025333333333333333	0.03	0.028	0.018	0.022	0.014	0.014	0.009333333333333334	0.016666666666666666	0.008	0.011333333333333334	0.008	0.012666666666666666	0.008666666666666666	0.008666666666666666	0.008	0.0033333333333333335	
1.3913333333333333	1.3946666666666667	1.3273333333333333	1.308	1.238	1.232	1.186	1.1473333333333333	1.1293333333333333	1.1113333333333333	1.0913333333333333	1.0693333333333332	1.026	0.9753333333333334	0.9553333333333334	0.9246666666666666	0.8893333333333333	0.8793333333333333	0.8606666666666667	0.8573333333333333	0.8353333333333334	0.76	0.744	0.73	0.7433333333333333	0.7046666666666667	0.6653333333333333	0.582	0.6366666666666667	0.5746666666666667	0.5773333333333334	0.5966666666666667	0.49733333333333335	0.5413333333333333	0.5266666666666666	0.512	0.444	0.46266666666666667	0.39466666666666667	0.4073333333333333	0.41	0.39066666666666666	0.37466666666666665	0.338	0.31266666666666665	0.294	0.29733333333333334	0.29933333333333334	0.268	0.24733333333333332	0.224	0.22066666666666668	0.20733333333333334	0.19	0.19133333333333333	0.18133333333333335	0.16133333333333333	0.15533333333333332	0.14933333333333335	0.132	0.12866666666666668	0.126	0.094	0.114	0.106	0.08933333333333333	0.09266666666666666	0.06733333333333333	0.092	0.07133333333333333	0.07	0.04933333333333333	0.046	0.04933333333333333	0.04933333333333333	0.046	0.04666666666666667	0.03133333333333333	0.03133333333333333	0.03866666666666667	0.029333333333333333	0.034	0.024666666666666667	0.020666666666666667	0.023333333333333334	0.014666666666666666	0.019333333333333334	0.023333333333333334	0.016666666666666666	0.013333333333333334	0.015333333333333332	0.010666666666666666	0.014	0.005333333333333333	0.004666666666666667	0.005333333333333333	0.007333333333333333	0.006	0.0026666666666666666	
1.428	1.3646666666666667	1.4013333333333333	1.2926666666666666	1.208	1.1933333333333334	1.1526666666666667	1.194	1.142	1.1606666666666667	1.1193333333333333	1.0546666666666666	1.0146666666666666	1.0146666666666666	0.97	0.9506666666666667	0.9053333333333333	0.876	0.8526666666666667	0.8653333333333333	0.8106666666666666	0.7986666666666666	0.7293333333333333	0.75	0.7386666666666667	0.6333333333333333	0.67	0.6233333333333333	0.5973333333333334	0.6233333333333333	0.5693333333333334	0.556	0.5226666666666666	0.532	0.5033333333333333	0.5	0.44266666666666665	0.4646666666666667	0.41733333333333333	0.444	0.416	0.37333333333333335	0.36666666666666664	0.3393333333333333	0.3293333333333333	0.308	0.292	0.272	0.2986666666666667	0.254	0.24933333333333332	0.20133333333333334	0.23533333333333334	0.208	0.17866666666666667	0.17533333333333334	0.17133333333333334	0.16133333333333333	0.13466666666666666	0.12733333333333333	0.126	0.132	0.11	0.102	0.122	0.08333333333333333	0.082	0.074	0.07533333333333334	0.06133333333333333	0.07466666666666667	0.06466666666666666	0.06733333333333333	0.06066666666666667	0.05266666666666667	0.048	0.04733333333333333	0.04066666666666666	0.034666666666666665	0.036	0.034666666666666665	0.03133333333333333	0.02666666666666667	0.024	0.023333333333333334	0.03	0.016666666666666666	0.014	0.01	0.023333333333333334	0.011333333333333334	0.010666666666666666	0.010666666666666666	0.007333333333333333	0.006666666666666667	0.008	0.006	0.01	0.006	
1.4073333333333333	1.3406666666666667	1.3746666666666667	1.3426666666666667	1.294	1.2246666666666666	1.218	1.1933333333333334	1.1146666666666667	1.1146666666666667	1.064	1.016	1.0366666666666666	0.9906666666666667	0.96	0.9493333333333334	0.9513333333333334	0.8806666666666667	0.8413333333333334	0.816	0.774	0.7853333333333333	0.7886666666666666	0.7233333333333334	0.736	0.694	0.678	0.6833333333333333	0.6086666666666667	0.5906666666666667	0.572	0.5726666666666667	0.542	0.5413333333333333	0.49	0.5026666666666667	0.4786666666666667	0.4666666666666667	0.43466666666666665	0.42533333333333334	0.37666666666666665	0.378	0.3486666666666667	0.332	0.31733333333333336	0.30533333333333335	0.282	0.2886666666666667	0.25066666666666665	0.282	0.248	0.226	0.20466666666666666	0.184	0.194	0.17666666666666667	0.16666666666666666	0.13133333333333333	0.13266666666666665	0.15466666666666667	0.114	0.116	0.128	0.10266666666666667	0.1	0.09666666666666666	0.08933333333333333	0.076	0.09066666666666667	0.05733333333333333	0.06466666666666666	0.06333333333333334	0.06533333333333333	0.056	0.04933333333333333	0.04533333333333334	0.044	0.030666666666666665	0.03666666666666667	0.032	0.028666666666666667	0.028666666666666667	0.026	0.025333333333333333	0.017333333333333333	0.018	0.029333333333333333	0.015333333333333332	0.013333333333333334	0.016666666666666666	0.016666666666666666	0.008	0.014666666666666666	0.008	0.008	0.01	0.007333333333333333	0.008	0.006	
1.448	1.4093333333333333	1.348	1.3166666666666667	1.266	1.22	1.2046666666666668	1.128	1.148	1.1046666666666667	1.0633333333333332	1.0706666666666667	0.9886666666666667	1.002	0.9913333333333333	0.9406666666666667	0.9326666666666666	0.8406666666666667	0.8166666666666667	0.7993333333333333	0.802	0.7546666666666667	0.7586666666666667	0.764	0.7406666666666667	0.6873333333333334	0.6406666666666667	0.6446666666666667	0.65	0.5793333333333334	0.5833333333333334	0.5666666666666667	0.542	0.5293333333333333	0.518	0.496	0.47933333333333333	0.41733333333333333	0.43066666666666664	0.4166666666666667	0.38466666666666666	0.372	0.3506666666666667	0.354	0.3313333333333333	0.2986666666666667	0.2653333333333333	0.28933333333333333	0.2613333333333333	0.24133333333333334	0.24	0.21933333333333332	0.21266666666666667	0.19266666666666668	0.17533333333333334	0.18266666666666667	0.17133333333333334	0.14466666666666667	0.13533333333333333	0.13933333333333334	0.13066666666666665	0.13066666666666665	0.11333333333333333	0.11666666666666667	0.09266666666666666	0.09466666666666666	0.092	0.076	0.06866666666666667	0.074	0.076	0.07	0.04933333333333333	0.056666666666666664	0.058666666666666666	0.04533333333333334	0.038	0.04533333333333334	0.038	0.034	0.022	0.028	0.03133333333333333	0.024	0.02666666666666667	0.024666666666666667	0.019333333333333334	0.017333333333333333	0.019333333333333334	0.016	0.008666666666666666	0.012666666666666666	0.014	0.010666666666666666	0.008	0.004	0.004666666666666667	0.005333333333333333	0.0013333333333333333	
1.406	1.3253333333333333	1.292	1.3166666666666667	1.2586666666666666	1.2426666666666666	1.2053333333333334	1.1426666666666667	1.1053333333333333	1.1486666666666667	1.072	1.06	1.046	1.008	0.9873333333333333	0.9166666666666666	0.9113333333333333	0.852	0.8966666666666666	0.8333333333333334	0.8353333333333334	0.7673333333333333	0.7486666666666667	0.7233333333333334	0.7113333333333334	0.6866666666666666	0.6433333333333333	0.66	0.5953333333333334	0.6066666666666667	0.57	0.5653333333333334	0.5246666666666666	0.5553333333333333	0.5	0.48333333333333334	0.44533333333333336	0.432	0.45866666666666667	0.42933333333333334	0.386	0.37866666666666665	0.3586666666666667	0.3546666666666667	0.3006666666666667	0.31133333333333335	0.26666666666666666	0.284	0.25066666666666665	0.24	0.24133333333333334	0.22066666666666668	0.23733333333333334	0.20533333333333334	0.18733333333333332	0.16266666666666665	0.17133333333333334	0.15	0.14466666666666667	0.14	0.118	0.11466666666666667	0.106	0.09666666666666666	0.11066666666666666	0.07933333333333334	0.08466666666666667	0.08933333333333333	0.07466666666666667	0.07866666666666666	0.068	0.058	0.058666666666666666	0.05266666666666667	0.05533333333333333	0.04466666666666667	0.03266666666666666	0.027333333333333334	0.036	0.03266666666666666	0.02666666666666667	0.025333333333333333	0.02266666666666667	0.023333333333333334	0.024666666666666667	0.016666666666666666	0.024	0.015333333333333332	0.014	0.014	0.012	0.010666666666666666	0.011333333333333334	0.009333333333333334	0.010666666666666666	0.009333333333333334	0.008	0.005333333333333333	0.006	
1.438	1.3633333333333333	1.3373333333333333	1.3426666666666667	1.2973333333333332	1.2133333333333334	1.1733333333333333	1.162	1.09	1.1233333333333333	1.0673333333333332	1.0766666666666667	1.012	0.9866666666666667	0.952	0.8953333333333333	0.9033333333333333	0.9046666666666666	0.8386666666666667	0.8266666666666667	0.798	0.746	0.8026666666666666	0.7526666666666667	0.718	0.6826666666666666	0.6393333333333333	0.6426666666666667	0.5786666666666667	0.5766666666666667	0.554	0.5466666666666666	0.576	0.5213333333333333	0.5053333333333333	0.4613333333333333	0.44066666666666665	0.488	0.43666666666666665	0.4146666666666667	0.3993333333333333	0.38066666666666665	0.34	0.344	0.30866666666666664	0.30133333333333334	0.31733333333333336	0.2846666666666667	0.264	0.22466666666666665	0.24733333333333332	0.216	0.20933333333333334	0.19933333333333333	0.178	0.17666666666666667	0.156	0.15733333333333333	0.14733333333333334	0.14733333333333334	0.12866666666666668	0.13	0.10866666666666666	0.098	0.09933333333333333	0.086	0.08266666666666667	0.06733333333333333	0.08466666666666667	0.07066666666666667	0.07	0.05733333333333333	0.06133333333333333	0.04933333333333333	0.058666666666666666	0.036	0.044	0.03866666666666667	0.03333333333333333	0.030666666666666665	0.04066666666666666	0.02666666666666667	0.032	0.021333333333333333	0.028666666666666667	0.019333333333333334	0.012666666666666666	0.020666666666666667	0.011333333333333334	0.012666666666666666	0.011333333333333334	0.009333333333333334	0.005333333333333333	0.008	0.01	0.004666666666666667	0.0006666666666666666	0.007333333333333333	0.004	
1.378	1.384	1.3353333333333333	1.314	1.2446666666666666	1.2213333333333334	1.1546666666666667	1.1513333333333333	1.1013333333333333	1.1233333333333333	1.0553333333333332	1.0586666666666666	1.0193333333333334	0.97	0.918	0.8853333333333333	0.9053333333333333	0.878	0.828	0.8353333333333334	0.8226666666666667	0.808	0.7933333333333333	0.7753333333333333	0.714	0.6846666666666666	0.6673333333333333	0.6366666666666667	0.622	0.6173333333333333	0.5866666666666667	0.5553333333333333	0.5013333333333333	0.5273333333333333	0.5026666666666667	0.46	0.43933333333333335	0.45666666666666667	0.44333333333333336	0.38266666666666665	0.38866666666666666	0.38666666666666666	0.35133333333333333	0.3293333333333333	0.33	0.29533333333333334	0.29533333333333334	0.298	0.25933333333333336	0.24333333333333335	0.24666666666666667	0.23066666666666666	0.20866666666666667	0.20133333333333334	0.17933333333333334	0.158	0.15933333333333333	0.15133333333333332	0.12733333333333333	0.11866666666666667	0.10933333333333334	0.12733333333333333	0.11533333333333333	0.10733333333333334	0.09666666666666666	0.08866666666666667	0.08733333333333333	0.06933333333333333	0.078	0.058	0.06866666666666667	0.06466666666666666	0.058666666666666666	0.058666666666666666	0.048666666666666664	0.037333333333333336	0.038	0.03666666666666667	0.042	0.048666666666666664	0.04	0.026	0.027333333333333334	0.028666666666666667	0.02	0.02	0.016666666666666666	0.019333333333333334	0.016666666666666666	0.012666666666666666	0.016666666666666666	0.012666666666666666	0.007333333333333333	0.010666666666666666	0.007333333333333333	0.008	0.006	0.007333333333333333	0.004666666666666667	
1.3673333333333333	1.3613333333333333	1.3033333333333332	1.2926666666666666	1.276	1.202	1.188	1.166	1.1193333333333333	1.1193333333333333	1.0406666666666666	1.0273333333333334	1.0486666666666666	0.9826666666666667	0.97	0.9026666666666666	0.93	0.872	0.826	0.8153333333333334	0.8366666666666667	0.7553333333333333	0.732	0.7326666666666667	0.6733333333333333	0.658	0.6933333333333334	0.6053333333333333	0.5966666666666667	0.5973333333333334	0.5813333333333334	0.5433333333333333	0.548	0.5	0.518	0.49733333333333335	0.49066666666666664	0.4513333333333333	0.4186666666666667	0.40066666666666667	0.3953333333333333	0.37733333333333335	0.33466666666666667	0.35133333333333333	0.332	0.34	0.3006666666666667	0.29	0.25933333333333336	0.26066666666666666	0.22933333333333333	0.22333333333333333	0.22933333333333333	0.194	0.172	0.18333333333333332	0.16733333333333333	0.15933333333333333	0.15866666666666668	0.14133333333333334	0.13266666666666665	0.12866666666666668	0.116	0.096	0.10733333333333334	0.09933333333333333	0.1	0.076	0.07266666666666667	0.06466666666666666	0.074	0.06066666666666667	0.05	0.048666666666666664	0.048	0.051333333333333335	0.043333333333333335	0.04466666666666667	0.035333333333333335	0.028	0.024	0.036	0.023333333333333334	0.022	0.018	0.019333333333333334	0.016666666666666666	0.012666666666666666	0.011333333333333334	0.012666666666666666	0.012	0.014666666666666666	0.01	0.004	0.004666666666666667	0.005333333333333333	0.007333333333333333	0.007333333333333333	0.007333333333333333	
1.408	1.38	1.3353333333333333	1.324	1.322	1.268	1.1553333333333333	1.1673333333333333	1.204	1.116	1.086	1.02	1.0353333333333334	0.992	0.9813333333333333	0.906	0.8686666666666667	0.832	0.832	0.7873333333333333	0.7666666666666667	0.7593333333333333	0.746	0.7326666666666667	0.6846666666666666	0.6746666666666666	0.662	0.6566666666666666	0.614	0.594	0.5626666666666666	0.5713333333333334	0.5613333333333334	0.5313333333333333	0.49533333333333335	0.486	0.4493333333333333	0.45466666666666666	0.43733333333333335	0.37866666666666665	0.41133333333333333	0.37666666666666665	0.3433333333333333	0.35733333333333334	0.31266666666666665	0.30533333333333335	0.2806666666666667	0.29733333333333334	0.276	0.25133333333333335	0.208	0.20733333333333334	0.22733333333333333	0.20333333333333334	0.17733333333333334	0.17933333333333334	0.16666666666666666	0.138	0.15533333333333332	0.13533333333333333	0.12666666666666668	0.12133333333333333	0.11466666666666667	0.09133333333333334	0.08466666666666667	0.08866666666666667	0.09533333333333334	0.07466666666666667	0.08	0.074	0.06666666666666667	0.05333333333333334	0.05333333333333334	0.04666666666666667	0.051333333333333335	0.044	0.048	0.03866666666666667	0.037333333333333336	0.04133333333333333	0.028666666666666667	0.028	0.02266666666666667	0.02266666666666667	0.022	0.02	0.020666666666666667	0.016666666666666666	0.016666666666666666	0.009333333333333334	0.011333333333333334	0.01	0.01	0.01	0.007333333333333333	0.004	0.009333333333333334	0.004	0.005333333333333333	
1.3793333333333333	1.346	1.3226666666666667	1.2866666666666666	1.2693333333333334	1.286	1.2193333333333334	1.13	1.1033333333333333	1.088	1.1126666666666667	1.0453333333333332	1.0213333333333334	0.9886666666666667	0.934	0.9386666666666666	0.8906666666666667	0.8146666666666667	0.8993333333333333	0.8033333333333333	0.8193333333333334	0.7446666666666667	0.7553333333333333	0.7273333333333334	0.7286666666666667	0.684	0.6446666666666667	0.6153333333333333	0.6173333333333333	0.5706666666666667	0.6046666666666667	0.558	0.56	0.544	0.478	0.5026666666666667	0.45066666666666666	0.45266666666666666	0.41	0.4073333333333333	0.4126666666666667	0.392	0.3426666666666667	0.356	0.33866666666666667	0.32133333333333336	0.30533333333333335	0.2633333333333333	0.27666666666666667	0.2826666666666667	0.23066666666666666	0.22866666666666666	0.208	0.20266666666666666	0.17866666666666667	0.17133333333333334	0.15733333333333333	0.15266666666666667	0.15133333333333332	0.136	0.126	0.11866666666666667	0.13533333333333333	0.094	0.10133333333333333	0.098	0.07933333333333334	0.07733333333333334	0.08	0.066	0.06466666666666666	0.062	0.052	0.05266666666666667	0.04733333333333333	0.048	0.048	0.04066666666666666	0.03133333333333333	0.04533333333333334	0.023333333333333334	0.029333333333333333	0.028666666666666667	0.02666666666666667	0.021333333333333333	0.018	0.018	0.019333333333333334	0.011333333333333334	0.012	0.011333333333333334	0.009333333333333334	0.014666666666666666	0.006	0.009333333333333334	0.005333333333333333	0.006	0.004666666666666667	0.007333333333333333	
1.3746666666666667	1.344	1.328	1.3106666666666666	1.2526666666666666	1.2566666666666666	1.206	1.16	1.1713333333333333	1.142	1.086	1.0546666666666666	0.9793333333333333	0.9446666666666667	0.9273333333333333	0.9186666666666666	0.9733333333333334	0.838	0.8526666666666667	0.7846666666666666	0.7986666666666666	0.7673333333333333	0.776	0.7186666666666667	0.7313333333333333	0.684	0.6913333333333334	0.6613333333333333	0.6206666666666667	0.608	0.57	0.5433333333333333	0.536	0.526	0.5086666666666667	0.4866666666666667	0.462	0.45466666666666666	0.454	0.42333333333333334	0.42933333333333334	0.372	0.338	0.358	0.32266666666666666	0.3293333333333333	0.274	0.262	0.26	0.24933333333333332	0.244	0.21533333333333332	0.226	0.19	0.19133333333333333	0.19	0.16666666666666666	0.15666666666666668	0.14866666666666667	0.128	0.10666666666666667	0.12133333333333333	0.10333333333333333	0.10733333333333334	0.09266666666666666	0.09333333333333334	0.08533333333333333	0.07933333333333334	0.06333333333333334	0.06733333333333333	0.07066666666666667	0.056	0.06933333333333333	0.038	0.051333333333333335	0.036	0.03866666666666667	0.04133333333333333	0.037333333333333336	0.036	0.03666666666666667	0.028666666666666667	0.024666666666666667	0.022	0.024666666666666667	0.023333333333333334	0.017333333333333333	0.012	0.016666666666666666	0.01	0.014666666666666666	0.010666666666666666	0.01	0.008	0.004666666666666667	0.005333333333333333	0.0033333333333333335	0.006666666666666667	0.004	
1.4306666666666668	1.3793333333333333	1.278	1.3466666666666667	1.296	1.248	1.1746666666666667	1.1346666666666667	1.1286666666666667	1.0733333333333333	1.0866666666666667	0.9966666666666667	1.08	1.01	0.944	0.9313333333333333	0.918	0.8913333333333333	0.806	0.7633333333333333	0.8206666666666667	0.806	0.758	0.7086666666666667	0.7166666666666667	0.6593333333333333	0.6686666666666666	0.648	0.6333333333333333	0.62	0.5946666666666667	0.5633333333333334	0.5133333333333333	0.5166666666666667	0.478	0.49933333333333335	0.48733333333333334	0.45	0.43	0.44333333333333336	0.394	0.364	0.346	0.32133333333333336	0.3253333333333333	0.32133333333333336	0.292	0.2733333333333333	0.264	0.25	0.27066666666666667	0.21733333333333332	0.216	0.19933333333333333	0.18933333333333333	0.18	0.16333333333333333	0.15666666666666668	0.146	0.13733333333333334	0.13533333333333333	0.11266666666666666	0.11	0.10933333333333334	0.10733333333333334	0.088	0.09866666666666667	0.08733333333333333	0.072	0.06533333333333333	0.08066666666666666	0.06	0.056	0.051333333333333335	0.04666666666666667	0.048	0.037333333333333336	0.035333333333333335	0.04	0.03266666666666666	0.032	0.03	0.034666666666666665	0.018666666666666668	0.016666666666666666	0.021333333333333333	0.016	0.010666666666666666	0.010666666666666666	0.011333333333333334	0.01	0.013333333333333334	0.006666666666666667	0.012	0.005333333333333333	0.0033333333333333335	0.007333333333333333	0.0033333333333333335	0.0026666666666666666	
1.4633333333333334	1.3373333333333333	1.342	1.244	1.2693333333333334	1.242	1.1986666666666668	1.14	1.1386666666666667	1.0733333333333333	1.0526666666666666	1.036	1.0006666666666666	1.0053333333333334	0.974	0.912	0.876	0.846	0.8806666666666667	0.806	0.7786666666666666	0.724	0.7513333333333333	0.7106666666666667	0.6933333333333334	0.7033333333333334	0.7026666666666667	0.6446666666666667	0.614	0.6086666666666667	0.548	0.5566666666666666	0.5193333333333333	0.5313333333333333	0.5226666666666666	0.4826666666666667	0.4706666666666667	0.48	0.43	0.416	0.37533333333333335	0.37933333333333336	0.366	0.33666666666666667	0.33866666666666667	0.308	0.2846666666666667	0.27466666666666667	0.25333333333333335	0.25	0.24266666666666667	0.22533333333333333	0.22	0.20466666666666666	0.19066666666666668	0.17666666666666667	0.16733333333333333	0.156	0.144	0.12533333333333332	0.122	0.11733333333333333	0.10466666666666667	0.10066666666666667	0.09266666666666666	0.09533333333333334	0.09266666666666666	0.088	0.08066666666666666	0.059333333333333335	0.07133333333333333	0.06466666666666666	0.050666666666666665	0.046	0.052	0.048	0.048666666666666664	0.036	0.036	0.03133333333333333	0.02	0.02266666666666667	0.024666666666666667	0.017333333333333333	0.024	0.025333333333333333	0.014	0.019333333333333334	0.024666666666666667	0.01	0.01	0.011333333333333334	0.012	0.009333333333333334	0.007333333333333333	0.006666666666666667	0.006	0.006	0.0013333333333333333	
1.454	1.3926666666666667	1.3646666666666667	1.3273333333333333	1.2226666666666666	1.2486666666666666	1.192	1.1553333333333333	1.1126666666666667	1.0873333333333333	1.0753333333333333	1.0306666666666666	1.0286666666666666	1.0226666666666666	0.9246666666666666	0.9133333333333333	0.89	0.9	0.844	0.8213333333333334	0.832	0.7706666666666667	0.788	0.7786666666666666	0.7033333333333334	0.712	0.6753333333333333	0.62	0.6513333333333333	0.6066666666666667	0.574	0.5313333333333333	0.5573333333333333	0.536	0.496	0.454	0.46266666666666667	0.43866666666666665	0.4073333333333333	0.41733333333333333	0.37266666666666665	0.38333333333333336	0.32666666666666666	0.334	0.34	0.30533333333333335	0.2813333333333333	0.2653333333333333	0.25133333333333335	0.25266666666666665	0.22066666666666668	0.20533333333333334	0.20733333333333334	0.226	0.174	0.166	0.16933333333333334	0.15466666666666667	0.142	0.13133333333333333	0.13133333333333333	0.12733333333333333	0.114	0.11333333333333333	0.08933333333333333	0.07733333333333334	0.088	0.088	0.08533333333333333	0.08	0.058666666666666666	0.06333333333333334	0.062	0.058	0.054	0.03133333333333333	0.03866666666666667	0.03333333333333333	0.034	0.034666666666666665	0.027333333333333334	0.03	0.024	0.027333333333333334	0.023333333333333334	0.018	0.018	0.010666666666666666	0.015333333333333332	0.009333333333333334	0.011333333333333334	0.009333333333333334	0.008666666666666666	0.011333333333333334	0.004666666666666667	0.009333333333333334	0.005333333333333333	0.005333333333333333	0.0026666666666666666	
1.3706666666666667	1.364	1.2946666666666666	1.262	1.2913333333333334	1.234	1.1533333333333333	1.204	1.138	1.0733333333333333	1.0493333333333332	1.0353333333333334	1.034	0.988	0.974	0.8773333333333333	0.9066666666666666	0.8673333333333333	0.8493333333333334	0.768	0.8233333333333334	0.7673333333333333	0.7606666666666667	0.722	0.734	0.648	0.6366666666666667	0.6166666666666667	0.6153333333333333	0.59	0.536	0.5566666666666666	0.5513333333333333	0.488	0.48533333333333334	0.4593333333333333	0.45866666666666667	0.4493333333333333	0.446	0.3873333333333333	0.38133333333333336	0.37066666666666664	0.36733333333333335	0.36	0.32133333333333336	0.3453333333333333	0.30666666666666664	0.276	0.24133333333333334	0.2613333333333333	0.202	0.22333333333333333	0.218	0.192	0.18266666666666667	0.16533333333333333	0.15066666666666667	0.15933333333333333	0.144	0.12133333333333333	0.11	0.108	0.12333333333333334	0.104	0.09466666666666666	0.08666666666666667	0.08466666666666667	0.08333333333333333	0.07866666666666666	0.07666666666666666	0.05333333333333334	0.06466666666666666	0.062	0.03933333333333333	0.04933333333333333	0.048	0.042666666666666665	0.03266666666666666	0.036	0.03666666666666667	0.028666666666666667	0.032	0.02	0.024666666666666667	0.026	0.02	0.016	0.019333333333333334	0.01	0.018	0.012	0.007333333333333333	0.01	0.006666666666666667	0.004	0.006666666666666667	0.0033333333333333335	0.005333333333333333	0.006666666666666667	
1.3853333333333333	1.3026666666666666	1.3106666666666666	1.3046666666666666	1.2493333333333334	1.218	1.1413333333333333	1.094	1.146	1.114	1.0773333333333333	1.0266666666666666	1.04	0.946	0.9353333333333333	0.908	0.8986666666666666	0.886	0.8593333333333333	0.808	0.828	0.77	0.784	0.7013333333333334	0.7046666666666667	0.6613333333333333	0.6866666666666666	0.6693333333333333	0.59	0.594	0.574	0.5726666666666667	0.542	0.5186666666666667	0.5106666666666667	0.4826666666666667	0.448	0.4573333333333333	0.41733333333333333	0.41	0.4126666666666667	0.38333333333333336	0.3406666666666667	0.3413333333333333	0.30933333333333335	0.322	0.2826666666666667	0.30466666666666664	0.258	0.24266666666666667	0.22133333333333333	0.23933333333333334	0.21133333333333335	0.18933333333333333	0.166	0.16866666666666666	0.148	0.14733333333333334	0.142	0.13	0.114	0.11133333333333334	0.128	0.094	0.09533333333333334	0.09333333333333334	0.08533333333333333	0.07066666666666667	0.06866666666666667	0.07133333333333333	0.06866666666666667	0.058	0.05733333333333333	0.05733333333333333	0.050666666666666665	0.04733333333333333	0.04066666666666666	0.042	0.03933333333333333	0.028	0.025333333333333333	0.03	0.026	0.02666666666666667	0.019333333333333334	0.017333333333333333	0.022	0.016666666666666666	0.012666666666666666	0.009333333333333334	0.016666666666666666	0.012666666666666666	0.008	0.006666666666666667	0.006666666666666667	0.0033333333333333335	0.006666666666666667	0.0033333333333333335	0.002	
1.388	1.3886666666666667	1.3173333333333332	1.3226666666666667	1.2913333333333334	1.21	1.1886666666666668	1.1526666666666667	1.1513333333333333	1.0513333333333332	1.082	1.0413333333333334	1.072	0.982	0.9653333333333334	0.9586666666666667	0.92	0.86	0.8606666666666667	0.83	0.7986666666666666	0.766	0.74	0.7053333333333334	0.722	0.644	0.6573333333333333	0.6233333333333333	0.6246666666666667	0.586	0.568	0.5573333333333333	0.5273333333333333	0.5033333333333333	0.484	0.47533333333333333	0.474	0.4533333333333333	0.3873333333333333	0.39866666666666667	0.37933333333333336	0.4	0.3426666666666667	0.3353333333333333	0.31	0.278	0.262	0.26	0.2753333333333333	0.2653333333333333	0.20933333333333334	0.23333333333333334	0.20266666666666666	0.18533333333333332	0.17133333333333334	0.15266666666666667	0.15733333333333333	0.15133333333333332	0.15266666666666667	0.14266666666666666	0.12733333333333333	0.10866666666666666	0.11266666666666666	0.11333333333333333	0.096	0.084	0.09	0.08266666666666667	0.07066666666666667	0.07266666666666667	0.062	0.068	0.058666666666666666	0.043333333333333335	0.04466666666666667	0.04	0.034	0.044	0.035333333333333335	0.028666666666666667	0.03666666666666667	0.03133333333333333	0.029333333333333333	0.025333333333333333	0.025333333333333333	0.018666666666666668	0.012	0.016	0.008	0.011333333333333334	0.009333333333333334	0.006	0.006666666666666667	0.012666666666666666	0.008666666666666666	0.006	0.0026666666666666666	0.0033333333333333335	0.002	
1.406	1.3993333333333333	1.3046666666666666	1.2733333333333334	1.2386666666666666	1.18	1.1286666666666667	1.13	1.14	1.0906666666666667	1.0553333333333332	1.0553333333333332	1.0253333333333334	0.932	0.9746666666666667	0.9506666666666667	0.874	0.8626666666666667	0.8546666666666667	0.7793333333333333	0.79	0.7633333333333333	0.7806666666666666	0.702	0.7133333333333334	0.6893333333333334	0.6886666666666666	0.6753333333333333	0.62	0.5713333333333334	0.5826666666666667	0.5313333333333333	0.5126666666666667	0.538	0.5286666666666666	0.4686666666666667	0.456	0.426	0.42	0.44133333333333336	0.37933333333333336	0.3893333333333333	0.32466666666666666	0.3466666666666667	0.31933333333333336	0.3313333333333333	0.30466666666666664	0.30466666666666664	0.24733333333333332	0.2653333333333333	0.256	0.22	0.19933333333333333	0.19933333333333333	0.19133333333333333	0.16533333333333333	0.146	0.168	0.14666666666666667	0.13733333333333334	0.13933333333333334	0.10733333333333334	0.10866666666666666	0.09666666666666666	0.1	0.09066666666666667	0.08666666666666667	0.074	0.06866666666666667	0.05466666666666667	0.06533333333333333	0.06333333333333334	0.058666666666666666	0.05266666666666667	0.048666666666666664	0.04066666666666666	0.037333333333333336	0.02666666666666667	0.03866666666666667	0.030666666666666665	0.03	0.024666666666666667	0.028	0.02266666666666667	0.018	0.024666666666666667	0.019333333333333334	0.016666666666666666	0.014	0.01	0.012	0.013333333333333334	0.006666666666666667	0.009333333333333334	0.007333333333333333	0.008666666666666666	0.0026666666666666666	0.004	0.002	
1.4106666666666667	1.4173333333333333	1.3413333333333333	1.27	1.23	1.2053333333333334	1.162	1.104	1.0946666666666667	1.0826666666666667	1.0786666666666667	1.006	0.9953333333333333	0.95	0.9413333333333334	0.8953333333333333	0.938	0.908	0.88	0.8633333333333333	0.8326666666666667	0.7826666666666666	0.742	0.7073333333333334	0.744	0.6793333333333333	0.6373333333333333	0.6193333333333333	0.658	0.5633333333333334	0.5613333333333334	0.5326666666666666	0.528	0.49333333333333335	0.48	0.49933333333333335	0.44266666666666665	0.448	0.43466666666666665	0.40066666666666667	0.38133333333333336	0.4146666666666667	0.34933333333333333	0.338	0.31466666666666665	0.302	0.30133333333333334	0.26666666666666666	0.26666666666666666	0.2613333333333333	0.25133333333333335	0.24266666666666667	0.21266666666666667	0.18466666666666667	0.15533333333333332	0.18066666666666667	0.17733333333333334	0.144	0.14866666666666667	0.146	0.11866666666666667	0.11333333333333333	0.11733333333333333	0.1	0.11	0.08066666666666666	0.09866666666666667	0.07466666666666667	0.072	0.06466666666666666	0.06933333333333333	0.066	0.06533333333333333	0.03866666666666667	0.056	0.04666666666666667	0.042	0.03333333333333333	0.036	0.03	0.03266666666666666	0.027333333333333334	0.028	0.025333333333333333	0.017333333333333333	0.018666666666666668	0.018666666666666668	0.016666666666666666	0.016	0.019333333333333334	0.008666666666666666	0.01	0.011333333333333334	0.006666666666666667	0.008666666666666666	0.009333333333333334	0.012	0.006666666666666667	0.004666666666666667	
1.4806666666666666	1.3846666666666667	1.368	1.26	1.2553333333333334	1.278	1.1806666666666668	1.1666666666666667	1.0966666666666667	1.0653333333333332	1.0313333333333334	1.002	1.0113333333333334	0.9466666666666667	0.9493333333333334	0.9033333333333333	0.92	0.824	0.854	0.7693333333333333	0.756	0.7986666666666666	0.706	0.7133333333333334	0.706	0.682	0.6413333333333333	0.6553333333333333	0.5953333333333334	0.5606666666666666	0.566	0.5626666666666666	0.548	0.47333333333333333	0.5066666666666667	0.49933333333333335	0.4713333333333333	0.43466666666666665	0.4186666666666667	0.4106666666666667	0.38533333333333336	0.406	0.33066666666666666	0.3446666666666667	0.31	0.3	0.30866666666666664	0.29733333333333334	0.2673333333333333	0.22933333333333333	0.23666666666666666	0.22266666666666668	0.184	0.18266666666666667	0.178	0.166	0.16533333333333333	0.16666666666666666	0.15666666666666668	0.128	0.13	0.12	0.11333333333333333	0.09466666666666666	0.102	0.094	0.07333333333333333	0.07866666666666666	0.07066666666666667	0.07533333333333334	0.07533333333333334	0.058666666666666666	0.05333333333333334	0.05333333333333334	0.044	0.044	0.04533333333333334	0.04466666666666667	0.04066666666666666	0.035333333333333335	0.038	0.028666666666666667	0.03133333333333333	0.02266666666666667	0.021333333333333333	0.020666666666666667	0.022	0.019333333333333334	0.011333333333333334	0.009333333333333334	0.011333333333333334	0.012	0.010666666666666666	0.006	0.01	0.009333333333333334	0.004	0.004666666666666667	0.005333333333333333	
1.388	1.3226666666666667	1.28	1.322	1.2333333333333334	1.2273333333333334	1.1786666666666668	1.1393333333333333	1.134	1.0266666666666666	1.036	0.964	1.028	0.9153333333333333	0.9646666666666667	0.942	0.9013333333333333	0.8526666666666667	0.8946666666666667	0.8186666666666667	0.7746666666666666	0.7626666666666667	0.7553333333333333	0.7113333333333334	0.726	0.6826666666666666	0.678	0.64	0.594	0.5866666666666667	0.5606666666666666	0.5613333333333334	0.538	0.5033333333333333	0.5246666666666666	0.4493333333333333	0.44733333333333336	0.438	0.43533333333333335	0.3893333333333333	0.384	0.37933333333333336	0.348	0.3353333333333333	0.32866666666666666	0.29933333333333334	0.29933333333333334	0.2633333333333333	0.284	0.258	0.226	0.222	0.18666666666666668	0.21266666666666667	0.18333333333333332	0.15	0.13266666666666665	0.15533333333333332	0.142	0.14333333333333334	0.11733333333333333	0.12066666666666667	0.11	0.11533333333333333	0.09466666666666666	0.09733333333333333	0.07666666666666666	0.08333333333333333	0.08066666666666666	0.06533333333333333	0.064	0.059333333333333335	0.051333333333333335	0.066	0.051333333333333335	0.05533333333333333	0.04666666666666667	0.03866666666666667	0.04	0.03266666666666666	0.027333333333333334	0.030666666666666665	0.027333333333333334	0.018666666666666668	0.019333333333333334	0.015333333333333332	0.017333333333333333	0.016666666666666666	0.009333333333333334	0.012666666666666666	0.01	0.012666666666666666	0.010666666666666666	0.011333333333333334	0.005333333333333333	0.005333333333333333	0.004	0.004	0.002	
1.36	1.3493333333333333	1.2953333333333332	1.3226666666666667	1.2493333333333334	1.238	1.2066666666666668	1.0973333333333333	1.1293333333333333	1.102	1.0526666666666666	0.9966666666666667	1.01	0.924	0.9653333333333334	0.9493333333333334	0.896	0.884	0.8726666666666667	0.7713333333333333	0.7886666666666666	0.7906666666666666	0.7346666666666667	0.75	0.708	0.7066666666666667	0.6593333333333333	0.6413333333333333	0.6046666666666667	0.6273333333333333	0.594	0.5606666666666666	0.5553333333333333	0.5293333333333333	0.5106666666666667	0.4573333333333333	0.46	0.398	0.39066666666666666	0.4033333333333333	0.37866666666666665	0.36333333333333334	0.3293333333333333	0.3486666666666667	0.31466666666666665	0.312	0.2886666666666667	0.284	0.25	0.25066666666666665	0.24	0.222	0.208	0.206	0.18866666666666668	0.17533333333333334	0.14866666666666667	0.15	0.152	0.14733333333333334	0.11866666666666667	0.13666666666666666	0.11533333333333333	0.10333333333333333	0.08733333333333333	0.07933333333333334	0.08533333333333333	0.08266666666666667	0.08333333333333333	0.072	0.06533333333333333	0.06	0.05266666666666667	0.04466666666666667	0.046	0.042666666666666665	0.04666666666666667	0.04066666666666666	0.035333333333333335	0.04066666666666666	0.027333333333333334	0.022	0.022	0.020666666666666667	0.016666666666666666	0.017333333333333333	0.024666666666666667	0.016	0.016	0.014666666666666666	0.013333333333333334	0.011333333333333334	0.014666666666666666	0.01	0.004666666666666667	0.0026666666666666666	0.007333333333333333	0.0033333333333333335	0.004	
1.3773333333333333	1.3646666666666667	1.28	1.3146666666666667	1.2926666666666666	1.22	1.2406666666666666	1.1746666666666667	1.104	1.076	1.0413333333333334	1.0573333333333332	1.0106666666666666	1.004	0.9446666666666667	0.9393333333333334	0.8626666666666667	0.8546666666666667	0.826	0.8053333333333333	0.792	0.7746666666666666	0.734	0.706	0.714	0.6826666666666666	0.6206666666666667	0.6393333333333333	0.602	0.6046666666666667	0.5553333333333333	0.546	0.5206666666666667	0.522	0.5306666666666666	0.4786666666666667	0.46266666666666667	0.4166666666666667	0.4106666666666667	0.42533333333333334	0.396	0.3406666666666667	0.3626666666666667	0.35533333333333333	0.29933333333333334	0.294	0.2733333333333333	0.27666666666666667	0.262	0.24533333333333332	0.242	0.22533333333333333	0.21866666666666668	0.202	0.17333333333333334	0.16733333333333333	0.15	0.14066666666666666	0.13466666666666666	0.13266666666666665	0.12466666666666666	0.132	0.12266666666666666	0.086	0.10066666666666667	0.08666666666666667	0.10066666666666667	0.092	0.06333333333333334	0.07	0.06	0.05533333333333333	0.052	0.04733333333333333	0.04666666666666667	0.04466666666666667	0.05266666666666667	0.04133333333333333	0.03266666666666666	0.032	0.035333333333333335	0.034	0.02666666666666667	0.021333333333333333	0.02	0.02	0.017333333333333333	0.016666666666666666	0.015333333333333332	0.012	0.012	0.015333333333333332	0.008666666666666666	0.008	0.008	0.004666666666666667	0.010666666666666666	0.0033333333333333335	0.0033333333333333335	
1.398	1.366	1.292	1.3566666666666667	1.204	1.22	1.1493333333333333	1.156	1.132	1.1253333333333333	1.1033333333333333	1.0306666666666666	1.026	0.992	0.928	0.9553333333333334	0.88	0.846	0.8693333333333333	0.8133333333333334	0.7886666666666666	0.7646666666666667	0.7673333333333333	0.7113333333333334	0.676	0.662	0.6713333333333333	0.604	0.6386666666666667	0.5753333333333334	0.5513333333333333	0.5346666666666666	0.5073333333333333	0.522	0.48133333333333334	0.462	0.4666666666666667	0.43666666666666665	0.4	0.4166666666666667	0.3973333333333333	0.37	0.34933333333333333	0.33	0.32	0.2906666666666667	0.2866666666666667	0.2753333333333333	0.256	0.26066666666666666	0.228	0.22866666666666666	0.20933333333333334	0.21266666666666667	0.18133333333333335	0.15733333333333333	0.174	0.164	0.152	0.144	0.13066666666666665	0.11933333333333333	0.09533333333333334	0.09733333333333333	0.112	0.094	0.09133333333333334	0.076	0.07266666666666667	0.072	0.06066666666666667	0.054	0.052	0.05733333333333333	0.03266666666666666	0.034666666666666665	0.04533333333333334	0.03333333333333333	0.037333333333333336	0.034666666666666665	0.034	0.034	0.02266666666666667	0.026	0.018666666666666668	0.024666666666666667	0.016	0.016	0.010666666666666666	0.009333333333333334	0.012	0.01	0.006666666666666667	0.006666666666666667	0.01	0.0026666666666666666	0.007333333333333333	0.004	0.0026666666666666666	
1.38	1.3586666666666667	1.2646666666666666	1.242	1.206	1.162	1.1666666666666667	1.1193333333333333	1.1086666666666667	1.058	1.0166666666666666	1.0426666666666666	1.04	1.0173333333333334	0.9853333333333333	0.9086666666666666	0.8706666666666667	0.8506666666666667	0.858	0.784	0.8393333333333334	0.7433333333333333	0.8013333333333333	0.7226666666666667	0.6766666666666666	0.6833333333333333	0.6313333333333333	0.5986666666666667	0.6146666666666667	0.582	0.562	0.538	0.5146666666666667	0.508	0.51	0.492	0.422	0.47733333333333333	0.4226666666666667	0.3913333333333333	0.37266666666666665	0.374	0.356	0.318	0.29933333333333334	0.31133333333333335	0.29733333333333334	0.29333333333333333	0.242	0.232	0.22266666666666668	0.226	0.19733333333333333	0.19266666666666668	0.17066666666666666	0.164	0.156	0.15133333333333332	0.13533333333333333	0.15266666666666667	0.122	0.11733333333333333	0.10533333333333333	0.106	0.09133333333333334	0.08933333333333333	0.092	0.08733333333333333	0.07466666666666667	0.066	0.064	0.04933333333333333	0.054	0.048666666666666664	0.04666666666666667	0.04066666666666666	0.05333333333333334	0.042	0.03866666666666667	0.03	0.03133333333333333	0.026	0.034	0.019333333333333334	0.017333333333333333	0.02	0.018	0.017333333333333333	0.010666666666666666	0.016666666666666666	0.014	0.008	0.008666666666666666	0.007333333333333333	0.006666666666666667	0.005333333333333333	0.004	0.0026666666666666666	0.0026666666666666666	
1.3886666666666667	1.402	1.2713333333333334	1.302	1.24	1.218	1.2206666666666666	1.1533333333333333	1.074	1.0986666666666667	1.0806666666666667	1.0006666666666666	0.9886666666666667	0.9286666666666666	1.004	0.9126666666666666	0.9066666666666666	0.8746666666666667	0.868	0.8133333333333334	0.76	0.7753333333333333	0.7653333333333333	0.7393333333333333	0.6973333333333334	0.6346666666666667	0.7046666666666667	0.6573333333333333	0.6766666666666666	0.5866666666666667	0.5633333333333334	0.514	0.536	0.5213333333333333	0.49533333333333335	0.4713333333333333	0.49666666666666665	0.4513333333333333	0.424	0.406	0.35733333333333334	0.3873333333333333	0.3466666666666667	0.31066666666666665	0.324	0.29933333333333334	0.2806666666666667	0.252	0.2733333333333333	0.254	0.24333333333333335	0.22333333333333333	0.19266666666666668	0.19933333333333333	0.17066666666666666	0.16	0.162	0.15466666666666667	0.14066666666666666	0.15266666666666667	0.12733333333333333	0.12266666666666666	0.116	0.1	0.10533333333333333	0.07466666666666667	0.07	0.06266666666666666	0.08066666666666666	0.06666666666666667	0.07066666666666667	0.06733333333333333	0.04666666666666667	0.054	0.056666666666666664	0.04666666666666667	0.04466666666666667	0.037333333333333336	0.04066666666666666	0.04	0.03333333333333333	0.028	0.02	0.018	0.025333333333333333	0.017333333333333333	0.017333333333333333	0.017333333333333333	0.012	0.013333333333333334	0.016666666666666666	0.010666666666666666	0.008666666666666666	0.007333333333333333	0.005333333333333333	0.006666666666666667	0.004	0.004	0.0033333333333333335	
1.42	1.4033333333333333	1.3073333333333332	1.3153333333333332	1.236	1.18	1.1526666666666667	1.1453333333333333	1.06	1.052	1.0633333333333332	0.9793333333333333	0.9713333333333334	0.968	0.9433333333333334	0.9266666666666666	0.8946666666666667	0.8553333333333333	0.8586666666666667	0.7946666666666666	0.812	0.778	0.7526666666666667	0.7213333333333334	0.7193333333333334	0.6273333333333333	0.6506666666666666	0.6453333333333333	0.6333333333333333	0.6066666666666667	0.592	0.5513333333333333	0.55	0.5153333333333333	0.4713333333333333	0.426	0.4533333333333333	0.42	0.4073333333333333	0.428	0.38466666666666666	0.366	0.36466666666666664	0.346	0.31866666666666665	0.306	0.27466666666666667	0.2753333333333333	0.254	0.23733333333333334	0.21666666666666667	0.23866666666666667	0.22533333333333333	0.21333333333333335	0.18733333333333332	0.17466666666666666	0.18733333333333332	0.16533333333333333	0.134	0.11666666666666667	0.13133333333333333	0.10933333333333334	0.09666666666666666	0.10333333333333333	0.10666666666666667	0.086	0.08933333333333333	0.09	0.08133333333333333	0.058666666666666666	0.07266666666666667	0.06533333333333333	0.06	0.04	0.05466666666666667	0.04133333333333333	0.051333333333333335	0.03933333333333333	0.042	0.034	0.032	0.025333333333333333	0.03266666666666666	0.03133333333333333	0.017333333333333333	0.017333333333333333	0.015333333333333332	0.016	0.014666666666666666	0.021333333333333333	0.012	0.007333333333333333	0.010666666666666666	0.008666666666666666	0.007333333333333333	0.007333333333333333	0.0013333333333333333	0.008	0.004666666666666667	
1.372	1.3393333333333333	1.2973333333333332	1.27	1.276	1.2206666666666666	1.1386666666666667	1.126	1.132	1.082	1.0246666666666666	1.056	1.0193333333333334	0.9606666666666667	0.9313333333333333	0.9126666666666666	0.9073333333333333	0.9	0.8326666666666667	0.8066666666666666	0.7853333333333333	0.728	0.7373333333333333	0.7133333333333334	0.722	0.6573333333333333	0.6386666666666667	0.604	0.642	0.616	0.6093333333333333	0.5446666666666666	0.526	0.5106666666666667	0.48333333333333334	0.48133333333333334	0.44066666666666665	0.468	0.43866666666666665	0.41733333333333333	0.4013333333333333	0.36866666666666664	0.356	0.3406666666666667	0.3393333333333333	0.29933333333333334	0.29733333333333334	0.268	0.244	0.24733333333333332	0.22	0.21333333333333335	0.18666666666666668	0.18466666666666667	0.168	0.164	0.154	0.15666666666666668	0.14933333333333335	0.118	0.11933333333333333	0.13533333333333333	0.10466666666666667	0.11266666666666666	0.11066666666666666	0.09466666666666666	0.084	0.08866666666666667	0.074	0.074	0.074	0.06266666666666666	0.058666666666666666	0.04733333333333333	0.04466666666666667	0.037333333333333336	0.042	0.037333333333333336	0.034	0.038	0.036	0.03	0.03133333333333333	0.029333333333333333	0.024666666666666667	0.022	0.016666666666666666	0.015333333333333332	0.010666666666666666	0.008	0.01	0.01	0.007333333333333333	0.0026666666666666666	0.007333333333333333	0.008	0.008666666666666666	0.0026666666666666666	0.005333333333333333	
1.3826666666666667	1.3526666666666667	1.222	1.2646666666666666	1.2366666666666666	1.1786666666666668	1.1873333333333334	1.142	1.084	1.086	1.0226666666666666	1.042	0.9593333333333334	0.9566666666666667	0.9306666666666666	0.8866666666666667	0.9026666666666666	0.8506666666666667	0.8553333333333333	0.8126666666666666	0.7986666666666666	0.77	0.7646666666666667	0.7293333333333333	0.694	0.6653333333333333	0.698	0.6173333333333333	0.6266666666666667	0.5533333333333333	0.544	0.526	0.512	0.532	0.4786666666666667	0.496	0.45	0.43866666666666665	0.4186666666666667	0.4106666666666667	0.364	0.374	0.33466666666666667	0.3353333333333333	0.35133333333333333	0.31466666666666665	0.278	0.28933333333333333	0.236	0.2633333333333333	0.24266666666666667	0.20466666666666666	0.20066666666666666	0.17933333333333334	0.19133333333333333	0.19066666666666668	0.17133333333333334	0.162	0.14533333333333334	0.134	0.11866666666666667	0.118	0.11733333333333333	0.08533333333333333	0.096	0.08266666666666667	0.09666666666666666	0.06933333333333333	0.07866666666666666	0.078	0.06466666666666666	0.05333333333333334	0.051333333333333335	0.051333333333333335	0.042666666666666665	0.04133333333333333	0.04133333333333333	0.034	0.034	0.036	0.03333333333333333	0.03666666666666667	0.027333333333333334	0.02666666666666667	0.02266666666666667	0.021333333333333333	0.014	0.014	0.015333333333333332	0.018	0.011333333333333334	0.009333333333333334	0.009333333333333334	0.012666666666666666	0.007333333333333333	0.010666666666666666	0.011333333333333334	0.004	0.006	
1.3946666666666667	1.3673333333333333	1.292	1.2673333333333334	1.2353333333333334	1.1906666666666668	1.1526666666666667	1.174	1.074	1.0833333333333333	1.0206666666666666	1.036	1.0573333333333332	1.006	0.9686666666666667	0.8586666666666667	0.91	0.8473333333333334	0.8113333333333334	0.854	0.7933333333333333	0.7593333333333333	0.7533333333333333	0.7066666666666667	0.7273333333333334	0.6826666666666666	0.652	0.586	0.57	0.5726666666666667	0.5593333333333333	0.594	0.5526666666666666	0.4866666666666667	0.5026666666666667	0.47733333333333333	0.458	0.42533333333333334	0.44533333333333336	0.4186666666666667	0.364	0.344	0.36733333333333335	0.34	0.352	0.30666666666666664	0.276	0.254	0.268	0.24533333333333332	0.22733333333333333	0.202	0.198	0.18066666666666667	0.16733333333333333	0.17733333333333334	0.17466666666666666	0.14533333333333334	0.152	0.138	0.134	0.106	0.114	0.10666666666666667	0.09533333333333334	0.09133333333333334	0.09733333333333333	0.07533333333333334	0.066	0.058	0.059333333333333335	0.07066666666666667	0.06066666666666667	0.050666666666666665	0.048666666666666664	0.030666666666666665	0.03333333333333333	0.032	0.03933333333333333	0.029333333333333333	0.030666666666666665	0.03	0.024666666666666667	0.026	0.029333333333333333	0.018	0.023333333333333334	0.018	0.018	0.016	0.012666666666666666	0.013333333333333334	0.009333333333333334	0.009333333333333334	0.008666666666666666	0.008	0.0033333333333333335	0.004	0.0026666666666666666	
1.3953333333333333	1.3233333333333333	1.3053333333333332	1.2893333333333334	1.2873333333333334	1.2466666666666666	1.1906666666666668	1.114	1.114	1.0533333333333332	1.0186666666666666	1.0113333333333334	1.0526666666666666	0.938	0.9393333333333334	0.9366666666666666	0.928	0.8833333333333333	0.8573333333333333	0.8333333333333334	0.8113333333333334	0.7506666666666667	0.7306666666666667	0.6813333333333333	0.7146666666666667	0.648	0.6846666666666666	0.6486666666666666	0.6053333333333333	0.5866666666666667	0.5886666666666667	0.5573333333333333	0.5246666666666666	0.5266666666666666	0.49466666666666664	0.4533333333333333	0.446	0.44733333333333336	0.3953333333333333	0.42	0.37533333333333335	0.37933333333333336	0.368	0.332	0.33666666666666667	0.296	0.3006666666666667	0.248	0.24266666666666667	0.22733333333333333	0.24466666666666667	0.22066666666666668	0.23133333333333334	0.19666666666666666	0.19533333333333333	0.16	0.15066666666666667	0.15533333333333332	0.13666666666666666	0.12733333333333333	0.108	0.12533333333333332	0.10466666666666667	0.08	0.12666666666666668	0.08733333333333333	0.07666666666666666	0.08133333333333333	0.06866666666666667	0.06733333333333333	0.06066666666666667	0.06266666666666666	0.06	0.04733333333333333	0.04933333333333333	0.03666666666666667	0.043333333333333335	0.042	0.03333333333333333	0.03333333333333333	0.024	0.026	0.028666666666666667	0.021333333333333333	0.022	0.016666666666666666	0.02266666666666667	0.014666666666666666	0.020666666666666667	0.014	0.012	0.012	0.013333333333333334	0.010666666666666666	0.012	0.008	0.005333333333333333	0.002	0.006	
1.3693333333333333	1.3346666666666667	1.3326666666666667	1.2206666666666666	1.1966666666666668	1.1873333333333334	1.15	1.1473333333333333	1.0913333333333333	1.1113333333333333	1.0786666666666667	1.016	0.9913333333333333	1.03	0.938	0.9233333333333333	0.876	0.8266666666666667	0.8413333333333334	0.8513333333333334	0.802	0.7713333333333333	0.7693333333333333	0.7253333333333334	0.6933333333333334	0.6513333333333333	0.6413333333333333	0.6313333333333333	0.6193333333333333	0.6033333333333334	0.588	0.5793333333333334	0.5493333333333333	0.5306666666666666	0.49733333333333335	0.474	0.4633333333333333	0.4646666666666667	0.424	0.39266666666666666	0.37466666666666665	0.35	0.35733333333333334	0.33466666666666667	0.32266666666666666	0.312	0.26266666666666666	0.27066666666666667	0.2653333333333333	0.24666666666666667	0.22666666666666666	0.22733333333333333	0.204	0.18866666666666668	0.18	0.14266666666666666	0.16133333333333333	0.148	0.15666666666666668	0.11733333333333333	0.11733333333333333	0.13	0.11933333333333333	0.09133333333333334	0.10066666666666667	0.09266666666666666	0.09333333333333334	0.08266666666666667	0.07066666666666667	0.06666666666666667	0.062	0.054	0.058	0.054	0.042666666666666665	0.046	0.038	0.038	0.034666666666666665	0.03666666666666667	0.03	0.019333333333333334	0.027333333333333334	0.027333333333333334	0.022	0.018666666666666668	0.024	0.011333333333333334	0.013333333333333334	0.012666666666666666	0.014666666666666666	0.010666666666666666	0.006666666666666667	0.006	0.007333333333333333	0.0033333333333333335	0.0033333333333333335	0.004666666666666667	0.006	
1.3533333333333333	1.2973333333333332	1.3306666666666667	1.238	1.198	1.186	1.164	1.206	1.0926666666666667	1.0733333333333333	1.0113333333333334	1.0286666666666666	1.0006666666666666	0.9546666666666667	0.906	0.922	0.8553333333333333	0.8826666666666667	0.8273333333333334	0.8173333333333334	0.762	0.7853333333333333	0.7153333333333334	0.6733333333333333	0.6886666666666666	0.6786666666666666	0.6566666666666666	0.628	0.6353333333333333	0.5833333333333334	0.5566666666666666	0.5586666666666666	0.5066666666666667	0.5293333333333333	0.49666666666666665	0.49733333333333335	0.466	0.42133333333333334	0.43333333333333335	0.4	0.392	0.4086666666666667	0.334	0.352	0.31	0.292	0.29133333333333333	0.25333333333333335	0.2846666666666667	0.24933333333333332	0.21933333333333332	0.22866666666666666	0.19066666666666668	0.196	0.19933333333333333	0.174	0.16066666666666668	0.162	0.14933333333333335	0.13866666666666666	0.116	0.12	0.094	0.09066666666666667	0.09133333333333334	0.09666666666666666	0.09133333333333334	0.07866666666666666	0.08333333333333333	0.06933333333333333	0.062	0.059333333333333335	0.05533333333333333	0.052	0.042666666666666665	0.037333333333333336	0.042666666666666665	0.035333333333333335	0.03333333333333333	0.04533333333333334	0.034	0.03133333333333333	0.024666666666666667	0.019333333333333334	0.014666666666666666	0.014	0.018	0.012	0.014	0.01	0.010666666666666666	0.011333333333333334	0.010666666666666666	0.009333333333333334	0.004	0.006666666666666667	0.007333333333333333	0.006666666666666667	0.006666666666666667	
1.398	1.366	1.3093333333333332	1.2733333333333334	1.22	1.1553333333333333	1.168	1.1493333333333333	1.06	1.02	1.0773333333333333	1.0713333333333332	0.9906666666666667	0.9173333333333333	0.9153333333333333	0.8906666666666667	0.836	0.8566666666666667	0.8533333333333334	0.83	0.794	0.7646666666666667	0.778	0.6893333333333334	0.704	0.6686666666666666	0.674	0.6826666666666666	0.618	0.586	0.5653333333333334	0.552	0.5513333333333333	0.522	0.5046666666666667	0.4693333333333333	0.44733333333333336	0.44333333333333336	0.41333333333333333	0.3973333333333333	0.37466666666666665	0.37	0.3426666666666667	0.34	0.33466666666666667	0.30333333333333334	0.28933333333333333	0.2673333333333333	0.24666666666666667	0.23333333333333334	0.23266666666666666	0.206	0.22133333333333333	0.19666666666666666	0.176	0.16466666666666666	0.17266666666666666	0.14466666666666667	0.132	0.16066666666666668	0.13466666666666666	0.12933333333333333	0.124	0.10466666666666667	0.106	0.07466666666666667	0.08333333333333333	0.06933333333333333	0.06066666666666667	0.06933333333333333	0.06333333333333334	0.06466666666666666	0.056	0.05333333333333334	0.046	0.05	0.044	0.037333333333333336	0.03933333333333333	0.026	0.027333333333333334	0.028	0.019333333333333334	0.018	0.02666666666666667	0.012	0.017333333333333333	0.02	0.018	0.011333333333333334	0.013333333333333334	0.01	0.009333333333333334	0.008	0.007333333333333333	0.004666666666666667	0.004666666666666667	0.004666666666666667	0.002	
1.3373333333333333	1.3566666666666667	1.278	1.2846666666666666	1.2193333333333334	1.1833333333333333	1.1806666666666668	1.1113333333333333	1.0946666666666667	1.0433333333333332	1.034	1.0566666666666666	0.9986666666666667	0.9606666666666667	0.9246666666666666	0.8586666666666667	0.9086666666666666	0.898	0.8413333333333334	0.7793333333333333	0.7566666666666667	0.78	0.7526666666666667	0.7066666666666667	0.6866666666666666	0.6673333333333333	0.6633333333333333	0.6093333333333333	0.6166666666666667	0.59	0.584	0.5533333333333333	0.5086666666666667	0.542	0.466	0.4553333333333333	0.456	0.464	0.42933333333333334	0.38333333333333336	0.38266666666666665	0.364	0.36	0.3313333333333333	0.31666666666666665	0.326	0.2846666666666667	0.28	0.24666666666666667	0.2653333333333333	0.218	0.208	0.20266666666666666	0.19933333333333333	0.17733333333333334	0.16733333333333333	0.15733333333333333	0.15933333333333333	0.14266666666666666	0.12866666666666668	0.13133333333333333	0.092	0.106	0.10133333333333333	0.08666666666666667	0.07666666666666666	0.08933333333333333	0.07466666666666667	0.07933333333333334	0.06266666666666666	0.07	0.05533333333333333	0.066	0.051333333333333335	0.05333333333333334	0.030666666666666665	0.03866666666666667	0.037333333333333336	0.035333333333333335	0.032	0.025333333333333333	0.029333333333333333	0.029333333333333333	0.021333333333333333	0.023333333333333334	0.02	0.010666666666666666	0.016	0.012	0.014	0.012666666666666666	0.01	0.007333333333333333	0.010666666666666666	0.008	0.008	0.004666666666666667	0.006666666666666667	0.0026666666666666666	
1.4113333333333333	1.2953333333333332	1.2513333333333334	1.2833333333333334	1.2266666666666666	1.218	1.162	1.1186666666666667	1.078	1.0873333333333333	1.036	0.9946666666666667	1.0153333333333334	0.9573333333333334	0.978	0.8793333333333333	0.8966666666666666	0.85	0.8126666666666666	0.83	0.8006666666666666	0.79	0.7386666666666667	0.6973333333333334	0.71	0.6513333333333333	0.614	0.668	0.6233333333333333	0.5613333333333334	0.5786666666666667	0.5713333333333334	0.5026666666666667	0.5113333333333333	0.5046666666666667	0.4686666666666667	0.448	0.42866666666666664	0.38	0.38533333333333336	0.38133333333333336	0.354	0.31066666666666665	0.352	0.30866666666666664	0.296	0.2826666666666667	0.25333333333333335	0.26	0.24533333333333332	0.228	0.218	0.19533333333333333	0.198	0.20066666666666666	0.16666666666666666	0.16333333333333333	0.14133333333333334	0.14666666666666667	0.15	0.13533333333333333	0.10266666666666667	0.11133333333333334	0.09933333333333333	0.08933333333333333	0.07333333333333333	0.09866666666666667	0.07066666666666667	0.064	0.05333333333333334	0.059333333333333335	0.06066666666666667	0.044	0.048666666666666664	0.04466666666666667	0.05	0.035333333333333335	0.03133333333333333	0.03133333333333333	0.029333333333333333	0.03266666666666666	0.021333333333333333	0.024666666666666667	0.02666666666666667	0.018	0.013333333333333334	0.014666666666666666	0.019333333333333334	0.017333333333333333	0.012666666666666666	0.017333333333333333	0.010666666666666666	0.015333333333333332	0.01	0.009333333333333334	0.01	0.006	0.004666666666666667	0.0013333333333333333	
1.39	1.366	1.322	1.2993333333333332	1.2193333333333334	1.178	1.178	1.154	1.1453333333333333	1.106	1.0286666666666666	1.0	0.9946666666666667	0.9613333333333334	0.9186666666666666	0.882	0.8966666666666666	0.8613333333333333	0.8353333333333334	0.7853333333333333	0.8106666666666666	0.806	0.758	0.7006666666666667	0.6886666666666666	0.6686666666666666	0.6546666666666666	0.5933333333333334	0.6266666666666667	0.6113333333333333	0.548	0.572	0.508	0.5013333333333333	0.47933333333333333	0.486	0.4066666666666667	0.4493333333333333	0.422	0.4106666666666667	0.388	0.3466666666666667	0.3446666666666667	0.338	0.33	0.33866666666666667	0.32266666666666666	0.2753333333333333	0.24066666666666667	0.228	0.24266666666666667	0.23066666666666666	0.20733333333333334	0.18733333333333332	0.198	0.16133333333333333	0.18133333333333335	0.14333333333333334	0.134	0.142	0.11666666666666667	0.102	0.112	0.098	0.1	0.09	0.09666666666666666	0.08333333333333333	0.07266666666666667	0.06466666666666666	0.062	0.058666666666666666	0.06666666666666667	0.051333333333333335	0.04666666666666667	0.05333333333333334	0.04133333333333333	0.03666666666666667	0.034666666666666665	0.026	0.03	0.020666666666666667	0.018	0.02266666666666667	0.016666666666666666	0.018	0.017333333333333333	0.012666666666666666	0.016	0.02	0.011333333333333334	0.012	0.01	0.005333333333333333	0.008666666666666666	0.007333333333333333	0.007333333333333333	0.0013333333333333333	0.004	
1.3573333333333333	1.3133333333333332	1.3333333333333333	1.2593333333333334	1.248	1.19	1.118	1.1066666666666667	1.1193333333333333	1.03	1.074	1.062	1.0146666666666666	1.012	0.934	0.8846666666666667	0.8913333333333333	0.8866666666666667	0.8293333333333334	0.8093333333333333	0.7893333333333333	0.742	0.708	0.7346666666666667	0.6766666666666666	0.6433333333333333	0.6726666666666666	0.6346666666666667	0.5953333333333334	0.5906666666666667	0.5693333333333334	0.5373333333333333	0.5246666666666666	0.48	0.4826666666666667	0.49933333333333335	0.468	0.45066666666666666	0.418	0.4166666666666667	0.41133333333333333	0.37	0.348	0.33	0.30933333333333335	0.336	0.282	0.268	0.25533333333333336	0.258	0.23466666666666666	0.19466666666666665	0.20933333333333334	0.192	0.18466666666666667	0.158	0.16866666666666666	0.14533333333333334	0.13466666666666666	0.13866666666666666	0.11066666666666666	0.122	0.12	0.09	0.08933333333333333	0.09333333333333334	0.07733333333333334	0.08466666666666667	0.076	0.062	0.06933333333333333	0.058	0.066	0.048666666666666664	0.048666666666666664	0.04466666666666667	0.044	0.04066666666666666	0.03333333333333333	0.035333333333333335	0.028666666666666667	0.023333333333333334	0.02	0.03333333333333333	0.019333333333333334	0.021333333333333333	0.018666666666666668	0.014666666666666666	0.022	0.009333333333333334	0.010666666666666666	0.011333333333333334	0.01	0.006	0.005333333333333333	0.006	0.007333333333333333	0.006	0.0033333333333333335	
1.3733333333333333	1.3493333333333333	1.28	1.3233333333333333	1.2233333333333334	1.188	1.1586666666666667	1.1293333333333333	1.0586666666666666	1.0813333333333333	1.0613333333333332	1.05	0.9826666666666667	0.94	0.9633333333333334	0.874	0.8186666666666667	0.8586666666666667	0.8286666666666667	0.816	0.826	0.7753333333333333	0.768	0.7286666666666667	0.654	0.6866666666666666	0.6906666666666667	0.602	0.5733333333333334	0.562	0.5926666666666667	0.5833333333333334	0.5286666666666666	0.518	0.49733333333333335	0.448	0.428	0.42933333333333334	0.4086666666666667	0.3973333333333333	0.4093333333333333	0.3626666666666667	0.36933333333333335	0.33866666666666667	0.3253333333333333	0.28	0.2793333333333333	0.2753333333333333	0.27466666666666667	0.23933333333333334	0.226	0.23266666666666666	0.20666666666666667	0.20666666666666667	0.17933333333333334	0.17333333333333334	0.17666666666666667	0.16066666666666668	0.13533333333333333	0.136	0.136	0.11466666666666667	0.10666666666666667	0.098	0.09733333333333333	0.1	0.08333333333333333	0.076	0.066	0.05733333333333333	0.05266666666666667	0.06666666666666667	0.056	0.052	0.048666666666666664	0.048666666666666664	0.04133333333333333	0.052	0.037333333333333336	0.025333333333333333	0.025333333333333333	0.028666666666666667	0.02666666666666667	0.019333333333333334	0.026	0.019333333333333334	0.015333333333333332	0.014666666666666666	0.016	0.014666666666666666	0.007333333333333333	0.009333333333333334	0.008666666666666666	0.011333333333333334	0.008	0.008666666666666666	0.0026666666666666666	0.0033333333333333335	0.002	
1.3446666666666667	1.3626666666666667	1.2633333333333334	1.2313333333333334	1.2573333333333334	1.1986666666666668	1.1986666666666668	1.0626666666666666	1.092	1.082	1.026	1.0546666666666666	1.0126666666666666	0.96	0.9286666666666666	0.8886666666666667	0.9006666666666666	0.8246666666666667	0.8353333333333334	0.776	0.7846666666666666	0.7313333333333333	0.7466666666666667	0.6886666666666666	0.684	0.6793333333333333	0.656	0.624	0.6006666666666667	0.5886666666666667	0.5486666666666666	0.5793333333333334	0.5106666666666667	0.5113333333333333	0.4806666666666667	0.46	0.42133333333333334	0.406	0.4033333333333333	0.42866666666666664	0.36866666666666664	0.36666666666666664	0.32133333333333336	0.354	0.314	0.3006666666666667	0.2926666666666667	0.264	0.24	0.254	0.216	0.22066666666666668	0.198	0.192	0.184	0.16266666666666665	0.15933333333333333	0.15466666666666667	0.14133333333333334	0.118	0.11866666666666667	0.11866666666666667	0.11533333333333333	0.11133333333333334	0.09266666666666666	0.086	0.08666666666666667	0.06266666666666666	0.07	0.072	0.064	0.06533333333333333	0.05	0.050666666666666665	0.04466666666666667	0.034	0.03933333333333333	0.034	0.03666666666666667	0.037333333333333336	0.025333333333333333	0.03266666666666666	0.028	0.023333333333333334	0.022	0.013333333333333334	0.02266666666666667	0.011333333333333334	0.013333333333333334	0.008666666666666666	0.011333333333333334	0.008666666666666666	0.004	0.011333333333333334	0.006666666666666667	0.007333333333333333	0.006	0.002	0.004666666666666667	
1.37	1.3626666666666667	1.268	1.2173333333333334	1.1986666666666668	1.208	1.1746666666666667	1.1333333333333333	1.0906666666666667	1.0493333333333332	1.1013333333333333	0.9946666666666667	0.994	0.904	0.928	0.9013333333333333	0.874	0.7926666666666666	0.8613333333333333	0.7926666666666666	0.8326666666666667	0.72	0.722	0.708	0.722	0.6613333333333333	0.68	0.5813333333333334	0.5946666666666667	0.5826666666666667	0.5946666666666667	0.5526666666666666	0.5053333333333333	0.4633333333333333	0.46066666666666667	0.47333333333333333	0.4713333333333333	0.43	0.4013333333333333	0.3953333333333333	0.3913333333333333	0.362	0.3313333333333333	0.32666666666666666	0.3313333333333333	0.2853333333333333	0.284	0.278	0.26866666666666666	0.26	0.21733333333333332	0.22266666666666668	0.196	0.19466666666666665	0.178	0.19333333333333333	0.13466666666666666	0.14733333333333334	0.14733333333333334	0.132	0.13866666666666666	0.11466666666666667	0.09666666666666666	0.11	0.09466666666666666	0.09733333333333333	0.09933333333333333	0.076	0.07266666666666667	0.05533333333333333	0.066	0.06333333333333334	0.056	0.044	0.06066666666666667	0.04666666666666667	0.048	0.04	0.024	0.03333333333333333	0.038	0.024	0.028	0.019333333333333334	0.02266666666666667	0.018666666666666668	0.018	0.014	0.013333333333333334	0.013333333333333334	0.013333333333333334	0.008	0.009333333333333334	0.006	0.008	0.007333333333333333	0.0033333333333333335	0.006	0.004666666666666667	
1.3693333333333333	1.3606666666666667	1.276	1.266	1.2026666666666668	1.1906666666666668	1.192	1.09	1.1073333333333333	1.0413333333333334	1.0666666666666667	1.004	0.9593333333333334	0.9486666666666667	0.954	0.852	0.9133333333333333	0.8413333333333334	0.828	0.824	0.808	0.7626666666666667	0.7153333333333334	0.7213333333333334	0.678	0.688	0.66	0.6086666666666667	0.6213333333333333	0.5773333333333334	0.574	0.5306666666666666	0.4886666666666667	0.488	0.492	0.4866666666666667	0.46066666666666667	0.43066666666666664	0.38666666666666666	0.398	0.358	0.35133333333333333	0.326	0.312	0.31066666666666665	0.318	0.30466666666666664	0.2833333333333333	0.23066666666666666	0.23066666666666666	0.23666666666666666	0.208	0.19333333333333333	0.19333333333333333	0.194	0.158	0.16733333333333333	0.15533333333333332	0.144	0.13	0.11933333333333333	0.12866666666666668	0.12	0.10533333333333333	0.092	0.07666666666666666	0.07266666666666667	0.08533333333333333	0.07933333333333334	0.05733333333333333	0.064	0.062	0.05533333333333333	0.048	0.04666666666666667	0.034	0.032	0.036	0.037333333333333336	0.032	0.03866666666666667	0.027333333333333334	0.02	0.020666666666666667	0.018666666666666668	0.02	0.020666666666666667	0.018	0.010666666666666666	0.007333333333333333	0.010666666666666666	0.011333333333333334	0.01	0.013333333333333334	0.012	0.008	0.005333333333333333	0.002	0.004666666666666667	
1.3533333333333333	1.3033333333333332	1.274	1.3213333333333332	1.1846666666666668	1.1773333333333333	1.142	1.1386666666666667	1.0953333333333333	1.0926666666666667	1.034	1.0206666666666666	1.0286666666666666	0.9686666666666667	0.942	0.874	0.896	0.8153333333333334	0.824	0.7826666666666666	0.7846666666666666	0.7466666666666667	0.7253333333333334	0.7153333333333334	0.708	0.6413333333333333	0.6346666666666667	0.586	0.5973333333333334	0.5893333333333334	0.5926666666666667	0.524	0.5566666666666666	0.5053333333333333	0.45466666666666666	0.48533333333333334	0.4513333333333333	0.432	0.40066666666666667	0.4066666666666667	0.38266666666666665	0.37	0.3526666666666667	0.3233333333333333	0.282	0.306	0.288	0.2853333333333333	0.25266666666666665	0.262	0.226	0.21333333333333335	0.21133333333333335	0.19066666666666668	0.176	0.154	0.15666666666666668	0.15133333333333332	0.13533333333333333	0.14533333333333334	0.112	0.13	0.11666666666666667	0.10066666666666667	0.10066666666666667	0.094	0.07066666666666667	0.07866666666666666	0.08866666666666667	0.068	0.06066666666666667	0.06133333333333333	0.05	0.05533333333333333	0.05333333333333334	0.04133333333333333	0.052	0.030666666666666665	0.042	0.034666666666666665	0.03	0.027333333333333334	0.027333333333333334	0.022	0.02266666666666667	0.020666666666666667	0.022	0.023333333333333334	0.018666666666666668	0.010666666666666666	0.011333333333333334	0.012	0.005333333333333333	0.007333333333333333	0.006666666666666667	0.008	0.004	0.008666666666666666	0.0026666666666666666	
1.374	1.3453333333333333	1.26	1.2886666666666666	1.204	1.1933333333333334	1.184	1.142	1.0826666666666667	1.1173333333333333	1.04	1.0126666666666666	0.9786666666666667	0.994	0.892	0.884	0.8866666666666667	0.86	0.8266666666666667	0.7946666666666666	0.7586666666666667	0.716	0.726	0.7266666666666667	0.7293333333333333	0.6666666666666666	0.658	0.6113333333333333	0.59	0.554	0.5606666666666666	0.536	0.5326666666666666	0.48333333333333334	0.47933333333333333	0.4706666666666667	0.4553333333333333	0.432	0.402	0.406	0.38	0.3526666666666667	0.3273333333333333	0.336	0.31866666666666665	0.2886666666666667	0.26666666666666666	0.254	0.26666666666666666	0.228	0.22933333333333333	0.22333333333333333	0.198	0.188	0.17933333333333334	0.17933333333333334	0.15466666666666667	0.15533333333333332	0.12866666666666668	0.128	0.12733333333333333	0.13	0.12	0.10533333333333333	0.10266666666666667	0.08333333333333333	0.082	0.08333333333333333	0.07666666666666666	0.06666666666666667	0.076	0.06533333333333333	0.054	0.059333333333333335	0.037333333333333336	0.046	0.03933333333333333	0.03866666666666667	0.03933333333333333	0.04666666666666667	0.032	0.035333333333333335	0.03	0.024666666666666667	0.02666666666666667	0.018666666666666668	0.020666666666666667	0.016	0.016	0.014	0.006666666666666667	0.01	0.006666666666666667	0.008	0.007333333333333333	0.005333333333333333	0.005333333333333333	0.0033333333333333335	0.005333333333333333	
1.348	1.316	1.264	1.2326666666666666	1.2566666666666666	1.1826666666666668	1.136	1.0826666666666667	1.118	1.0373333333333334	1.0046666666666666	1.0106666666666666	1.0053333333333334	0.9246666666666666	0.9173333333333333	0.884	0.838	0.8346666666666667	0.846	0.788	0.776	0.722	0.7253333333333334	0.678	0.6386666666666667	0.6733333333333333	0.6633333333333333	0.6433333333333333	0.624	0.5966666666666667	0.558	0.566	0.518	0.5086666666666667	0.48733333333333334	0.454	0.44	0.42533333333333334	0.4066666666666667	0.4013333333333333	0.386	0.3526666666666667	0.334	0.3446666666666667	0.31666666666666665	0.31466666666666665	0.30933333333333335	0.2853333333333333	0.2653333333333333	0.24066666666666667	0.19266666666666668	0.21733333333333332	0.19466666666666665	0.18533333333333332	0.17133333333333334	0.17466666666666666	0.15266666666666667	0.13933333333333334	0.13533333333333333	0.13333333333333333	0.12066666666666667	0.12666666666666668	0.108	0.11333333333333333	0.09933333333333333	0.08733333333333333	0.08666666666666667	0.09	0.08533333333333333	0.07066666666666667	0.07133333333333333	0.058666666666666666	0.04666666666666667	0.058	0.04733333333333333	0.043333333333333335	0.046	0.030666666666666665	0.024	0.03	0.026	0.024	0.027333333333333334	0.024666666666666667	0.018	0.021333333333333333	0.02266666666666667	0.02	0.011333333333333334	0.013333333333333334	0.013333333333333334	0.004	0.013333333333333334	0.010666666666666666	0.008	0.008666666666666666	0.0033333333333333335	0.005333333333333333	0.0033333333333333335	
1.3706666666666667	1.358	1.262	1.266	1.196	1.2166666666666666	1.11	1.134	1.0786666666666667	1.084	1.0013333333333334	1.0053333333333334	1.0	0.9766666666666667	0.9426666666666667	0.8773333333333333	0.9446666666666667	0.852	0.7993333333333333	0.7753333333333333	0.792	0.768	0.756	0.718	0.7366666666666667	0.6826666666666666	0.6373333333333333	0.6013333333333334	0.604	0.5806666666666667	0.5746666666666667	0.5506666666666666	0.49066666666666664	0.5013333333333333	0.47933333333333333	0.4886666666666667	0.43933333333333335	0.4613333333333333	0.4086666666666667	0.4106666666666667	0.368	0.394	0.324	0.356	0.30266666666666664	0.26866666666666666	0.2806666666666667	0.27	0.252	0.25	0.23533333333333334	0.234	0.19	0.19533333333333333	0.182	0.15466666666666667	0.14466666666666667	0.14533333333333334	0.14666666666666667	0.13666666666666666	0.12333333333333334	0.11466666666666667	0.11733333333333333	0.09866666666666667	0.09866666666666667	0.082	0.086	0.074	0.072	0.07866666666666666	0.07133333333333333	0.058	0.05533333333333333	0.048666666666666664	0.04666666666666667	0.04533333333333334	0.036	0.035333333333333335	0.034	0.026	0.028	0.021333333333333333	0.02266666666666667	0.020666666666666667	0.023333333333333334	0.018666666666666668	0.02	0.013333333333333334	0.018	0.01	0.017333333333333333	0.01	0.007333333333333333	0.008	0.009333333333333334	0.004	0.007333333333333333	0.005333333333333333	0.004	
1.3586666666666667	1.3033333333333332	1.2886666666666666	1.2413333333333334	1.218	1.1446666666666667	1.1686666666666667	1.0933333333333333	1.094	1.0533333333333332	1.0186666666666666	1.0033333333333334	0.9493333333333334	0.968	0.9406666666666667	0.8993333333333333	0.8753333333333333	0.8653333333333333	0.81	0.788	0.788	0.754	0.7373333333333333	0.6986666666666667	0.6793333333333333	0.662	0.6186666666666667	0.6233333333333333	0.576	0.5706666666666667	0.5526666666666666	0.554	0.548	0.528	0.4653333333333333	0.45466666666666666	0.45466666666666666	0.426	0.4066666666666667	0.37133333333333335	0.37666666666666665	0.3506666666666667	0.354	0.354	0.308	0.30666666666666664	0.31	0.2693333333333333	0.25266666666666665	0.24533333333333332	0.242	0.212	0.22133333333333333	0.184	0.17533333333333334	0.16133333333333333	0.14866666666666667	0.146	0.14466666666666667	0.13	0.12266666666666666	0.11666666666666667	0.108	0.10866666666666666	0.09066666666666667	0.09266666666666666	0.078	0.076	0.07533333333333334	0.06866666666666667	0.068	0.06933333333333333	0.042666666666666665	0.062	0.042666666666666665	0.046	0.04466666666666667	0.03866666666666667	0.035333333333333335	0.036	0.04066666666666666	0.026	0.03	0.020666666666666667	0.027333333333333334	0.017333333333333333	0.02266666666666667	0.018	0.01	0.012666666666666666	0.009333333333333334	0.013333333333333334	0.011333333333333334	0.0026666666666666666	0.007333333333333333	0.007333333333333333	0.0033333333333333335	0.005333333333333333	0.004666666666666667	
1.3426666666666667	1.3446666666666667	1.238	1.2613333333333334	1.1733333333333333	1.2126666666666666	1.1133333333333333	1.2	1.0873333333333333	1.0333333333333334	1.0726666666666667	1.018	1.02	0.9186666666666666	0.9086666666666666	0.878	0.8846666666666667	0.84	0.846	0.8046666666666666	0.8006666666666666	0.7273333333333334	0.7533333333333333	0.704	0.7033333333333334	0.6406666666666667	0.62	0.636	0.616	0.5326666666666666	0.5346666666666666	0.5213333333333333	0.5406666666666666	0.5073333333333333	0.48533333333333334	0.48133333333333334	0.446	0.414	0.35733333333333334	0.3973333333333333	0.37066666666666664	0.3473333333333333	0.33066666666666666	0.328	0.324	0.2786666666666667	0.2906666666666667	0.2733333333333333	0.264	0.23333333333333334	0.24066666666666667	0.22333333333333333	0.21733333333333332	0.19266666666666668	0.178	0.16733333333333333	0.16333333333333333	0.14666666666666667	0.13266666666666665	0.12266666666666666	0.116	0.116	0.10666666666666667	0.11	0.09266666666666666	0.09133333333333334	0.08066666666666666	0.07666666666666666	0.07466666666666667	0.07333333333333333	0.058666666666666666	0.06666666666666667	0.058666666666666666	0.042666666666666665	0.042666666666666665	0.04733333333333333	0.03933333333333333	0.03933333333333333	0.046	0.032	0.024666666666666667	0.029333333333333333	0.028	0.032	0.018	0.018	0.022	0.019333333333333334	0.012666666666666666	0.015333333333333332	0.014666666666666666	0.012	0.008666666666666666	0.006666666666666667	0.006666666666666667	0.004666666666666667	0.006666666666666667	0.0013333333333333333	0.004	
1.422	1.3186666666666667	1.282	1.3113333333333332	1.172	1.1513333333333333	1.2113333333333334	1.1613333333333333	1.076	1.112	1.02	0.966	0.9773333333333334	0.9206666666666666	0.9546666666666667	0.9086666666666666	0.892	0.8246666666666667	0.8246666666666667	0.7846666666666666	0.784	0.7573333333333333	0.75	0.672	0.71	0.6526666666666666	0.65	0.6213333333333333	0.616	0.554	0.544	0.5606666666666666	0.5633333333333334	0.518	0.49	0.4573333333333333	0.44333333333333336	0.44733333333333336	0.4266666666666667	0.4206666666666667	0.37266666666666665	0.3626666666666667	0.33866666666666667	0.3333333333333333	0.324	0.32066666666666666	0.2926666666666667	0.254	0.24866666666666667	0.27266666666666667	0.22666666666666666	0.21133333333333335	0.19666666666666666	0.194	0.166	0.15866666666666668	0.15666666666666668	0.13933333333333334	0.12133333333333333	0.12666666666666668	0.116	0.108	0.10133333333333333	0.08533333333333333	0.092	0.07933333333333334	0.07733333333333334	0.078	0.07066666666666667	0.08333333333333333	0.06133333333333333	0.056	0.056666666666666664	0.04666666666666667	0.04733333333333333	0.056	0.034	0.038	0.037333333333333336	0.03333333333333333	0.042	0.032	0.02266666666666667	0.022	0.016	0.02266666666666667	0.017333333333333333	0.010666666666666666	0.015333333333333332	0.012	0.010666666666666666	0.010666666666666666	0.007333333333333333	0.01	0.006666666666666667	0.005333333333333333	0.008	0.005333333333333333	0.0026666666666666666	
1.3666666666666667	1.322	1.2273333333333334	1.2613333333333334	1.2173333333333334	1.2193333333333334	1.1566666666666667	1.1073333333333333	1.0886666666666667	1.0246666666666666	1.072	0.9586666666666667	0.974	0.944	0.9633333333333334	0.902	0.8646666666666667	0.8466666666666667	0.814	0.7826666666666666	0.7746666666666666	0.7273333333333334	0.756	0.742	0.6706666666666666	0.6793333333333333	0.6153333333333333	0.62	0.5893333333333334	0.5913333333333334	0.558	0.5746666666666667	0.49	0.4806666666666667	0.48133333333333334	0.466	0.42133333333333334	0.4246666666666667	0.4146666666666667	0.41133333333333333	0.36933333333333335	0.37733333333333335	0.3293333333333333	0.328	0.29133333333333333	0.31	0.306	0.26866666666666666	0.23933333333333334	0.22866666666666666	0.21133333333333335	0.20866666666666667	0.20733333333333334	0.202	0.172	0.166	0.146	0.136	0.13933333333333334	0.13133333333333333	0.12066666666666667	0.108	0.12466666666666666	0.08466666666666667	0.104	0.07866666666666666	0.08466666666666667	0.07466666666666667	0.08933333333333333	0.07666666666666666	0.07466666666666667	0.06266666666666666	0.05466666666666667	0.056	0.037333333333333336	0.048666666666666664	0.04066666666666666	0.038	0.029333333333333333	0.028	0.02266666666666667	0.03	0.030666666666666665	0.024	0.018666666666666668	0.018666666666666668	0.017333333333333333	0.021333333333333333	0.009333333333333334	0.020666666666666667	0.012	0.01	0.010666666666666666	0.006666666666666667	0.01	0.006	0.006	0.007333333333333333	0.0026666666666666666	
1.332	1.3506666666666667	1.2986666666666666	1.2133333333333334	1.1886666666666668	1.152	1.1306666666666667	1.14	1.1513333333333333	1.044	1.0146666666666666	0.9893333333333333	0.992	0.946	0.9346666666666666	0.8513333333333334	0.8833333333333333	0.8726666666666667	0.8426666666666667	0.8266666666666667	0.774	0.722	0.7266666666666667	0.698	0.7273333333333334	0.66	0.6413333333333333	0.5993333333333334	0.6013333333333334	0.592	0.574	0.5526666666666666	0.49733333333333335	0.4686666666666667	0.47533333333333333	0.46066666666666667	0.444	0.4553333333333333	0.43466666666666665	0.4493333333333333	0.384	0.3373333333333333	0.33866666666666667	0.3273333333333333	0.30666666666666664	0.2986666666666667	0.32133333333333336	0.24466666666666667	0.24	0.23733333333333334	0.21666666666666667	0.214	0.17933333333333334	0.188	0.166	0.16666666666666666	0.15733333333333333	0.166	0.12866666666666668	0.12466666666666666	0.12933333333333333	0.11866666666666667	0.106	0.10066666666666667	0.09666666666666666	0.09733333333333333	0.088	0.09466666666666666	0.07266666666666667	0.07	0.06	0.04933333333333333	0.051333333333333335	0.05533333333333333	0.04933333333333333	0.03933333333333333	0.042666666666666665	0.04466666666666667	0.034666666666666665	0.032	0.034	0.030666666666666665	0.020666666666666667	0.027333333333333334	0.016666666666666666	0.021333333333333333	0.02266666666666667	0.015333333333333332	0.013333333333333334	0.013333333333333334	0.012666666666666666	0.009333333333333334	0.005333333333333333	0.012666666666666666	0.006	0.01	0.004666666666666667	0.004666666666666667	0.002	
1.3433333333333333	1.384	1.262	1.2553333333333334	1.208	1.18	1.178	1.1073333333333333	1.1446666666666667	1.0753333333333333	1.0453333333333332	1.0166666666666666	0.9673333333333334	0.9353333333333333	0.9266666666666666	0.9026666666666666	0.878	0.812	0.8173333333333334	0.7813333333333333	0.7533333333333333	0.7253333333333334	0.6986666666666667	0.694	0.6946666666666667	0.6393333333333333	0.7006666666666667	0.6346666666666667	0.5593333333333333	0.574	0.5486666666666666	0.5373333333333333	0.502	0.48533333333333334	0.498	0.452	0.43866666666666665	0.418	0.392	0.4226666666666667	0.358	0.36133333333333334	0.33666666666666667	0.3333333333333333	0.3233333333333333	0.292	0.2733333333333333	0.27666666666666667	0.25933333333333336	0.23066666666666666	0.21333333333333335	0.234	0.20333333333333334	0.21666666666666667	0.15466666666666667	0.17933333333333334	0.164	0.15333333333333332	0.11866666666666667	0.114	0.12666666666666668	0.12666666666666668	0.10533333333333333	0.10733333333333334	0.11	0.084	0.08666666666666667	0.08466666666666667	0.068	0.07333333333333333	0.05733333333333333	0.056	0.05333333333333334	0.052	0.042666666666666665	0.04533333333333334	0.04933333333333333	0.04466666666666667	0.021333333333333333	0.028666666666666667	0.028	0.034	0.024666666666666667	0.024666666666666667	0.011333333333333334	0.024	0.018666666666666668	0.016	0.013333333333333334	0.015333333333333332	0.014	0.011333333333333334	0.006666666666666667	0.008	0.007333333333333333	0.004666666666666667	0.005333333333333333	0.0013333333333333333	0.008666666666666666	
1.346	1.3786666666666667	1.2446666666666666	1.3033333333333332	1.2286666666666666	1.1926666666666668	1.146	1.0873333333333333	1.08	1.084	1.056	0.994	0.9813333333333333	0.9173333333333333	0.9193333333333333	0.952	0.8613333333333333	0.8046666666666666	0.808	0.76	0.8126666666666666	0.7366666666666667	0.7406666666666667	0.6873333333333334	0.6866666666666666	0.638	0.6346666666666667	0.646	0.6113333333333333	0.5893333333333334	0.5326666666666666	0.5633333333333334	0.5046666666666667	0.518	0.4746666666666667	0.438	0.43533333333333335	0.442	0.3933333333333333	0.41533333333333333	0.3506666666666667	0.364	0.3373333333333333	0.33	0.30533333333333335	0.29933333333333334	0.2886666666666667	0.27466666666666667	0.25333333333333335	0.25	0.224	0.21333333333333335	0.18933333333333333	0.178	0.18133333333333335	0.18866666666666668	0.16066666666666668	0.16466666666666666	0.158	0.12733333333333333	0.12933333333333333	0.12333333333333334	0.11733333333333333	0.094	0.088	0.08266666666666667	0.08	0.07	0.07933333333333334	0.054	0.07333333333333333	0.068	0.04666666666666667	0.05	0.04933333333333333	0.050666666666666665	0.04	0.03866666666666667	0.038	0.027333333333333334	0.027333333333333334	0.029333333333333333	0.026	0.02266666666666667	0.022	0.022	0.016666666666666666	0.019333333333333334	0.012	0.013333333333333334	0.012	0.008666666666666666	0.008	0.008666666666666666	0.01	0.004666666666666667	0.005333333333333333	0.004666666666666667	0.002	
1.3926666666666667	1.2726666666666666	1.2413333333333334	1.27	1.2266666666666666	1.2046666666666668	1.0986666666666667	1.1213333333333333	1.0593333333333332	1.0133333333333334	0.986	0.9966666666666667	0.978	0.9346666666666666	0.9073333333333333	0.9313333333333333	0.88	0.8506666666666667	0.8266666666666667	0.7913333333333333	0.8086666666666666	0.752	0.7626666666666667	0.6653333333333333	0.7046666666666667	0.65	0.6406666666666667	0.6286666666666667	0.5593333333333333	0.5726666666666667	0.572	0.532	0.48933333333333334	0.5086666666666667	0.48933333333333334	0.48733333333333334	0.408	0.43266666666666664	0.4106666666666667	0.374	0.376	0.3486666666666667	0.34933333333333333	0.32866666666666666	0.332	0.31	0.28733333333333333	0.27266666666666667	0.23133333333333334	0.24066666666666667	0.222	0.20066666666666666	0.20866666666666667	0.19066666666666668	0.17466666666666666	0.15733333333333333	0.148	0.15466666666666667	0.15666666666666668	0.122	0.11266666666666666	0.11866666666666667	0.12133333333333333	0.1	0.10533333333333333	0.10066666666666667	0.088	0.07466666666666667	0.06466666666666666	0.07666666666666666	0.06066666666666667	0.05733333333333333	0.04	0.037333333333333336	0.04133333333333333	0.04133333333333333	0.043333333333333335	0.038	0.028666666666666667	0.028	0.030666666666666665	0.024666666666666667	0.02666666666666667	0.017333333333333333	0.020666666666666667	0.016666666666666666	0.015333333333333332	0.016666666666666666	0.016666666666666666	0.016666666666666666	0.013333333333333334	0.01	0.01	0.013333333333333334	0.014666666666666666	0.005333333333333333	0.004666666666666667	0.005333333333333333	0.005333333333333333	
1.3946666666666667	1.3506666666666667	1.248	1.2526666666666666	1.2386666666666666	1.1653333333333333	1.1226666666666667	1.1026666666666667	1.096	1.012	1.008	1.028	0.964	0.894	0.8873333333333333	0.9006666666666666	0.8726666666666667	0.8073333333333333	0.8326666666666667	0.8113333333333334	0.7466666666666667	0.738	0.7733333333333333	0.6766666666666666	0.6726666666666666	0.64	0.586	0.622	0.618	0.5966666666666667	0.5506666666666666	0.5206666666666667	0.49333333333333335	0.4686666666666667	0.5066666666666667	0.454	0.46266666666666667	0.44133333333333336	0.4093333333333333	0.42533333333333334	0.3486666666666667	0.37933333333333336	0.3566666666666667	0.3406666666666667	0.30933333333333335	0.30533333333333335	0.2866666666666667	0.292	0.25	0.266	0.20466666666666666	0.23066666666666666	0.20066666666666666	0.17666666666666667	0.16733333333333333	0.176	0.15933333333333333	0.15733333333333333	0.144	0.12666666666666668	0.11	0.11333333333333333	0.12	0.10266666666666667	0.08733333333333333	0.08133333333333333	0.096	0.06866666666666667	0.08066666666666666	0.066	0.07866666666666666	0.038	0.056	0.06133333333333333	0.04466666666666667	0.046	0.03866666666666667	0.038	0.036	0.034	0.024666666666666667	0.027333333333333334	0.028666666666666667	0.021333333333333333	0.023333333333333334	0.017333333333333333	0.011333333333333334	0.016	0.012666666666666666	0.014	0.01	0.008666666666666666	0.007333333333333333	0.008666666666666666	0.008666666666666666	0.006	0.0033333333333333335	0.004666666666666667	0.005333333333333333	
1.3686666666666667	1.3273333333333333	1.2413333333333334	1.2033333333333334	1.152	1.18	1.1666666666666667	1.124	1.104	1.1226666666666667	1.0573333333333332	0.998	0.9506666666666667	0.904	0.9506666666666667	0.9173333333333333	0.9113333333333333	0.8386666666666667	0.8393333333333334	0.7773333333333333	0.7213333333333334	0.7733333333333333	0.7426666666666667	0.66	0.7006666666666667	0.7	0.6333333333333333	0.5826666666666667	0.574	0.5893333333333334	0.5446666666666666	0.5426666666666666	0.5013333333333333	0.5346666666666666	0.452	0.43933333333333335	0.434	0.448	0.40066666666666667	0.422	0.3606666666666667	0.36466666666666664	0.33466666666666667	0.3313333333333333	0.30466666666666664	0.31666666666666665	0.30333333333333334	0.25933333333333336	0.25866666666666666	0.23466666666666666	0.23066666666666666	0.20066666666666666	0.20666666666666667	0.18333333333333332	0.18666666666666668	0.16666666666666666	0.162	0.128	0.13733333333333334	0.13	0.11933333333333333	0.11933333333333333	0.13333333333333333	0.09933333333333333	0.10333333333333333	0.084	0.08466666666666667	0.06333333333333334	0.07666666666666666	0.062	0.058	0.06	0.058	0.05266666666666667	0.042666666666666665	0.044	0.04533333333333334	0.03333333333333333	0.03333333333333333	0.03333333333333333	0.02666666666666667	0.028	0.02266666666666667	0.028	0.026	0.019333333333333334	0.018	0.018666666666666668	0.013333333333333334	0.012	0.013333333333333334	0.012	0.01	0.007333333333333333	0.0033333333333333335	0.007333333333333333	0.004666666666666667	0.0026666666666666666	0.0026666666666666666	
1.3893333333333333	1.2753333333333334	1.2573333333333334	1.2746666666666666	1.1873333333333334	1.1973333333333334	1.1046666666666667	1.1273333333333333	1.042	1.0533333333333332	1.0566666666666666	0.974	1.0153333333333334	0.914	0.8746666666666667	0.928	0.8213333333333334	0.8233333333333334	0.838	0.7993333333333333	0.7693333333333333	0.7326666666666667	0.674	0.7166666666666667	0.6453333333333333	0.6873333333333334	0.6346666666666667	0.6126666666666667	0.602	0.5393333333333333	0.5553333333333333	0.556	0.5266666666666666	0.5073333333333333	0.5013333333333333	0.4713333333333333	0.45266666666666666	0.3993333333333333	0.3893333333333333	0.3953333333333333	0.37066666666666664	0.382	0.344	0.3253333333333333	0.29133333333333333	0.336	0.2733333333333333	0.2753333333333333	0.24666666666666667	0.25933333333333336	0.24266666666666667	0.214	0.208	0.212	0.16466666666666666	0.16533333333333333	0.152	0.14933333333333335	0.13666666666666666	0.126	0.13066666666666665	0.11533333333333333	0.118	0.112	0.092	0.08466666666666667	0.08466666666666667	0.07	0.08066666666666666	0.064	0.06266666666666666	0.056666666666666664	0.059333333333333335	0.04	0.05466666666666667	0.042666666666666665	0.04666666666666667	0.042666666666666665	0.034	0.022	0.034666666666666665	0.028666666666666667	0.022	0.021333333333333333	0.018	0.008666666666666666	0.022	0.016	0.013333333333333334	0.01	0.012	0.014	0.012666666666666666	0.009333333333333334	0.005333333333333333	0.008	0.012	0.008	0.0013333333333333333	
1.404	1.3713333333333333	1.2953333333333332	1.2293333333333334	1.1993333333333334	1.1833333333333333	1.1793333333333333	1.1366666666666667	1.1726666666666667	1.03	0.986	0.97	0.972	0.956	0.9026666666666666	0.8706666666666667	0.9106666666666666	0.7973333333333333	0.8246666666666667	0.752	0.8006666666666666	0.7553333333333333	0.726	0.7566666666666667	0.668	0.648	0.674	0.606	0.614	0.5933333333333334	0.5413333333333333	0.5606666666666666	0.5593333333333333	0.5006666666666667	0.4646666666666667	0.496	0.432	0.428	0.43533333333333335	0.4126666666666667	0.35533333333333333	0.37333333333333335	0.344	0.33666666666666667	0.302	0.33	0.2773333333333333	0.2693333333333333	0.2693333333333333	0.262	0.23533333333333334	0.20333333333333334	0.198	0.188	0.15666666666666668	0.17066666666666666	0.16	0.152	0.14333333333333334	0.13533333333333333	0.132	0.12466666666666666	0.11333333333333333	0.12266666666666666	0.09133333333333334	0.09066666666666667	0.08666666666666667	0.07266666666666667	0.06666666666666667	0.058	0.05533333333333333	0.06066666666666667	0.04466666666666667	0.04133333333333333	0.04	0.042666666666666665	0.04	0.042	0.035333333333333335	0.04066666666666666	0.020666666666666667	0.032	0.026	0.024	0.022	0.021333333333333333	0.019333333333333334	0.016666666666666666	0.007333333333333333	0.009333333333333334	0.014666666666666666	0.011333333333333334	0.005333333333333333	0.012	0.005333333333333333	0.0026666666666666666	0.006	0.0033333333333333335	0.0033333333333333335	
1.3293333333333333	1.3493333333333333	1.26	1.2133333333333334	1.2093333333333334	1.1773333333333333	1.15	1.1013333333333333	1.1	1.0326666666666666	1.02	1.0326666666666666	0.9853333333333333	0.9293333333333333	0.9213333333333333	0.8793333333333333	0.8606666666666667	0.8133333333333334	0.8393333333333334	0.788	0.7866666666666666	0.712	0.734	0.6886666666666666	0.6746666666666666	0.632	0.68	0.5786666666666667	0.584	0.5686666666666667	0.5606666666666666	0.556	0.5373333333333333	0.5046666666666667	0.5193333333333333	0.458	0.432	0.41533333333333333	0.43533333333333335	0.404	0.38533333333333336	0.332	0.3253333333333333	0.34933333333333333	0.3	0.308	0.274	0.2633333333333333	0.252	0.25933333333333336	0.23733333333333334	0.20733333333333334	0.17466666666666666	0.19533333333333333	0.18133333333333335	0.166	0.152	0.16333333333333333	0.14066666666666666	0.12333333333333334	0.132	0.12066666666666667	0.11	0.1	0.086	0.09066666666666667	0.09133333333333334	0.074	0.072	0.058666666666666666	0.06133333333333333	0.062	0.05	0.051333333333333335	0.04933333333333333	0.051333333333333335	0.04066666666666666	0.03933333333333333	0.03266666666666666	0.03133333333333333	0.03	0.027333333333333334	0.018	0.023333333333333334	0.025333333333333333	0.02	0.021333333333333333	0.018	0.012	0.012	0.013333333333333334	0.009333333333333334	0.004	0.010666666666666666	0.008	0.006666666666666667	0.006666666666666667	0.004666666666666667	0.005333333333333333	
1.3166666666666667	1.286	1.2546666666666666	1.2706666666666666	1.228	1.2493333333333334	1.1786666666666668	1.0673333333333332	1.0813333333333333	1.0506666666666666	1.022	1.0246666666666666	1.0066666666666666	0.988	0.9166666666666666	0.9066666666666666	0.872	0.8113333333333334	0.82	0.7493333333333333	0.7806666666666666	0.744	0.7226666666666667	0.7033333333333334	0.7326666666666667	0.6866666666666666	0.6406666666666667	0.6666666666666666	0.5826666666666667	0.58	0.5733333333333334	0.5566666666666666	0.5173333333333333	0.492	0.504	0.47333333333333333	0.43866666666666665	0.4166666666666667	0.41133333333333333	0.4266666666666667	0.392	0.36533333333333334	0.316	0.34933333333333333	0.294	0.29733333333333334	0.284	0.2713333333333333	0.24333333333333335	0.25466666666666665	0.22133333333333333	0.206	0.2	0.214	0.18	0.15666666666666668	0.16266666666666665	0.15066666666666667	0.15266666666666667	0.13533333333333333	0.11266666666666666	0.11133333333333334	0.12066666666666667	0.108	0.07133333333333333	0.08266666666666667	0.07533333333333334	0.07866666666666666	0.068	0.068	0.051333333333333335	0.05266666666666667	0.07066666666666667	0.05	0.051333333333333335	0.04666666666666667	0.042	0.04133333333333333	0.042666666666666665	0.024666666666666667	0.02666666666666667	0.024666666666666667	0.028666666666666667	0.02266666666666667	0.016666666666666666	0.019333333333333334	0.018666666666666668	0.021333333333333333	0.013333333333333334	0.015333333333333332	0.01	0.009333333333333334	0.011333333333333334	0.006	0.009333333333333334	0.009333333333333334	0.006	0.007333333333333333	0.004	
1.3133333333333332	1.332	1.27	1.2826666666666666	1.186	1.1793333333333333	1.1573333333333333	1.0973333333333333	1.0966666666666667	1.0446666666666666	1.106	0.982	1.008	0.95	0.9386666666666666	0.88	0.85	0.8846666666666667	0.8266666666666667	0.7653333333333333	0.7933333333333333	0.7133333333333334	0.7506666666666667	0.6946666666666667	0.6893333333333334	0.6626666666666666	0.6053333333333333	0.608	0.6106666666666667	0.5813333333333334	0.562	0.5353333333333333	0.5193333333333333	0.47733333333333333	0.4806666666666667	0.44666666666666666	0.462	0.44066666666666665	0.39	0.39666666666666667	0.3893333333333333	0.35133333333333333	0.3466666666666667	0.3373333333333333	0.31866666666666665	0.32133333333333336	0.31466666666666665	0.30133333333333334	0.278	0.24666666666666667	0.24066666666666667	0.206	0.17066666666666666	0.20333333333333334	0.16933333333333334	0.16133333333333333	0.16066666666666668	0.16133333333333333	0.13	0.11866666666666667	0.11266666666666666	0.11866666666666667	0.10533333333333333	0.10266666666666667	0.08066666666666666	0.09	0.07466666666666667	0.06733333333333333	0.07266666666666667	0.06733333333333333	0.056	0.052	0.046	0.056666666666666664	0.03866666666666667	0.04	0.044	0.052	0.04133333333333333	0.03266666666666666	0.032	0.030666666666666665	0.026	0.024	0.02	0.020666666666666667	0.023333333333333334	0.016	0.014	0.017333333333333333	0.011333333333333334	0.008666666666666666	0.007333333333333333	0.010666666666666666	0.005333333333333333	0.005333333333333333	0.004666666666666667	0.004666666666666667	0.002	
1.3573333333333333	1.3006666666666666	1.294	1.242	1.2453333333333334	1.1473333333333333	1.1266666666666667	1.1033333333333333	1.1186666666666667	0.988	0.984	0.956	0.9626666666666667	0.9146666666666666	0.9193333333333333	0.884	0.888	0.914	0.838	0.7893333333333333	0.762	0.708	0.7146666666666667	0.6913333333333334	0.6606666666666666	0.652	0.6233333333333333	0.644	0.6093333333333333	0.564	0.5106666666666667	0.5566666666666666	0.5013333333333333	0.47933333333333333	0.44733333333333336	0.4513333333333333	0.4513333333333333	0.46	0.39866666666666667	0.4026666666666667	0.37266666666666665	0.3586666666666667	0.346	0.3373333333333333	0.34	0.30466666666666664	0.2713333333333333	0.27	0.27	0.218	0.232	0.2	0.184	0.19266666666666668	0.17466666666666666	0.158	0.158	0.158	0.14333333333333334	0.132	0.13066666666666665	0.114	0.09866666666666667	0.09866666666666667	0.08933333333333333	0.088	0.08333333333333333	0.07	0.078	0.066	0.068	0.058666666666666666	0.068	0.06933333333333333	0.05266666666666667	0.044	0.03666666666666667	0.03	0.035333333333333335	0.034	0.024	0.028666666666666667	0.018	0.028	0.014	0.017333333333333333	0.020666666666666667	0.019333333333333334	0.016666666666666666	0.009333333333333334	0.013333333333333334	0.012	0.006666666666666667	0.01	0.005333333333333333	0.008	0.004	0.008666666666666666	0.006666666666666667	
1.3626666666666667	1.2753333333333334	1.2393333333333334	1.2613333333333334	1.1393333333333333	1.1626666666666667	1.1626666666666667	1.0906666666666667	1.08	1.0453333333333332	1.0386666666666666	1.01	0.9506666666666667	0.9046666666666666	0.944	0.88	0.8493333333333334	0.8206666666666667	0.8146666666666667	0.8066666666666666	0.802	0.7053333333333334	0.726	0.7093333333333334	0.6633333333333333	0.6533333333333333	0.608	0.5973333333333334	0.562	0.572	0.5853333333333334	0.5333333333333333	0.516	0.492	0.45466666666666666	0.43266666666666664	0.4146666666666667	0.41733333333333333	0.4046666666666667	0.38533333333333336	0.3486666666666667	0.37333333333333335	0.34	0.32	0.2986666666666667	0.31533333333333335	0.2886666666666667	0.25466666666666665	0.282	0.248	0.22733333333333333	0.23	0.19666666666666666	0.19066666666666668	0.196	0.16266666666666665	0.17666666666666667	0.15533333333333332	0.134	0.14333333333333334	0.12066666666666667	0.11933333333333333	0.11933333333333333	0.10466666666666667	0.11066666666666666	0.08866666666666667	0.07933333333333334	0.07866666666666666	0.074	0.06266666666666666	0.06733333333333333	0.059333333333333335	0.04	0.051333333333333335	0.044	0.04533333333333334	0.03933333333333333	0.038	0.032	0.03933333333333333	0.029333333333333333	0.027333333333333334	0.02	0.018666666666666668	0.020666666666666667	0.020666666666666667	0.014666666666666666	0.02	0.013333333333333334	0.012	0.009333333333333334	0.009333333333333334	0.013333333333333334	0.008666666666666666	0.0026666666666666666	0.005333333333333333	0.008	0.006666666666666667	0.004	
1.332	1.3333333333333333	1.3326666666666667	1.2826666666666666	1.2346666666666666	1.1766666666666667	1.1526666666666667	1.05	1.062	1.064	1.036	1.012	0.988	0.934	0.9386666666666666	0.9186666666666666	0.8733333333333333	0.8373333333333334	0.818	0.81	0.7933333333333333	0.7526666666666667	0.7086666666666667	0.692	0.6646666666666666	0.6793333333333333	0.6213333333333333	0.6033333333333334	0.5673333333333334	0.556	0.5233333333333333	0.538	0.5046666666666667	0.5033333333333333	0.46066666666666667	0.4533333333333333	0.4206666666666667	0.446	0.386	0.376	0.36866666666666664	0.37333333333333335	0.312	0.33866666666666667	0.292	0.30133333333333334	0.2833333333333333	0.294	0.25933333333333336	0.23333333333333334	0.22733333333333333	0.20333333333333334	0.21666666666666667	0.17466666666666666	0.16666666666666666	0.17266666666666666	0.156	0.16	0.14666666666666667	0.136	0.11866666666666667	0.11866666666666667	0.10733333333333334	0.092	0.08866666666666667	0.09866666666666667	0.078	0.08333333333333333	0.07466666666666667	0.056666666666666664	0.06933333333333333	0.050666666666666665	0.06066666666666667	0.04	0.05266666666666667	0.04533333333333334	0.04133333333333333	0.034666666666666665	0.032	0.034666666666666665	0.025333333333333333	0.028666666666666667	0.02666666666666667	0.018	0.016	0.02	0.014666666666666666	0.023333333333333334	0.016666666666666666	0.014666666666666666	0.010666666666666666	0.01	0.010666666666666666	0.011333333333333334	0.006666666666666667	0.006666666666666667	0.005333333333333333	0.0026666666666666666	0.005333333333333333	
1.372	1.366	1.2826666666666666	1.2446666666666666	1.186	1.1366666666666667	1.0846666666666667	1.1613333333333333	1.0526666666666666	1.0293333333333334	1.002	0.9846666666666667	0.9573333333333334	0.922	0.894	0.82	0.8333333333333334	0.8233333333333334	0.884	0.7806666666666666	0.752	0.7453333333333333	0.6913333333333334	0.704	0.7233333333333334	0.674	0.6566666666666666	0.6173333333333333	0.6146666666666667	0.56	0.5446666666666666	0.5693333333333334	0.5206666666666667	0.5053333333333333	0.45466666666666666	0.438	0.43933333333333335	0.4086666666666667	0.40066666666666667	0.4146666666666667	0.396	0.3486666666666667	0.3566666666666667	0.342	0.288	0.294	0.286	0.25333333333333335	0.25866666666666666	0.23066666666666666	0.236	0.21533333333333332	0.216	0.19266666666666668	0.18333333333333332	0.17266666666666666	0.17333333333333334	0.16066666666666668	0.14933333333333335	0.14133333333333334	0.116	0.11266666666666666	0.11466666666666667	0.08866666666666667	0.08266666666666667	0.08733333333333333	0.07733333333333334	0.064	0.08133333333333333	0.07133333333333333	0.066	0.052	0.059333333333333335	0.046	0.04466666666666667	0.034666666666666665	0.034666666666666665	0.034666666666666665	0.030666666666666665	0.029333333333333333	0.034	0.027333333333333334	0.024666666666666667	0.019333333333333334	0.018	0.024	0.018666666666666668	0.014	0.016666666666666666	0.021333333333333333	0.014666666666666666	0.012666666666666666	0.006666666666666667	0.006	0.006	0.008	0.007333333333333333	0.006666666666666667	0.0026666666666666666	
1.284	1.2993333333333332	1.2526666666666666	1.2466666666666666	1.1726666666666667	1.1926666666666668	1.14	1.0953333333333333	1.078	1.0413333333333334	0.9913333333333333	0.9853333333333333	0.9826666666666667	0.946	0.8853333333333333	0.862	0.8686666666666667	0.858	0.8486666666666667	0.8113333333333334	0.7453333333333333	0.724	0.6953333333333334	0.6826666666666666	0.702	0.6646666666666666	0.638	0.6126666666666667	0.5713333333333334	0.5893333333333334	0.5646666666666667	0.544	0.5586666666666666	0.482	0.478	0.454	0.4106666666666667	0.42933333333333334	0.4053333333333333	0.38266666666666665	0.372	0.3466666666666667	0.352	0.32266666666666666	0.30733333333333335	0.296	0.29	0.252	0.26666666666666666	0.24266666666666667	0.23133333333333334	0.222	0.18866666666666668	0.20266666666666666	0.172	0.17533333333333334	0.15733333333333333	0.144	0.12466666666666666	0.12933333333333333	0.126	0.11066666666666666	0.114	0.098	0.1	0.09266666666666666	0.078	0.07333333333333333	0.06266666666666666	0.07066666666666667	0.06466666666666666	0.05533333333333333	0.04466666666666667	0.04733333333333333	0.043333333333333335	0.03866666666666667	0.04666666666666667	0.04133333333333333	0.028666666666666667	0.03933333333333333	0.029333333333333333	0.024	0.028	0.025333333333333333	0.016666666666666666	0.024	0.02	0.011333333333333334	0.014	0.014	0.008666666666666666	0.005333333333333333	0.010666666666666666	0.006	0.0033333333333333335	0.01	0.004666666666666667	0.002	0.004666666666666667	
1.3306666666666667	1.34	1.2586666666666666	1.2266666666666666	1.1706666666666667	1.1986666666666668	1.182	1.102	1.062	1.0346666666666666	1.0066666666666666	0.994	0.956	0.9553333333333334	0.9473333333333334	0.8393333333333334	0.866	0.78	0.8206666666666667	0.778	0.806	0.7226666666666667	0.702	0.7446666666666667	0.6793333333333333	0.656	0.6613333333333333	0.576	0.5813333333333334	0.564	0.562	0.5006666666666667	0.49733333333333335	0.47333333333333333	0.492	0.46066666666666667	0.462	0.42933333333333334	0.4226666666666667	0.386	0.41733333333333333	0.35533333333333333	0.33466666666666667	0.338	0.29533333333333334	0.2966666666666667	0.2733333333333333	0.2786666666666667	0.24333333333333335	0.254	0.21733333333333332	0.22133333333333333	0.19866666666666666	0.18733333333333332	0.18266666666666667	0.16	0.13533333333333333	0.15133333333333332	0.154	0.11866666666666667	0.13066666666666665	0.12	0.09666666666666666	0.086	0.09533333333333334	0.07533333333333334	0.07	0.08266666666666667	0.07133333333333333	0.076	0.06733333333333333	0.058666666666666666	0.048666666666666664	0.05466666666666667	0.04066666666666666	0.043333333333333335	0.042666666666666665	0.037333333333333336	0.035333333333333335	0.03333333333333333	0.034666666666666665	0.028666666666666667	0.025333333333333333	0.019333333333333334	0.022	0.020666666666666667	0.016	0.015333333333333332	0.014	0.014	0.009333333333333334	0.012	0.006666666666666667	0.008	0.006666666666666667	0.008	0.004	0.0033333333333333335	0.006666666666666667	
1.3373333333333333	1.3213333333333332	1.332	1.2293333333333334	1.132	1.184	1.0926666666666667	1.086	1.0633333333333332	1.0346666666666666	1.046	0.9593333333333334	0.9786666666666667	0.984	0.8906666666666667	0.864	0.804	0.804	0.7966666666666666	0.798	0.778	0.732	0.7746666666666666	0.7306666666666667	0.6546666666666666	0.66	0.6073333333333333	0.6393333333333333	0.5653333333333334	0.5966666666666667	0.55	0.5366666666666666	0.5346666666666666	0.5186666666666667	0.492	0.45466666666666666	0.45066666666666666	0.41733333333333333	0.3973333333333333	0.39266666666666666	0.36133333333333334	0.376	0.3353333333333333	0.30866666666666664	0.282	0.2833333333333333	0.2853333333333333	0.27466666666666667	0.26	0.23066666666666666	0.21466666666666667	0.19933333333333333	0.20133333333333334	0.18066666666666667	0.18333333333333332	0.17466666666666666	0.138	0.15133333333333332	0.13066666666666665	0.14466666666666667	0.138	0.10133333333333333	0.10866666666666666	0.09466666666666666	0.08933333333333333	0.08533333333333333	0.098	0.088	0.07466666666666667	0.06866666666666667	0.06866666666666667	0.07533333333333334	0.058	0.04533333333333334	0.050666666666666665	0.04666666666666667	0.036	0.035333333333333335	0.034666666666666665	0.035333333333333335	0.032	0.02666666666666667	0.018666666666666668	0.022	0.021333333333333333	0.019333333333333334	0.012	0.017333333333333333	0.014666666666666666	0.015333333333333332	0.010666666666666666	0.008	0.010666666666666666	0.01	0.004	0.008666666666666666	0.009333333333333334	0.0033333333333333335	0.004	
1.4	1.32	1.2746666666666666	1.2013333333333334	1.18	1.1606666666666667	1.2106666666666666	1.048	1.0693333333333332	1.0366666666666666	1.0106666666666666	0.9733333333333334	0.9673333333333334	0.9613333333333334	0.892	0.8706666666666667	0.8973333333333333	0.8193333333333334	0.836	0.772	0.7746666666666666	0.744	0.676	0.652	0.65	0.6746666666666666	0.5933333333333334	0.6193333333333333	0.6026666666666667	0.5773333333333334	0.552	0.538	0.514	0.5246666666666666	0.4693333333333333	0.4513333333333333	0.43533333333333335	0.42933333333333334	0.37066666666666664	0.36666666666666664	0.36866666666666664	0.3526666666666667	0.35	0.33466666666666667	0.30733333333333335	0.29733333333333334	0.264	0.2813333333333333	0.23666666666666666	0.24333333333333335	0.20333333333333334	0.21533333333333332	0.20333333333333334	0.18066666666666667	0.168	0.138	0.15733333333333333	0.14866666666666667	0.12533333333333332	0.12933333333333333	0.12066666666666667	0.132	0.1	0.10066666666666667	0.09133333333333334	0.098	0.086	0.072	0.07733333333333334	0.06266666666666666	0.052	0.054	0.04533333333333334	0.04933333333333333	0.056	0.05333333333333334	0.04666666666666667	0.028	0.03	0.03333333333333333	0.032	0.021333333333333333	0.021333333333333333	0.024	0.02266666666666667	0.015333333333333332	0.018666666666666668	0.019333333333333334	0.02	0.012	0.009333333333333334	0.011333333333333334	0.011333333333333334	0.007333333333333333	0.008	0.008666666666666666	0.0033333333333333335	0.006	0.004666666666666667	
1.3613333333333333	1.2933333333333332	1.2833333333333334	1.1713333333333333	1.2466666666666666	1.174	1.146	1.152	1.0966666666666667	0.984	0.9906666666666667	1.0113333333333334	0.952	0.9273333333333333	0.9213333333333333	0.91	0.864	0.7713333333333333	0.832	0.7913333333333333	0.7913333333333333	0.732	0.726	0.712	0.6546666666666666	0.6713333333333333	0.586	0.61	0.6026666666666667	0.564	0.5206666666666667	0.5366666666666666	0.5073333333333333	0.506	0.462	0.44466666666666665	0.448	0.44733333333333336	0.4106666666666667	0.372	0.374	0.37733333333333335	0.366	0.33466666666666667	0.304	0.304	0.286	0.2733333333333333	0.25133333333333335	0.25333333333333335	0.21333333333333335	0.22133333333333333	0.22133333333333333	0.2	0.19666666666666666	0.16933333333333334	0.146	0.13733333333333334	0.13133333333333333	0.11466666666666667	0.12333333333333334	0.12266666666666666	0.11333333333333333	0.11133333333333334	0.09333333333333334	0.10933333333333334	0.08733333333333333	0.08266666666666667	0.07666666666666666	0.06866666666666667	0.05	0.068	0.05533333333333333	0.046	0.046	0.04933333333333333	0.048666666666666664	0.038	0.03133333333333333	0.035333333333333335	0.02666666666666667	0.025333333333333333	0.022	0.025333333333333333	0.018	0.016666666666666666	0.021333333333333333	0.013333333333333334	0.008666666666666666	0.014666666666666666	0.01	0.008	0.008	0.005333333333333333	0.004666666666666667	0.009333333333333334	0.004	0.006	0.004	
1.3193333333333332	1.3146666666666667	1.2286666666666666	1.2373333333333334	1.1733333333333333	1.1853333333333333	1.1393333333333333	1.1013333333333333	1.124	1.056	1.0553333333333332	1.0093333333333334	0.956	0.9553333333333334	0.8886666666666667	0.824	0.8486666666666667	0.824	0.8266666666666667	0.7993333333333333	0.7873333333333333	0.7586666666666667	0.724	0.6846666666666666	0.6926666666666667	0.6386666666666667	0.5913333333333334	0.626	0.6066666666666667	0.56	0.5486666666666666	0.556	0.5066666666666667	0.48333333333333334	0.4713333333333333	0.4613333333333333	0.43066666666666664	0.42	0.4	0.37533333333333335	0.3873333333333333	0.3233333333333333	0.3486666666666667	0.30666666666666664	0.31066666666666665	0.28	0.2673333333333333	0.2833333333333333	0.24133333333333334	0.23733333333333334	0.22933333333333333	0.2	0.19933333333333333	0.204	0.184	0.16866666666666666	0.16866666666666666	0.146	0.13066666666666665	0.13933333333333334	0.11266666666666666	0.12133333333333333	0.09	0.108	0.09866666666666667	0.07866666666666666	0.07066666666666667	0.07266666666666667	0.08266666666666667	0.056	0.06666666666666667	0.04733333333333333	0.048666666666666664	0.04466666666666667	0.05	0.032	0.04533333333333334	0.030666666666666665	0.04066666666666666	0.024666666666666667	0.028666666666666667	0.021333333333333333	0.021333333333333333	0.024666666666666667	0.026	0.016	0.016666666666666666	0.014	0.021333333333333333	0.016	0.007333333333333333	0.009333333333333334	0.008	0.007333333333333333	0.007333333333333333	0.004666666666666667	0.004	0.0026666666666666666	0.004666666666666667	
1.3053333333333332	1.2426666666666666	1.234	1.214	1.2673333333333334	1.136	1.13	1.126	1.102	0.996	1.0066666666666666	0.9326666666666666	0.9506666666666667	0.9246666666666666	0.9273333333333333	0.8406666666666667	0.8753333333333333	0.804	0.8093333333333333	0.7633333333333333	0.76	0.7106666666666667	0.7153333333333334	0.7353333333333333	0.662	0.6166666666666667	0.61	0.638	0.5866666666666667	0.59	0.5453333333333333	0.526	0.5186666666666667	0.47333333333333333	0.49333333333333335	0.4226666666666667	0.4746666666666667	0.44666666666666666	0.42533333333333334	0.4033333333333333	0.37266666666666665	0.3546666666666667	0.3453333333333333	0.35	0.2853333333333333	0.29533333333333334	0.2806666666666667	0.278	0.24666666666666667	0.238	0.24	0.204	0.212	0.168	0.19	0.174	0.15666666666666668	0.14533333333333334	0.13066666666666665	0.126	0.13666666666666666	0.11133333333333334	0.11666666666666667	0.1	0.10733333333333334	0.082	0.07733333333333334	0.07933333333333334	0.066	0.05733333333333333	0.066	0.051333333333333335	0.048666666666666664	0.051333333333333335	0.046	0.044	0.043333333333333335	0.04133333333333333	0.03933333333333333	0.043333333333333335	0.02266666666666667	0.016666666666666666	0.036	0.018666666666666668	0.014666666666666666	0.020666666666666667	0.014	0.008	0.016666666666666666	0.007333333333333333	0.012666666666666666	0.013333333333333334	0.008666666666666666	0.005333333333333333	0.004	0.010666666666666666	0.005333333333333333	0.006	0.006666666666666667	
1.3426666666666667	1.366	1.254	1.258	1.182	1.1346666666666667	1.1386666666666667	1.092	1.0973333333333333	1.0113333333333334	1.0126666666666666	0.926	0.93	0.9606666666666667	0.8826666666666667	0.862	0.8573333333333333	0.8346666666666667	0.8286666666666667	0.7873333333333333	0.7453333333333333	0.7533333333333333	0.7113333333333334	0.65	0.664	0.6173333333333333	0.624	0.624	0.586	0.548	0.5466666666666666	0.5273333333333333	0.5306666666666666	0.5066666666666667	0.496	0.4693333333333333	0.44666666666666666	0.452	0.37933333333333336	0.41	0.38666666666666666	0.38	0.38	0.3466666666666667	0.32066666666666666	0.298	0.2753333333333333	0.254	0.242	0.25733333333333336	0.242	0.21466666666666667	0.2	0.17933333333333334	0.18866666666666668	0.162	0.158	0.152	0.13733333333333334	0.13266666666666665	0.12	0.11	0.106	0.092	0.08466666666666667	0.08266666666666667	0.08466666666666667	0.076	0.066	0.06466666666666666	0.06466666666666666	0.056	0.058666666666666666	0.05333333333333334	0.051333333333333335	0.03933333333333333	0.04	0.03	0.030666666666666665	0.03133333333333333	0.028	0.026	0.024666666666666667	0.016666666666666666	0.02266666666666667	0.016666666666666666	0.014	0.015333333333333332	0.014666666666666666	0.011333333333333334	0.007333333333333333	0.010666666666666666	0.008666666666666666	0.01	0.008	0.0033333333333333335	0.004666666666666667	0.0026666666666666666	0.0033333333333333335	
1.3533333333333333	1.3306666666666667	1.1846666666666668	1.226	1.1893333333333334	1.1746666666666667	1.15	1.0946666666666667	1.074	1.0166666666666666	1.0473333333333332	0.9813333333333333	0.9646666666666667	0.9373333333333334	0.9446666666666667	0.8526666666666667	0.8493333333333334	0.8286666666666667	0.802	0.768	0.7826666666666666	0.7233333333333334	0.7093333333333334	0.7033333333333334	0.682	0.6566666666666666	0.6386666666666667	0.566	0.604	0.5506666666666666	0.5753333333333334	0.528	0.5193333333333333	0.5306666666666666	0.45266666666666666	0.4573333333333333	0.454	0.42	0.4106666666666667	0.39066666666666666	0.372	0.362	0.3446666666666667	0.336	0.322	0.294	0.286	0.2826666666666667	0.24133333333333334	0.24466666666666667	0.22466666666666665	0.20266666666666666	0.19733333333333333	0.19333333333333333	0.17133333333333334	0.176	0.16133333333333333	0.12866666666666668	0.13933333333333334	0.12866666666666668	0.11866666666666667	0.12266666666666666	0.11533333333333333	0.08666666666666667	0.106	0.08266666666666667	0.08133333333333333	0.08733333333333333	0.07133333333333333	0.066	0.05	0.054	0.058666666666666666	0.052	0.05333333333333334	0.030666666666666665	0.035333333333333335	0.036	0.034666666666666665	0.027333333333333334	0.034	0.02266666666666667	0.02666666666666667	0.015333333333333332	0.02	0.013333333333333334	0.014666666666666666	0.020666666666666667	0.013333333333333334	0.010666666666666666	0.008666666666666666	0.010666666666666666	0.005333333333333333	0.004666666666666667	0.008666666666666666	0.009333333333333334	0.0026666666666666666	0.0013333333333333333	0.004666666666666667	
1.278	1.2933333333333332	1.2726666666666666	1.2186666666666666	1.1926666666666668	1.1726666666666667	1.148	1.12	1.056	1.044	1.0666666666666667	0.9386666666666666	0.9966666666666667	0.9253333333333333	0.9033333333333333	0.8406666666666667	0.882	0.8386666666666667	0.81	0.7486666666666667	0.764	0.6866666666666666	0.702	0.73	0.7186666666666667	0.6653333333333333	0.6146666666666667	0.612	0.5653333333333334	0.5673333333333334	0.5586666666666666	0.5013333333333333	0.494	0.47933333333333333	0.44466666666666665	0.456	0.43866666666666665	0.428	0.374	0.3953333333333333	0.378	0.3486666666666667	0.334	0.322	0.31266666666666665	0.288	0.2633333333333333	0.24933333333333332	0.242	0.19866666666666666	0.20933333333333334	0.21733333333333332	0.20066666666666666	0.17333333333333334	0.17466666666666666	0.16066666666666668	0.15466666666666667	0.15066666666666667	0.138	0.12866666666666668	0.11733333333333333	0.10866666666666666	0.12466666666666666	0.10666666666666667	0.08533333333333333	0.086	0.08533333333333333	0.088	0.08533333333333333	0.059333333333333335	0.06933333333333333	0.05466666666666667	0.06333333333333334	0.04533333333333334	0.04133333333333333	0.044	0.048666666666666664	0.037333333333333336	0.027333333333333334	0.02666666666666667	0.025333333333333333	0.037333333333333336	0.020666666666666667	0.019333333333333334	0.024	0.02	0.016666666666666666	0.018666666666666668	0.02	0.015333333333333332	0.013333333333333334	0.008666666666666666	0.01	0.006	0.007333333333333333	0.008666666666666666	0.004	0.004666666666666667	0.005333333333333333	
1.3753333333333333	1.2793333333333334	1.2173333333333334	1.2653333333333334	1.1726666666666667	1.1633333333333333	1.1113333333333333	1.1553333333333333	1.054	0.9646666666666667	1.0166666666666666	0.9713333333333334	0.958	0.9433333333333334	0.8933333333333333	0.8666666666666667	0.822	0.792	0.8	0.7933333333333333	0.7666666666666667	0.7146666666666667	0.688	0.66	0.694	0.6433333333333333	0.6373333333333333	0.596	0.5933333333333334	0.5386666666666666	0.5213333333333333	0.5206666666666667	0.49133333333333334	0.5026666666666667	0.4726666666666667	0.46266666666666667	0.4086666666666667	0.412	0.388	0.376	0.324	0.356	0.3233333333333333	0.3546666666666667	0.322	0.29333333333333333	0.28933333333333333	0.264	0.24266666666666667	0.22866666666666666	0.22533333333333333	0.21666666666666667	0.18466666666666667	0.202	0.15266666666666667	0.16133333333333333	0.164	0.15	0.13533333333333333	0.138	0.124	0.12466666666666666	0.09666666666666666	0.08666666666666667	0.09066666666666667	0.09133333333333334	0.078	0.07733333333333334	0.06733333333333333	0.056	0.06466666666666666	0.05	0.05	0.05	0.042666666666666665	0.048666666666666664	0.032	0.037333333333333336	0.034666666666666665	0.027333333333333334	0.028666666666666667	0.020666666666666667	0.026	0.021333333333333333	0.022	0.022	0.011333333333333334	0.017333333333333333	0.016	0.012666666666666666	0.011333333333333334	0.017333333333333333	0.011333333333333334	0.008666666666666666	0.006	0.008	0.009333333333333334	0.005333333333333333	0.0033333333333333335	
1.3453333333333333	1.3593333333333333	1.292	1.2506666666666666	1.1786666666666668	1.1393333333333333	1.1233333333333333	1.178	1.0253333333333334	1.034	1.022	0.9953333333333333	0.996	0.8893333333333333	0.878	0.8866666666666667	0.8733333333333333	0.8033333333333333	0.7533333333333333	0.768	0.7993333333333333	0.7126666666666667	0.714	0.7126666666666667	0.6513333333333333	0.6366666666666667	0.6266666666666667	0.5866666666666667	0.5813333333333334	0.5626666666666666	0.5626666666666666	0.5386666666666666	0.5013333333333333	0.48933333333333334	0.47933333333333333	0.47333333333333333	0.45	0.43533333333333335	0.3913333333333333	0.4206666666666667	0.37333333333333335	0.372	0.3473333333333333	0.32	0.3233333333333333	0.2906666666666667	0.27	0.23866666666666667	0.236	0.234	0.22666666666666666	0.214	0.19133333333333333	0.20733333333333334	0.166	0.15333333333333332	0.14066666666666666	0.13533333333333333	0.14733333333333334	0.11733333333333333	0.132	0.11466666666666667	0.10666666666666667	0.106	0.09	0.088	0.08866666666666667	0.07933333333333334	0.068	0.074	0.05333333333333334	0.052	0.044	0.042	0.046	0.036	0.04066666666666666	0.036	0.038	0.03	0.028666666666666667	0.018666666666666668	0.020666666666666667	0.018	0.020666666666666667	0.015333333333333332	0.015333333333333332	0.018	0.01	0.012	0.005333333333333333	0.008666666666666666	0.008666666666666666	0.010666666666666666	0.006	0.007333333333333333	0.008	0.0026666666666666666	0.0033333333333333335	
1.39	1.33	1.288	1.2353333333333334	1.1193333333333333	1.1466666666666667	1.1573333333333333	1.088	1.0453333333333332	1.0573333333333332	1.0133333333333334	1.0053333333333334	0.9206666666666666	0.922	0.936	0.8833333333333333	0.8593333333333333	0.8286666666666667	0.7973333333333333	0.7893333333333333	0.76	0.7413333333333333	0.6833333333333333	0.6806666666666666	0.6786666666666666	0.6713333333333333	0.6333333333333333	0.626	0.5986666666666667	0.5586666666666666	0.554	0.5473333333333333	0.516	0.49933333333333335	0.5026666666666667	0.448	0.4166666666666667	0.44466666666666665	0.364	0.36866666666666664	0.37666666666666665	0.35933333333333334	0.30466666666666664	0.318	0.29333333333333333	0.30333333333333334	0.26866666666666666	0.26666666666666666	0.25133333333333335	0.26866666666666666	0.236	0.206	0.172	0.21533333333333332	0.18933333333333333	0.17666666666666667	0.13733333333333334	0.14066666666666666	0.14266666666666666	0.12533333333333332	0.132	0.106	0.11866666666666667	0.10133333333333333	0.09533333333333334	0.08733333333333333	0.104	0.07533333333333334	0.07266666666666667	0.074	0.06933333333333333	0.05333333333333334	0.050666666666666665	0.042666666666666665	0.056666666666666664	0.044	0.038	0.042666666666666665	0.035333333333333335	0.03266666666666666	0.02666666666666667	0.024666666666666667	0.023333333333333334	0.025333333333333333	0.018666666666666668	0.019333333333333334	0.019333333333333334	0.016666666666666666	0.008666666666666666	0.010666666666666666	0.009333333333333334	0.010666666666666666	0.013333333333333334	0.004666666666666667	0.008666666666666666	0.006666666666666667	0.005333333333333333	0.006666666666666667	0.004	
1.3173333333333332	1.312	1.2566666666666666	1.2053333333333334	1.16	1.1113333333333333	1.1586666666666667	1.0886666666666667	1.1006666666666667	1.0593333333333332	1.014	0.9953333333333333	0.9093333333333333	0.898	0.9053333333333333	0.884	0.8846666666666667	0.7946666666666666	0.8073333333333333	0.7406666666666667	0.8	0.7433333333333333	0.7093333333333334	0.6933333333333334	0.6573333333333333	0.6686666666666666	0.6126666666666667	0.5866666666666667	0.5573333333333333	0.5846666666666667	0.562	0.538	0.514	0.494	0.476	0.43666666666666665	0.42333333333333334	0.4073333333333333	0.4126666666666667	0.3893333333333333	0.36866666666666664	0.33266666666666667	0.33066666666666666	0.33066666666666666	0.32466666666666666	0.29533333333333334	0.256	0.274	0.2753333333333333	0.22133333333333333	0.22733333333333333	0.214	0.19066666666666668	0.18866666666666668	0.17266666666666666	0.14466666666666667	0.15133333333333332	0.14333333333333334	0.13	0.128	0.11466666666666667	0.116	0.10133333333333333	0.094	0.08933333333333333	0.06933333333333333	0.084	0.08533333333333333	0.07333333333333333	0.056666666666666664	0.06333333333333334	0.044	0.06666666666666667	0.048	0.05	0.036	0.034	0.034666666666666665	0.035333333333333335	0.03333333333333333	0.02266666666666667	0.025333333333333333	0.03133333333333333	0.024666666666666667	0.020666666666666667	0.018	0.024666666666666667	0.02	0.012	0.013333333333333334	0.009333333333333334	0.007333333333333333	0.01	0.01	0.004666666666666667	0.005333333333333333	0.007333333333333333	0.007333333333333333	0.006666666666666667	
1.2746666666666666	1.3093333333333332	1.284	1.1873333333333334	1.1806666666666668	1.1206666666666667	1.0833333333333333	1.1273333333333333	1.0213333333333334	1.0793333333333333	1.0073333333333334	0.9933333333333333	0.9473333333333334	0.9446666666666667	0.8866666666666667	0.896	0.8733333333333333	0.8606666666666667	0.778	0.756	0.7333333333333333	0.718	0.718	0.6573333333333333	0.6633333333333333	0.6493333333333333	0.5913333333333334	0.622	0.5833333333333334	0.5453333333333333	0.5326666666666666	0.5446666666666666	0.5213333333333333	0.4646666666666667	0.49333333333333335	0.45866666666666667	0.42133333333333334	0.41733333333333333	0.3973333333333333	0.396	0.372	0.37666666666666665	0.31733333333333336	0.31066666666666665	0.31	0.29933333333333334	0.26466666666666666	0.26866666666666666	0.23466666666666666	0.25133333333333335	0.206	0.226	0.21533333333333332	0.19666666666666666	0.16266666666666665	0.18733333333333332	0.146	0.14066666666666666	0.13733333333333334	0.14266666666666666	0.12066666666666667	0.11266666666666666	0.11066666666666666	0.09333333333333334	0.09333333333333334	0.08333333333333333	0.086	0.08666666666666667	0.066	0.07333333333333333	0.058666666666666666	0.05333333333333334	0.048	0.05466666666666667	0.044	0.03933333333333333	0.03933333333333333	0.035333333333333335	0.04066666666666666	0.02666666666666667	0.029333333333333333	0.025333333333333333	0.02666666666666667	0.023333333333333334	0.026	0.018666666666666668	0.017333333333333333	0.013333333333333334	0.007333333333333333	0.013333333333333334	0.008	0.02	0.004666666666666667	0.008666666666666666	0.006666666666666667	0.006666666666666667	0.007333333333333333	0.0033333333333333335	0.004	
1.36	1.302	1.21	1.2666666666666666	1.2086666666666666	1.1146666666666667	1.122	1.0566666666666666	1.0413333333333334	1.018	1.034	0.9766666666666667	0.926	0.9033333333333333	0.922	0.8573333333333333	0.8533333333333334	0.828	0.8153333333333334	0.74	0.7886666666666666	0.744	0.6913333333333334	0.6813333333333333	0.696	0.6486666666666666	0.6766666666666666	0.57	0.5893333333333334	0.564	0.5233333333333333	0.548	0.5386666666666666	0.476	0.4713333333333333	0.43933333333333335	0.44733333333333336	0.4126666666666667	0.358	0.398	0.36733333333333335	0.3413333333333333	0.37266666666666665	0.3293333333333333	0.33866666666666667	0.2773333333333333	0.284	0.24666666666666667	0.26066666666666666	0.23866666666666667	0.214	0.2	0.19666666666666666	0.19	0.172	0.15466666666666667	0.17133333333333334	0.13666666666666666	0.15066666666666667	0.12666666666666668	0.12666666666666668	0.11533333333333333	0.10333333333333333	0.09466666666666666	0.10333333333333333	0.08666666666666667	0.08133333333333333	0.06933333333333333	0.07866666666666666	0.06533333333333333	0.07	0.046	0.043333333333333335	0.04133333333333333	0.043333333333333335	0.04733333333333333	0.05333333333333334	0.03866666666666667	0.037333333333333336	0.03333333333333333	0.03	0.02266666666666667	0.019333333333333334	0.02266666666666667	0.019333333333333334	0.02	0.013333333333333334	0.016	0.014	0.006666666666666667	0.014	0.011333333333333334	0.010666666666666666	0.010666666666666666	0.006666666666666667	0.006	0.006	0.0033333333333333335	0.006666666666666667	
1.3613333333333333	1.308	1.2173333333333334	1.186	1.1846666666666668	1.134	1.1453333333333333	1.066	1.0806666666666667	1.0026666666666666	1.0346666666666666	0.9353333333333333	0.994	0.9113333333333333	0.9326666666666666	0.862	0.876	0.8533333333333334	0.7926666666666666	0.7453333333333333	0.7433333333333333	0.7353333333333333	0.7153333333333334	0.682	0.6586666666666666	0.6666666666666666	0.6313333333333333	0.6193333333333333	0.5873333333333334	0.5566666666666666	0.5573333333333333	0.524	0.49133333333333334	0.5246666666666666	0.48133333333333334	0.4593333333333333	0.426	0.42733333333333334	0.4053333333333333	0.35	0.3546666666666667	0.342	0.3373333333333333	0.30933333333333335	0.32866666666666666	0.298	0.2886666666666667	0.2613333333333333	0.23	0.24	0.24533333333333332	0.20933333333333334	0.21333333333333335	0.20933333333333334	0.16266666666666665	0.164	0.14466666666666667	0.15466666666666667	0.12733333333333333	0.13066666666666665	0.13133333333333333	0.10866666666666666	0.10266666666666667	0.09933333333333333	0.08466666666666667	0.09133333333333334	0.08666666666666667	0.058666666666666666	0.07533333333333334	0.06933333333333333	0.056666666666666664	0.06133333333333333	0.058666666666666666	0.05533333333333333	0.04466666666666667	0.034666666666666665	0.04133333333333333	0.03866666666666667	0.028	0.03666666666666667	0.022	0.023333333333333334	0.024666666666666667	0.023333333333333334	0.017333333333333333	0.022	0.016666666666666666	0.018666666666666668	0.012	0.016666666666666666	0.012	0.006666666666666667	0.007333333333333333	0.008	0.012666666666666666	0.009333333333333334	0.006666666666666667	0.0033333333333333335	0.0026666666666666666	
1.31	1.2873333333333334	1.256	1.2306666666666666	1.2033333333333334	1.1313333333333333	1.1313333333333333	1.182	1.0446666666666666	1.04	1.024	0.908	0.942	0.94	0.9466666666666667	0.8906666666666667	0.8813333333333333	0.7866666666666666	0.814	0.79	0.7273333333333334	0.6806666666666666	0.7313333333333333	0.6746666666666666	0.666	0.6233333333333333	0.616	0.5913333333333334	0.5986666666666667	0.5533333333333333	0.556	0.546	0.5273333333333333	0.4786666666666667	0.458	0.44533333333333336	0.4266666666666667	0.43466666666666665	0.38266666666666665	0.366	0.3953333333333333	0.318	0.346	0.298	0.31	0.26666666666666666	0.27466666666666667	0.26666666666666666	0.27466666666666667	0.23333333333333334	0.244	0.21933333333333332	0.20333333333333334	0.17333333333333334	0.192	0.17066666666666666	0.162	0.148	0.15066666666666667	0.11933333333333333	0.12	0.11466666666666667	0.11666666666666667	0.11133333333333334	0.1	0.076	0.082	0.076	0.066	0.06133333333333333	0.06133333333333333	0.056	0.05466666666666667	0.051333333333333335	0.04133333333333333	0.036	0.042666666666666665	0.034	0.030666666666666665	0.02666666666666667	0.023333333333333334	0.03133333333333333	0.024	0.024666666666666667	0.016	0.016	0.014	0.016	0.019333333333333334	0.016	0.012	0.010666666666666666	0.007333333333333333	0.009333333333333334	0.006666666666666667	0.006	0.006666666666666667	0.004	0.006666666666666667	
1.348	1.254	1.184	1.2486666666666666	1.2093333333333334	1.1393333333333333	1.122	1.07	1.0713333333333332	1.0666666666666667	1.0086666666666666	0.9153333333333333	0.9466666666666667	0.938	0.9366666666666666	0.86	0.8246666666666667	0.834	0.822	0.7806666666666666	0.7686666666666667	0.7286666666666667	0.7166666666666667	0.688	0.6586666666666666	0.6193333333333333	0.6333333333333333	0.5913333333333334	0.558	0.5633333333333334	0.54	0.562	0.5146666666666667	0.48333333333333334	0.47733333333333333	0.4706666666666667	0.43133333333333335	0.42733333333333334	0.392	0.386	0.37466666666666665	0.36666666666666664	0.3293333333333333	0.338	0.30266666666666664	0.3	0.278	0.23466666666666666	0.2946666666666667	0.24933333333333332	0.22866666666666666	0.19266666666666668	0.18266666666666667	0.194	0.186	0.15666666666666668	0.162	0.15466666666666667	0.13933333333333334	0.12666666666666668	0.13133333333333333	0.11933333333333333	0.09666666666666666	0.09866666666666667	0.08333333333333333	0.08533333333333333	0.08066666666666666	0.074	0.07666666666666666	0.054	0.058666666666666666	0.050666666666666665	0.05	0.048666666666666664	0.036	0.04733333333333333	0.038	0.03666666666666667	0.038	0.035333333333333335	0.027333333333333334	0.02666666666666667	0.02	0.026	0.022	0.014666666666666666	0.02	0.011333333333333334	0.018666666666666668	0.008666666666666666	0.008666666666666666	0.012	0.01	0.010666666666666666	0.007333333333333333	0.004	0.008	0.004666666666666667	0.006	
1.324	1.2366666666666666	1.234	1.2466666666666666	1.1826666666666668	1.0886666666666667	1.1586666666666667	1.0993333333333333	1.05	1.0	0.984	0.986	0.9646666666666667	0.9126666666666666	0.8713333333333333	0.8533333333333334	0.8673333333333333	0.798	0.8226666666666667	0.8106666666666666	0.738	0.716	0.7293333333333333	0.6533333333333333	0.658	0.672	0.654	0.6133333333333333	0.5633333333333334	0.6013333333333334	0.5466666666666666	0.53	0.49933333333333335	0.486	0.5046666666666667	0.456	0.43533333333333335	0.428	0.396	0.372	0.36333333333333334	0.358	0.32	0.3466666666666667	0.32866666666666666	0.2773333333333333	0.2713333333333333	0.26466666666666666	0.25533333333333336	0.228	0.206	0.2	0.222	0.188	0.17466666666666666	0.154	0.166	0.14466666666666667	0.148	0.124	0.10466666666666667	0.108	0.09466666666666666	0.106	0.08133333333333333	0.078	0.07	0.07733333333333334	0.066	0.05733333333333333	0.06666666666666667	0.056	0.05266666666666667	0.05466666666666667	0.03933333333333333	0.04733333333333333	0.03666666666666667	0.034666666666666665	0.03666666666666667	0.028666666666666667	0.028666666666666667	0.024	0.026	0.016666666666666666	0.016666666666666666	0.018	0.013333333333333334	0.014666666666666666	0.012666666666666666	0.012	0.006666666666666667	0.012666666666666666	0.006	0.012666666666666666	0.005333333333333333	0.004666666666666667	0.007333333333333333	0.007333333333333333	0.002	
1.3193333333333332	1.3186666666666667	1.2413333333333334	1.2113333333333334	1.1273333333333333	1.19	1.1866666666666668	1.068	1.0706666666666667	1.0093333333333334	1.0146666666666666	0.964	0.9333333333333333	0.8813333333333333	0.908	0.878	0.894	0.7806666666666666	0.8046666666666666	0.7766666666666666	0.766	0.7266666666666667	0.72	0.6826666666666666	0.6546666666666666	0.6286666666666667	0.646	0.6106666666666667	0.5786666666666667	0.568	0.568	0.572	0.532	0.49466666666666664	0.448	0.45866666666666667	0.43666666666666665	0.43466666666666665	0.398	0.41133333333333333	0.37333333333333335	0.3253333333333333	0.3586666666666667	0.3313333333333333	0.2906666666666667	0.294	0.3006666666666667	0.274	0.27466666666666667	0.244	0.23066666666666666	0.20933333333333334	0.196	0.18333333333333332	0.18333333333333332	0.17	0.166	0.146	0.13266666666666665	0.124	0.12	0.104	0.11866666666666667	0.10333333333333333	0.10266666666666667	0.08666666666666667	0.07533333333333334	0.07066666666666667	0.06733333333333333	0.072	0.066	0.06733333333333333	0.056666666666666664	0.05333333333333334	0.048	0.037333333333333336	0.037333333333333336	0.034	0.034	0.027333333333333334	0.03	0.03	0.028	0.023333333333333334	0.014	0.014	0.02	0.011333333333333334	0.016666666666666666	0.011333333333333334	0.009333333333333334	0.009333333333333334	0.008666666666666666	0.011333333333333334	0.009333333333333334	0.004666666666666667	0.004666666666666667	0.0033333333333333335	0.004	
1.298	1.3006666666666666	1.2713333333333334	1.148	1.2206666666666666	1.1206666666666667	1.076	1.092	1.0366666666666666	1.0153333333333334	0.9973333333333333	1.0166666666666666	0.9306666666666666	0.8833333333333333	0.8846666666666667	0.906	0.8193333333333334	0.806	0.8	0.7246666666666667	0.7826666666666666	0.7286666666666667	0.7226666666666667	0.6973333333333334	0.6846666666666666	0.596	0.6566666666666666	0.5893333333333334	0.6033333333333334	0.5726666666666667	0.5726666666666667	0.5413333333333333	0.498	0.47333333333333333	0.4713333333333333	0.44333333333333336	0.46	0.4266666666666667	0.4126666666666667	0.39	0.3333333333333333	0.348	0.338	0.32	0.306	0.288	0.2806666666666667	0.25733333333333336	0.22066666666666668	0.23933333333333334	0.226	0.21466666666666667	0.198	0.192	0.17866666666666667	0.168	0.14066666666666666	0.15533333333333332	0.14933333333333335	0.14066666666666666	0.114	0.10133333333333333	0.10466666666666667	0.09533333333333334	0.094	0.084	0.07866666666666666	0.08266666666666667	0.06133333333333333	0.08333333333333333	0.058666666666666666	0.06066666666666667	0.04066666666666666	0.04533333333333334	0.043333333333333335	0.04533333333333334	0.04466666666666667	0.032	0.032	0.03133333333333333	0.03133333333333333	0.02266666666666667	0.02	0.028666666666666667	0.017333333333333333	0.014666666666666666	0.012	0.016	0.016666666666666666	0.011333333333333334	0.011333333333333334	0.01	0.004	0.006666666666666667	0.006666666666666667	0.006	0.0026666666666666666	0.0026666666666666666	0.004666666666666667	
1.346	1.2786666666666666	1.226	1.2693333333333334	1.1533333333333333	1.082	1.1286666666666667	1.0866666666666667	1.0373333333333334	1.038	1.0233333333333334	0.946	0.9653333333333334	0.914	0.942	0.884	0.84	0.8206666666666667	0.782	0.786	0.776	0.728	0.688	0.652	0.6473333333333333	0.646	0.6693333333333333	0.5873333333333334	0.604	0.5993333333333334	0.5353333333333333	0.536	0.5286666666666666	0.508	0.43333333333333335	0.4786666666666667	0.4186666666666667	0.3893333333333333	0.406	0.372	0.3546666666666667	0.37066666666666664	0.348	0.3333333333333333	0.2946666666666667	0.314	0.2853333333333333	0.26066666666666666	0.24133333333333334	0.244	0.232	0.19066666666666668	0.194	0.17466666666666666	0.192	0.15333333333333332	0.152	0.13733333333333334	0.13933333333333334	0.13133333333333333	0.124	0.118	0.09066666666666667	0.096	0.09466666666666666	0.08666666666666667	0.086	0.088	0.06	0.07266666666666667	0.06733333333333333	0.044	0.05733333333333333	0.051333333333333335	0.04466666666666667	0.042666666666666665	0.030666666666666665	0.04	0.026	0.028666666666666667	0.025333333333333333	0.028	0.03	0.016666666666666666	0.020666666666666667	0.012666666666666666	0.023333333333333334	0.016	0.016666666666666666	0.009333333333333334	0.013333333333333334	0.010666666666666666	0.010666666666666666	0.01	0.009333333333333334	0.008666666666666666	0.006	0.0033333333333333335	0.005333333333333333	
1.3446666666666667	1.3006666666666666	1.226	1.198	1.1246666666666667	1.166	1.094	1.0446666666666666	1.036	0.9846666666666667	0.9366666666666666	1.0106666666666666	0.958	0.9106666666666666	0.878	0.8753333333333333	0.844	0.8213333333333334	0.7986666666666666	0.7626666666666667	0.7613333333333333	0.7186666666666667	0.73	0.7266666666666667	0.614	0.6466666666666666	0.6306666666666667	0.6253333333333333	0.6013333333333334	0.546	0.5706666666666667	0.5326666666666666	0.5153333333333333	0.5	0.4866666666666667	0.468	0.4146666666666667	0.4066666666666667	0.4086666666666667	0.4	0.35	0.37666666666666665	0.344	0.334	0.29	0.2906666666666667	0.2786666666666667	0.23933333333333334	0.254	0.25533333333333336	0.224	0.22533333333333333	0.19533333333333333	0.192	0.17933333333333334	0.16733333333333333	0.152	0.11866666666666667	0.12866666666666668	0.12733333333333333	0.144	0.116	0.10533333333333333	0.082	0.08733333333333333	0.084	0.08933333333333333	0.07666666666666666	0.08933333333333333	0.058666666666666666	0.06266666666666666	0.068	0.05533333333333333	0.05533333333333333	0.04466666666666667	0.043333333333333335	0.04	0.037333333333333336	0.032	0.03	0.03333333333333333	0.02666666666666667	0.020666666666666667	0.025333333333333333	0.019333333333333334	0.015333333333333332	0.013333333333333334	0.016666666666666666	0.007333333333333333	0.012	0.008666666666666666	0.010666666666666666	0.012666666666666666	0.008	0.005333333333333333	0.007333333333333333	0.0033333333333333335	0.0033333333333333335	0.005333333333333333	
1.284	1.2466666666666666	1.2706666666666666	1.194	1.2026666666666668	1.1273333333333333	1.1253333333333333	1.0706666666666667	1.0766666666666667	1.0066666666666666	0.9953333333333333	0.978	0.9466666666666667	0.918	0.9673333333333334	0.8426666666666667	0.9086666666666666	0.7626666666666667	0.8366666666666667	0.7253333333333334	0.7446666666666667	0.734	0.706	0.7006666666666667	0.6953333333333334	0.6353333333333333	0.6306666666666667	0.5913333333333334	0.6006666666666667	0.5686666666666667	0.578	0.5326666666666666	0.518	0.4746666666666667	0.4806666666666667	0.43733333333333335	0.434	0.43933333333333335	0.426	0.398	0.3433333333333333	0.37	0.33866666666666667	0.31333333333333335	0.3006666666666667	0.262	0.25933333333333336	0.248	0.23733333333333334	0.23066666666666666	0.23133333333333334	0.21066666666666667	0.19266666666666668	0.17666666666666667	0.168	0.17	0.15333333333333332	0.14866666666666667	0.13333333333333333	0.11866666666666667	0.104	0.104	0.08733333333333333	0.10066666666666667	0.104	0.086	0.07533333333333334	0.07733333333333334	0.084	0.05333333333333334	0.06066666666666667	0.062	0.059333333333333335	0.04733333333333333	0.04933333333333333	0.051333333333333335	0.04133333333333333	0.027333333333333334	0.037333333333333336	0.02666666666666667	0.030666666666666665	0.028666666666666667	0.02666666666666667	0.024	0.013333333333333334	0.013333333333333334	0.020666666666666667	0.017333333333333333	0.014666666666666666	0.008	0.015333333333333332	0.01	0.006666666666666667	0.013333333333333334	0.004666666666666667	0.006666666666666667	0.006	0.004666666666666667	0.004666666666666667	
1.2886666666666666	1.332	1.272	1.2193333333333334	1.178	1.1266666666666667	1.0946666666666667	1.1	1.0	1.0066666666666666	1.0173333333333334	0.9833333333333333	0.9386666666666666	0.9393333333333334	0.9526666666666667	0.8746666666666667	0.8913333333333333	0.8426666666666667	0.8	0.748	0.7726666666666666	0.7346666666666667	0.7373333333333333	0.6666666666666666	0.674	0.6493333333333333	0.62	0.594	0.5913333333333334	0.5546666666666666	0.5086666666666667	0.512	0.504	0.4553333333333333	0.4766666666666667	0.44733333333333336	0.44333333333333336	0.44466666666666665	0.386	0.39466666666666667	0.38	0.32466666666666666	0.326	0.30733333333333335	0.31066666666666665	0.2733333333333333	0.27066666666666667	0.25066666666666665	0.252	0.25866666666666666	0.21333333333333335	0.186	0.184	0.178	0.192	0.156	0.162	0.16533333333333333	0.12733333333333333	0.148	0.126	0.10266666666666667	0.106	0.09466666666666666	0.09333333333333334	0.09	0.08133333333333333	0.074	0.07066666666666667	0.07666666666666666	0.06	0.056666666666666664	0.062	0.06	0.044	0.03933333333333333	0.032	0.034666666666666665	0.037333333333333336	0.03666666666666667	0.028	0.02	0.027333333333333334	0.018666666666666668	0.018666666666666668	0.018	0.016	0.017333333333333333	0.016666666666666666	0.016	0.012666666666666666	0.011333333333333334	0.009333333333333334	0.011333333333333334	0.008	0.004666666666666667	0.006666666666666667	0.007333333333333333	0.0033333333333333335	
1.3013333333333332	1.3	1.2393333333333334	1.2066666666666668	1.1706666666666667	1.164	1.1193333333333333	1.1	1.062	1.0706666666666667	0.9713333333333334	0.9313333333333333	0.9573333333333334	0.9113333333333333	0.9086666666666666	0.8906666666666667	0.8253333333333334	0.796	0.7866666666666666	0.7746666666666666	0.7573333333333333	0.6773333333333333	0.6633333333333333	0.7026666666666667	0.646	0.62	0.6133333333333333	0.59	0.5926666666666667	0.5813333333333334	0.5586666666666666	0.506	0.476	0.476	0.472	0.4666666666666667	0.456	0.4166666666666667	0.39266666666666666	0.38533333333333336	0.3353333333333333	0.3406666666666667	0.3293333333333333	0.312	0.298	0.2773333333333333	0.2693333333333333	0.258	0.24866666666666667	0.23066666666666666	0.21666666666666667	0.20066666666666666	0.20266666666666666	0.19	0.17266666666666666	0.14866666666666667	0.144	0.15666666666666668	0.13733333333333334	0.126	0.12533333333333332	0.11666666666666667	0.11466666666666667	0.11	0.08733333333333333	0.07533333333333334	0.082	0.072	0.07533333333333334	0.06266666666666666	0.054	0.05466666666666667	0.056666666666666664	0.048	0.050666666666666665	0.04133333333333333	0.034666666666666665	0.048	0.034666666666666665	0.03333333333333333	0.028666666666666667	0.028	0.022	0.02266666666666667	0.020666666666666667	0.017333333333333333	0.014	0.014	0.012666666666666666	0.015333333333333332	0.008	0.012	0.01	0.01	0.007333333333333333	0.01	0.006	0.008666666666666666	0.004666666666666667	
1.2693333333333334	1.2493333333333334	1.1946666666666668	1.1673333333333333	1.154	1.1413333333333333	1.0913333333333333	1.0726666666666667	1.074	1.0126666666666666	0.9873333333333333	0.9826666666666667	0.9106666666666666	0.8713333333333333	0.89	0.8466666666666667	0.8626666666666667	0.768	0.8066666666666666	0.7546666666666667	0.7166666666666667	0.7046666666666667	0.6713333333333333	0.646	0.6466666666666666	0.6146666666666667	0.614	0.6026666666666667	0.5786666666666667	0.56	0.5493333333333333	0.512	0.5066666666666667	0.47333333333333333	0.43533333333333335	0.44	0.4186666666666667	0.42866666666666664	0.4033333333333333	0.38666666666666666	0.38666666666666666	0.37933333333333336	0.312	0.30933333333333335	0.306	0.3006666666666667	0.27666666666666667	0.274	0.25	0.23	0.20533333333333334	0.202	0.20466666666666666	0.19266666666666668	0.14333333333333334	0.134	0.158	0.138	0.13666666666666666	0.14	0.11666666666666667	0.10933333333333334	0.1	0.09933333333333333	0.09066666666666667	0.08866666666666667	0.08	0.072	0.07	0.059333333333333335	0.056666666666666664	0.058666666666666666	0.06	0.05	0.046	0.03666666666666667	0.04	0.03133333333333333	0.026	0.024666666666666667	0.028	0.028	0.017333333333333333	0.024666666666666667	0.021333333333333333	0.023333333333333334	0.019333333333333334	0.014	0.016666666666666666	0.012666666666666666	0.013333333333333334	0.009333333333333334	0.01	0.006666666666666667	0.005333333333333333	0.007333333333333333	0.004666666666666667	0.006666666666666667	0.002	
1.314	1.314	1.2066666666666668	1.1746666666666667	1.1973333333333334	1.1393333333333333	1.0793333333333333	1.076	1.0373333333333334	1.008	1.01	0.938	1.004	0.9446666666666667	0.882	0.9	0.842	0.8413333333333334	0.784	0.7613333333333333	0.8113333333333334	0.702	0.6953333333333334	0.6506666666666666	0.6386666666666667	0.6533333333333333	0.648	0.636	0.578	0.5673333333333334	0.552	0.5346666666666666	0.504	0.4806666666666667	0.44533333333333336	0.464	0.4593333333333333	0.38133333333333336	0.396	0.40066666666666667	0.364	0.38333333333333336	0.312	0.3413333333333333	0.316	0.32466666666666666	0.2786666666666667	0.2813333333333333	0.24133333333333334	0.254	0.20466666666666666	0.22733333333333333	0.19533333333333333	0.204	0.184	0.17266666666666666	0.156	0.17	0.13066666666666665	0.128	0.11066666666666666	0.10133333333333333	0.10466666666666667	0.09333333333333334	0.10933333333333334	0.092	0.088	0.06866666666666667	0.07133333333333333	0.05733333333333333	0.05533333333333333	0.06133333333333333	0.05533333333333333	0.04666666666666667	0.04133333333333333	0.052	0.035333333333333335	0.037333333333333336	0.036	0.034666666666666665	0.023333333333333334	0.027333333333333334	0.024	0.024	0.016	0.017333333333333333	0.016666666666666666	0.016	0.014	0.014666666666666666	0.009333333333333334	0.01	0.01	0.007333333333333333	0.01	0.005333333333333333	0.004666666666666667	0.006666666666666667	0.004	
1.2866666666666666	1.2566666666666666	1.2706666666666666	1.2913333333333334	1.1433333333333333	1.1126666666666667	1.1326666666666667	1.08	1.0633333333333332	1.0046666666666666	0.9906666666666667	0.948	0.9773333333333334	0.876	0.894	0.886	0.8386666666666667	0.808	0.7926666666666666	0.7406666666666667	0.7233333333333334	0.7393333333333333	0.7286666666666667	0.6346666666666667	0.6513333333333333	0.6093333333333333	0.5946666666666667	0.5846666666666667	0.612	0.5866666666666667	0.572	0.536	0.4866666666666667	0.4613333333333333	0.452	0.45	0.464	0.4186666666666667	0.366	0.382	0.3506666666666667	0.36933333333333335	0.3426666666666667	0.32666666666666666	0.302	0.284	0.2946666666666667	0.266	0.25466666666666665	0.23666666666666666	0.22333333333333333	0.21533333333333332	0.192	0.178	0.182	0.164	0.158	0.136	0.12866666666666668	0.13666666666666666	0.11266666666666666	0.12333333333333334	0.10266666666666667	0.09933333333333333	0.082	0.07866666666666666	0.07666666666666666	0.07933333333333334	0.06666666666666667	0.062	0.06066666666666667	0.06133333333333333	0.05333333333333334	0.044	0.037333333333333336	0.034	0.043333333333333335	0.038	0.032	0.038	0.026	0.026	0.023333333333333334	0.020666666666666667	0.022	0.02	0.022	0.020666666666666667	0.012	0.019333333333333334	0.02	0.010666666666666666	0.009333333333333334	0.009333333333333334	0.009333333333333334	0.006	0.006666666666666667	0.008666666666666666	0.0033333333333333335	
1.322	1.28	1.1733333333333333	1.1566666666666667	1.138	1.11	1.112	1.0826666666666667	1.084	1.0306666666666666	0.986	0.9466666666666667	0.9473333333333334	0.902	0.9246666666666666	0.8293333333333334	0.868	0.8353333333333334	0.764	0.7946666666666666	0.7406666666666667	0.734	0.7286666666666667	0.68	0.656	0.5946666666666667	0.6333333333333333	0.5546666666666666	0.5586666666666666	0.546	0.5153333333333333	0.5133333333333333	0.53	0.468	0.4633333333333333	0.4706666666666667	0.4093333333333333	0.4093333333333333	0.41	0.38333333333333336	0.35133333333333333	0.3426666666666667	0.332	0.3333333333333333	0.30733333333333335	0.30733333333333335	0.2806666666666667	0.246	0.22466666666666665	0.24333333333333335	0.22733333333333333	0.188	0.20666666666666667	0.188	0.188	0.164	0.15533333333333332	0.14466666666666667	0.136	0.13266666666666665	0.11266666666666666	0.10533333333333333	0.11266666666666666	0.10533333333333333	0.09066666666666667	0.082	0.08	0.066	0.06933333333333333	0.07066666666666667	0.04533333333333334	0.06133333333333333	0.06066666666666667	0.050666666666666665	0.04733333333333333	0.044	0.04133333333333333	0.03666666666666667	0.03933333333333333	0.024666666666666667	0.020666666666666667	0.035333333333333335	0.02666666666666667	0.019333333333333334	0.021333333333333333	0.02	0.013333333333333334	0.021333333333333333	0.014666666666666666	0.016	0.008666666666666666	0.006	0.008	0.010666666666666666	0.01	0.0006666666666666666	0.004666666666666667	0.005333333333333333	0.0033333333333333335	
1.2913333333333334	1.2946666666666666	1.2413333333333334	1.2626666666666666	1.1286666666666667	1.1233333333333333	1.096	1.042	1.032	0.99	0.9886666666666667	0.93	0.9706666666666667	0.8893333333333333	0.8953333333333333	0.8313333333333334	0.8726666666666667	0.856	0.7946666666666666	0.774	0.7633333333333333	0.7506666666666667	0.7133333333333334	0.6646666666666666	0.6806666666666666	0.6426666666666667	0.6286666666666667	0.614	0.62	0.5633333333333334	0.5113333333333333	0.5446666666666666	0.482	0.4673333333333333	0.45666666666666667	0.432	0.41533333333333333	0.3873333333333333	0.398	0.40066666666666667	0.3393333333333333	0.342	0.3273333333333333	0.306	0.286	0.2733333333333333	0.256	0.25	0.234	0.24066666666666667	0.202	0.22733333333333333	0.208	0.182	0.15866666666666668	0.15466666666666667	0.16	0.154	0.142	0.14133333333333334	0.11666666666666667	0.11466666666666667	0.11933333333333333	0.088	0.08	0.076	0.07666666666666666	0.068	0.07066666666666667	0.064	0.058	0.05466666666666667	0.044	0.05266666666666667	0.042	0.03933333333333333	0.034666666666666665	0.034666666666666665	0.02666666666666667	0.03666666666666667	0.03133333333333333	0.03266666666666666	0.02666666666666667	0.017333333333333333	0.017333333333333333	0.02	0.015333333333333332	0.014	0.010666666666666666	0.01	0.015333333333333332	0.010666666666666666	0.008	0.004666666666666667	0.009333333333333334	0.008666666666666666	0.004666666666666667	0.004666666666666667	0.0026666666666666666	
1.312	1.3186666666666667	1.2166666666666666	1.186	1.13	1.0953333333333333	1.1133333333333333	1.0573333333333332	1.0633333333333332	1.046	0.9513333333333334	0.958	0.9306666666666666	0.936	0.9313333333333333	0.8566666666666667	0.876	0.816	0.7833333333333333	0.786	0.7246666666666667	0.74	0.7053333333333334	0.6993333333333334	0.6673333333333333	0.6726666666666666	0.6593333333333333	0.612	0.5913333333333334	0.54	0.52	0.5293333333333333	0.5206666666666667	0.478	0.466	0.45266666666666666	0.436	0.428	0.4	0.38666666666666666	0.36533333333333334	0.3353333333333333	0.3373333333333333	0.3413333333333333	0.2773333333333333	0.28933333333333333	0.27266666666666667	0.266	0.236	0.22866666666666666	0.23	0.21733333333333332	0.182	0.194	0.16933333333333334	0.15733333333333333	0.154	0.13866666666666666	0.14066666666666666	0.11266666666666666	0.12266666666666666	0.132	0.11666666666666667	0.10466666666666667	0.08733333333333333	0.086	0.07933333333333334	0.076	0.07466666666666667	0.06733333333333333	0.072	0.07	0.059333333333333335	0.042	0.037333333333333336	0.042666666666666665	0.04466666666666667	0.04066666666666666	0.029333333333333333	0.02666666666666667	0.027333333333333334	0.02666666666666667	0.024	0.025333333333333333	0.02266666666666667	0.02666666666666667	0.020666666666666667	0.017333333333333333	0.011333333333333334	0.013333333333333334	0.010666666666666666	0.015333333333333332	0.009333333333333334	0.01	0.009333333333333334	0.008666666666666666	0.008666666666666666	0.0013333333333333333	0.004	
1.332	1.2406666666666666	1.246	1.1713333333333333	1.1693333333333333	1.1706666666666667	1.068	1.114	1.0413333333333334	0.9673333333333334	1.0126666666666666	0.9253333333333333	0.954	0.9053333333333333	0.8966666666666666	0.8473333333333334	0.8133333333333334	0.8126666666666666	0.8053333333333333	0.774	0.7606666666666667	0.724	0.692	0.6826666666666666	0.6213333333333333	0.638	0.618	0.6046666666666667	0.5626666666666666	0.552	0.532	0.5233333333333333	0.488	0.48333333333333334	0.4593333333333333	0.486	0.4206666666666667	0.4266666666666667	0.4026666666666667	0.396	0.3913333333333333	0.38333333333333336	0.3353333333333333	0.31733333333333336	0.29133333333333333	0.284	0.25266666666666665	0.2673333333333333	0.24933333333333332	0.25066666666666665	0.234	0.22666666666666666	0.19066666666666668	0.176	0.17333333333333334	0.158	0.14333333333333334	0.14066666666666666	0.124	0.13666666666666666	0.126	0.10266666666666667	0.09733333333333333	0.10533333333333333	0.07933333333333334	0.078	0.07933333333333334	0.06733333333333333	0.06933333333333333	0.062	0.056	0.062	0.048	0.04	0.052	0.035333333333333335	0.04533333333333334	0.04	0.03933333333333333	0.034	0.027333333333333334	0.03666666666666667	0.019333333333333334	0.022	0.015333333333333332	0.019333333333333334	0.020666666666666667	0.018	0.014666666666666666	0.008666666666666666	0.011333333333333334	0.008666666666666666	0.007333333333333333	0.012	0.006666666666666667	0.004666666666666667	0.004666666666666667	0.01	0.004	
1.322	1.2893333333333334	1.2033333333333334	1.186	1.156	1.1533333333333333	1.108	1.0813333333333333	1.0153333333333334	1.0173333333333334	1.034	0.9793333333333333	0.948	0.8906666666666667	0.922	0.8586666666666667	0.8453333333333334	0.7873333333333333	0.786	0.7313333333333333	0.7646666666666667	0.718	0.6786666666666666	0.6666666666666666	0.6433333333333333	0.6233333333333333	0.6446666666666667	0.5906666666666667	0.5586666666666666	0.556	0.528	0.5113333333333333	0.5026666666666667	0.5073333333333333	0.464	0.436	0.442	0.4013333333333333	0.38333333333333336	0.3993333333333333	0.37933333333333336	0.37933333333333336	0.336	0.31	0.30866666666666664	0.3006666666666667	0.27	0.24933333333333332	0.254	0.24	0.212	0.216	0.19666666666666666	0.19066666666666668	0.18466666666666667	0.17	0.14066666666666666	0.13866666666666666	0.112	0.14133333333333334	0.14066666666666666	0.11466666666666667	0.10466666666666667	0.11133333333333334	0.094	0.09866666666666667	0.07133333333333333	0.06	0.08266666666666667	0.06733333333333333	0.06466666666666666	0.05266666666666667	0.056	0.058666666666666666	0.042666666666666665	0.03933333333333333	0.043333333333333335	0.03933333333333333	0.034666666666666665	0.03333333333333333	0.027333333333333334	0.027333333333333334	0.023333333333333334	0.022	0.018666666666666668	0.02	0.014666666666666666	0.018666666666666668	0.018666666666666668	0.017333333333333333	0.014	0.012	0.006666666666666667	0.012666666666666666	0.007333333333333333	0.006	0.006	0.005333333333333333	0.0033333333333333335	
1.364	1.2526666666666666	1.2053333333333334	1.202	1.158	1.1373333333333333	1.1073333333333333	1.102	1.0366666666666666	1.0306666666666666	1.0226666666666666	0.9113333333333333	0.946	0.892	0.9293333333333333	0.854	0.838	0.778	0.79	0.7533333333333333	0.7626666666666667	0.6806666666666666	0.704	0.7033333333333334	0.658	0.6273333333333333	0.6	0.6126666666666667	0.5586666666666666	0.562	0.5233333333333333	0.5146666666666667	0.504	0.4686666666666667	0.452	0.43533333333333335	0.44533333333333336	0.43933333333333335	0.394	0.37266666666666665	0.35	0.3586666666666667	0.32	0.32133333333333336	0.2693333333333333	0.268	0.27666666666666667	0.278	0.23066666666666666	0.224	0.22133333333333333	0.19333333333333333	0.21333333333333335	0.18933333333333333	0.16666666666666666	0.156	0.13933333333333334	0.13933333333333334	0.15466666666666667	0.108	0.11466666666666667	0.11533333333333333	0.09733333333333333	0.08733333333333333	0.08666666666666667	0.07133333333333333	0.08866666666666667	0.072	0.08066666666666666	0.051333333333333335	0.06	0.06066666666666667	0.05333333333333334	0.062	0.046	0.04933333333333333	0.032	0.04066666666666666	0.037333333333333336	0.034	0.029333333333333333	0.03	0.028	0.021333333333333333	0.018666666666666668	0.014666666666666666	0.015333333333333332	0.018	0.017333333333333333	0.012	0.012666666666666666	0.008	0.006	0.005333333333333333	0.007333333333333333	0.004666666666666667	0.005333333333333333	0.004	0.007333333333333333	
1.288	1.256	1.226	1.2113333333333334	1.1766666666666667	1.1406666666666667	1.154	1.0793333333333333	1.0533333333333332	1.0266666666666666	0.9853333333333333	1.0126666666666666	0.956	0.9226666666666666	0.864	0.8593333333333333	0.8073333333333333	0.788	0.772	0.7313333333333333	0.738	0.6906666666666667	0.684	0.674	0.662	0.618	0.5746666666666667	0.5566666666666666	0.572	0.5466666666666666	0.5386666666666666	0.5453333333333333	0.49466666666666664	0.49666666666666665	0.44533333333333336	0.454	0.4013333333333333	0.4053333333333333	0.38466666666666666	0.38133333333333336	0.35333333333333333	0.3393333333333333	0.3233333333333333	0.33	0.29933333333333334	0.28733333333333333	0.26466666666666666	0.2786666666666667	0.23	0.22666666666666666	0.22333333333333333	0.19266666666666668	0.18733333333333332	0.202	0.17666666666666667	0.14733333333333334	0.152	0.13	0.14266666666666666	0.132	0.116	0.10933333333333334	0.10466666666666667	0.09066666666666667	0.098	0.07266666666666667	0.07866666666666666	0.07133333333333333	0.07333333333333333	0.06066666666666667	0.06466666666666666	0.048666666666666664	0.05333333333333334	0.052	0.04666666666666667	0.03133333333333333	0.04533333333333334	0.035333333333333335	0.03866666666666667	0.028	0.027333333333333334	0.03133333333333333	0.022	0.02666666666666667	0.018666666666666668	0.017333333333333333	0.016	0.013333333333333334	0.016	0.013333333333333334	0.017333333333333333	0.009333333333333334	0.012	0.010666666666666666	0.004666666666666667	0.009333333333333334	0.002	0.0013333333333333333	0.0026666666666666666	
1.3433333333333333	1.2713333333333334	1.2293333333333334	1.1673333333333333	1.2246666666666666	1.1713333333333333	1.062	1.0313333333333334	1.0593333333333332	1.0153333333333334	0.974	0.954	0.9326666666666666	0.8693333333333333	0.896	0.8906666666666667	0.8673333333333333	0.8406666666666667	0.792	0.742	0.7766666666666666	0.708	0.7193333333333334	0.6833333333333333	0.6653333333333333	0.6413333333333333	0.6133333333333333	0.56	0.5873333333333334	0.5526666666666666	0.514	0.4713333333333333	0.48	0.47733333333333333	0.436	0.434	0.42533333333333334	0.4126666666666667	0.39266666666666666	0.40066666666666667	0.3406666666666667	0.3393333333333333	0.3546666666666667	0.3253333333333333	0.31466666666666665	0.314	0.274	0.238	0.22933333333333333	0.25866666666666666	0.22	0.20066666666666666	0.19733333333333333	0.17133333333333334	0.16066666666666668	0.16533333333333333	0.154	0.13933333333333334	0.14666666666666667	0.12	0.12	0.12	0.11133333333333334	0.10866666666666666	0.09533333333333334	0.08	0.094	0.06066666666666667	0.08	0.07066666666666667	0.06533333333333333	0.05733333333333333	0.04666666666666667	0.04933333333333333	0.036	0.03933333333333333	0.04066666666666666	0.03666666666666667	0.03933333333333333	0.028666666666666667	0.03133333333333333	0.026	0.027333333333333334	0.02266666666666667	0.019333333333333334	0.014666666666666666	0.014	0.014666666666666666	0.010666666666666666	0.010666666666666666	0.010666666666666666	0.01	0.005333333333333333	0.004666666666666667	0.008666666666666666	0.007333333333333333	0.004666666666666667	0.0033333333333333335	0.0033333333333333335	
1.2946666666666666	1.274	1.206	1.178	1.1826666666666668	1.0553333333333332	1.126	1.0353333333333334	1.026	1.018	0.9566666666666667	0.966	0.9253333333333333	0.8886666666666667	0.908	0.8426666666666667	0.8673333333333333	0.772	0.7626666666666667	0.778	0.784	0.724	0.7053333333333334	0.674	0.6366666666666667	0.6393333333333333	0.5966666666666667	0.6373333333333333	0.5853333333333334	0.5513333333333333	0.512	0.512	0.474	0.4846666666666667	0.45466666666666666	0.44533333333333336	0.4573333333333333	0.4026666666666667	0.3933333333333333	0.39666666666666667	0.36333333333333334	0.3486666666666667	0.3393333333333333	0.3373333333333333	0.2773333333333333	0.28733333333333333	0.25466666666666665	0.25533333333333336	0.23066666666666666	0.23466666666666666	0.23066666666666666	0.208	0.186	0.184	0.16666666666666666	0.15933333333333333	0.16133333333333333	0.13466666666666666	0.13266666666666665	0.124	0.10866666666666666	0.10133333333333333	0.096	0.104	0.10133333333333333	0.084	0.076	0.059333333333333335	0.07533333333333334	0.05733333333333333	0.04666666666666667	0.068	0.05333333333333334	0.05	0.04533333333333334	0.044	0.034	0.035333333333333335	0.030666666666666665	0.03	0.025333333333333333	0.032	0.030666666666666665	0.023333333333333334	0.025333333333333333	0.015333333333333332	0.015333333333333332	0.012666666666666666	0.016	0.018	0.010666666666666666	0.009333333333333334	0.009333333333333334	0.01	0.007333333333333333	0.008	0.005333333333333333	0.004	0.0033333333333333335	
1.234	1.2446666666666666	1.18	1.1913333333333334	1.178	1.1446666666666667	1.108	1.1266666666666667	1.036	0.988	1.004	0.914	0.9006666666666666	0.8913333333333333	0.8746666666666667	0.85	0.7886666666666666	0.798	0.7893333333333333	0.724	0.7453333333333333	0.7226666666666667	0.6826666666666666	0.6266666666666667	0.6333333333333333	0.6413333333333333	0.5686666666666667	0.5826666666666667	0.5886666666666667	0.5306666666666666	0.5146666666666667	0.5393333333333333	0.454	0.4613333333333333	0.484	0.456	0.426	0.4033333333333333	0.386	0.378	0.346	0.32	0.3486666666666667	0.31733333333333336	0.30533333333333335	0.30266666666666664	0.286	0.266	0.256	0.24133333333333334	0.21933333333333332	0.18666666666666668	0.18066666666666667	0.17	0.194	0.176	0.16866666666666666	0.146	0.14533333333333334	0.12733333333333333	0.124	0.11533333333333333	0.1	0.09266666666666666	0.08733333333333333	0.07	0.08733333333333333	0.07666666666666666	0.06666666666666667	0.058	0.06266666666666666	0.05266666666666667	0.05266666666666667	0.04733333333333333	0.048	0.043333333333333335	0.035333333333333335	0.03266666666666666	0.035333333333333335	0.03266666666666666	0.03133333333333333	0.027333333333333334	0.026	0.020666666666666667	0.017333333333333333	0.019333333333333334	0.014	0.017333333333333333	0.010666666666666666	0.009333333333333334	0.010666666666666666	0.004666666666666667	0.008	0.007333333333333333	0.006	0.004666666666666667	0.007333333333333333	0.0026666666666666666	0.0026666666666666666	
1.2713333333333334	1.268	1.2086666666666666	1.192	1.19	1.096	1.1	1.0386666666666666	1.01	1.0393333333333334	1.0033333333333334	0.9146666666666666	0.938	0.918	0.8406666666666667	0.8533333333333334	0.8693333333333333	0.794	0.7746666666666666	0.7426666666666667	0.762	0.72	0.7186666666666667	0.664	0.66	0.5813333333333334	0.6193333333333333	0.622	0.5653333333333334	0.5466666666666666	0.512	0.5033333333333333	0.5006666666666667	0.5073333333333333	0.4666666666666667	0.4653333333333333	0.426	0.4026666666666667	0.408	0.37	0.33266666666666667	0.36333333333333334	0.308	0.31933333333333336	0.30866666666666664	0.27666666666666667	0.2653333333333333	0.27666666666666667	0.24733333333333332	0.23133333333333334	0.22266666666666668	0.234	0.182	0.19066666666666668	0.15533333333333332	0.158	0.16866666666666666	0.15533333333333332	0.12733333333333333	0.12266666666666666	0.13133333333333333	0.11533333333333333	0.12133333333333333	0.09333333333333334	0.084	0.07933333333333334	0.086	0.08266666666666667	0.07733333333333334	0.06133333333333333	0.062	0.05266666666666667	0.044	0.058666666666666666	0.04066666666666666	0.02666666666666667	0.048666666666666664	0.024666666666666667	0.03	0.03133333333333333	0.03333333333333333	0.029333333333333333	0.025333333333333333	0.02266666666666667	0.022	0.018666666666666668	0.018666666666666668	0.012666666666666666	0.012666666666666666	0.012666666666666666	0.008666666666666666	0.011333333333333334	0.005333333333333333	0.012666666666666666	0.008	0.006666666666666667	0.0033333333333333335	0.0033333333333333335	0.002	
1.268	1.2513333333333334	1.2233333333333334	1.18	1.1293333333333333	1.1346666666666667	1.0813333333333333	1.0146666666666666	1.03	1.0313333333333334	1.02	0.936	0.9653333333333334	0.8746666666666667	0.894	0.8393333333333334	0.8273333333333334	0.8186666666666667	0.8126666666666666	0.7533333333333333	0.7486666666666667	0.7133333333333334	0.7413333333333333	0.6753333333333333	0.656	0.6113333333333333	0.5753333333333334	0.602	0.5506666666666666	0.528	0.5553333333333333	0.5393333333333333	0.4706666666666667	0.47933333333333333	0.4653333333333333	0.432	0.43333333333333335	0.4146666666666667	0.36733333333333335	0.38266666666666665	0.3293333333333333	0.3393333333333333	0.3273333333333333	0.34	0.302	0.29533333333333334	0.2853333333333333	0.2866666666666667	0.24066666666666667	0.23133333333333334	0.20666666666666667	0.20533333333333334	0.19066666666666668	0.19133333333333333	0.16133333333333333	0.15333333333333332	0.14933333333333335	0.134	0.13133333333333333	0.13	0.11533333333333333	0.118	0.10666666666666667	0.08666666666666667	0.08733333333333333	0.09133333333333334	0.08333333333333333	0.074	0.07266666666666667	0.062	0.05733333333333333	0.068	0.050666666666666665	0.036	0.04533333333333334	0.042666666666666665	0.05266666666666667	0.034666666666666665	0.03933333333333333	0.034	0.02266666666666667	0.012666666666666666	0.023333333333333334	0.020666666666666667	0.017333333333333333	0.016666666666666666	0.016	0.012666666666666666	0.016	0.015333333333333332	0.008666666666666666	0.007333333333333333	0.008666666666666666	0.007333333333333333	0.006666666666666667	0.007333333333333333	0.004	0.006	0.006666666666666667	
1.2413333333333334	1.282	1.2253333333333334	1.2126666666666666	1.1166666666666667	1.148	1.0966666666666667	1.0953333333333333	1.0153333333333334	1.0346666666666666	0.9626666666666667	0.9746666666666667	0.97	0.9366666666666666	0.8513333333333334	0.8913333333333333	0.8793333333333333	0.8066666666666666	0.8246666666666667	0.7733333333333333	0.738	0.7593333333333333	0.6933333333333334	0.648	0.65	0.6273333333333333	0.652	0.5906666666666667	0.546	0.5553333333333333	0.5126666666666667	0.51	0.5173333333333333	0.49266666666666664	0.44733333333333336	0.4513333333333333	0.42333333333333334	0.402	0.38866666666666666	0.38266666666666665	0.3433333333333333	0.35333333333333333	0.364	0.30866666666666664	0.2846666666666667	0.28733333333333333	0.2733333333333333	0.23066666666666666	0.23266666666666666	0.24933333333333332	0.216	0.18933333333333333	0.184	0.17533333333333334	0.16333333333333333	0.15066666666666667	0.148	0.122	0.14933333333333335	0.13533333333333333	0.09533333333333334	0.10066666666666667	0.10266666666666667	0.09133333333333334	0.092	0.09066666666666667	0.086	0.07266666666666667	0.06733333333333333	0.07	0.06266666666666666	0.052	0.05333333333333334	0.051333333333333335	0.051333333333333335	0.04	0.029333333333333333	0.028	0.03	0.034666666666666665	0.02666666666666667	0.029333333333333333	0.024666666666666667	0.028666666666666667	0.016666666666666666	0.015333333333333332	0.012666666666666666	0.010666666666666666	0.016	0.015333333333333332	0.010666666666666666	0.01	0.011333333333333334	0.0033333333333333335	0.008	0.005333333333333333	0.004	0.0033333333333333335	0.005333333333333333	
1.218	1.244	1.226	1.218	1.1693333333333333	1.1393333333333333	1.0926666666666667	1.0933333333333333	1.07	0.9973333333333333	0.9993333333333333	0.922	0.9566666666666667	0.882	0.8913333333333333	0.8566666666666667	0.8373333333333334	0.8026666666666666	0.7926666666666666	0.7726666666666666	0.752	0.7113333333333334	0.6493333333333333	0.692	0.6573333333333333	0.6366666666666667	0.632	0.6026666666666667	0.6073333333333333	0.5486666666666666	0.512	0.488	0.466	0.48133333333333334	0.4266666666666667	0.4686666666666667	0.428	0.4126666666666667	0.374	0.378	0.36533333333333334	0.3373333333333333	0.3453333333333333	0.3353333333333333	0.3006666666666667	0.2833333333333333	0.2853333333333333	0.2793333333333333	0.26	0.234	0.22333333333333333	0.21333333333333335	0.22133333333333333	0.18066666666666667	0.15466666666666667	0.14466666666666667	0.16	0.13266666666666665	0.14133333333333334	0.14666666666666667	0.12066666666666667	0.11666666666666667	0.12	0.094	0.09066666666666667	0.08266666666666667	0.08866666666666667	0.082	0.06266666666666666	0.062	0.058666666666666666	0.05733333333333333	0.050666666666666665	0.043333333333333335	0.04133333333333333	0.03866666666666667	0.03333333333333333	0.03133333333333333	0.038	0.035333333333333335	0.038	0.028666666666666667	0.020666666666666667	0.019333333333333334	0.021333333333333333	0.02	0.013333333333333334	0.012666666666666666	0.016	0.01	0.011333333333333334	0.009333333333333334	0.009333333333333334	0.01	0.008666666666666666	0.008666666666666666	0.004	0.004	0.004	
1.322	1.286	1.2426666666666666	1.142	1.1033333333333333	1.1153333333333333	1.0693333333333332	1.054	0.9893333333333333	0.972	0.9973333333333333	0.9786666666666667	0.9413333333333334	0.902	0.878	0.8666666666666667	0.842	0.79	0.7966666666666666	0.742	0.7466666666666667	0.714	0.6873333333333334	0.666	0.6693333333333333	0.636	0.6366666666666667	0.572	0.6006666666666667	0.562	0.5353333333333333	0.522	0.48533333333333334	0.4766666666666667	0.48	0.43266666666666664	0.4246666666666667	0.38	0.386	0.368	0.37066666666666664	0.354	0.332	0.32466666666666666	0.28	0.268	0.2886666666666667	0.23666666666666666	0.23266666666666666	0.208	0.222	0.22	0.17933333333333334	0.17733333333333334	0.17266666666666666	0.16266666666666665	0.15533333333333332	0.13333333333333333	0.15533333333333332	0.138	0.12	0.10266666666666667	0.09533333333333334	0.09333333333333334	0.09133333333333334	0.08666666666666667	0.08866666666666667	0.07333333333333333	0.07	0.066	0.064	0.050666666666666665	0.04933333333333333	0.043333333333333335	0.042666666666666665	0.036	0.03	0.034	0.03	0.03133333333333333	0.024666666666666667	0.029333333333333333	0.013333333333333334	0.026	0.022	0.022	0.026	0.008666666666666666	0.006	0.008666666666666666	0.005333333333333333	0.012666666666666666	0.013333333333333334	0.012666666666666666	0.007333333333333333	0.006	0.006	0.005333333333333333	0.004666666666666667	
1.3113333333333332	1.2373333333333334	1.222	1.1353333333333333	1.1506666666666667	1.1493333333333333	1.06	1.0286666666666666	1.036	1.0346666666666666	1.0113333333333334	0.962	0.878	0.8773333333333333	0.8733333333333333	0.812	0.8473333333333334	0.786	0.8133333333333334	0.7693333333333333	0.7613333333333333	0.7386666666666667	0.7153333333333334	0.7006666666666667	0.6413333333333333	0.6086666666666667	0.616	0.5886666666666667	0.5966666666666667	0.5506666666666666	0.5133333333333333	0.5193333333333333	0.4886666666666667	0.436	0.45066666666666666	0.45066666666666666	0.408	0.42533333333333334	0.40066666666666667	0.36666666666666664	0.36866666666666664	0.35933333333333334	0.3426666666666667	0.29933333333333334	0.29333333333333333	0.274	0.272	0.238	0.234	0.24133333333333334	0.21733333333333332	0.204	0.178	0.16733333333333333	0.17	0.17	0.15533333333333332	0.11533333333333333	0.13333333333333333	0.13533333333333333	0.11533333333333333	0.11333333333333333	0.098	0.1	0.086	0.09266666666666666	0.08333333333333333	0.07533333333333334	0.06466666666666666	0.06733333333333333	0.062	0.056666666666666664	0.05333333333333334	0.04933333333333333	0.035333333333333335	0.046	0.04733333333333333	0.03666666666666667	0.034666666666666665	0.03266666666666666	0.027333333333333334	0.02266666666666667	0.024666666666666667	0.02266666666666667	0.020666666666666667	0.012666666666666666	0.016666666666666666	0.008	0.016666666666666666	0.015333333333333332	0.009333333333333334	0.01	0.01	0.009333333333333334	0.008666666666666666	0.01	0.005333333333333333	0.006666666666666667	0.0006666666666666666	
1.29	1.2573333333333334	1.166	1.1406666666666667	1.1013333333333333	1.104	1.0613333333333332	1.0513333333333332	1.0506666666666666	1.0453333333333332	0.97	0.9633333333333334	0.9486666666666667	0.8866666666666667	0.8873333333333333	0.8246666666666667	0.8033333333333333	0.8513333333333334	0.726	0.7593333333333333	0.7146666666666667	0.7226666666666667	0.708	0.662	0.6386666666666667	0.6186666666666667	0.614	0.6006666666666667	0.556	0.552	0.5226666666666666	0.5193333333333333	0.48733333333333334	0.4826666666666667	0.44666666666666666	0.44066666666666665	0.42733333333333334	0.404	0.41733333333333333	0.406	0.344	0.36	0.31733333333333336	0.306	0.31066666666666665	0.2713333333333333	0.25133333333333335	0.274	0.24466666666666667	0.22733333333333333	0.212	0.19533333333333333	0.18666666666666668	0.168	0.16133333333333333	0.16266666666666665	0.14466666666666667	0.14133333333333334	0.136	0.13933333333333334	0.11733333333333333	0.11133333333333334	0.11666666666666667	0.09333333333333334	0.08866666666666667	0.09133333333333334	0.08066666666666666	0.06933333333333333	0.06133333333333333	0.06933333333333333	0.046	0.05466666666666667	0.04533333333333334	0.052	0.042666666666666665	0.050666666666666665	0.04	0.032	0.03333333333333333	0.036	0.03266666666666666	0.027333333333333334	0.028666666666666667	0.018	0.011333333333333334	0.018	0.019333333333333334	0.021333333333333333	0.012666666666666666	0.014	0.01	0.012666666666666666	0.004	0.007333333333333333	0.010666666666666666	0.006	0.004666666666666667	0.004	0.006	
1.3286666666666667	1.2893333333333334	1.1906666666666668	1.152	1.1613333333333333	1.078	1.136	1.1126666666666667	1.0353333333333334	1.0293333333333334	1.0473333333333332	0.9606666666666667	0.9353333333333333	0.8913333333333333	0.8613333333333333	0.8733333333333333	0.8606666666666667	0.7793333333333333	0.7553333333333333	0.7706666666666667	0.7413333333333333	0.7253333333333334	0.6846666666666666	0.7	0.6393333333333333	0.6173333333333333	0.5933333333333334	0.5886666666666667	0.5733333333333334	0.5306666666666666	0.5186666666666667	0.48533333333333334	0.486	0.47933333333333333	0.4766666666666667	0.4166666666666667	0.40066666666666667	0.378	0.4073333333333333	0.36333333333333334	0.3446666666666667	0.3353333333333333	0.35533333333333333	0.324	0.2793333333333333	0.2846666666666667	0.2753333333333333	0.256	0.23866666666666667	0.23333333333333334	0.21733333333333332	0.22733333333333333	0.184	0.17333333333333334	0.18933333333333333	0.15733333333333333	0.15733333333333333	0.14066666666666666	0.13266666666666665	0.12066666666666667	0.11933333333333333	0.11466666666666667	0.10866666666666666	0.08666666666666667	0.106	0.08866666666666667	0.07866666666666666	0.08333333333333333	0.07066666666666667	0.06866666666666667	0.06066666666666667	0.04733333333333333	0.050666666666666665	0.05	0.044	0.037333333333333336	0.035333333333333335	0.04133333333333333	0.036	0.024	0.034666666666666665	0.028	0.02666666666666667	0.02266666666666667	0.021333333333333333	0.02	0.016	0.012666666666666666	0.013333333333333334	0.012666666666666666	0.007333333333333333	0.012666666666666666	0.007333333333333333	0.01	0.008	0.007333333333333333	0.009333333333333334	0.005333333333333333	0.0033333333333333335	
1.332	1.2853333333333334	1.1893333333333334	1.1926666666666668	1.172	1.104	1.0973333333333333	1.08	1.026	0.9913333333333333	0.9793333333333333	0.9826666666666667	0.94	0.8706666666666667	0.8733333333333333	0.8226666666666667	0.818	0.8113333333333334	0.8093333333333333	0.73	0.75	0.7593333333333333	0.704	0.6793333333333333	0.6386666666666667	0.632	0.6233333333333333	0.5733333333333334	0.5766666666666667	0.5313333333333333	0.548	0.49466666666666664	0.496	0.488	0.44533333333333336	0.45466666666666666	0.44666666666666666	0.4226666666666667	0.38266666666666665	0.4	0.354	0.33466666666666667	0.32666666666666666	0.29933333333333334	0.2966666666666667	0.2966666666666667	0.284	0.24466666666666667	0.254	0.22266666666666668	0.22266666666666668	0.198	0.18466666666666667	0.16733333333333333	0.174	0.162	0.138	0.14466666666666667	0.12733333333333333	0.12466666666666666	0.12666666666666668	0.10533333333333333	0.11	0.08933333333333333	0.09066666666666667	0.07666666666666666	0.072	0.07066666666666667	0.06533333333333333	0.06333333333333334	0.06866666666666667	0.06666666666666667	0.04066666666666666	0.04	0.04533333333333334	0.042	0.034	0.03666666666666667	0.042666666666666665	0.029333333333333333	0.029333333333333333	0.019333333333333334	0.022	0.022	0.017333333333333333	0.016	0.018	0.013333333333333334	0.015333333333333332	0.01	0.008666666666666666	0.006	0.008	0.007333333333333333	0.007333333333333333	0.004	0.005333333333333333	0.006	0.002	
1.2746666666666666	1.2086666666666666	1.234	1.19	1.1153333333333333	1.138	1.0826666666666667	1.034	1.03	0.9933333333333333	0.9666666666666667	0.9586666666666667	0.932	0.8673333333333333	0.896	0.8706666666666667	0.87	0.7786666666666666	0.7966666666666666	0.7473333333333333	0.7353333333333333	0.706	0.692	0.6613333333333333	0.6133333333333333	0.612	0.6173333333333333	0.5626666666666666	0.5866666666666667	0.524	0.5493333333333333	0.48533333333333334	0.4826666666666667	0.4713333333333333	0.4713333333333333	0.434	0.4053333333333333	0.3993333333333333	0.422	0.38133333333333336	0.378	0.33866666666666667	0.36133333333333334	0.32266666666666666	0.2773333333333333	0.2813333333333333	0.2886666666666667	0.266	0.24533333333333332	0.20933333333333334	0.24133333333333334	0.18133333333333335	0.19733333333333333	0.188	0.14933333333333335	0.16	0.17666666666666667	0.152	0.14333333333333334	0.12866666666666668	0.10666666666666667	0.12266666666666666	0.10133333333333333	0.09733333333333333	0.09666666666666666	0.06866666666666667	0.07666666666666666	0.074	0.068	0.068	0.05533333333333333	0.06	0.04466666666666667	0.04666666666666667	0.05266666666666667	0.03866666666666667	0.03333333333333333	0.03266666666666666	0.030666666666666665	0.028	0.030666666666666665	0.022	0.022	0.017333333333333333	0.016	0.018666666666666668	0.018	0.014666666666666666	0.016	0.012666666666666666	0.010666666666666666	0.010666666666666666	0.009333333333333334	0.008	0.006666666666666667	0.007333333333333333	0.0026666666666666666	0.007333333333333333	0.0026666666666666666	
1.264	1.2873333333333334	1.214	1.1453333333333333	1.1713333333333333	1.1533333333333333	1.07	1.064	1.062	1.0106666666666666	0.956	0.9326666666666666	0.9286666666666666	0.91	0.9086666666666666	0.8693333333333333	0.8933333333333333	0.7993333333333333	0.772	0.7386666666666667	0.7386666666666667	0.7153333333333334	0.664	0.6606666666666666	0.66	0.636	0.5926666666666667	0.57	0.5533333333333333	0.5553333333333333	0.5426666666666666	0.49666666666666665	0.49866666666666665	0.462	0.486	0.45666666666666667	0.4146666666666667	0.3933333333333333	0.4053333333333333	0.388	0.3546666666666667	0.3333333333333333	0.32666666666666666	0.2906666666666667	0.29	0.2886666666666667	0.27	0.26266666666666666	0.26	0.266	0.24066666666666667	0.19066666666666668	0.204	0.15933333333333333	0.16333333333333333	0.14866666666666667	0.144	0.12533333333333332	0.12533333333333332	0.13733333333333334	0.11666666666666667	0.10266666666666667	0.106	0.09533333333333334	0.09533333333333334	0.07266666666666667	0.06866666666666667	0.06266666666666666	0.072	0.06733333333333333	0.07466666666666667	0.052	0.04466666666666667	0.04666666666666667	0.035333333333333335	0.035333333333333335	0.03	0.035333333333333335	0.042666666666666665	0.029333333333333333	0.03133333333333333	0.02266666666666667	0.017333333333333333	0.025333333333333333	0.03266666666666666	0.018	0.015333333333333332	0.014666666666666666	0.014	0.014	0.008	0.009333333333333334	0.011333333333333334	0.01	0.009333333333333334	0.006666666666666667	0.006	0.005333333333333333	0.006	
1.3113333333333332	1.2653333333333334	1.2213333333333334	1.1753333333333333	1.118	1.1313333333333333	1.0746666666666667	1.0413333333333334	1.0246666666666666	1.0413333333333334	0.962	0.9393333333333334	0.8946666666666667	0.8913333333333333	0.8766666666666667	0.7993333333333333	0.8173333333333334	0.7753333333333333	0.77	0.774	0.7773333333333333	0.7213333333333334	0.7193333333333334	0.65	0.664	0.582	0.6506666666666666	0.5806666666666667	0.5646666666666667	0.556	0.5266666666666666	0.518	0.4866666666666667	0.4726666666666667	0.482	0.4513333333333333	0.41733333333333333	0.41533333333333333	0.412	0.3933333333333333	0.362	0.338	0.3353333333333333	0.2813333333333333	0.28	0.2853333333333333	0.272	0.25133333333333335	0.22733333333333333	0.21933333333333332	0.20933333333333334	0.20066666666666666	0.21	0.21133333333333335	0.17466666666666666	0.17666666666666667	0.146	0.14066666666666666	0.13466666666666666	0.12466666666666666	0.10866666666666666	0.10133333333333333	0.094	0.10466666666666667	0.10266666666666667	0.10066666666666667	0.07666666666666666	0.066	0.06666666666666667	0.06533333333333333	0.059333333333333335	0.059333333333333335	0.06133333333333333	0.05733333333333333	0.050666666666666665	0.042	0.04066666666666666	0.03333333333333333	0.028	0.028	0.024	0.026	0.021333333333333333	0.023333333333333334	0.020666666666666667	0.019333333333333334	0.016666666666666666	0.011333333333333334	0.012666666666666666	0.012	0.009333333333333334	0.008	0.010666666666666666	0.008	0.01	0.004	0.004	0.008	0.004	
1.2893333333333334	1.268	1.2473333333333334	1.2446666666666666	1.1546666666666667	1.1206666666666667	1.086	1.0706666666666667	1.054	0.994	0.9433333333333334	0.9006666666666666	0.9146666666666666	0.9253333333333333	0.8673333333333333	0.818	0.8266666666666667	0.788	0.7786666666666666	0.7813333333333333	0.736	0.686	0.7086666666666667	0.6946666666666667	0.682	0.596	0.6053333333333333	0.5486666666666666	0.5593333333333333	0.508	0.5493333333333333	0.5033333333333333	0.478	0.524	0.4693333333333333	0.44733333333333336	0.406	0.3973333333333333	0.36333333333333334	0.352	0.406	0.33866666666666667	0.342	0.2986666666666667	0.31066666666666665	0.286	0.23933333333333334	0.276	0.25533333333333336	0.22266666666666668	0.21666666666666667	0.19133333333333333	0.19666666666666666	0.17933333333333334	0.18133333333333335	0.15	0.13266666666666665	0.14866666666666667	0.132	0.12133333333333333	0.12466666666666666	0.11	0.104	0.10133333333333333	0.08733333333333333	0.082	0.07733333333333334	0.064	0.06333333333333334	0.078	0.05533333333333333	0.059333333333333335	0.044	0.04066666666666666	0.038	0.051333333333333335	0.034	0.037333333333333336	0.03666666666666667	0.029333333333333333	0.036	0.026	0.02666666666666667	0.024	0.018666666666666668	0.018	0.017333333333333333	0.014666666666666666	0.009333333333333334	0.013333333333333334	0.015333333333333332	0.008	0.005333333333333333	0.01	0.008666666666666666	0.008	0.008666666666666666	0.004	0.005333333333333333	
1.2726666666666666	1.2813333333333334	1.2266666666666666	1.152	1.106	1.1273333333333333	1.0673333333333332	1.09	1.0486666666666666	1.0146666666666666	1.0513333333333332	0.944	0.9573333333333334	0.8786666666666667	0.8866666666666667	0.844	0.8333333333333334	0.764	0.7766666666666666	0.7473333333333333	0.7393333333333333	0.7206666666666667	0.744	0.6593333333333333	0.6346666666666667	0.6193333333333333	0.6133333333333333	0.6013333333333334	0.56	0.544	0.5313333333333333	0.49533333333333335	0.4646666666666667	0.4806666666666667	0.42533333333333334	0.43666666666666665	0.42	0.4033333333333333	0.37666666666666665	0.3993333333333333	0.378	0.36866666666666664	0.326	0.32866666666666666	0.31066666666666665	0.282	0.25266666666666665	0.248	0.24933333333333332	0.248	0.21933333333333332	0.19133333333333333	0.168	0.18	0.192	0.144	0.14266666666666666	0.13266666666666665	0.13133333333333333	0.13866666666666666	0.104	0.112	0.11266666666666666	0.09933333333333333	0.10066666666666667	0.07933333333333334	0.08	0.07466666666666667	0.068	0.07066666666666667	0.06133333333333333	0.054	0.056	0.044	0.04	0.051333333333333335	0.044	0.037333333333333336	0.03866666666666667	0.037333333333333336	0.034	0.027333333333333334	0.021333333333333333	0.017333333333333333	0.017333333333333333	0.02	0.012	0.016	0.015333333333333332	0.007333333333333333	0.01	0.010666666666666666	0.010666666666666666	0.005333333333333333	0.004666666666666667	0.008	0.006666666666666667	0.004	0.006	
1.2926666666666666	1.238	1.1686666666666667	1.1153333333333333	1.1753333333333333	1.1653333333333333	1.084	1.0546666666666666	1.0886666666666667	1.0033333333333334	0.9533333333333334	0.954	0.9086666666666666	0.8813333333333333	0.892	0.822	0.7953333333333333	0.8273333333333334	0.7886666666666666	0.7093333333333334	0.742	0.7213333333333334	0.6586666666666666	0.6613333333333333	0.6706666666666666	0.6206666666666667	0.616	0.5566666666666666	0.55	0.532	0.526	0.5046666666666667	0.47933333333333333	0.4646666666666667	0.4666666666666667	0.4593333333333333	0.42733333333333334	0.436	0.36	0.392	0.358	0.35	0.346	0.336	0.30466666666666664	0.2946666666666667	0.2793333333333333	0.25933333333333336	0.22866666666666666	0.21666666666666667	0.21533333333333332	0.204	0.19333333333333333	0.17866666666666667	0.15733333333333333	0.15533333333333332	0.14333333333333334	0.14266666666666666	0.138	0.10133333333333333	0.13133333333333333	0.12733333333333333	0.09933333333333333	0.09266666666666666	0.08333333333333333	0.078	0.08066666666666666	0.07333333333333333	0.06866666666666667	0.064	0.072	0.064	0.04133333333333333	0.04666666666666667	0.050666666666666665	0.03666666666666667	0.04666666666666667	0.037333333333333336	0.03866666666666667	0.034666666666666665	0.028666666666666667	0.02666666666666667	0.018	0.019333333333333334	0.02266666666666667	0.016	0.020666666666666667	0.019333333333333334	0.012	0.02	0.006666666666666667	0.006	0.012	0.007333333333333333	0.007333333333333333	0.004666666666666667	0.004666666666666667	0.004	0.006	
1.2793333333333334	1.2766666666666666	1.2613333333333334	1.2246666666666666	1.1406666666666667	1.1593333333333333	1.0753333333333333	1.062	1.0353333333333334	1.0186666666666666	0.9993333333333333	0.984	0.904	0.924	0.8693333333333333	0.8253333333333334	0.8606666666666667	0.7793333333333333	0.7553333333333333	0.7033333333333334	0.714	0.71	0.712	0.6913333333333334	0.6206666666666667	0.6566666666666666	0.626	0.6013333333333334	0.5566666666666666	0.5873333333333334	0.5133333333333333	0.502	0.5026666666666667	0.48733333333333334	0.448	0.44333333333333336	0.41133333333333333	0.414	0.368	0.38	0.35333333333333333	0.37333333333333335	0.318	0.306	0.31666666666666665	0.2833333333333333	0.284	0.26	0.22333333333333333	0.24066666666666667	0.198	0.218	0.182	0.182	0.17533333333333334	0.154	0.16333333333333333	0.14733333333333334	0.148	0.112	0.128	0.10933333333333334	0.10866666666666666	0.09133333333333334	0.088	0.09133333333333334	0.07866666666666666	0.078	0.074	0.056	0.07533333333333334	0.059333333333333335	0.052	0.04	0.048	0.035333333333333335	0.034	0.026	0.034	0.034	0.029333333333333333	0.028666666666666667	0.037333333333333336	0.02	0.016666666666666666	0.016666666666666666	0.014	0.012666666666666666	0.017333333333333333	0.008666666666666666	0.01	0.009333333333333334	0.009333333333333334	0.008	0.010666666666666666	0.008	0.005333333333333333	0.005333333333333333	0.0026666666666666666	
1.2326666666666666	1.24	1.2246666666666666	1.1986666666666668	1.114	1.174	1.066	1.1086666666666667	0.9673333333333334	1.0353333333333334	1.0126666666666666	0.95	0.9526666666666667	0.932	0.8506666666666667	0.8713333333333333	0.848	0.7913333333333333	0.7766666666666666	0.7526666666666667	0.7793333333333333	0.7	0.738	0.6673333333333333	0.6253333333333333	0.6113333333333333	0.6193333333333333	0.5766666666666667	0.5586666666666666	0.54	0.536	0.5286666666666666	0.4886666666666667	0.44266666666666665	0.4646666666666667	0.4533333333333333	0.42133333333333334	0.3913333333333333	0.37333333333333335	0.39066666666666666	0.3353333333333333	0.3393333333333333	0.304	0.32	0.278	0.28933333333333333	0.254	0.24866666666666667	0.246	0.23133333333333334	0.21666666666666667	0.19266666666666668	0.192	0.17266666666666666	0.16733333333333333	0.16266666666666665	0.14733333333333334	0.13866666666666666	0.14333333333333334	0.12533333333333332	0.11533333333333333	0.11266666666666666	0.11733333333333333	0.09333333333333334	0.08333333333333333	0.09133333333333334	0.076	0.06666666666666667	0.07066666666666667	0.06466666666666666	0.04933333333333333	0.06266666666666666	0.04733333333333333	0.04666666666666667	0.051333333333333335	0.038	0.036	0.032	0.037333333333333336	0.036	0.03	0.026	0.021333333333333333	0.024666666666666667	0.02266666666666667	0.024666666666666667	0.021333333333333333	0.015333333333333332	0.016666666666666666	0.005333333333333333	0.009333333333333334	0.011333333333333334	0.006666666666666667	0.007333333333333333	0.008	0.005333333333333333	0.006666666666666667	0.004666666666666667	0.002	
1.258	1.218	1.2033333333333334	1.186	1.1286666666666667	1.1106666666666667	1.0366666666666666	1.09	1.0206666666666666	0.9686666666666667	1.0306666666666666	0.904	0.8733333333333333	0.9	0.85	0.808	0.808	0.7873333333333333	0.8153333333333334	0.7433333333333333	0.722	0.7253333333333334	0.6933333333333334	0.6713333333333333	0.6373333333333333	0.598	0.624	0.5606666666666666	0.5706666666666667	0.5266666666666666	0.5266666666666666	0.5073333333333333	0.47533333333333333	0.46266666666666667	0.4493333333333333	0.45266666666666666	0.4166666666666667	0.4026666666666667	0.38133333333333336	0.366	0.35	0.3526666666666667	0.30466666666666664	0.30133333333333334	0.2946666666666667	0.2753333333333333	0.2813333333333333	0.272	0.25466666666666665	0.23933333333333334	0.20266666666666666	0.178	0.22133333333333333	0.18066666666666667	0.17533333333333334	0.15733333333333333	0.14733333333333334	0.136	0.14066666666666666	0.14933333333333335	0.11533333333333333	0.10866666666666666	0.096	0.098	0.08466666666666667	0.08266666666666667	0.07266666666666667	0.074	0.07066666666666667	0.06666666666666667	0.059333333333333335	0.058666666666666666	0.034	0.056666666666666664	0.048666666666666664	0.03866666666666667	0.04133333333333333	0.034	0.03666666666666667	0.034	0.026	0.02666666666666667	0.022	0.017333333333333333	0.024	0.017333333333333333	0.015333333333333332	0.013333333333333334	0.016	0.009333333333333334	0.014	0.008	0.004666666666666667	0.01	0.006	0.005333333333333333	0.005333333333333333	0.004	0.0026666666666666666	
1.262	1.2746666666666666	1.2226666666666666	1.1233333333333333	1.0713333333333332	1.0873333333333333	1.0833333333333333	1.048	1.014	0.9766666666666667	1.0053333333333334	0.9693333333333334	0.8733333333333333	0.904	0.8706666666666667	0.8166666666666667	0.8166666666666667	0.7666666666666667	0.788	0.7126666666666667	0.7533333333333333	0.6853333333333333	0.6766666666666666	0.67	0.68	0.6153333333333333	0.6133333333333333	0.5606666666666666	0.5806666666666667	0.5413333333333333	0.5166666666666667	0.49	0.5013333333333333	0.45466666666666666	0.4553333333333333	0.44533333333333336	0.43333333333333335	0.4146666666666667	0.38133333333333336	0.392	0.344	0.34933333333333333	0.3393333333333333	0.32266666666666666	0.2966666666666667	0.3006666666666667	0.2613333333333333	0.25066666666666665	0.22466666666666665	0.22666666666666666	0.20066666666666666	0.20266666666666666	0.182	0.184	0.16666666666666666	0.16	0.15733333333333333	0.14933333333333335	0.12133333333333333	0.12533333333333332	0.12066666666666667	0.12466666666666666	0.11066666666666666	0.08333333333333333	0.08533333333333333	0.09	0.078	0.084	0.064	0.06866666666666667	0.043333333333333335	0.06066666666666667	0.051333333333333335	0.048666666666666664	0.04733333333333333	0.04733333333333333	0.028	0.037333333333333336	0.03133333333333333	0.03333333333333333	0.03133333333333333	0.021333333333333333	0.020666666666666667	0.023333333333333334	0.020666666666666667	0.019333333333333334	0.010666666666666666	0.018	0.017333333333333333	0.014666666666666666	0.011333333333333334	0.0033333333333333335	0.008666666666666666	0.006	0.008666666666666666	0.002	0.005333333333333333	0.005333333333333333	0.004666666666666667	
1.2613333333333334	1.2306666666666666	1.2046666666666668	1.1706666666666667	1.138	1.0913333333333333	1.0286666666666666	1.072	0.986	0.9926666666666667	0.966	0.9586666666666667	0.9433333333333334	0.8806666666666667	0.8726666666666667	0.8173333333333334	0.786	0.8393333333333334	0.778	0.7486666666666667	0.716	0.7233333333333334	0.6906666666666667	0.634	0.654	0.6193333333333333	0.6233333333333333	0.5513333333333333	0.602	0.538	0.5406666666666666	0.5126666666666667	0.478	0.48333333333333334	0.44133333333333336	0.446	0.42133333333333334	0.376	0.39466666666666667	0.37866666666666665	0.3566666666666667	0.336	0.31666666666666665	0.30333333333333334	0.30733333333333335	0.27066666666666667	0.292	0.24133333333333334	0.20333333333333334	0.22666666666666666	0.21	0.192	0.192	0.18666666666666668	0.17866666666666667	0.162	0.158	0.13133333333333333	0.12333333333333334	0.134	0.11	0.11066666666666666	0.10066666666666667	0.10066666666666667	0.08266666666666667	0.07466666666666667	0.08466666666666667	0.074	0.07133333333333333	0.07466666666666667	0.06866666666666667	0.07333333333333333	0.04933333333333333	0.042	0.058	0.038	0.03933333333333333	0.03333333333333333	0.037333333333333336	0.029333333333333333	0.02666666666666667	0.022	0.029333333333333333	0.020666666666666667	0.019333333333333334	0.016666666666666666	0.018	0.012	0.012666666666666666	0.014666666666666666	0.010666666666666666	0.006	0.008	0.008	0.004666666666666667	0.008	0.005333333333333333	0.004666666666666667	0.005333333333333333	
1.3053333333333332	1.2626666666666666	1.1846666666666668	1.2006666666666668	1.1253333333333333	1.1133333333333333	1.0606666666666666	1.0513333333333332	1.026	0.9913333333333333	0.968	0.974	0.932	0.8686666666666667	0.8893333333333333	0.8506666666666667	0.8193333333333334	0.7786666666666666	0.758	0.7373333333333333	0.732	0.6613333333333333	0.6693333333333333	0.67	0.632	0.628	0.596	0.594	0.568	0.5733333333333334	0.526	0.5273333333333333	0.5113333333333333	0.4866666666666667	0.4493333333333333	0.414	0.3993333333333333	0.4053333333333333	0.392	0.37666666666666665	0.35933333333333334	0.31466666666666665	0.30866666666666664	0.31733333333333336	0.30466666666666664	0.2693333333333333	0.28733333333333333	0.25866666666666666	0.24266666666666667	0.23066666666666666	0.21666666666666667	0.21666666666666667	0.17666666666666667	0.17666666666666667	0.17466666666666666	0.14666666666666667	0.14066666666666666	0.14733333333333334	0.138	0.118	0.11466666666666667	0.116	0.10066666666666667	0.102	0.086	0.078	0.07266666666666667	0.082	0.07733333333333334	0.06333333333333334	0.06333333333333334	0.068	0.06	0.05466666666666667	0.048666666666666664	0.03666666666666667	0.036	0.034	0.032	0.036	0.028	0.023333333333333334	0.024	0.016666666666666666	0.019333333333333334	0.02	0.018666666666666668	0.012666666666666666	0.014666666666666666	0.015333333333333332	0.012666666666666666	0.006	0.009333333333333334	0.004666666666666667	0.006666666666666667	0.004666666666666667	0.004666666666666667	0.004	0.0006666666666666666	
1.3166666666666667	1.2426666666666666	1.2013333333333334	1.1846666666666668	1.148	1.1126666666666667	1.0613333333333332	1.0826666666666667	1.0313333333333334	0.9786666666666667	0.966	0.9033333333333333	0.9233333333333333	0.9046666666666666	0.8913333333333333	0.798	0.8113333333333334	0.8026666666666666	0.8033333333333333	0.76	0.7366666666666667	0.6793333333333333	0.6826666666666666	0.6686666666666666	0.624	0.582	0.642	0.5693333333333334	0.558	0.532	0.5233333333333333	0.5066666666666667	0.472	0.476	0.446	0.43933333333333335	0.416	0.364	0.418	0.38466666666666666	0.3546666666666667	0.3546666666666667	0.33266666666666667	0.35733333333333334	0.268	0.304	0.272	0.26066666666666666	0.21733333333333332	0.232	0.20933333333333334	0.19533333333333333	0.19066666666666668	0.176	0.15266666666666667	0.164	0.13466666666666666	0.13466666666666666	0.12533333333333332	0.12066666666666667	0.118	0.10333333333333333	0.10133333333333333	0.092	0.09866666666666667	0.08666666666666667	0.08266666666666667	0.068	0.07666666666666666	0.068	0.062	0.048666666666666664	0.050666666666666665	0.048	0.05333333333333334	0.03866666666666667	0.036	0.03866666666666667	0.03866666666666667	0.035333333333333335	0.03333333333333333	0.028666666666666667	0.016	0.016666666666666666	0.023333333333333334	0.016666666666666666	0.010666666666666666	0.014666666666666666	0.007333333333333333	0.008	0.011333333333333334	0.010666666666666666	0.005333333333333333	0.004666666666666667	0.005333333333333333	0.006	0.0033333333333333335	0.0026666666666666666	0.004666666666666667	
1.244	1.2686666666666666	1.2246666666666666	1.1786666666666668	1.1886666666666668	1.1373333333333333	1.1166666666666667	1.0166666666666666	1.024	1.0193333333333334	0.9713333333333334	0.9573333333333334	0.9406666666666667	0.9166666666666666	0.862	0.844	0.8686666666666667	0.8153333333333334	0.7733333333333333	0.7326666666666667	0.704	0.6853333333333333	0.666	0.658	0.6646666666666666	0.5913333333333334	0.62	0.5433333333333333	0.592	0.53	0.5126666666666667	0.5126666666666667	0.49333333333333335	0.4266666666666667	0.492	0.44266666666666665	0.4266666666666667	0.402	0.39	0.3426666666666667	0.3393333333333333	0.3313333333333333	0.298	0.30733333333333335	0.29	0.296	0.254	0.24933333333333332	0.23866666666666667	0.212	0.21333333333333335	0.208	0.198	0.164	0.15533333333333332	0.136	0.15533333333333332	0.13133333333333333	0.116	0.118	0.11466666666666667	0.104	0.09666666666666666	0.09533333333333334	0.09866666666666667	0.09866666666666667	0.07933333333333334	0.07866666666666666	0.07	0.07733333333333334	0.07333333333333333	0.05333333333333334	0.04933333333333333	0.046	0.052	0.03933333333333333	0.038	0.03	0.028	0.028666666666666667	0.024666666666666667	0.03333333333333333	0.023333333333333334	0.022	0.02666666666666667	0.022	0.02	0.015333333333333332	0.018	0.008666666666666666	0.010666666666666666	0.012	0.007333333333333333	0.008	0.007333333333333333	0.011333333333333334	0.008	0.002	0.0033333333333333335	
1.2686666666666666	1.2266666666666666	1.1653333333333333	1.232	1.11	1.172	1.114	1.038	1.04	0.9866666666666667	0.9626666666666667	0.9333333333333333	0.93	0.876	0.874	0.8493333333333334	0.8326666666666667	0.8053333333333333	0.7566666666666667	0.764	0.7293333333333333	0.7046666666666667	0.7033333333333334	0.6426666666666667	0.614	0.6073333333333333	0.5873333333333334	0.5746666666666667	0.5626666666666666	0.5293333333333333	0.5513333333333333	0.5133333333333333	0.47933333333333333	0.44533333333333336	0.4726666666666667	0.44	0.38866666666666666	0.40066666666666667	0.41733333333333333	0.39466666666666667	0.3446666666666667	0.36533333333333334	0.3313333333333333	0.304	0.26866666666666666	0.2986666666666667	0.274	0.25933333333333336	0.252	0.23066666666666666	0.198	0.20733333333333334	0.20866666666666667	0.19933333333333333	0.16066666666666668	0.15066666666666667	0.144	0.154	0.126	0.13933333333333334	0.11866666666666667	0.098	0.09466666666666666	0.08666666666666667	0.098	0.08666666666666667	0.08066666666666666	0.06266666666666666	0.06666666666666667	0.06666666666666667	0.050666666666666665	0.048	0.04466666666666667	0.058666666666666666	0.03866666666666667	0.030666666666666665	0.042	0.036	0.026	0.028666666666666667	0.036	0.024	0.024666666666666667	0.025333333333333333	0.019333333333333334	0.009333333333333334	0.017333333333333333	0.012	0.015333333333333332	0.014	0.013333333333333334	0.013333333333333334	0.009333333333333334	0.006	0.01	0.006666666666666667	0.002	0.0033333333333333335	0.007333333333333333	
1.2106666666666666	1.2573333333333334	1.262	1.1306666666666667	1.1513333333333333	1.094	1.1066666666666667	1.0366666666666666	1.0473333333333332	1.008	0.992	0.8966666666666666	0.9406666666666667	0.8686666666666667	0.8633333333333333	0.858	0.894	0.7693333333333333	0.7466666666666667	0.76	0.7186666666666667	0.7286666666666667	0.66	0.68	0.6473333333333333	0.6213333333333333	0.62	0.5546666666666666	0.558	0.518	0.5066666666666667	0.492	0.49466666666666664	0.5053333333333333	0.41933333333333334	0.42133333333333334	0.438	0.396	0.3953333333333333	0.3526666666666667	0.3626666666666667	0.3586666666666667	0.30666666666666664	0.2806666666666667	0.30666666666666664	0.26866666666666666	0.2693333333333333	0.24866666666666667	0.23333333333333334	0.244	0.24333333333333335	0.22333333333333333	0.196	0.18333333333333332	0.17066666666666666	0.166	0.13466666666666666	0.13266666666666665	0.136	0.11533333333333333	0.12133333333333333	0.116	0.08666666666666667	0.08933333333333333	0.10066666666666667	0.08333333333333333	0.07733333333333334	0.06933333333333333	0.07133333333333333	0.058	0.05533333333333333	0.062	0.05266666666666667	0.052	0.050666666666666665	0.042	0.04466666666666667	0.03	0.034	0.03266666666666666	0.028	0.023333333333333334	0.017333333333333333	0.018	0.025333333333333333	0.029333333333333333	0.013333333333333334	0.020666666666666667	0.013333333333333334	0.011333333333333334	0.010666666666666666	0.01	0.007333333333333333	0.006	0.008	0.004	0.004	0.0013333333333333333	0.004666666666666667	
1.2766666666666666	1.2333333333333334	1.22	1.2313333333333334	1.166	1.1086666666666667	1.0826666666666667	1.036	1.0113333333333334	0.9866666666666667	0.994	0.9393333333333334	0.9346666666666666	0.89	0.8946666666666667	0.802	0.8413333333333334	0.782	0.7766666666666666	0.764	0.7306666666666667	0.688	0.66	0.6466666666666666	0.6246666666666667	0.668	0.606	0.5626666666666666	0.564	0.5346666666666666	0.508	0.5106666666666667	0.5146666666666667	0.456	0.444	0.42333333333333334	0.4146666666666667	0.42533333333333334	0.36866666666666664	0.382	0.352	0.3506666666666667	0.324	0.31133333333333335	0.28733333333333333	0.29333333333333333	0.24133333333333334	0.254	0.236	0.21933333333333332	0.19266666666666668	0.19333333333333333	0.172	0.17266666666666666	0.15866666666666668	0.15733333333333333	0.15666666666666668	0.13666666666666666	0.14066666666666666	0.11866666666666667	0.10266666666666667	0.11733333333333333	0.07866666666666666	0.11133333333333334	0.084	0.08466666666666667	0.078	0.08	0.064	0.06133333333333333	0.064	0.05266666666666667	0.04466666666666667	0.04466666666666667	0.043333333333333335	0.048	0.043333333333333335	0.034	0.037333333333333336	0.030666666666666665	0.035333333333333335	0.028	0.021333333333333333	0.022	0.024	0.019333333333333334	0.013333333333333334	0.014	0.016666666666666666	0.01	0.012666666666666666	0.01	0.0033333333333333335	0.009333333333333334	0.004666666666666667	0.007333333333333333	0.004666666666666667	0.004666666666666667	0.0026666666666666666	
1.2826666666666666	1.2526666666666666	1.1866666666666668	1.2126666666666666	1.1333333333333333	1.1053333333333333	1.048	1.0766666666666667	1.046	0.9546666666666667	0.9766666666666667	0.944	0.924	0.8933333333333333	0.8773333333333333	0.812	0.81	0.8166666666666667	0.7733333333333333	0.756	0.7406666666666667	0.73	0.7	0.646	0.6206666666666667	0.6226666666666667	0.588	0.5546666666666666	0.558	0.5566666666666666	0.486	0.5166666666666667	0.512	0.4706666666666667	0.4573333333333333	0.424	0.4106666666666667	0.37933333333333336	0.3953333333333333	0.368	0.35	0.35	0.294	0.32266666666666666	0.3	0.28733333333333333	0.26266666666666666	0.24866666666666667	0.23933333333333334	0.22133333333333333	0.21	0.21	0.202	0.18	0.16533333333333333	0.154	0.152	0.13933333333333334	0.146	0.11533333333333333	0.108	0.102	0.10266666666666667	0.10333333333333333	0.088	0.086	0.07933333333333334	0.06133333333333333	0.08133333333333333	0.06266666666666666	0.048	0.051333333333333335	0.052	0.048	0.05333333333333334	0.04133333333333333	0.042	0.03	0.034666666666666665	0.025333333333333333	0.02666666666666667	0.024	0.020666666666666667	0.020666666666666667	0.011333333333333334	0.020666666666666667	0.012666666666666666	0.014666666666666666	0.013333333333333334	0.014666666666666666	0.010666666666666666	0.008666666666666666	0.012666666666666666	0.006666666666666667	0.004666666666666667	0.008	0.01	0.004666666666666667	0.0033333333333333335	
1.2673333333333334	1.2766666666666666	1.2186666666666666	1.1593333333333333	1.144	1.0946666666666667	1.0613333333333332	1.028	1.064	0.9946666666666667	0.9586666666666667	0.9853333333333333	0.926	0.8613333333333333	0.8473333333333334	0.8086666666666666	0.868	0.7846666666666666	0.762	0.7466666666666667	0.6973333333333334	0.6946666666666667	0.71	0.672	0.6326666666666667	0.6206666666666667	0.6093333333333333	0.6066666666666667	0.57	0.5313333333333333	0.488	0.5513333333333333	0.4866666666666667	0.4493333333333333	0.4513333333333333	0.44266666666666665	0.4053333333333333	0.3893333333333333	0.36866666666666664	0.38866666666666666	0.34	0.3426666666666667	0.3233333333333333	0.3393333333333333	0.29	0.292	0.2733333333333333	0.24866666666666667	0.20866666666666667	0.204	0.202	0.21866666666666668	0.19	0.16866666666666666	0.17333333333333334	0.15933333333333333	0.14066666666666666	0.12733333333333333	0.13933333333333334	0.12466666666666666	0.10666666666666667	0.106	0.11133333333333334	0.11266666666666666	0.10866666666666666	0.07866666666666666	0.09066666666666667	0.076	0.06933333333333333	0.068	0.059333333333333335	0.050666666666666665	0.04933333333333333	0.04466666666666667	0.03866666666666667	0.038	0.03866666666666667	0.028	0.02666666666666667	0.024666666666666667	0.03266666666666666	0.027333333333333334	0.024666666666666667	0.02266666666666667	0.026	0.018	0.015333333333333332	0.012666666666666666	0.012	0.012	0.005333333333333333	0.005333333333333333	0.006	0.006	0.006666666666666667	0.004	0.007333333333333333	0.0033333333333333335	0.004666666666666667	
1.282	1.254	1.1946666666666668	1.1246666666666667	1.1553333333333333	1.0886666666666667	1.0433333333333332	1.0173333333333334	1.036	0.9746666666666667	0.9233333333333333	0.946	0.8846666666666667	0.876	0.8353333333333334	0.8093333333333333	0.8133333333333334	0.7566666666666667	0.7786666666666666	0.7886666666666666	0.74	0.7246666666666667	0.6673333333333333	0.6706666666666666	0.6666666666666666	0.6233333333333333	0.5393333333333333	0.6186666666666667	0.5766666666666667	0.5346666666666666	0.5293333333333333	0.49666666666666665	0.5006666666666667	0.4786666666666667	0.43933333333333335	0.4166666666666667	0.41533333333333333	0.3953333333333333	0.38133333333333336	0.388	0.354	0.3393333333333333	0.296	0.324	0.31733333333333336	0.26466666666666666	0.2793333333333333	0.23266666666666666	0.25866666666666666	0.23733333333333334	0.21	0.198	0.18933333333333333	0.18066666666666667	0.16066666666666668	0.15066666666666667	0.146	0.14866666666666667	0.10933333333333334	0.126	0.12466666666666666	0.114	0.10866666666666666	0.10066666666666667	0.07666666666666666	0.08666666666666667	0.076	0.08933333333333333	0.06666666666666667	0.062	0.056	0.056	0.048666666666666664	0.03933333333333333	0.042666666666666665	0.036	0.037333333333333336	0.035333333333333335	0.03	0.028666666666666667	0.02266666666666667	0.020666666666666667	0.018	0.018666666666666668	0.023333333333333334	0.012666666666666666	0.012666666666666666	0.015333333333333332	0.008	0.014666666666666666	0.010666666666666666	0.008666666666666666	0.008666666666666666	0.006666666666666667	0.006	0.007333333333333333	0.004	0.0033333333333333335	0.006	
1.2446666666666666	1.2613333333333334	1.192	1.166	1.1553333333333333	1.102	1.046	1.0166666666666666	1.0226666666666666	0.9406666666666667	0.9826666666666667	0.93	0.95	0.8586666666666667	0.858	0.8246666666666667	0.816	0.774	0.7586666666666667	0.738	0.7393333333333333	0.686	0.7033333333333334	0.6466666666666666	0.6493333333333333	0.6233333333333333	0.558	0.592	0.5746666666666667	0.556	0.518	0.5046666666666667	0.4846666666666667	0.5146666666666667	0.43733333333333335	0.478	0.43133333333333335	0.426	0.352	0.3893333333333333	0.338	0.32466666666666666	0.33666666666666667	0.31066666666666665	0.30466666666666664	0.284	0.26466666666666666	0.256	0.23266666666666666	0.23533333333333334	0.20066666666666666	0.22133333333333333	0.16533333333333333	0.186	0.16133333333333333	0.16333333333333333	0.13066666666666665	0.144	0.11866666666666667	0.12533333333333332	0.10266666666666667	0.114	0.122	0.10466666666666667	0.08533333333333333	0.08533333333333333	0.08	0.06866666666666667	0.07266666666666667	0.062	0.06866666666666667	0.052	0.048	0.04666666666666667	0.043333333333333335	0.04733333333333333	0.034666666666666665	0.04533333333333334	0.03666666666666667	0.02666666666666667	0.02666666666666667	0.022	0.02	0.02	0.008666666666666666	0.015333333333333332	0.009333333333333334	0.014	0.014	0.018	0.008666666666666666	0.010666666666666666	0.008	0.0033333333333333335	0.005333333333333333	0.006666666666666667	0.008666666666666666	0.004	0.004666666666666667	
1.306	1.218	1.202	1.1766666666666667	1.1506666666666667	1.0813333333333333	1.082	1.002	1.0126666666666666	0.962	0.9826666666666667	0.9306666666666666	0.9133333333333333	0.8306666666666667	0.868	0.776	0.808	0.8346666666666667	0.7526666666666667	0.7546666666666667	0.752	0.6986666666666667	0.668	0.6533333333333333	0.6333333333333333	0.59	0.5646666666666667	0.584	0.5853333333333334	0.564	0.5033333333333333	0.49733333333333335	0.478	0.464	0.448	0.44066666666666665	0.416	0.4166666666666667	0.4026666666666667	0.37466666666666665	0.37266666666666665	0.3566666666666667	0.314	0.29333333333333333	0.2733333333333333	0.31	0.2793333333333333	0.25866666666666666	0.25333333333333335	0.238	0.23	0.20333333333333334	0.18866666666666668	0.184	0.16066666666666668	0.16266666666666665	0.152	0.13133333333333333	0.13066666666666665	0.118	0.09933333333333333	0.108	0.106	0.106	0.08666666666666667	0.08866666666666667	0.07666666666666666	0.07733333333333334	0.06	0.06333333333333334	0.06133333333333333	0.04933333333333333	0.054	0.048	0.03933333333333333	0.03933333333333333	0.04133333333333333	0.03933333333333333	0.027333333333333334	0.02266666666666667	0.026	0.021333333333333333	0.021333333333333333	0.022	0.020666666666666667	0.014	0.012666666666666666	0.021333333333333333	0.014666666666666666	0.010666666666666666	0.018	0.009333333333333334	0.014666666666666666	0.006	0.005333333333333333	0.007333333333333333	0.007333333333333333	0.004666666666666667	0.002	
1.296	1.2326666666666666	1.2206666666666666	1.2046666666666668	1.1206666666666667	1.1266666666666667	1.0793333333333333	1.0573333333333332	1.006	1.0326666666666666	0.9946666666666667	0.9086666666666666	0.9073333333333333	0.8766666666666667	0.864	0.8033333333333333	0.7806666666666666	0.78	0.7453333333333333	0.7706666666666667	0.7193333333333334	0.6466666666666666	0.6766666666666666	0.652	0.6546666666666666	0.6013333333333334	0.6266666666666667	0.5873333333333334	0.564	0.5566666666666666	0.51	0.48133333333333334	0.4666666666666667	0.5086666666666667	0.456	0.434	0.41133333333333333	0.4226666666666667	0.3953333333333333	0.37466666666666665	0.37933333333333336	0.3546666666666667	0.3446666666666667	0.30466666666666664	0.312	0.278	0.262	0.2693333333333333	0.228	0.22266666666666668	0.22	0.21333333333333335	0.178	0.20133333333333334	0.156	0.14333333333333334	0.148	0.14133333333333334	0.13066666666666665	0.11266666666666666	0.12733333333333333	0.10733333333333334	0.09866666666666667	0.09933333333333333	0.09266666666666666	0.09	0.084	0.08066666666666666	0.058	0.059333333333333335	0.06266666666666666	0.04933333333333333	0.056	0.050666666666666665	0.04466666666666667	0.03	0.03666666666666667	0.03133333333333333	0.026	0.035333333333333335	0.020666666666666667	0.02666666666666667	0.03133333333333333	0.024666666666666667	0.017333333333333333	0.021333333333333333	0.015333333333333332	0.012666666666666666	0.016666666666666666	0.008666666666666666	0.016666666666666666	0.009333333333333334	0.008666666666666666	0.008	0.009333333333333334	0.009333333333333334	0.008666666666666666	0.007333333333333333	0.0033333333333333335	
1.2393333333333334	1.246	1.204	1.1493333333333333	1.0933333333333333	1.0806666666666667	1.098	1.0733333333333333	0.9833333333333333	1.0053333333333334	0.9726666666666667	0.9613333333333334	0.896	0.8966666666666666	0.8686666666666667	0.8366666666666667	0.842	0.748	0.7826666666666666	0.732	0.7726666666666666	0.7253333333333334	0.6546666666666666	0.6413333333333333	0.644	0.636	0.6293333333333333	0.5786666666666667	0.524	0.5613333333333334	0.5273333333333333	0.51	0.478	0.486	0.46066666666666667	0.42	0.4093333333333333	0.39266666666666666	0.394	0.388	0.3526666666666667	0.3313333333333333	0.32466666666666666	0.32666666666666666	0.272	0.302	0.254	0.24866666666666667	0.22466666666666665	0.21733333333333332	0.202	0.21466666666666667	0.19266666666666668	0.19933333333333333	0.176	0.14933333333333335	0.15333333333333332	0.144	0.13533333333333333	0.13133333333333333	0.10266666666666667	0.10333333333333333	0.092	0.104	0.08133333333333333	0.08066666666666666	0.076	0.09	0.06266666666666666	0.06533333333333333	0.06266666666666666	0.05333333333333334	0.052	0.054	0.044	0.03666666666666667	0.042666666666666665	0.034	0.03333333333333333	0.035333333333333335	0.021333333333333333	0.026	0.021333333333333333	0.018666666666666668	0.012666666666666666	0.015333333333333332	0.009333333333333334	0.013333333333333334	0.014	0.012	0.008	0.008666666666666666	0.009333333333333334	0.008	0.007333333333333333	0.0033333333333333335	0.0033333333333333335	0.005333333333333333	0.002	
1.2706666666666666	1.2426666666666666	1.1833333333333333	1.1893333333333334	1.1273333333333333	1.1266666666666667	1.012	1.0173333333333334	1.026	0.9886666666666667	0.9173333333333333	0.9173333333333333	0.94	0.8766666666666667	0.8886666666666667	0.79	0.8193333333333334	0.7806666666666666	0.8066666666666666	0.7553333333333333	0.7793333333333333	0.682	0.6833333333333333	0.6713333333333333	0.638	0.6493333333333333	0.6146666666666667	0.57	0.582	0.5093333333333333	0.5213333333333333	0.462	0.4726666666666667	0.502	0.43733333333333335	0.424	0.44	0.416	0.38666666666666666	0.4026666666666667	0.3566666666666667	0.32133333333333336	0.31333333333333335	0.32	0.274	0.2793333333333333	0.25066666666666665	0.252	0.226	0.21066666666666667	0.21933333333333332	0.196	0.19333333333333333	0.194	0.146	0.15866666666666668	0.14733333333333334	0.14266666666666666	0.12466666666666666	0.132	0.132	0.09066666666666667	0.10533333333333333	0.09666666666666666	0.09666666666666666	0.09066666666666667	0.07466666666666667	0.07066666666666667	0.07	0.046	0.07066666666666667	0.07533333333333334	0.05266666666666667	0.034666666666666665	0.042666666666666665	0.044	0.03933333333333333	0.035333333333333335	0.024	0.03133333333333333	0.02666666666666667	0.028	0.02666666666666667	0.024666666666666667	0.019333333333333334	0.019333333333333334	0.018	0.014	0.013333333333333334	0.011333333333333334	0.014	0.008	0.011333333333333334	0.004	0.005333333333333333	0.008	0.007333333333333333	0.008	0.0033333333333333335	
1.258	1.2193333333333334	1.1573333333333333	1.146	1.156	1.1813333333333333	1.0593333333333332	1.0446666666666666	1.0126666666666666	0.9933333333333333	0.9326666666666666	0.9006666666666666	0.8986666666666666	0.8813333333333333	0.8626666666666667	0.8806666666666667	0.7913333333333333	0.7826666666666666	0.752	0.7566666666666667	0.7133333333333334	0.698	0.716	0.6673333333333333	0.6433333333333333	0.65	0.6106666666666667	0.5706666666666667	0.5466666666666666	0.562	0.5253333333333333	0.488	0.4806666666666667	0.4713333333333333	0.4746666666666667	0.4266666666666667	0.4086666666666667	0.386	0.38066666666666665	0.36666666666666664	0.35733333333333334	0.382	0.31533333333333335	0.3273333333333333	0.318	0.308	0.27666666666666667	0.25466666666666665	0.25266666666666665	0.22333333333333333	0.222	0.19666666666666666	0.17066666666666666	0.16866666666666666	0.17866666666666667	0.14	0.128	0.12866666666666668	0.13	0.12133333333333333	0.11	0.10133333333333333	0.10533333333333333	0.09933333333333333	0.08866666666666667	0.08333333333333333	0.08666666666666667	0.076	0.058	0.06333333333333334	0.06666666666666667	0.06666666666666667	0.037333333333333336	0.05266666666666667	0.046	0.04466666666666667	0.04533333333333334	0.02666666666666667	0.03933333333333333	0.024666666666666667	0.02266666666666667	0.021333333333333333	0.019333333333333334	0.020666666666666667	0.019333333333333334	0.018666666666666668	0.009333333333333334	0.017333333333333333	0.012666666666666666	0.01	0.010666666666666666	0.01	0.005333333333333333	0.013333333333333334	0.008	0.007333333333333333	0.004	0.0006666666666666666	0.005333333333333333	
1.2486666666666666	1.2386666666666666	1.162	1.16	1.076	1.1253333333333333	1.092	1.0526666666666666	1.03	1.0193333333333334	0.9566666666666667	0.9013333333333333	0.8973333333333333	0.8526666666666667	0.888	0.856	0.8366666666666667	0.8006666666666666	0.7893333333333333	0.708	0.688	0.6786666666666666	0.6966666666666667	0.6733333333333333	0.6366666666666667	0.6193333333333333	0.5733333333333334	0.5806666666666667	0.5833333333333334	0.558	0.5326666666666666	0.49466666666666664	0.49266666666666664	0.488	0.4666666666666667	0.41933333333333334	0.41533333333333333	0.4066666666666667	0.41333333333333333	0.36466666666666664	0.3506666666666667	0.356	0.332	0.31133333333333335	0.302	0.28733333333333333	0.272	0.23466666666666666	0.23333333333333334	0.22733333333333333	0.20666666666666667	0.208	0.19133333333333333	0.17066666666666666	0.17	0.14466666666666667	0.13666666666666666	0.14333333333333334	0.14866666666666667	0.13333333333333333	0.12266666666666666	0.10466666666666667	0.10466666666666667	0.088	0.09333333333333334	0.07866666666666666	0.07866666666666666	0.07666666666666666	0.07133333333333333	0.06266666666666666	0.06866666666666667	0.05266666666666667	0.043333333333333335	0.038	0.042666666666666665	0.037333333333333336	0.03933333333333333	0.035333333333333335	0.030666666666666665	0.037333333333333336	0.025333333333333333	0.02266666666666667	0.02	0.025333333333333333	0.016	0.016666666666666666	0.014	0.013333333333333334	0.015333333333333332	0.016	0.008666666666666666	0.006666666666666667	0.006666666666666667	0.009333333333333334	0.004666666666666667	0.008666666666666666	0.006	0.005333333333333333	0.0026666666666666666	
1.222	1.176	1.2106666666666666	1.198	1.108	1.0846666666666667	1.05	1.048	1.0026666666666666	1.0326666666666666	0.9906666666666667	0.9466666666666667	0.912	0.884	0.866	0.834	0.8253333333333334	0.7686666666666667	0.7733333333333333	0.7513333333333333	0.6913333333333334	0.6773333333333333	0.694	0.642	0.6366666666666667	0.6346666666666667	0.604	0.5966666666666667	0.57	0.5453333333333333	0.532	0.5093333333333333	0.4653333333333333	0.46	0.448	0.458	0.41333333333333333	0.392	0.374	0.384	0.35933333333333334	0.3313333333333333	0.30333333333333334	0.31533333333333335	0.2986666666666667	0.2773333333333333	0.236	0.25866666666666666	0.20733333333333334	0.236	0.23666666666666666	0.198	0.176	0.18933333333333333	0.16333333333333333	0.148	0.14333333333333334	0.146	0.13466666666666666	0.13466666666666666	0.10733333333333334	0.09933333333333333	0.09333333333333334	0.09533333333333334	0.092	0.08666666666666667	0.08266666666666667	0.08	0.058666666666666666	0.06133333333333333	0.052	0.06133333333333333	0.06	0.058666666666666666	0.03666666666666667	0.05466666666666667	0.03866666666666667	0.036	0.027333333333333334	0.03	0.03133333333333333	0.026	0.03	0.018666666666666668	0.012666666666666666	0.020666666666666667	0.014666666666666666	0.012666666666666666	0.014666666666666666	0.009333333333333334	0.01	0.010666666666666666	0.006666666666666667	0.01	0.006	0.006	0.004	0.004	0.0033333333333333335	
1.2946666666666666	1.21	1.176	1.1173333333333333	1.1853333333333333	1.1346666666666667	1.0733333333333333	1.0853333333333333	1.0273333333333334	1.006	0.9166666666666666	0.9513333333333334	0.86	0.886	0.8986666666666666	0.84	0.8206666666666667	0.7646666666666667	0.7753333333333333	0.7033333333333334	0.7146666666666667	0.6946666666666667	0.692	0.6853333333333333	0.6513333333333333	0.6406666666666667	0.6213333333333333	0.6286666666666667	0.554	0.536	0.5306666666666666	0.5086666666666667	0.5093333333333333	0.456	0.4246666666666667	0.434	0.4026666666666667	0.41133333333333333	0.376	0.36533333333333334	0.3526666666666667	0.36666666666666664	0.3233333333333333	0.314	0.29533333333333334	0.2853333333333333	0.25933333333333336	0.2693333333333333	0.216	0.262	0.212	0.19866666666666666	0.174	0.18066666666666667	0.166	0.14466666666666667	0.14266666666666666	0.13133333333333333	0.136	0.12733333333333333	0.10866666666666666	0.112	0.10533333333333333	0.102	0.09333333333333334	0.06866666666666667	0.084	0.07066666666666667	0.06333333333333334	0.07333333333333333	0.05	0.048666666666666664	0.056666666666666664	0.046	0.04733333333333333	0.035333333333333335	0.03933333333333333	0.034	0.04	0.03133333333333333	0.03	0.018666666666666668	0.02666666666666667	0.016	0.021333333333333333	0.012	0.017333333333333333	0.018	0.008666666666666666	0.014	0.013333333333333334	0.013333333333333334	0.012666666666666666	0.006666666666666667	0.007333333333333333	0.007333333333333333	0.007333333333333333	0.004	0.0026666666666666666	
1.2286666666666666	1.252	1.25	1.1986666666666668	1.0933333333333333	1.0626666666666666	1.088	1.054	1.024	0.9606666666666667	0.954	0.9186666666666666	0.91	0.8413333333333334	0.8753333333333333	0.8146666666666667	0.788	0.7526666666666667	0.7673333333333333	0.7266666666666667	0.7686666666666667	0.6706666666666666	0.6786666666666666	0.656	0.6566666666666666	0.596	0.592	0.5646666666666667	0.556	0.5286666666666666	0.546	0.5133333333333333	0.468	0.48133333333333334	0.464	0.4033333333333333	0.4206666666666667	0.4226666666666667	0.37333333333333335	0.37666666666666665	0.3566666666666667	0.3433333333333333	0.312	0.31066666666666665	0.2773333333333333	0.26866666666666666	0.26266666666666666	0.244	0.23466666666666666	0.20866666666666667	0.218	0.18866666666666668	0.15733333333333333	0.17866666666666667	0.19533333333333333	0.14733333333333334	0.134	0.14333333333333334	0.13333333333333333	0.136	0.12133333333333333	0.10266666666666667	0.10666666666666667	0.08266666666666667	0.086	0.08066666666666666	0.07533333333333334	0.064	0.059333333333333335	0.058666666666666666	0.04666666666666667	0.056	0.048666666666666664	0.05533333333333333	0.04666666666666667	0.036	0.034666666666666665	0.035333333333333335	0.02666666666666667	0.032	0.02	0.026	0.024	0.021333333333333333	0.022	0.021333333333333333	0.016666666666666666	0.026	0.011333333333333334	0.005333333333333333	0.011333333333333334	0.010666666666666666	0.011333333333333334	0.005333333333333333	0.0013333333333333333	0.005333333333333333	0.005333333333333333	0.004	0.004	
1.2333333333333334	1.2213333333333334	1.2066666666666668	1.1653333333333333	1.1313333333333333	1.1273333333333333	1.09	1.0406666666666666	1.046	1.0013333333333334	0.9706666666666667	0.934	0.926	0.9026666666666666	0.902	0.8353333333333334	0.818	0.7773333333333333	0.7886666666666666	0.7213333333333334	0.6986666666666667	0.6946666666666667	0.668	0.666	0.6586666666666666	0.616	0.5866666666666667	0.582	0.5306666666666666	0.5433333333333333	0.506	0.508	0.4666666666666667	0.446	0.452	0.452	0.42	0.4106666666666667	0.35533333333333333	0.37133333333333335	0.3586666666666667	0.3453333333333333	0.3293333333333333	0.312	0.2813333333333333	0.296	0.27666666666666667	0.25666666666666665	0.23	0.22466666666666665	0.22133333333333333	0.2	0.17866666666666667	0.174	0.16866666666666666	0.15066666666666667	0.13666666666666666	0.12466666666666666	0.13933333333333334	0.12466666666666666	0.118	0.10333333333333333	0.09466666666666666	0.09533333333333334	0.07	0.08266666666666667	0.07866666666666666	0.07266666666666667	0.06933333333333333	0.064	0.058	0.05	0.07333333333333333	0.042666666666666665	0.048666666666666664	0.04666666666666667	0.03933333333333333	0.03266666666666666	0.036	0.032	0.026	0.021333333333333333	0.025333333333333333	0.014666666666666666	0.017333333333333333	0.023333333333333334	0.016	0.012666666666666666	0.016666666666666666	0.013333333333333334	0.010666666666666666	0.01	0.011333333333333334	0.006	0.010666666666666666	0.006	0.006	0.005333333333333333	0.004666666666666667	
1.2773333333333334	1.2646666666666666	1.2126666666666666	1.1666666666666667	1.1366666666666667	1.0633333333333332	1.0953333333333333	1.0893333333333333	0.996	1.0013333333333334	0.9686666666666667	0.9473333333333334	0.9533333333333334	0.8786666666666667	0.87	0.832	0.7846666666666666	0.7766666666666666	0.7926666666666666	0.756	0.7453333333333333	0.6913333333333334	0.652	0.636	0.63	0.6273333333333333	0.6246666666666667	0.5873333333333334	0.526	0.5293333333333333	0.504	0.49733333333333335	0.5033333333333333	0.4646666666666667	0.4593333333333333	0.424	0.4206666666666667	0.37866666666666665	0.37933333333333336	0.36466666666666664	0.35933333333333334	0.3233333333333333	0.30333333333333334	0.31533333333333335	0.2966666666666667	0.276	0.24066666666666667	0.2786666666666667	0.242	0.21666666666666667	0.22066666666666668	0.19933333333333333	0.19866666666666666	0.18933333333333333	0.16666666666666666	0.16466666666666666	0.13866666666666666	0.138	0.13866666666666666	0.13266666666666665	0.11333333333333333	0.11266666666666666	0.10533333333333333	0.10866666666666666	0.10066666666666667	0.08733333333333333	0.08333333333333333	0.07066666666666667	0.07	0.06466666666666666	0.04533333333333334	0.046	0.056666666666666664	0.05533333333333333	0.04733333333333333	0.04066666666666666	0.04533333333333334	0.035333333333333335	0.026	0.03266666666666666	0.024666666666666667	0.024	0.023333333333333334	0.017333333333333333	0.020666666666666667	0.020666666666666667	0.014666666666666666	0.016	0.011333333333333334	0.01	0.011333333333333334	0.009333333333333334	0.010666666666666666	0.010666666666666666	0.005333333333333333	0.005333333333333333	0.004666666666666667	0.007333333333333333	0.0013333333333333333	
1.2293333333333334	1.1986666666666668	1.21	1.1926666666666668	1.128	1.096	1.06	1.048	1.0046666666666666	1.004	0.962	0.9226666666666666	0.9206666666666666	0.8473333333333334	0.8866666666666667	0.8193333333333334	0.8093333333333333	0.7693333333333333	0.8146666666666667	0.7086666666666667	0.7373333333333333	0.7126666666666667	0.7013333333333334	0.6393333333333333	0.6206666666666667	0.642	0.58	0.5993333333333334	0.5566666666666666	0.5173333333333333	0.48733333333333334	0.48533333333333334	0.474	0.4686666666666667	0.41133333333333333	0.4186666666666667	0.404	0.4013333333333333	0.37666666666666665	0.36333333333333334	0.3606666666666667	0.3406666666666667	0.336	0.286	0.302	0.25533333333333336	0.266	0.25066666666666665	0.22	0.23066666666666666	0.216	0.19866666666666666	0.19133333333333333	0.18333333333333332	0.164	0.16733333333333333	0.172	0.132	0.136	0.13066666666666665	0.10333333333333333	0.10866666666666666	0.10133333333333333	0.08733333333333333	0.08933333333333333	0.08266666666666667	0.08	0.06466666666666666	0.06666666666666667	0.06666666666666667	0.06066666666666667	0.05266666666666667	0.05	0.042666666666666665	0.04466666666666667	0.038	0.038	0.04533333333333334	0.035333333333333335	0.020666666666666667	0.026	0.028666666666666667	0.03	0.021333333333333333	0.020666666666666667	0.014666666666666666	0.007333333333333333	0.016	0.014	0.013333333333333334	0.008	0.009333333333333334	0.01	0.008	0.004666666666666667	0.005333333333333333	0.004666666666666667	0.007333333333333333	0.0033333333333333335	
1.2593333333333334	1.234	1.172	1.1446666666666667	1.0953333333333333	1.1186666666666667	1.0826666666666667	0.9986666666666667	1.0193333333333334	0.9946666666666667	0.9526666666666667	0.9213333333333333	0.9006666666666666	0.894	0.8753333333333333	0.8333333333333334	0.858	0.824	0.7626666666666667	0.7306666666666667	0.7626666666666667	0.678	0.6933333333333334	0.662	0.6086666666666667	0.5746666666666667	0.6153333333333333	0.556	0.5573333333333333	0.526	0.542	0.478	0.4573333333333333	0.43333333333333335	0.444	0.416	0.4093333333333333	0.406	0.3546666666666667	0.33066666666666666	0.3546666666666667	0.3353333333333333	0.292	0.30733333333333335	0.294	0.27	0.24733333333333332	0.23733333333333334	0.22666666666666666	0.234	0.214	0.20866666666666667	0.16466666666666666	0.16466666666666666	0.17066666666666666	0.15066666666666667	0.15333333333333332	0.138	0.138	0.12533333333333332	0.136	0.10266666666666667	0.082	0.09333333333333334	0.07466666666666667	0.07933333333333334	0.07266666666666667	0.07666666666666666	0.072	0.068	0.06066666666666667	0.051333333333333335	0.056	0.048666666666666664	0.04933333333333333	0.04133333333333333	0.03866666666666667	0.030666666666666665	0.03333333333333333	0.028666666666666667	0.02266666666666667	0.02266666666666667	0.019333333333333334	0.013333333333333334	0.022	0.014666666666666666	0.016666666666666666	0.016666666666666666	0.006666666666666667	0.01	0.013333333333333334	0.008	0.01	0.006	0.006	0.006666666666666667	0.006	0.004	0.004666666666666667	
1.2246666666666666	1.234	1.198	1.13	1.134	1.0806666666666667	1.0406666666666666	1.0233333333333334	1.0153333333333334	0.98	0.9586666666666667	0.9213333333333333	0.8886666666666667	0.884	0.848	0.8233333333333334	0.8573333333333333	0.8146666666666667	0.7526666666666667	0.7353333333333333	0.7313333333333333	0.69	0.7286666666666667	0.6446666666666667	0.6406666666666667	0.606	0.5773333333333334	0.5586666666666666	0.5313333333333333	0.536	0.508	0.508	0.4613333333333333	0.44533333333333336	0.4613333333333333	0.442	0.41133333333333333	0.40066666666666667	0.36666666666666664	0.388	0.348	0.3506666666666667	0.31933333333333336	0.2886666666666667	0.2906666666666667	0.2773333333333333	0.2786666666666667	0.25666666666666665	0.22866666666666666	0.22533333333333333	0.22066666666666668	0.19866666666666666	0.18133333333333335	0.17866666666666667	0.16466666666666666	0.16266666666666665	0.15066666666666667	0.134	0.12666666666666668	0.12733333333333333	0.14066666666666666	0.10533333333333333	0.11	0.09266666666666666	0.084	0.07733333333333334	0.074	0.072	0.068	0.066	0.04933333333333333	0.064	0.048	0.044	0.04666666666666667	0.04	0.038	0.035333333333333335	0.032	0.03133333333333333	0.024	0.024666666666666667	0.025333333333333333	0.022	0.02266666666666667	0.019333333333333334	0.014666666666666666	0.013333333333333334	0.005333333333333333	0.014	0.014666666666666666	0.008666666666666666	0.008666666666666666	0.006	0.008666666666666666	0.005333333333333333	0.006	0.0026666666666666666	0.0013333333333333333	
1.248	1.266	1.1746666666666667	1.1866666666666668	1.1173333333333333	1.0493333333333332	1.032	1.09	1.0373333333333334	0.932	0.976	0.9433333333333334	0.9193333333333333	0.8706666666666667	0.89	0.8193333333333334	0.8086666666666666	0.7813333333333333	0.768	0.734	0.7346666666666667	0.7133333333333334	0.6753333333333333	0.652	0.6206666666666667	0.604	0.5913333333333334	0.576	0.542	0.5273333333333333	0.5106666666666667	0.48133333333333334	0.474	0.5266666666666666	0.43466666666666665	0.452	0.40066666666666667	0.412	0.3566666666666667	0.3446666666666667	0.342	0.30733333333333335	0.306	0.302	0.294	0.268	0.2753333333333333	0.25333333333333335	0.23266666666666666	0.23666666666666666	0.19733333333333333	0.194	0.20133333333333334	0.188	0.162	0.16	0.14733333333333334	0.142	0.14	0.11266666666666666	0.10733333333333334	0.1	0.086	0.09	0.07333333333333333	0.09533333333333334	0.08	0.06466666666666666	0.06466666666666666	0.062	0.062	0.054	0.052	0.044	0.052	0.04066666666666666	0.03133333333333333	0.037333333333333336	0.021333333333333333	0.03666666666666667	0.032	0.027333333333333334	0.025333333333333333	0.02266666666666667	0.02266666666666667	0.016666666666666666	0.014	0.007333333333333333	0.010666666666666666	0.014	0.009333333333333334	0.006	0.012	0.008666666666666666	0.006666666666666667	0.012666666666666666	0.004666666666666667	0.004666666666666667	0.0033333333333333335	
1.254	1.2326666666666666	1.1806666666666668	1.1573333333333333	1.1173333333333333	1.08	1.0906666666666667	1.0306666666666666	1.012	0.95	0.9326666666666666	0.9153333333333333	0.898	0.9013333333333333	0.91	0.8413333333333334	0.808	0.816	0.7773333333333333	0.7133333333333334	0.7366666666666667	0.732	0.6446666666666667	0.6206666666666667	0.6186666666666667	0.6026666666666667	0.572	0.5873333333333334	0.5273333333333333	0.5626666666666666	0.52	0.5226666666666666	0.488	0.43666666666666665	0.424	0.4146666666666667	0.402	0.442	0.36933333333333335	0.3426666666666667	0.318	0.3333333333333333	0.31533333333333335	0.31733333333333336	0.2966666666666667	0.26266666666666666	0.26	0.25066666666666665	0.24666666666666667	0.23066666666666666	0.22066666666666668	0.19933333333333333	0.20733333333333334	0.18466666666666667	0.15133333333333332	0.15266666666666667	0.15133333333333332	0.138	0.128	0.116	0.09733333333333333	0.08866666666666667	0.10666666666666667	0.10266666666666667	0.07533333333333334	0.08266666666666667	0.084	0.086	0.072	0.07066666666666667	0.056666666666666664	0.048	0.05	0.05333333333333334	0.05466666666666667	0.03866666666666667	0.042	0.038	0.029333333333333333	0.032	0.028	0.027333333333333334	0.019333333333333334	0.018	0.020666666666666667	0.015333333333333332	0.02	0.010666666666666666	0.008	0.014666666666666666	0.007333333333333333	0.012666666666666666	0.007333333333333333	0.006666666666666667	0.0033333333333333335	0.009333333333333334	0.006666666666666667	0.007333333333333333	0.005333333333333333	
1.276	1.2893333333333334	1.2073333333333334	1.1686666666666667	1.1253333333333333	1.0873333333333333	1.0413333333333334	1.014	0.9973333333333333	1.004	1.0226666666666666	0.9453333333333334	0.9206666666666666	0.8893333333333333	0.8773333333333333	0.834	0.8173333333333334	0.8	0.8026666666666666	0.702	0.688	0.6573333333333333	0.7113333333333334	0.6186666666666667	0.6053333333333333	0.6286666666666667	0.5873333333333334	0.5673333333333334	0.56	0.526	0.526	0.5166666666666667	0.458	0.4186666666666667	0.4166666666666667	0.432	0.4086666666666667	0.4146666666666667	0.39866666666666667	0.3406666666666667	0.33666666666666667	0.3453333333333333	0.29733333333333334	0.30466666666666664	0.28933333333333333	0.25866666666666666	0.25933333333333336	0.23133333333333334	0.24333333333333335	0.22866666666666666	0.198	0.18333333333333332	0.192	0.18133333333333335	0.17066666666666666	0.14866666666666667	0.13866666666666666	0.14133333333333334	0.12533333333333332	0.11066666666666666	0.10866666666666666	0.102	0.09866666666666667	0.09066666666666667	0.09133333333333334	0.08533333333333333	0.078	0.07	0.06466666666666666	0.07333333333333333	0.05733333333333333	0.05	0.04733333333333333	0.048	0.04133333333333333	0.038	0.042	0.03133333333333333	0.024	0.028666666666666667	0.020666666666666667	0.02266666666666667	0.02666666666666667	0.020666666666666667	0.018666666666666668	0.024666666666666667	0.013333333333333334	0.012666666666666666	0.012	0.008	0.012666666666666666	0.008666666666666666	0.01	0.008666666666666666	0.011333333333333334	0.006666666666666667	0.0026666666666666666	0.004666666666666667	0.0033333333333333335	
1.2546666666666666	1.2693333333333334	1.22	1.182	1.1086666666666667	1.102	1.0773333333333333	1.0493333333333332	1.008	0.9673333333333334	0.9253333333333333	0.8833333333333333	0.9166666666666666	0.8253333333333334	0.918	0.8026666666666666	0.856	0.7373333333333333	0.7566666666666667	0.712	0.702	0.6966666666666667	0.6713333333333333	0.632	0.62	0.5946666666666667	0.5973333333333334	0.546	0.5493333333333333	0.5546666666666666	0.538	0.4866666666666667	0.5213333333333333	0.43266666666666664	0.42133333333333334	0.44866666666666666	0.412	0.43	0.36	0.4126666666666667	0.3526666666666667	0.354	0.31333333333333335	0.32466666666666666	0.2946666666666667	0.276	0.2793333333333333	0.238	0.23333333333333334	0.22	0.21266666666666667	0.22733333333333333	0.18466666666666667	0.17533333333333334	0.15533333333333332	0.15533333333333332	0.13133333333333333	0.12866666666666668	0.13933333333333334	0.12933333333333333	0.11533333333333333	0.11066666666666666	0.106	0.092	0.09266666666666666	0.08733333333333333	0.08666666666666667	0.086	0.06466666666666666	0.06866666666666667	0.06933333333333333	0.05733333333333333	0.051333333333333335	0.04466666666666667	0.048	0.04533333333333334	0.03666666666666667	0.038	0.037333333333333336	0.03133333333333333	0.03266666666666666	0.021333333333333333	0.021333333333333333	0.018	0.022	0.018	0.019333333333333334	0.015333333333333332	0.011333333333333334	0.014666666666666666	0.01	0.01	0.016	0.01	0.007333333333333333	0.006666666666666667	0.004	0.0026666666666666666	0.0033333333333333335	
1.2846666666666666	1.21	1.1786666666666668	1.1093333333333333	1.1113333333333333	1.0813333333333333	1.0653333333333332	1.01	0.9973333333333333	0.988	0.976	0.9233333333333333	0.932	0.9093333333333333	0.88	0.828	0.8333333333333334	0.7793333333333333	0.7773333333333333	0.734	0.74	0.6873333333333334	0.66	0.6346666666666667	0.6473333333333333	0.614	0.5906666666666667	0.566	0.5473333333333333	0.5286666666666666	0.5613333333333334	0.5306666666666666	0.5	0.4533333333333333	0.442	0.44133333333333336	0.398	0.41533333333333333	0.38266666666666665	0.37133333333333335	0.3426666666666667	0.318	0.31666666666666665	0.318	0.2693333333333333	0.2826666666666667	0.27266666666666667	0.254	0.23333333333333334	0.216	0.20066666666666666	0.20866666666666667	0.17866666666666667	0.182	0.17666666666666667	0.13733333333333334	0.15533333333333332	0.14733333333333334	0.122	0.10933333333333334	0.10266666666666667	0.10066666666666667	0.10866666666666666	0.08733333333333333	0.08133333333333333	0.084	0.08	0.06266666666666666	0.06666666666666667	0.06866666666666667	0.048666666666666664	0.044	0.05333333333333334	0.04	0.046	0.03333333333333333	0.03333333333333333	0.028666666666666667	0.048	0.04066666666666666	0.026	0.02666666666666667	0.024	0.022	0.02266666666666667	0.016	0.018	0.013333333333333334	0.023333333333333334	0.014	0.005333333333333333	0.01	0.007333333333333333	0.008666666666666666	0.006	0.0033333333333333335	0.0033333333333333335	0.006666666666666667	0.0033333333333333335	
1.286	1.2346666666666666	1.1893333333333334	1.2053333333333334	1.1786666666666668	1.0333333333333334	1.0053333333333334	1.0346666666666666	1.0046666666666666	0.9986666666666667	0.9806666666666667	0.9346666666666666	0.8566666666666667	0.8946666666666667	0.8766666666666667	0.7926666666666666	0.7826666666666666	0.7626666666666667	0.7393333333333333	0.7193333333333334	0.7106666666666667	0.6433333333333333	0.6853333333333333	0.668	0.6206666666666667	0.6353333333333333	0.598	0.5613333333333334	0.526	0.5706666666666667	0.5386666666666666	0.48333333333333334	0.4886666666666667	0.45866666666666667	0.4246666666666667	0.4673333333333333	0.43466666666666665	0.3973333333333333	0.36866666666666664	0.384	0.36533333333333334	0.336	0.316	0.29333333333333333	0.254	0.27266666666666667	0.2733333333333333	0.246	0.248	0.22733333333333333	0.222	0.17866666666666667	0.20533333333333334	0.15933333333333333	0.16933333333333334	0.15133333333333332	0.14333333333333334	0.14666666666666667	0.14066666666666666	0.10866666666666666	0.13	0.10066666666666667	0.11133333333333334	0.08733333333333333	0.08133333333333333	0.07933333333333334	0.07533333333333334	0.07	0.064	0.06266666666666666	0.05733333333333333	0.06	0.05	0.04533333333333334	0.05333333333333334	0.04466666666666667	0.046	0.03	0.04066666666666666	0.03266666666666666	0.03266666666666666	0.023333333333333334	0.021333333333333333	0.02266666666666667	0.014666666666666666	0.02	0.016	0.018666666666666668	0.014	0.008	0.009333333333333334	0.014666666666666666	0.007333333333333333	0.006666666666666667	0.009333333333333334	0.011333333333333334	0.0013333333333333333	0.005333333333333333	0.0026666666666666666	
1.246	1.228	1.148	1.1733333333333333	1.1233333333333333	1.1186666666666667	1.048	1.0233333333333334	1.0146666666666666	0.97	0.9446666666666667	0.9266666666666666	0.9446666666666667	0.8426666666666667	0.8706666666666667	0.7793333333333333	0.8386666666666667	0.774	0.746	0.7493333333333333	0.742	0.6666666666666666	0.6553333333333333	0.6533333333333333	0.6126666666666667	0.59	0.624	0.5513333333333333	0.5546666666666666	0.5393333333333333	0.5166666666666667	0.492	0.49933333333333335	0.462	0.45	0.43066666666666664	0.3933333333333333	0.37733333333333335	0.38133333333333336	0.36933333333333335	0.36866666666666664	0.33266666666666667	0.304	0.308	0.30133333333333334	0.27466666666666667	0.25866666666666666	0.2633333333333333	0.212	0.23266666666666666	0.21466666666666667	0.188	0.20666666666666667	0.16	0.154	0.16666666666666666	0.14466666666666667	0.146	0.136	0.112	0.11466666666666667	0.11266666666666666	0.11	0.10066666666666667	0.08733333333333333	0.07933333333333334	0.082	0.08133333333333333	0.07	0.06133333333333333	0.07	0.05466666666666667	0.04733333333333333	0.03666666666666667	0.042	0.04733333333333333	0.03866666666666667	0.038	0.030666666666666665	0.034	0.028666666666666667	0.03	0.03	0.02	0.016666666666666666	0.016666666666666666	0.018666666666666668	0.010666666666666666	0.008	0.01	0.010666666666666666	0.012666666666666666	0.01	0.006666666666666667	0.006	0.004666666666666667	0.007333333333333333	0.004666666666666667	0.006	
1.2493333333333334	1.2713333333333334	1.168	1.1933333333333334	1.1153333333333333	1.072	1.0306666666666666	1.0626666666666666	0.9873333333333333	0.974	0.932	0.9253333333333333	0.9193333333333333	0.824	0.8573333333333333	0.824	0.772	0.8033333333333333	0.752	0.7566666666666667	0.694	0.7013333333333334	0.6586666666666666	0.6593333333333333	0.6153333333333333	0.598	0.5913333333333334	0.5666666666666667	0.5673333333333334	0.55	0.5046666666666667	0.474	0.4593333333333333	0.5193333333333333	0.436	0.4146666666666667	0.4126666666666667	0.38533333333333336	0.364	0.38333333333333336	0.32466666666666666	0.31733333333333336	0.32066666666666666	0.2946666666666667	0.2653333333333333	0.286	0.24066666666666667	0.254	0.23533333333333334	0.20733333333333334	0.22066666666666668	0.17933333333333334	0.18066666666666667	0.17533333333333334	0.164	0.15666666666666668	0.14533333333333334	0.12333333333333334	0.134	0.12866666666666668	0.11466666666666667	0.10533333333333333	0.09533333333333334	0.09333333333333334	0.08533333333333333	0.064	0.07533333333333334	0.08066666666666666	0.058666666666666666	0.04933333333333333	0.051333333333333335	0.056666666666666664	0.05533333333333333	0.05333333333333334	0.034666666666666665	0.036	0.04066666666666666	0.029333333333333333	0.030666666666666665	0.027333333333333334	0.028	0.028666666666666667	0.02266666666666667	0.021333333333333333	0.013333333333333334	0.011333333333333334	0.016666666666666666	0.013333333333333334	0.016666666666666666	0.008666666666666666	0.013333333333333334	0.008	0.006	0.008	0.008666666666666666	0.010666666666666666	0.008666666666666666	0.0026666666666666666	0.0026666666666666666	
1.24	1.2313333333333334	1.148	1.1513333333333333	1.0686666666666667	1.0846666666666667	1.0513333333333332	1.0093333333333334	0.9713333333333334	1.0086666666666666	0.9626666666666667	0.9206666666666666	0.8953333333333333	0.8666666666666667	0.858	0.8173333333333334	0.818	0.776	0.7286666666666667	0.6993333333333334	0.7506666666666667	0.6993333333333334	0.6553333333333333	0.6666666666666666	0.6406666666666667	0.5986666666666667	0.5793333333333334	0.5393333333333333	0.5386666666666666	0.5693333333333334	0.494	0.49066666666666664	0.5013333333333333	0.468	0.44466666666666665	0.41333333333333333	0.37	0.39	0.38066666666666665	0.372	0.318	0.342	0.336	0.318	0.30533333333333335	0.29133333333333333	0.25	0.25933333333333336	0.24533333333333332	0.24533333333333332	0.21933333333333332	0.21133333333333335	0.19933333333333333	0.172	0.162	0.15133333333333332	0.12733333333333333	0.13533333333333333	0.11133333333333334	0.126	0.11333333333333333	0.106	0.086	0.09133333333333334	0.10066666666666667	0.08666666666666667	0.07066666666666667	0.07133333333333333	0.07133333333333333	0.05733333333333333	0.05533333333333333	0.05533333333333333	0.06466666666666666	0.056666666666666664	0.044	0.044	0.042	0.03	0.029333333333333333	0.023333333333333334	0.03333333333333333	0.024	0.025333333333333333	0.021333333333333333	0.015333333333333332	0.02	0.014	0.012666666666666666	0.016	0.012666666666666666	0.007333333333333333	0.007333333333333333	0.01	0.006666666666666667	0.009333333333333334	0.005333333333333333	0.005333333333333333	0.002	0.004666666666666667	
1.2693333333333334	1.2	1.1993333333333334	1.124	1.1413333333333333	1.1106666666666667	1.112	0.9933333333333333	1.002	0.9493333333333334	0.9433333333333334	0.9186666666666666	0.8986666666666666	0.872	0.824	0.8593333333333333	0.7626666666666667	0.7886666666666666	0.816	0.754	0.71	0.6746666666666666	0.6666666666666666	0.6686666666666666	0.6106666666666667	0.598	0.5973333333333334	0.5826666666666667	0.532	0.5586666666666666	0.5033333333333333	0.48933333333333334	0.45866666666666667	0.47	0.42733333333333334	0.42866666666666664	0.41	0.4146666666666667	0.37866666666666665	0.392	0.36466666666666664	0.3393333333333333	0.31533333333333335	0.2786666666666667	0.26266666666666666	0.2753333333333333	0.26266666666666666	0.26	0.206	0.21466666666666667	0.194	0.224	0.19066666666666668	0.16533333333333333	0.172	0.14266666666666666	0.14933333333333335	0.13133333333333333	0.13666666666666666	0.11666666666666667	0.128	0.11333333333333333	0.11466666666666667	0.08266666666666667	0.10333333333333333	0.06266666666666666	0.086	0.07733333333333334	0.06866666666666667	0.05333333333333334	0.058666666666666666	0.056666666666666664	0.058666666666666666	0.042666666666666665	0.054	0.051333333333333335	0.042666666666666665	0.03	0.03666666666666667	0.028666666666666667	0.024666666666666667	0.026	0.029333333333333333	0.026	0.018666666666666668	0.02	0.012	0.013333333333333334	0.014666666666666666	0.008666666666666666	0.014	0.006666666666666667	0.007333333333333333	0.005333333333333333	0.010666666666666666	0.006666666666666667	0.006666666666666667	0.004666666666666667	0.006	
1.2826666666666666	1.1613333333333333	1.136	1.1413333333333333	1.0633333333333332	1.0626666666666666	1.054	1.0786666666666667	0.9946666666666667	0.97	0.906	0.8553333333333333	0.8946666666666667	0.8613333333333333	0.8606666666666667	0.798	0.8233333333333334	0.8033333333333333	0.7573333333333333	0.7726666666666666	0.7193333333333334	0.6913333333333334	0.676	0.6533333333333333	0.6053333333333333	0.6053333333333333	0.6193333333333333	0.5753333333333334	0.5733333333333334	0.526	0.49533333333333335	0.5133333333333333	0.5066666666666667	0.4646666666666667	0.436	0.426	0.4126666666666667	0.3953333333333333	0.38	0.376	0.376	0.3453333333333333	0.336	0.326	0.29133333333333333	0.282	0.2693333333333333	0.24466666666666667	0.23133333333333334	0.218	0.208	0.19266666666666668	0.17666666666666667	0.18933333333333333	0.18466666666666667	0.168	0.15533333333333332	0.12866666666666668	0.13133333333333333	0.104	0.12466666666666666	0.11466666666666667	0.106	0.07933333333333334	0.08733333333333333	0.06866666666666667	0.06666666666666667	0.08333333333333333	0.059333333333333335	0.06533333333333333	0.05333333333333334	0.042	0.048	0.042	0.04666666666666667	0.044	0.046	0.034	0.02266666666666667	0.024666666666666667	0.024666666666666667	0.022	0.027333333333333334	0.018666666666666668	0.016	0.010666666666666666	0.011333333333333334	0.010666666666666666	0.016666666666666666	0.013333333333333334	0.008	0.010666666666666666	0.006	0.007333333333333333	0.008666666666666666	0.008	0.004666666666666667	0.004	0.004666666666666667	
1.296	1.27	1.13	1.182	1.1133333333333333	1.088	1.0206666666666666	1.0486666666666666	0.9933333333333333	1.0086666666666666	0.9773333333333334	0.9386666666666666	0.946	0.8646666666666667	0.8173333333333334	0.7926666666666666	0.79	0.7873333333333333	0.7793333333333333	0.6726666666666666	0.7013333333333334	0.7073333333333334	0.684	0.6353333333333333	0.6513333333333333	0.618	0.608	0.562	0.552	0.554	0.5	0.4746666666666667	0.488	0.4706666666666667	0.39266666666666666	0.4206666666666667	0.41533333333333333	0.378	0.398	0.35533333333333333	0.34933333333333333	0.336	0.32466666666666666	0.2946666666666667	0.29133333333333333	0.2813333333333333	0.23866666666666667	0.25866666666666666	0.216	0.222	0.212	0.212	0.18733333333333332	0.18533333333333332	0.152	0.166	0.16333333333333333	0.13533333333333333	0.12333333333333334	0.12466666666666666	0.12	0.10733333333333334	0.09666666666666666	0.09133333333333334	0.082	0.08333333333333333	0.076	0.06466666666666666	0.06733333333333333	0.052	0.06666666666666667	0.052	0.043333333333333335	0.056	0.032	0.04066666666666666	0.03933333333333333	0.036	0.03666666666666667	0.026	0.03133333333333333	0.016666666666666666	0.022	0.018	0.016666666666666666	0.018	0.014	0.015333333333333332	0.014666666666666666	0.014	0.016	0.009333333333333334	0.01	0.008666666666666666	0.008666666666666666	0.006	0.008	0.002	0.005333333333333333	
1.212	1.2766666666666666	1.1773333333333333	1.1773333333333333	1.106	1.0546666666666666	1.0706666666666667	1.066	0.972	0.9733333333333334	0.9553333333333334	0.9013333333333333	0.93	0.8293333333333334	0.866	0.81	0.818	0.7966666666666666	0.744	0.728	0.7073333333333334	0.7206666666666667	0.6533333333333333	0.6326666666666667	0.6466666666666666	0.632	0.5993333333333334	0.5686666666666667	0.5873333333333334	0.5313333333333333	0.5333333333333333	0.5053333333333333	0.4746666666666667	0.46066666666666667	0.42	0.418	0.3933333333333333	0.37733333333333335	0.37933333333333336	0.37466666666666665	0.32866666666666666	0.348	0.3313333333333333	0.30333333333333334	0.29	0.26866666666666666	0.242	0.25	0.24133333333333334	0.248	0.21866666666666668	0.19866666666666666	0.19133333333333333	0.194	0.15266666666666667	0.16	0.12333333333333334	0.154	0.11533333333333333	0.12266666666666666	0.11666666666666667	0.12266666666666666	0.11133333333333334	0.09266666666666666	0.08933333333333333	0.07333333333333333	0.076	0.068	0.07866666666666666	0.074	0.06933333333333333	0.044	0.058666666666666666	0.038	0.04066666666666666	0.036	0.04133333333333333	0.030666666666666665	0.028	0.028666666666666667	0.028666666666666667	0.020666666666666667	0.03	0.02	0.022	0.012666666666666666	0.015333333333333332	0.016	0.012666666666666666	0.013333333333333334	0.008666666666666666	0.005333333333333333	0.004666666666666667	0.007333333333333333	0.006666666666666667	0.006666666666666667	0.004	0.0033333333333333335	0.0026666666666666666	
1.294	1.208	1.1873333333333334	1.1533333333333333	1.052	1.1106666666666667	1.1153333333333333	1.002	0.992	0.9893333333333333	0.94	0.916	0.9033333333333333	0.88	0.838	0.8306666666666667	0.8346666666666667	0.758	0.7573333333333333	0.728	0.7426666666666667	0.68	0.7046666666666667	0.6526666666666666	0.6406666666666667	0.6093333333333333	0.5986666666666667	0.5666666666666667	0.564	0.5813333333333334	0.5006666666666667	0.49933333333333335	0.4826666666666667	0.44533333333333336	0.47333333333333333	0.4186666666666667	0.43133333333333335	0.3873333333333333	0.37133333333333335	0.37533333333333335	0.35933333333333334	0.37133333333333335	0.30866666666666664	0.3006666666666667	0.2886666666666667	0.276	0.248	0.278	0.262	0.232	0.21266666666666667	0.202	0.192	0.17666666666666667	0.17133333333333334	0.16	0.142	0.144	0.12533333333333332	0.12066666666666667	0.12533333333333332	0.11733333333333333	0.09466666666666666	0.092	0.094	0.08066666666666666	0.07733333333333334	0.07133333333333333	0.06666666666666667	0.07133333333333333	0.062	0.056	0.056666666666666664	0.052	0.042666666666666665	0.044	0.035333333333333335	0.04533333333333334	0.027333333333333334	0.034	0.02666666666666667	0.025333333333333333	0.021333333333333333	0.02266666666666667	0.012666666666666666	0.017333333333333333	0.016666666666666666	0.01	0.014	0.010666666666666666	0.008666666666666666	0.009333333333333334	0.006	0.011333333333333334	0.006	0.006	0.004666666666666667	0.004666666666666667	0.004	
1.2633333333333334	1.2193333333333334	1.19	1.1353333333333333	1.1	1.0733333333333333	1.05	1.01	0.972	0.9366666666666666	0.9453333333333334	0.9273333333333333	0.8946666666666667	0.906	0.8506666666666667	0.804	0.8006666666666666	0.778	0.7906666666666666	0.7113333333333334	0.682	0.6953333333333334	0.6786666666666666	0.6453333333333333	0.67	0.594	0.6	0.5653333333333334	0.568	0.556	0.49866666666666665	0.48933333333333334	0.4826666666666667	0.4766666666666667	0.446	0.414	0.4186666666666667	0.38333333333333336	0.3473333333333333	0.382	0.354	0.336	0.3313333333333333	0.31266666666666665	0.2946666666666667	0.2753333333333333	0.27	0.24733333333333332	0.23266666666666666	0.24533333333333332	0.19266666666666668	0.212	0.19533333333333333	0.18333333333333332	0.16	0.158	0.152	0.116	0.14666666666666667	0.11866666666666667	0.114	0.106	0.09	0.09666666666666666	0.1	0.06666666666666667	0.07866666666666666	0.076	0.059333333333333335	0.06266666666666666	0.044	0.04733333333333333	0.06133333333333333	0.052	0.04	0.03333333333333333	0.038	0.042	0.034666666666666665	0.026	0.024666666666666667	0.022	0.03133333333333333	0.018666666666666668	0.018666666666666668	0.018	0.012666666666666666	0.018666666666666668	0.010666666666666666	0.01	0.011333333333333334	0.009333333333333334	0.010666666666666666	0.008666666666666666	0.007333333333333333	0.006666666666666667	0.004666666666666667	0.004666666666666667	0.004666666666666667	
1.1906666666666668	1.236	1.184	1.1566666666666667	1.1133333333333333	1.0573333333333332	1.0786666666666667	1.0686666666666667	1.0106666666666666	0.9673333333333334	0.9253333333333333	0.8793333333333333	0.9213333333333333	0.8946666666666667	0.86	0.7953333333333333	0.8193333333333334	0.7873333333333333	0.768	0.7693333333333333	0.702	0.7006666666666667	0.686	0.6546666666666666	0.6466666666666666	0.618	0.6066666666666667	0.5433333333333333	0.556	0.5326666666666666	0.5146666666666667	0.5226666666666666	0.4653333333333333	0.4713333333333333	0.43466666666666665	0.398	0.43533333333333335	0.39866666666666667	0.366	0.3466666666666667	0.3466666666666667	0.318	0.31333333333333335	0.298	0.30266666666666664	0.2613333333333333	0.24	0.25466666666666665	0.252	0.20266666666666666	0.21266666666666667	0.19333333333333333	0.18866666666666668	0.15666666666666668	0.174	0.154	0.148	0.148	0.12866666666666668	0.11466666666666667	0.11866666666666667	0.09733333333333333	0.10666666666666667	0.09666666666666666	0.07933333333333334	0.088	0.082	0.059333333333333335	0.06533333333333333	0.058666666666666666	0.066	0.056	0.05266666666666667	0.04666666666666667	0.046	0.04733333333333333	0.03866666666666667	0.037333333333333336	0.03333333333333333	0.02666666666666667	0.024666666666666667	0.027333333333333334	0.018	0.018	0.012666666666666666	0.021333333333333333	0.017333333333333333	0.018666666666666668	0.01	0.012666666666666666	0.007333333333333333	0.012666666666666666	0.009333333333333334	0.004666666666666667	0.006	0.009333333333333334	0.0026666666666666666	0.004	0.0013333333333333333	
1.248	1.1706666666666667	1.1753333333333333	1.182	1.1206666666666667	1.1413333333333333	1.0346666666666666	1.0353333333333334	1.0113333333333334	0.9786666666666667	0.95	0.904	0.9313333333333333	0.8553333333333333	0.85	0.8066666666666666	0.816	0.766	0.8106666666666666	0.7213333333333334	0.714	0.7293333333333333	0.652	0.644	0.6086666666666667	0.564	0.6193333333333333	0.5826666666666667	0.5446666666666666	0.532	0.52	0.4806666666666667	0.484	0.48733333333333334	0.428	0.42866666666666664	0.41733333333333333	0.39	0.362	0.35933333333333334	0.38666666666666666	0.35133333333333333	0.30866666666666664	0.306	0.29533333333333334	0.26	0.256	0.25733333333333336	0.218	0.23866666666666667	0.2	0.202	0.18733333333333332	0.17333333333333334	0.17	0.15666666666666668	0.15133333333333332	0.13066666666666665	0.13466666666666666	0.11	0.09733333333333333	0.104	0.10266666666666667	0.08066666666666666	0.09533333333333334	0.094	0.074	0.07066666666666667	0.07266666666666667	0.07866666666666666	0.06066666666666667	0.06266666666666666	0.06066666666666667	0.05333333333333334	0.051333333333333335	0.034	0.035333333333333335	0.03	0.03333333333333333	0.029333333333333333	0.024666666666666667	0.025333333333333333	0.022	0.014666666666666666	0.019333333333333334	0.024	0.022	0.014666666666666666	0.004666666666666667	0.015333333333333332	0.009333333333333334	0.012666666666666666	0.005333333333333333	0.005333333333333333	0.005333333333333333	0.007333333333333333	0.004666666666666667	0.006666666666666667	0.004	
1.2233333333333334	1.1766666666666667	1.1386666666666667	1.102	1.11	1.1026666666666667	1.0373333333333334	0.9966666666666667	0.982	1.0	0.9533333333333334	0.9353333333333333	0.902	0.8853333333333333	0.8713333333333333	0.862	0.8493333333333334	0.7933333333333333	0.7173333333333334	0.7446666666666667	0.73	0.712	0.648	0.6306666666666667	0.624	0.582	0.578	0.5913333333333334	0.576	0.572	0.498	0.5013333333333333	0.48733333333333334	0.448	0.43666666666666665	0.4246666666666667	0.384	0.39466666666666667	0.38266666666666665	0.372	0.3333333333333333	0.33	0.318	0.2886666666666667	0.278	0.26466666666666666	0.26066666666666666	0.24333333333333335	0.216	0.21933333333333332	0.20066666666666666	0.19666666666666666	0.17533333333333334	0.15866666666666668	0.152	0.162	0.16866666666666666	0.11666666666666667	0.12733333333333333	0.11666666666666667	0.11466666666666667	0.10933333333333334	0.106	0.09266666666666666	0.09133333333333334	0.086	0.068	0.058666666666666666	0.066	0.062	0.06533333333333333	0.05466666666666667	0.052	0.042	0.03933333333333333	0.04733333333333333	0.04066666666666666	0.03133333333333333	0.03	0.028	0.024666666666666667	0.018666666666666668	0.022	0.021333333333333333	0.021333333333333333	0.023333333333333334	0.018	0.01	0.011333333333333334	0.011333333333333334	0.013333333333333334	0.004666666666666667	0.018666666666666668	0.008	0.008	0.006666666666666667	0.006	0.0033333333333333335	0.0033333333333333335	
1.21	1.2046666666666668	1.1633333333333333	1.1526666666666667	1.1886666666666668	1.108	1.042	1.0213333333333334	1.026	0.976	0.9393333333333334	0.9166666666666666	0.9006666666666666	0.8933333333333333	0.8726666666666667	0.8146666666666667	0.7926666666666666	0.7613333333333333	0.7946666666666666	0.7366666666666667	0.704	0.718	0.6693333333333333	0.6446666666666667	0.6306666666666667	0.6246666666666667	0.6033333333333334	0.5986666666666667	0.5333333333333333	0.5326666666666666	0.5246666666666666	0.5606666666666666	0.474	0.466	0.4693333333333333	0.4053333333333333	0.3933333333333333	0.41533333333333333	0.37333333333333335	0.3486666666666667	0.314	0.3473333333333333	0.3273333333333333	0.2633333333333333	0.27666666666666667	0.27	0.24333333333333335	0.254	0.224	0.21533333333333332	0.184	0.19333333333333333	0.178	0.17533333333333334	0.156	0.154	0.15733333333333333	0.134	0.10933333333333334	0.10733333333333334	0.096	0.106	0.10466666666666667	0.08666666666666667	0.08466666666666667	0.08333333333333333	0.074	0.07	0.054	0.062	0.06533333333333333	0.06133333333333333	0.04933333333333333	0.046	0.04066666666666666	0.038	0.04066666666666666	0.036	0.044	0.030666666666666665	0.022	0.03333333333333333	0.026	0.024666666666666667	0.016666666666666666	0.02	0.021333333333333333	0.016666666666666666	0.01	0.008666666666666666	0.009333333333333334	0.006	0.008	0.006	0.009333333333333334	0.004666666666666667	0.005333333333333333	0.0033333333333333335	0.002	
1.2113333333333334	1.2233333333333334	1.1653333333333333	1.136	1.1353333333333333	1.0866666666666667	1.048	1.0413333333333334	0.9613333333333334	0.9673333333333334	0.9353333333333333	0.91	0.9066666666666666	0.842	0.892	0.8266666666666667	0.8013333333333333	0.7766666666666666	0.7453333333333333	0.7406666666666667	0.708	0.678	0.6786666666666666	0.6213333333333333	0.6646666666666666	0.6306666666666667	0.616	0.548	0.5333333333333333	0.5526666666666666	0.484	0.49266666666666664	0.506	0.45466666666666666	0.454	0.44066666666666665	0.43866666666666665	0.4	0.37333333333333335	0.36733333333333335	0.3406666666666667	0.3233333333333333	0.2806666666666667	0.30866666666666664	0.2853333333333333	0.25666666666666665	0.23733333333333334	0.24533333333333332	0.22533333333333333	0.22	0.18333333333333332	0.182	0.15933333333333333	0.18	0.16066666666666668	0.16	0.14	0.138	0.14133333333333334	0.122	0.10866666666666666	0.11333333333333333	0.10466666666666667	0.07333333333333333	0.08133333333333333	0.07466666666666667	0.06866666666666667	0.07866666666666666	0.06666666666666667	0.07466666666666667	0.06933333333333333	0.048666666666666664	0.04466666666666667	0.048	0.048666666666666664	0.035333333333333335	0.03133333333333333	0.03933333333333333	0.03866666666666667	0.03133333333333333	0.030666666666666665	0.027333333333333334	0.02266666666666667	0.020666666666666667	0.014666666666666666	0.016	0.02	0.012666666666666666	0.014666666666666666	0.008	0.005333333333333333	0.007333333333333333	0.006666666666666667	0.010666666666666666	0.008	0.006	0.007333333333333333	0.006	0.0026666666666666666	
1.2126666666666666	1.1773333333333333	1.1626666666666667	1.1533333333333333	1.1066666666666667	1.0786666666666667	1.014	0.9833333333333333	0.986	0.9766666666666667	0.9746666666666667	0.902	0.9133333333333333	0.8806666666666667	0.8326666666666667	0.796	0.804	0.7646666666666667	0.782	0.7233333333333334	0.6846666666666666	0.704	0.6933333333333334	0.6066666666666667	0.6366666666666667	0.6186666666666667	0.592	0.576	0.566	0.5446666666666666	0.5066666666666667	0.49066666666666664	0.472	0.496	0.43133333333333335	0.43533333333333335	0.4013333333333333	0.404	0.39466666666666667	0.38533333333333336	0.3566666666666667	0.3606666666666667	0.32666666666666666	0.31066666666666665	0.2773333333333333	0.294	0.25333333333333335	0.25533333333333336	0.22266666666666668	0.214	0.232	0.198	0.16266666666666665	0.18	0.17266666666666666	0.16066666666666668	0.14266666666666666	0.13066666666666665	0.13133333333333333	0.13	0.11066666666666666	0.10066666666666667	0.10733333333333334	0.08266666666666667	0.082	0.09266666666666666	0.07933333333333334	0.072	0.06133333333333333	0.06066666666666667	0.050666666666666665	0.05266666666666667	0.064	0.03133333333333333	0.05	0.035333333333333335	0.036	0.029333333333333333	0.044	0.029333333333333333	0.03266666666666666	0.024666666666666667	0.019333333333333334	0.021333333333333333	0.012666666666666666	0.019333333333333334	0.014	0.015333333333333332	0.012	0.011333333333333334	0.012666666666666666	0.008666666666666666	0.008	0.006	0.008666666666666666	0.004	0.004	0.004666666666666667	0.006	
1.232	1.2066666666666668	1.1866666666666668	1.122	1.1086666666666667	1.094	1.0526666666666666	1.0826666666666667	0.974	0.988	0.98	0.9253333333333333	0.9166666666666666	0.8486666666666667	0.8873333333333333	0.8273333333333334	0.8093333333333333	0.7733333333333333	0.774	0.6846666666666666	0.7413333333333333	0.6873333333333334	0.702	0.674	0.662	0.564	0.602	0.584	0.6073333333333333	0.528	0.5173333333333333	0.43466666666666665	0.4713333333333333	0.4633333333333333	0.444	0.426	0.41533333333333333	0.36733333333333335	0.362	0.36133333333333334	0.32666666666666666	0.326	0.31133333333333335	0.29	0.29333333333333333	0.2673333333333333	0.27466666666666667	0.23466666666666666	0.23066666666666666	0.21933333333333332	0.196	0.18933333333333333	0.18266666666666667	0.178	0.14266666666666666	0.16066666666666668	0.14	0.13066666666666665	0.12733333333333333	0.126	0.102	0.10466666666666667	0.10266666666666667	0.094	0.08666666666666667	0.07666666666666666	0.078	0.08133333333333333	0.07333333333333333	0.056666666666666664	0.05733333333333333	0.04533333333333334	0.06666666666666667	0.042	0.051333333333333335	0.04066666666666666	0.03933333333333333	0.029333333333333333	0.024	0.034	0.022	0.016	0.028666666666666667	0.02266666666666667	0.024	0.016666666666666666	0.022	0.013333333333333334	0.012666666666666666	0.013333333333333334	0.01	0.010666666666666666	0.005333333333333333	0.0033333333333333335	0.004666666666666667	0.006666666666666667	0.002	0.0033333333333333335	0.005333333333333333	
1.248	1.236	1.1673333333333333	1.15	1.042	1.0826666666666667	1.0393333333333334	1.002	1.0526666666666666	1.0086666666666666	0.9513333333333334	0.8846666666666667	0.908	0.876	0.854	0.822	0.796	0.7806666666666666	0.7866666666666666	0.7066666666666667	0.7026666666666667	0.6786666666666666	0.6766666666666666	0.62	0.62	0.5946666666666667	0.5526666666666666	0.574	0.5606666666666666	0.5273333333333333	0.512	0.4653333333333333	0.47533333333333333	0.4513333333333333	0.44733333333333336	0.448	0.4126666666666667	0.4033333333333333	0.342	0.3486666666666667	0.32466666666666666	0.3433333333333333	0.30666666666666664	0.3	0.284	0.2786666666666667	0.262	0.24933333333333332	0.25266666666666665	0.20333333333333334	0.24133333333333334	0.20866666666666667	0.194	0.17333333333333334	0.17733333333333334	0.17	0.16066666666666668	0.142	0.12	0.11066666666666666	0.12266666666666666	0.10733333333333334	0.09666666666666666	0.10733333333333334	0.094	0.08866666666666667	0.084	0.08066666666666666	0.07133333333333333	0.064	0.06333333333333334	0.048	0.05733333333333333	0.050666666666666665	0.038	0.036	0.032	0.036	0.028666666666666667	0.029333333333333333	0.029333333333333333	0.029333333333333333	0.02266666666666667	0.028	0.020666666666666667	0.016666666666666666	0.015333333333333332	0.016	0.016666666666666666	0.018666666666666668	0.008666666666666666	0.006	0.005333333333333333	0.004666666666666667	0.01	0.006	0.0033333333333333335	0.0026666666666666666	0.004	
1.2446666666666666	1.2166666666666666	1.1653333333333333	1.116	1.0406666666666666	1.116	1.0806666666666667	1.006	0.9806666666666667	0.9446666666666667	0.9413333333333334	0.9013333333333333	0.9006666666666666	0.9166666666666666	0.8586666666666667	0.834	0.7906666666666666	0.764	0.744	0.7293333333333333	0.7473333333333333	0.7366666666666667	0.6766666666666666	0.6433333333333333	0.6093333333333333	0.6193333333333333	0.6373333333333333	0.5686666666666667	0.5206666666666667	0.5433333333333333	0.518	0.49	0.44733333333333336	0.4713333333333333	0.422	0.4553333333333333	0.42133333333333334	0.38666666666666666	0.38333333333333336	0.37466666666666665	0.356	0.34	0.312	0.31	0.274	0.2773333333333333	0.26466666666666666	0.24666666666666667	0.226	0.226	0.212	0.20133333333333334	0.20066666666666666	0.182	0.17	0.154	0.14666666666666667	0.14133333333333334	0.134	0.12533333333333332	0.12	0.116	0.09333333333333334	0.08866666666666667	0.09866666666666667	0.07666666666666666	0.082	0.08666666666666667	0.06333333333333334	0.07	0.07133333333333333	0.04666666666666667	0.05466666666666667	0.043333333333333335	0.04133333333333333	0.042	0.027333333333333334	0.030666666666666665	0.030666666666666665	0.029333333333333333	0.037333333333333336	0.024666666666666667	0.026	0.019333333333333334	0.021333333333333333	0.018	0.014666666666666666	0.015333333333333332	0.007333333333333333	0.010666666666666666	0.009333333333333334	0.012	0.006	0.004	0.004666666666666667	0.005333333333333333	0.006	0.004666666666666667	0.005333333333333333	
1.226	1.2266666666666666	1.144	1.1933333333333334	1.1426666666666667	1.056	1.078	1.1046666666666667	1.012	0.936	0.9326666666666666	0.9053333333333333	0.878	0.83	0.8473333333333334	0.8106666666666666	0.862	0.746	0.7386666666666667	0.7593333333333333	0.6873333333333334	0.664	0.6626666666666666	0.612	0.6	0.6253333333333333	0.578	0.552	0.5466666666666666	0.53	0.5246666666666666	0.48333333333333334	0.5106666666666667	0.454	0.43733333333333335	0.4046666666666667	0.4226666666666667	0.37466666666666665	0.37466666666666665	0.382	0.3393333333333333	0.31333333333333335	0.30333333333333334	0.33	0.296	0.2633333333333333	0.24066666666666667	0.258	0.22866666666666666	0.214	0.194	0.20133333333333334	0.192	0.184	0.162	0.152	0.146	0.13933333333333334	0.128	0.12733333333333333	0.10333333333333333	0.12266666666666666	0.09533333333333334	0.112	0.08066666666666666	0.08533333333333333	0.084	0.07066666666666667	0.068	0.056666666666666664	0.05466666666666667	0.054	0.06333333333333334	0.04933333333333333	0.04066666666666666	0.03666666666666667	0.044	0.03266666666666666	0.036	0.026	0.024	0.022	0.023333333333333334	0.022	0.013333333333333334	0.025333333333333333	0.018	0.014666666666666666	0.019333333333333334	0.012666666666666666	0.017333333333333333	0.007333333333333333	0.005333333333333333	0.005333333333333333	0.008666666666666666	0.006	0.006666666666666667	0.006	0.0026666666666666666	
1.2766666666666666	1.2246666666666666	1.168	1.166	1.158	1.0626666666666666	1.084	1.0426666666666666	0.9813333333333333	0.9893333333333333	0.926	0.872	0.8773333333333333	0.8573333333333333	0.8653333333333333	0.8186666666666667	0.784	0.754	0.7326666666666667	0.7326666666666667	0.71	0.6746666666666666	0.6826666666666666	0.644	0.6686666666666666	0.6466666666666666	0.604	0.5786666666666667	0.548	0.5386666666666666	0.49533333333333335	0.506	0.45866666666666667	0.4533333333333333	0.452	0.408	0.404	0.3953333333333333	0.378	0.37066666666666664	0.3273333333333333	0.32866666666666666	0.29733333333333334	0.2886666666666667	0.288	0.26	0.2806666666666667	0.25	0.226	0.21933333333333332	0.20066666666666666	0.21333333333333335	0.19333333333333333	0.166	0.15666666666666668	0.162	0.14133333333333334	0.148	0.12066666666666667	0.116	0.13133333333333333	0.09133333333333334	0.09933333333333333	0.09533333333333334	0.09333333333333334	0.09266666666666666	0.06733333333333333	0.07066666666666667	0.07133333333333333	0.05333333333333334	0.064	0.048	0.056666666666666664	0.03933333333333333	0.035333333333333335	0.03866666666666667	0.03133333333333333	0.030666666666666665	0.03266666666666666	0.026	0.021333333333333333	0.03266666666666666	0.019333333333333334	0.016	0.021333333333333333	0.015333333333333332	0.009333333333333334	0.015333333333333332	0.016	0.014666666666666666	0.008666666666666666	0.01	0.008666666666666666	0.009333333333333334	0.009333333333333334	0.006666666666666667	0.0033333333333333335	0.0013333333333333333	0.0026666666666666666	
1.23	1.2106666666666666	1.1633333333333333	1.164	1.1113333333333333	1.0773333333333333	1.0133333333333334	0.992	1.0126666666666666	0.9906666666666667	0.9573333333333334	0.9706666666666667	0.9093333333333333	0.8966666666666666	0.8213333333333334	0.7893333333333333	0.8113333333333334	0.7833333333333333	0.7786666666666666	0.7186666666666667	0.692	0.6913333333333334	0.7086666666666667	0.636	0.644	0.6186666666666667	0.6173333333333333	0.5866666666666667	0.5673333333333334	0.5173333333333333	0.5226666666666666	0.49933333333333335	0.49	0.458	0.41133333333333333	0.4186666666666667	0.38066666666666665	0.41533333333333333	0.358	0.36666666666666664	0.3333333333333333	0.3273333333333333	0.29133333333333333	0.32266666666666666	0.2693333333333333	0.30333333333333334	0.268	0.24866666666666667	0.246	0.20466666666666666	0.21266666666666667	0.196	0.19733333333333333	0.17666666666666667	0.17533333333333334	0.168	0.13866666666666666	0.13666666666666666	0.144	0.12666666666666668	0.104	0.112	0.102	0.098	0.09933333333333333	0.082	0.082	0.07733333333333334	0.07466666666666667	0.059333333333333335	0.05533333333333333	0.051333333333333335	0.056	0.04066666666666666	0.04466666666666667	0.03866666666666667	0.03266666666666666	0.03133333333333333	0.026	0.034666666666666665	0.02666666666666667	0.02266666666666667	0.024666666666666667	0.02266666666666667	0.020666666666666667	0.018666666666666668	0.014	0.019333333333333334	0.013333333333333334	0.014	0.011333333333333334	0.008	0.006	0.006666666666666667	0.006666666666666667	0.006666666666666667	0.004	0.004666666666666667	0.0026666666666666666	
1.2473333333333334	1.1806666666666668	1.1393333333333333	1.1933333333333334	1.132	1.1233333333333333	1.042	1.058	1.0333333333333334	0.94	0.9646666666666667	0.9193333333333333	0.8953333333333333	0.8366666666666667	0.846	0.8053333333333333	0.7906666666666666	0.7813333333333333	0.7613333333333333	0.7126666666666667	0.716	0.6746666666666666	0.6726666666666666	0.6393333333333333	0.6146666666666667	0.592	0.5926666666666667	0.556	0.5413333333333333	0.5066666666666667	0.5253333333333333	0.5333333333333333	0.496	0.468	0.438	0.45466666666666666	0.39266666666666666	0.39266666666666666	0.352	0.3566666666666667	0.376	0.32666666666666666	0.30733333333333335	0.33666666666666667	0.2986666666666667	0.2833333333333333	0.25333333333333335	0.22533333333333333	0.226	0.20533333333333334	0.21066666666666667	0.19733333333333333	0.168	0.174	0.17666666666666667	0.13866666666666666	0.12133333333333333	0.128	0.114	0.11266666666666666	0.11733333333333333	0.10266666666666667	0.108	0.10066666666666667	0.088	0.07133333333333333	0.072	0.07666666666666666	0.05533333333333333	0.064	0.058	0.05266666666666667	0.05	0.04733333333333333	0.035333333333333335	0.04066666666666666	0.03933333333333333	0.036	0.03333333333333333	0.034	0.023333333333333334	0.02266666666666667	0.03666666666666667	0.024	0.022	0.02266666666666667	0.01	0.008666666666666666	0.018666666666666668	0.008666666666666666	0.012	0.006666666666666667	0.006666666666666667	0.007333333333333333	0.004666666666666667	0.007333333333333333	0.0033333333333333335	0.006	0.006666666666666667	
1.1726666666666667	1.2133333333333334	1.1326666666666667	1.1253333333333333	1.0793333333333333	1.0366666666666666	1.0353333333333334	1.0333333333333334	0.9973333333333333	0.9926666666666667	0.968	0.866	0.886	0.904	0.87	0.8053333333333333	0.782	0.762	0.762	0.6966666666666667	0.7566666666666667	0.662	0.67	0.6366666666666667	0.6266666666666667	0.6106666666666667	0.602	0.5566666666666666	0.558	0.5273333333333333	0.5273333333333333	0.534	0.5126666666666667	0.44466666666666665	0.444	0.42	0.394	0.38	0.36666666666666664	0.3473333333333333	0.324	0.32	0.31333333333333335	0.2826666666666667	0.2833333333333333	0.2846666666666667	0.2633333333333333	0.25266666666666665	0.22933333333333333	0.19733333333333333	0.19133333333333333	0.19933333333333333	0.17733333333333334	0.16866666666666666	0.158	0.16666666666666666	0.116	0.134	0.15333333333333332	0.13	0.104	0.102	0.10933333333333334	0.09466666666666666	0.1	0.08	0.076	0.06866666666666667	0.068	0.066	0.05733333333333333	0.052	0.04666666666666667	0.04133333333333333	0.046	0.03866666666666667	0.03933333333333333	0.03133333333333333	0.025333333333333333	0.034666666666666665	0.02666666666666667	0.023333333333333334	0.022	0.02266666666666667	0.021333333333333333	0.018666666666666668	0.013333333333333334	0.017333333333333333	0.010666666666666666	0.013333333333333334	0.008666666666666666	0.008666666666666666	0.006666666666666667	0.009333333333333334	0.005333333333333333	0.006666666666666667	0.004666666666666667	0.006	0.004	
1.2713333333333334	1.2526666666666666	1.214	1.078	1.1086666666666667	1.0573333333333332	1.0406666666666666	1.0293333333333334	1.0073333333333334	0.9446666666666667	0.9633333333333334	0.8913333333333333	0.8973333333333333	0.8933333333333333	0.8153333333333334	0.8393333333333334	0.8206666666666667	0.7566666666666667	0.72	0.7253333333333334	0.7426666666666667	0.666	0.678	0.616	0.6133333333333333	0.6046666666666667	0.612	0.592	0.5613333333333334	0.49933333333333335	0.49133333333333334	0.508	0.48533333333333334	0.48	0.42733333333333334	0.408	0.3953333333333333	0.436	0.374	0.37533333333333335	0.3273333333333333	0.34	0.32066666666666666	0.32066666666666666	0.286	0.27066666666666667	0.266	0.2693333333333333	0.22666666666666666	0.234	0.224	0.19333333333333333	0.18533333333333332	0.164	0.162	0.14466666666666667	0.13933333333333334	0.13133333333333333	0.12066666666666667	0.116	0.12866666666666668	0.10933333333333334	0.10066666666666667	0.096	0.08733333333333333	0.08533333333333333	0.08666666666666667	0.07	0.08266666666666667	0.06866666666666667	0.04933333333333333	0.054	0.044	0.04133333333333333	0.036	0.03933333333333333	0.037333333333333336	0.027333333333333334	0.03266666666666666	0.028	0.024	0.02266666666666667	0.02666666666666667	0.015333333333333332	0.016666666666666666	0.019333333333333334	0.018666666666666668	0.015333333333333332	0.012666666666666666	0.014	0.008	0.014	0.009333333333333334	0.008666666666666666	0.006666666666666667	0.006	0.006666666666666667	0.0033333333333333335	0.005333333333333333	
1.2433333333333334	1.2266666666666666	1.198	1.128	1.1113333333333333	1.0913333333333333	1.0546666666666666	1.0546666666666666	1.006	0.932	0.9026666666666666	0.8886666666666667	0.908	0.8506666666666667	0.86	0.822	0.7973333333333333	0.788	0.7733333333333333	0.7086666666666667	0.77	0.6686666666666666	0.694	0.6766666666666666	0.6246666666666667	0.5913333333333334	0.5873333333333334	0.5453333333333333	0.524	0.49666666666666665	0.5273333333333333	0.5133333333333333	0.5066666666666667	0.488	0.43733333333333335	0.44666666666666666	0.374	0.4053333333333333	0.3953333333333333	0.36933333333333335	0.3586666666666667	0.332	0.2926666666666667	0.3006666666666667	0.284	0.258	0.25533333333333336	0.25266666666666665	0.208	0.21333333333333335	0.20866666666666667	0.20666666666666667	0.19266666666666668	0.166	0.15066666666666667	0.172	0.13733333333333334	0.12866666666666668	0.13266666666666665	0.13733333333333334	0.114	0.108	0.1	0.07866666666666666	0.098	0.08933333333333333	0.07733333333333334	0.08466666666666667	0.06	0.064	0.05266666666666667	0.06066666666666667	0.06	0.042	0.029333333333333333	0.03866666666666667	0.04466666666666667	0.04133333333333333	0.032	0.03333333333333333	0.03666666666666667	0.03	0.016666666666666666	0.021333333333333333	0.023333333333333334	0.020666666666666667	0.016666666666666666	0.016666666666666666	0.016	0.011333333333333334	0.011333333333333334	0.01	0.006666666666666667	0.006	0.007333333333333333	0.008666666666666666	0.010666666666666666	0.006666666666666667	0.0026666666666666666	
1.2466666666666666	1.2213333333333334	1.2126666666666666	1.1073333333333333	1.0986666666666667	1.0813333333333333	1.0393333333333334	1.0013333333333334	1.0066666666666666	0.9246666666666666	0.9433333333333334	0.9126666666666666	0.884	0.852	0.8286666666666667	0.8333333333333334	0.802	0.786	0.728	0.7226666666666667	0.7073333333333334	0.6766666666666666	0.6753333333333333	0.6266666666666667	0.6366666666666667	0.6013333333333334	0.616	0.5893333333333334	0.5686666666666667	0.5266666666666666	0.48333333333333334	0.5133333333333333	0.4713333333333333	0.44533333333333336	0.44133333333333336	0.43466666666666665	0.4086666666666667	0.3913333333333333	0.388	0.36333333333333334	0.3453333333333333	0.326	0.316	0.31866666666666665	0.2773333333333333	0.27266666666666667	0.25133333333333335	0.232	0.23133333333333334	0.21666666666666667	0.192	0.214	0.176	0.17066666666666666	0.17933333333333334	0.146	0.14133333333333334	0.14133333333333334	0.12533333333333332	0.11466666666666667	0.124	0.112	0.096	0.106	0.09	0.07733333333333334	0.092	0.07333333333333333	0.08466666666666667	0.07333333333333333	0.062	0.05266666666666667	0.05533333333333333	0.03866666666666667	0.037333333333333336	0.032	0.037333333333333336	0.035333333333333335	0.036	0.027333333333333334	0.022	0.027333333333333334	0.016666666666666666	0.021333333333333333	0.02266666666666667	0.024666666666666667	0.015333333333333332	0.007333333333333333	0.011333333333333334	0.011333333333333334	0.014666666666666666	0.010666666666666666	0.01	0.009333333333333334	0.006	0.007333333333333333	0.005333333333333333	0.006666666666666667	0.002	
1.2686666666666666	1.218	1.142	1.1553333333333333	1.0926666666666667	1.0653333333333332	1.0446666666666666	1.0093333333333334	0.99	0.956	0.8946666666666667	0.9126666666666666	0.8873333333333333	0.8706666666666667	0.812	0.798	0.8086666666666666	0.74	0.7706666666666667	0.706	0.7146666666666667	0.724	0.6973333333333334	0.666	0.644	0.626	0.5733333333333334	0.57	0.5646666666666667	0.488	0.49866666666666665	0.4806666666666667	0.49333333333333335	0.4713333333333333	0.42133333333333334	0.42133333333333334	0.428	0.386	0.38266666666666665	0.35933333333333334	0.31933333333333336	0.3393333333333333	0.33	0.304	0.29	0.2633333333333333	0.23733333333333334	0.258	0.224	0.19533333333333333	0.21266666666666667	0.176	0.18466666666666667	0.16133333333333333	0.16933333333333334	0.14866666666666667	0.13266666666666665	0.13333333333333333	0.11466666666666667	0.11	0.132	0.118	0.09466666666666666	0.08133333333333333	0.09733333333333333	0.06333333333333334	0.08266666666666667	0.06333333333333334	0.068	0.06	0.054	0.050666666666666665	0.04466666666666667	0.04733333333333333	0.042666666666666665	0.034666666666666665	0.038	0.03	0.03266666666666666	0.03133333333333333	0.027333333333333334	0.021333333333333333	0.024	0.019333333333333334	0.019333333333333334	0.016666666666666666	0.021333333333333333	0.02	0.009333333333333334	0.007333333333333333	0.009333333333333334	0.008	0.006	0.009333333333333334	0.008	0.008666666666666666	0.0033333333333333335	0.006666666666666667	0.002	
1.1826666666666668	1.2126666666666666	1.1506666666666667	1.1493333333333333	1.1353333333333333	1.1026666666666667	1.096	1.052	1.0226666666666666	0.9626666666666667	0.9793333333333333	0.9306666666666666	0.866	0.8533333333333334	0.8073333333333333	0.8206666666666667	0.8253333333333334	0.7713333333333333	0.7713333333333333	0.7413333333333333	0.6653333333333333	0.6993333333333334	0.658	0.606	0.646	0.5986666666666667	0.5886666666666667	0.5566666666666666	0.556	0.5446666666666666	0.5006666666666667	0.4826666666666667	0.4746666666666667	0.434	0.43266666666666664	0.42533333333333334	0.4046666666666667	0.392	0.388	0.37533333333333335	0.36	0.3473333333333333	0.31	0.31866666666666665	0.296	0.272	0.2773333333333333	0.264	0.236	0.214	0.208	0.21266666666666667	0.148	0.17266666666666666	0.16066666666666668	0.146	0.126	0.15266666666666667	0.13333333333333333	0.108	0.106	0.09933333333333333	0.09933333333333333	0.09066666666666667	0.08866666666666667	0.07666666666666666	0.07866666666666666	0.06133333333333333	0.074	0.06666666666666667	0.050666666666666665	0.06066666666666667	0.046	0.048	0.051333333333333335	0.04133333333333333	0.02666666666666667	0.04533333333333334	0.027333333333333334	0.02266666666666667	0.030666666666666665	0.021333333333333333	0.02266666666666667	0.028	0.012666666666666666	0.012666666666666666	0.012666666666666666	0.017333333333333333	0.016666666666666666	0.014666666666666666	0.008	0.008	0.007333333333333333	0.007333333333333333	0.008	0.004666666666666667	0.004666666666666667	0.005333333333333333	0.0033333333333333335	
1.208	1.15	1.184	1.142	1.1126666666666667	1.0666666666666667	1.066	1.0126666666666666	1.0113333333333334	0.9766666666666667	0.9306666666666666	0.8926666666666667	0.938	0.8133333333333334	0.816	0.8106666666666666	0.8273333333333334	0.7853333333333333	0.7393333333333333	0.748	0.698	0.682	0.698	0.634	0.61	0.584	0.5873333333333334	0.5813333333333334	0.5693333333333334	0.5173333333333333	0.52	0.5033333333333333	0.486	0.48	0.45	0.43266666666666664	0.38866666666666666	0.37533333333333335	0.394	0.352	0.33	0.3453333333333333	0.308	0.2986666666666667	0.26466666666666666	0.2846666666666667	0.244	0.25533333333333336	0.21666666666666667	0.23066666666666666	0.216	0.19733333333333333	0.188	0.17533333333333334	0.166	0.17466666666666666	0.13533333333333333	0.14	0.11666666666666667	0.12066666666666667	0.10666666666666667	0.10533333333333333	0.098	0.09666666666666666	0.08133333333333333	0.07866666666666666	0.078	0.06266666666666666	0.056666666666666664	0.059333333333333335	0.064	0.054	0.048666666666666664	0.048	0.04133333333333333	0.044	0.029333333333333333	0.04133333333333333	0.03333333333333333	0.034666666666666665	0.025333333333333333	0.02666666666666667	0.026	0.021333333333333333	0.018666666666666668	0.016666666666666666	0.018	0.019333333333333334	0.013333333333333334	0.013333333333333334	0.014	0.01	0.01	0.007333333333333333	0.007333333333333333	0.008666666666666666	0.0026666666666666666	0.007333333333333333	0.004	
1.2606666666666666	1.2426666666666666	1.188	1.1806666666666668	1.082	1.1106666666666667	1.0253333333333334	1.012	0.9926666666666667	0.9526666666666667	0.926	0.906	0.9293333333333333	0.8313333333333334	0.8226666666666667	0.818	0.8193333333333334	0.778	0.786	0.7233333333333334	0.6686666666666666	0.718	0.6786666666666666	0.6146666666666667	0.6466666666666666	0.632	0.604	0.5793333333333334	0.5613333333333334	0.474	0.486	0.48	0.47333333333333333	0.468	0.4186666666666667	0.422	0.3993333333333333	0.404	0.37466666666666665	0.35	0.338	0.332	0.3413333333333333	0.31933333333333336	0.2806666666666667	0.2793333333333333	0.25466666666666665	0.24	0.23066666666666666	0.19333333333333333	0.198	0.20933333333333334	0.18066666666666667	0.166	0.16266666666666665	0.16133333333333333	0.14133333333333334	0.15	0.122	0.13666666666666666	0.11733333333333333	0.094	0.10533333333333333	0.08533333333333333	0.08466666666666667	0.07866666666666666	0.08533333333333333	0.07266666666666667	0.06533333333333333	0.05466666666666667	0.056666666666666664	0.056666666666666664	0.048	0.04066666666666666	0.042	0.036	0.03	0.03666666666666667	0.03133333333333333	0.02666666666666667	0.037333333333333336	0.02266666666666667	0.021333333333333333	0.016666666666666666	0.024666666666666667	0.019333333333333334	0.014666666666666666	0.012666666666666666	0.018666666666666668	0.014666666666666666	0.006	0.008	0.008666666666666666	0.008	0.006	0.0033333333333333335	0.0033333333333333335	0.004	0.0033333333333333335	
1.2706666666666666	1.1913333333333334	1.1046666666666667	1.1273333333333333	1.0553333333333332	1.11	1.0153333333333334	1.0053333333333334	0.9566666666666667	0.992	0.952	0.8873333333333333	0.9306666666666666	0.8946666666666667	0.872	0.7433333333333333	0.8106666666666666	0.7753333333333333	0.7526666666666667	0.7053333333333334	0.6813333333333333	0.658	0.6573333333333333	0.6393333333333333	0.674	0.6066666666666667	0.5893333333333334	0.58	0.542	0.54	0.536	0.49733333333333335	0.47533333333333333	0.4226666666666667	0.456	0.43066666666666664	0.4166666666666667	0.3953333333333333	0.3913333333333333	0.38533333333333336	0.3466666666666667	0.3233333333333333	0.334	0.30466666666666664	0.302	0.258	0.25066666666666665	0.22066666666666668	0.21933333333333332	0.22	0.19333333333333333	0.20666666666666667	0.19133333333333333	0.166	0.166	0.15533333333333332	0.14266666666666666	0.14666666666666667	0.138	0.126	0.09866666666666667	0.10266666666666667	0.09066666666666667	0.1	0.08133333333333333	0.086	0.082	0.064	0.054	0.06066666666666667	0.068	0.059333333333333335	0.054	0.050666666666666665	0.044	0.034666666666666665	0.030666666666666665	0.03266666666666666	0.03333333333333333	0.025333333333333333	0.022	0.029333333333333333	0.022	0.019333333333333334	0.02	0.024666666666666667	0.016	0.014	0.011333333333333334	0.01	0.010666666666666666	0.007333333333333333	0.0026666666666666666	0.006	0.007333333333333333	0.006	0.006	0.0033333333333333335	0.004	
1.2213333333333334	1.2313333333333334	1.1613333333333333	1.2246666666666666	1.0773333333333333	1.1033333333333333	1.07	0.9926666666666667	1.032	0.9806666666666667	0.9773333333333334	0.9306666666666666	0.8766666666666667	0.886	0.842	0.8	0.7946666666666666	0.7553333333333333	0.758	0.7453333333333333	0.6953333333333334	0.6646666666666666	0.682	0.63	0.6053333333333333	0.606	0.5393333333333333	0.57	0.5153333333333333	0.5153333333333333	0.5086666666666667	0.47333333333333333	0.4653333333333333	0.4653333333333333	0.46	0.4553333333333333	0.41	0.416	0.36733333333333335	0.358	0.352	0.33866666666666667	0.2966666666666667	0.282	0.2806666666666667	0.2713333333333333	0.258	0.24266666666666667	0.252	0.228	0.21666666666666667	0.18266666666666667	0.19066666666666668	0.17333333333333334	0.16666666666666666	0.13866666666666666	0.14733333333333334	0.14133333333333334	0.12133333333333333	0.13	0.11533333333333333	0.10466666666666667	0.09	0.09266666666666666	0.082	0.08533333333333333	0.08066666666666666	0.074	0.059333333333333335	0.048666666666666664	0.054	0.056666666666666664	0.06066666666666667	0.04466666666666667	0.032	0.04066666666666666	0.028	0.038	0.03266666666666666	0.025333333333333333	0.022	0.03133333333333333	0.02266666666666667	0.018666666666666668	0.020666666666666667	0.018666666666666668	0.012666666666666666	0.018	0.013333333333333334	0.007333333333333333	0.01	0.012	0.009333333333333334	0.006666666666666667	0.005333333333333333	0.005333333333333333	0.005333333333333333	0.006666666666666667	0.004666666666666667	
1.2186666666666666	1.25	1.1573333333333333	1.0973333333333333	1.094	1.0813333333333333	1.06	0.9973333333333333	0.9786666666666667	0.9586666666666667	0.932	0.9366666666666666	0.908	0.8453333333333334	0.814	0.7993333333333333	0.7833333333333333	0.7486666666666667	0.716	0.7266666666666667	0.7186666666666667	0.6726666666666666	0.636	0.624	0.6166666666666667	0.636	0.6326666666666667	0.566	0.532	0.49466666666666664	0.5286666666666666	0.5106666666666667	0.4666666666666667	0.4653333333333333	0.4613333333333333	0.426	0.3893333333333333	0.39266666666666666	0.36	0.3293333333333333	0.36466666666666664	0.3233333333333333	0.32066666666666666	0.298	0.3006666666666667	0.288	0.272	0.23866666666666667	0.23	0.22533333333333333	0.19466666666666665	0.202	0.19266666666666668	0.16	0.14866666666666667	0.15	0.138	0.12666666666666668	0.14266666666666666	0.12333333333333334	0.106	0.11466666666666667	0.10333333333333333	0.08266666666666667	0.082	0.082	0.078	0.078	0.068	0.062	0.05733333333333333	0.048666666666666664	0.051333333333333335	0.052	0.043333333333333335	0.043333333333333335	0.04066666666666666	0.04066666666666666	0.022	0.029333333333333333	0.024	0.025333333333333333	0.02266666666666667	0.02266666666666667	0.017333333333333333	0.016	0.015333333333333332	0.011333333333333334	0.01	0.013333333333333334	0.014666666666666666	0.01	0.008	0.006666666666666667	0.004666666666666667	0.005333333333333333	0.008	0.006	0.005333333333333333	
1.2286666666666666	1.1953333333333334	1.1513333333333333	1.1506666666666667	1.132	1.1126666666666667	1.0786666666666667	0.9893333333333333	0.9473333333333334	0.9633333333333334	0.9733333333333334	0.93	0.848	0.8406666666666667	0.832	0.7706666666666667	0.7926666666666666	0.7213333333333334	0.7686666666666667	0.7413333333333333	0.736	0.6733333333333333	0.654	0.5993333333333334	0.6213333333333333	0.598	0.5766666666666667	0.576	0.5273333333333333	0.5166666666666667	0.508	0.5113333333333333	0.48933333333333334	0.46266666666666667	0.44466666666666665	0.434	0.38533333333333336	0.3893333333333333	0.368	0.372	0.3466666666666667	0.324	0.316	0.29933333333333334	0.29533333333333334	0.294	0.26666666666666666	0.25933333333333336	0.24466666666666667	0.202	0.196	0.20333333333333334	0.182	0.172	0.172	0.14666666666666667	0.14133333333333334	0.13066666666666665	0.11733333333333333	0.11733333333333333	0.11133333333333334	0.098	0.086	0.09066666666666667	0.07933333333333334	0.08133333333333333	0.07733333333333334	0.062	0.07133333333333333	0.076	0.06333333333333334	0.06066666666666667	0.052	0.046	0.04066666666666666	0.03933333333333333	0.03266666666666666	0.03333333333333333	0.037333333333333336	0.025333333333333333	0.024666666666666667	0.028666666666666667	0.027333333333333334	0.02	0.018666666666666668	0.02	0.010666666666666666	0.012666666666666666	0.014	0.011333333333333334	0.005333333333333333	0.011333333333333334	0.008666666666666666	0.008666666666666666	0.006666666666666667	0.006	0.008	0.004	0.002	
1.22	1.2253333333333334	1.1253333333333333	1.108	1.0933333333333333	1.1293333333333333	1.0293333333333334	1.0306666666666666	0.934	0.9506666666666667	0.944	0.9206666666666666	0.8993333333333333	0.8253333333333334	0.8353333333333334	0.81	0.7906666666666666	0.7826666666666666	0.7846666666666666	0.7093333333333334	0.7013333333333334	0.6886666666666666	0.6673333333333333	0.6	0.6186666666666667	0.6226666666666667	0.5753333333333334	0.514	0.5506666666666666	0.5213333333333333	0.5273333333333333	0.482	0.43466666666666665	0.45866666666666667	0.44266666666666665	0.404	0.43133333333333335	0.376	0.38866666666666666	0.37733333333333335	0.364	0.35733333333333334	0.32866666666666666	0.2966666666666667	0.266	0.27466666666666667	0.26	0.23866666666666667	0.226	0.23933333333333334	0.22066666666666668	0.17466666666666666	0.172	0.16066666666666668	0.176	0.156	0.166	0.14866666666666667	0.13733333333333334	0.13066666666666665	0.10333333333333333	0.1	0.108	0.09933333333333333	0.09666666666666666	0.08	0.076	0.07	0.06666666666666667	0.06133333333333333	0.056666666666666664	0.042	0.042	0.046	0.03933333333333333	0.03933333333333333	0.028666666666666667	0.034	0.032	0.034666666666666665	0.024	0.020666666666666667	0.029333333333333333	0.024	0.02	0.016	0.014	0.014	0.012	0.011333333333333334	0.01	0.008666666666666666	0.007333333333333333	0.004666666666666667	0.008	0.004666666666666667	0.006666666666666667	0.006	0.004	
1.2013333333333334	1.182	1.1353333333333333	1.126	1.0653333333333332	1.1126666666666667	1.05	1.032	0.9986666666666667	0.9486666666666667	0.9246666666666666	0.8946666666666667	0.858	0.8126666666666666	0.786	0.7946666666666666	0.8233333333333334	0.732	0.73	0.6873333333333334	0.698	0.6533333333333333	0.6566666666666666	0.6433333333333333	0.6046666666666667	0.608	0.5906666666666667	0.5533333333333333	0.5733333333333334	0.5446666666666666	0.49066666666666664	0.49666666666666665	0.48733333333333334	0.454	0.412	0.4093333333333333	0.408	0.41	0.388	0.376	0.3406666666666667	0.338	0.31133333333333335	0.296	0.2713333333333333	0.27	0.256	0.242	0.22066666666666668	0.20533333333333334	0.226	0.186	0.17333333333333334	0.15333333333333332	0.162	0.16	0.14733333333333334	0.13933333333333334	0.12333333333333334	0.112	0.12333333333333334	0.104	0.11333333333333333	0.09	0.07733333333333334	0.082	0.07533333333333334	0.08066666666666666	0.06333333333333334	0.059333333333333335	0.05533333333333333	0.05533333333333333	0.04533333333333334	0.042	0.048	0.04066666666666666	0.042666666666666665	0.026	0.029333333333333333	0.02666666666666667	0.029333333333333333	0.028666666666666667	0.018666666666666668	0.02666666666666667	0.018666666666666668	0.017333333333333333	0.016	0.013333333333333334	0.008666666666666666	0.011333333333333334	0.015333333333333332	0.007333333333333333	0.007333333333333333	0.009333333333333334	0.006	0.006	0.005333333333333333	0.004	0.004666666666666667	
1.234	1.2093333333333334	1.1253333333333333	1.1346666666666667	1.1	1.092	1.032	0.9873333333333333	0.9946666666666667	0.9073333333333333	0.99	0.8573333333333333	0.894	0.8453333333333334	0.84	0.8013333333333333	0.8	0.7926666666666666	0.7333333333333333	0.7266666666666667	0.7293333333333333	0.678	0.664	0.5866666666666667	0.5986666666666667	0.5953333333333334	0.6066666666666667	0.5733333333333334	0.5573333333333333	0.5173333333333333	0.48733333333333334	0.5233333333333333	0.49666666666666665	0.464	0.4053333333333333	0.40066666666666667	0.38866666666666666	0.3626666666666667	0.33466666666666667	0.36933333333333335	0.3566666666666667	0.3393333333333333	0.33066666666666666	0.31733333333333336	0.284	0.25733333333333336	0.27266666666666667	0.23533333333333334	0.23533333333333334	0.23133333333333334	0.194	0.188	0.18133333333333335	0.192	0.164	0.146	0.14266666666666666	0.14933333333333335	0.128	0.114	0.1	0.12	0.09466666666666666	0.09533333333333334	0.08733333333333333	0.07866666666666666	0.06666666666666667	0.07866666666666666	0.068	0.05733333333333333	0.05733333333333333	0.05733333333333333	0.04533333333333334	0.048	0.03933333333333333	0.051333333333333335	0.04	0.03266666666666666	0.024666666666666667	0.025333333333333333	0.024	0.024666666666666667	0.025333333333333333	0.018666666666666668	0.024666666666666667	0.016666666666666666	0.016	0.012	0.013333333333333334	0.01	0.013333333333333334	0.014666666666666666	0.006	0.006666666666666667	0.004666666666666667	0.008	0.007333333333333333	0.004	0.0026666666666666666	
1.2293333333333334	1.188	1.1333333333333333	1.1426666666666667	1.068	1.094	1.0453333333333332	1.042	0.9806666666666667	0.9833333333333333	0.9753333333333334	0.956	0.906	0.89	0.864	0.8126666666666666	0.8066666666666666	0.7566666666666667	0.7553333333333333	0.7206666666666667	0.6913333333333334	0.7026666666666667	0.69	0.6253333333333333	0.626	0.6026666666666667	0.6046666666666667	0.5753333333333334	0.4866666666666667	0.538	0.504	0.474	0.486	0.4786666666666667	0.42933333333333334	0.44066666666666665	0.396	0.37866666666666665	0.37466666666666665	0.37333333333333335	0.37	0.3253333333333333	0.32666666666666666	0.32	0.27	0.27266666666666667	0.26066666666666666	0.2773333333333333	0.22	0.232	0.21266666666666667	0.196	0.19866666666666666	0.18	0.156	0.15	0.14533333333333334	0.116	0.122	0.11666666666666667	0.11666666666666667	0.11933333333333333	0.09	0.10333333333333333	0.08466666666666667	0.06733333333333333	0.07	0.076	0.07	0.056	0.06066666666666667	0.050666666666666665	0.06	0.05266666666666667	0.046	0.03133333333333333	0.038	0.032	0.03866666666666667	0.030666666666666665	0.03266666666666666	0.022	0.018666666666666668	0.02	0.022	0.012666666666666666	0.02	0.014	0.013333333333333334	0.012666666666666666	0.01	0.009333333333333334	0.01	0.008666666666666666	0.006666666666666667	0.004666666666666667	0.004	0.004666666666666667	0.0026666666666666666	
1.1846666666666668	1.208	1.1106666666666667	1.136	1.084	1.0846666666666667	1.02	0.984	0.972	0.9673333333333334	0.948	0.8866666666666667	0.8633333333333333	0.846	0.8313333333333334	0.8046666666666666	0.8126666666666666	0.7426666666666667	0.768	0.736	0.6833333333333333	0.64	0.694	0.6226666666666667	0.6373333333333333	0.616	0.5386666666666666	0.5473333333333333	0.556	0.5173333333333333	0.5053333333333333	0.4826666666666667	0.45666666666666667	0.44066666666666665	0.422	0.44866666666666666	0.398	0.4073333333333333	0.38066666666666665	0.34	0.334	0.30533333333333335	0.314	0.3413333333333333	0.258	0.27266666666666667	0.24866666666666667	0.25533333333333336	0.23733333333333334	0.234	0.216	0.192	0.182	0.188	0.142	0.13666666666666666	0.15533333333333332	0.12466666666666666	0.116	0.128	0.106	0.106	0.102	0.09866666666666667	0.08733333333333333	0.07466666666666667	0.06266666666666666	0.07666666666666666	0.07266666666666667	0.07	0.06133333333333333	0.04733333333333333	0.054	0.048666666666666664	0.048666666666666664	0.03666666666666667	0.035333333333333335	0.03666666666666667	0.03266666666666666	0.038	0.026	0.02	0.024666666666666667	0.018666666666666668	0.011333333333333334	0.015333333333333332	0.02	0.017333333333333333	0.016	0.01	0.014	0.004666666666666667	0.01	0.004666666666666667	0.007333333333333333	0.004666666666666667	0.006	0.0026666666666666666	0.0033333333333333335	
1.2066666666666668	1.1853333333333333	1.1273333333333333	1.1773333333333333	1.0853333333333333	1.0813333333333333	1.0553333333333332	1.0326666666666666	1.0153333333333334	0.9673333333333334	0.9186666666666666	0.884	0.9146666666666666	0.8653333333333333	0.8566666666666667	0.788	0.8106666666666666	0.7653333333333333	0.7693333333333333	0.758	0.7106666666666667	0.6786666666666666	0.6353333333333333	0.6226666666666667	0.6113333333333333	0.5693333333333334	0.562	0.598	0.5186666666666667	0.5126666666666667	0.49133333333333334	0.4826666666666667	0.4633333333333333	0.49133333333333334	0.42133333333333334	0.4093333333333333	0.4086666666666667	0.382	0.364	0.3413333333333333	0.322	0.322	0.32	0.31266666666666665	0.274	0.27466666666666667	0.24866666666666667	0.23133333333333334	0.22333333333333333	0.216	0.198	0.19533333333333333	0.16933333333333334	0.166	0.17533333333333334	0.144	0.126	0.13266666666666665	0.12866666666666668	0.13266666666666665	0.11133333333333334	0.12	0.10133333333333333	0.07866666666666666	0.09466666666666666	0.07533333333333334	0.07866666666666666	0.06933333333333333	0.05466666666666667	0.064	0.056	0.051333333333333335	0.05466666666666667	0.048666666666666664	0.04066666666666666	0.042	0.038	0.037333333333333336	0.036	0.034666666666666665	0.030666666666666665	0.022	0.02266666666666667	0.016666666666666666	0.019333333333333334	0.018	0.020666666666666667	0.006	0.016	0.011333333333333334	0.005333333333333333	0.008666666666666666	0.004666666666666667	0.004666666666666667	0.005333333333333333	0.0033333333333333335	0.004666666666666667	0.008	0.005333333333333333	
1.218	1.1873333333333334	1.1326666666666667	1.1466666666666667	1.0953333333333333	1.0873333333333333	1.0113333333333334	1.0186666666666666	0.9733333333333334	1.0086666666666666	0.9633333333333334	0.9053333333333333	0.8626666666666667	0.8146666666666667	0.8393333333333334	0.8146666666666667	0.7393333333333333	0.7506666666666667	0.7513333333333333	0.7533333333333333	0.72	0.6293333333333333	0.6513333333333333	0.622	0.616	0.594	0.5486666666666666	0.5866666666666667	0.514	0.49	0.5146666666666667	0.48	0.44866666666666666	0.49933333333333335	0.44	0.42	0.384	0.384	0.366	0.38266666666666665	0.33866666666666667	0.35733333333333334	0.344	0.29133333333333333	0.2633333333333333	0.292	0.24666666666666667	0.2713333333333333	0.242	0.23133333333333334	0.204	0.20933333333333334	0.19933333333333333	0.18666666666666668	0.174	0.154	0.13533333333333333	0.12933333333333333	0.13733333333333334	0.13333333333333333	0.10866666666666666	0.09733333333333333	0.104	0.094	0.09733333333333333	0.084	0.06533333333333333	0.07666666666666666	0.06266666666666666	0.058666666666666666	0.06266666666666666	0.04666666666666667	0.056666666666666664	0.048	0.03666666666666667	0.04	0.035333333333333335	0.028666666666666667	0.03	0.029333333333333333	0.022	0.024	0.02266666666666667	0.02	0.023333333333333334	0.015333333333333332	0.016	0.015333333333333332	0.016666666666666666	0.014	0.008666666666666666	0.011333333333333334	0.010666666666666666	0.007333333333333333	0.01	0.009333333333333334	0.005333333333333333	0.0026666666666666666	0.004	
1.214	1.204	1.1306666666666667	1.1033333333333333	1.0686666666666667	1.0946666666666667	1.0746666666666667	0.9833333333333333	1.0226666666666666	0.944	0.9533333333333334	0.9326666666666666	0.8613333333333333	0.8973333333333333	0.8753333333333333	0.7966666666666666	0.796	0.7493333333333333	0.7653333333333333	0.7193333333333334	0.6966666666666667	0.6646666666666666	0.6566666666666666	0.6286666666666667	0.6173333333333333	0.6253333333333333	0.5913333333333334	0.5646666666666667	0.53	0.5333333333333333	0.5346666666666666	0.5046666666666667	0.476	0.4553333333333333	0.44533333333333336	0.43533333333333335	0.4026666666666667	0.37666666666666665	0.388	0.37866666666666665	0.332	0.31066666666666665	0.31133333333333335	0.284	0.27266666666666667	0.2773333333333333	0.24666666666666667	0.21266666666666667	0.22666666666666666	0.224	0.20533333333333334	0.22533333333333333	0.176	0.168	0.17933333333333334	0.16266666666666665	0.142	0.15933333333333333	0.12133333333333333	0.11533333333333333	0.114	0.1	0.10466666666666667	0.09533333333333334	0.076	0.08466666666666667	0.07133333333333333	0.06466666666666666	0.07133333333333333	0.054	0.048	0.05466666666666667	0.05	0.048666666666666664	0.03866666666666667	0.03133333333333333	0.037333333333333336	0.03	0.028	0.03666666666666667	0.028	0.023333333333333334	0.025333333333333333	0.017333333333333333	0.015333333333333332	0.015333333333333332	0.015333333333333332	0.018	0.013333333333333334	0.014666666666666666	0.008666666666666666	0.005333333333333333	0.013333333333333334	0.008666666666666666	0.008	0.008666666666666666	0.010666666666666666	0.0033333333333333335	0.004	
1.188	1.238	1.1473333333333333	1.1413333333333333	1.0753333333333333	1.0413333333333334	1.022	1.0093333333333334	1.0053333333333334	0.9633333333333334	0.9233333333333333	0.9473333333333334	0.878	0.894	0.8406666666666667	0.7826666666666666	0.8093333333333333	0.718	0.7466666666666667	0.7006666666666667	0.722	0.7026666666666667	0.672	0.598	0.62	0.5786666666666667	0.5566666666666666	0.5786666666666667	0.5693333333333334	0.5393333333333333	0.5153333333333333	0.5133333333333333	0.48333333333333334	0.4653333333333333	0.458	0.42733333333333334	0.41133333333333333	0.36	0.38466666666666666	0.38533333333333336	0.32066666666666666	0.3313333333333333	0.33866666666666667	0.30133333333333334	0.292	0.2786666666666667	0.266	0.25133333333333335	0.22733333333333333	0.22733333333333333	0.18933333333333333	0.21266666666666667	0.17533333333333334	0.18	0.14466666666666667	0.14533333333333334	0.138	0.11533333333333333	0.11733333333333333	0.11866666666666667	0.098	0.1	0.10133333333333333	0.10466666666666667	0.07333333333333333	0.078	0.059333333333333335	0.06666666666666667	0.06066666666666667	0.06533333333333333	0.05333333333333334	0.058	0.048	0.05266666666666667	0.04533333333333334	0.03933333333333333	0.03866666666666667	0.032	0.03	0.026	0.027333333333333334	0.022	0.022	0.018666666666666668	0.02	0.024666666666666667	0.017333333333333333	0.012666666666666666	0.013333333333333334	0.012666666666666666	0.010666666666666666	0.008666666666666666	0.007333333333333333	0.005333333333333333	0.004	0.006	0.0033333333333333335	0.0033333333333333335	0.005333333333333333	
1.2526666666666666	1.1733333333333333	1.128	1.1526666666666667	1.0666666666666667	1.072	1.0786666666666667	0.9906666666666667	1.0073333333333334	0.94	0.9153333333333333	0.9186666666666666	0.8193333333333334	0.7986666666666666	0.886	0.7793333333333333	0.7526666666666667	0.7726666666666666	0.75	0.7406666666666667	0.7	0.6733333333333333	0.6673333333333333	0.6506666666666666	0.628	0.6086666666666667	0.596	0.5526666666666666	0.542	0.5553333333333333	0.4786666666666667	0.5046666666666667	0.48	0.47533333333333333	0.46066666666666667	0.406	0.434	0.37466666666666665	0.36133333333333334	0.354	0.33466666666666667	0.35	0.30466666666666664	0.298	0.27	0.25	0.256	0.23533333333333334	0.212	0.24133333333333334	0.22533333333333333	0.18466666666666667	0.17866666666666667	0.162	0.16866666666666666	0.17066666666666666	0.15466666666666667	0.13466666666666666	0.126	0.11866666666666667	0.114	0.098	0.10733333333333334	0.098	0.08066666666666666	0.072	0.06933333333333333	0.06666666666666667	0.07533333333333334	0.048	0.051333333333333335	0.05333333333333334	0.056666666666666664	0.04666666666666667	0.03666666666666667	0.04066666666666666	0.04	0.036	0.024666666666666667	0.027333333333333334	0.02266666666666667	0.02266666666666667	0.022	0.02	0.02666666666666667	0.018	0.012666666666666666	0.012666666666666666	0.014666666666666666	0.01	0.008666666666666666	0.011333333333333334	0.009333333333333334	0.005333333333333333	0.008	0.005333333333333333	0.006	0.005333333333333333	0.0026666666666666666	
1.2046666666666668	1.162	1.144	1.1926666666666668	1.1213333333333333	1.052	0.996	1.0546666666666666	1.048	0.9693333333333334	0.958	0.848	0.89	0.8406666666666667	0.81	0.8326666666666667	0.7966666666666666	0.79	0.7146666666666667	0.662	0.6686666666666666	0.716	0.6933333333333334	0.6466666666666666	0.6253333333333333	0.59	0.572	0.5653333333333334	0.5466666666666666	0.49866666666666665	0.504	0.49	0.482	0.436	0.4493333333333333	0.40066666666666667	0.4013333333333333	0.384	0.36333333333333334	0.394	0.3373333333333333	0.346	0.29	0.322	0.2773333333333333	0.27	0.25533333333333336	0.23866666666666667	0.23266666666666666	0.23	0.19466666666666665	0.184	0.18266666666666667	0.18466666666666667	0.16466666666666666	0.142	0.148	0.13066666666666665	0.14333333333333334	0.11133333333333334	0.12066666666666667	0.104	0.11333333333333333	0.08933333333333333	0.09066666666666667	0.08733333333333333	0.07066666666666667	0.07266666666666667	0.07	0.059333333333333335	0.054	0.058	0.058666666666666666	0.04733333333333333	0.038	0.04	0.03666666666666667	0.034	0.042666666666666665	0.02266666666666667	0.03133333333333333	0.030666666666666665	0.019333333333333334	0.023333333333333334	0.016666666666666666	0.015333333333333332	0.020666666666666667	0.011333333333333334	0.013333333333333334	0.009333333333333334	0.01	0.007333333333333333	0.007333333333333333	0.006	0.006	0.004666666666666667	0.004666666666666667	0.004666666666666667	0.0033333333333333335	
1.2133333333333334	1.1813333333333333	1.1813333333333333	1.1446666666666667	1.0533333333333332	1.0646666666666667	1.0573333333333332	1.0273333333333334	0.9806666666666667	0.9673333333333334	0.9426666666666667	0.8746666666666667	0.8873333333333333	0.842	0.8613333333333333	0.7866666666666666	0.806	0.7346666666666667	0.7126666666666667	0.7573333333333333	0.73	0.67	0.628	0.628	0.6046666666666667	0.5826666666666667	0.5846666666666667	0.5146666666666667	0.5446666666666666	0.5433333333333333	0.5146666666666667	0.4746666666666667	0.43	0.446	0.47933333333333333	0.4126666666666667	0.39866666666666667	0.38466666666666666	0.3473333333333333	0.3426666666666667	0.32866666666666666	0.31666666666666665	0.312	0.302	0.29533333333333334	0.29	0.252	0.24866666666666667	0.22733333333333333	0.208	0.20266666666666666	0.20066666666666666	0.19533333333333333	0.176	0.16066666666666668	0.146	0.124	0.126	0.13066666666666665	0.11333333333333333	0.10666666666666667	0.10466666666666667	0.09	0.09466666666666666	0.09333333333333334	0.094	0.068	0.064	0.066	0.04466666666666667	0.059333333333333335	0.04933333333333333	0.05	0.05533333333333333	0.04066666666666666	0.03866666666666667	0.042666666666666665	0.03266666666666666	0.028	0.03666666666666667	0.02666666666666667	0.024666666666666667	0.018666666666666668	0.024	0.016	0.016	0.014666666666666666	0.020666666666666667	0.017333333333333333	0.006666666666666667	0.01	0.008666666666666666	0.010666666666666666	0.007333333333333333	0.0026666666666666666	0.009333333333333334	0.009333333333333334	0.004666666666666667	0.0026666666666666666	
1.2233333333333334	1.196	1.1813333333333333	1.092	1.0786666666666667	1.0533333333333332	1.01	1.0213333333333334	0.966	0.9613333333333334	0.9313333333333333	0.9446666666666667	0.896	0.8013333333333333	0.886	0.816	0.7926666666666666	0.796	0.704	0.718	0.72	0.642	0.648	0.6486666666666666	0.59	0.59	0.5846666666666667	0.5926666666666667	0.516	0.5206666666666667	0.49666666666666665	0.48933333333333334	0.4806666666666667	0.4666666666666667	0.43333333333333335	0.4033333333333333	0.41333333333333333	0.37533333333333335	0.36866666666666664	0.3373333333333333	0.32466666666666666	0.3373333333333333	0.30933333333333335	0.2886666666666667	0.284	0.298	0.244	0.25733333333333336	0.22466666666666665	0.21533333333333332	0.20666666666666667	0.18933333333333333	0.18733333333333332	0.18	0.148	0.142	0.15466666666666667	0.126	0.10933333333333334	0.124	0.116	0.11466666666666667	0.098	0.082	0.084	0.07733333333333334	0.07933333333333334	0.06666666666666667	0.06733333333333333	0.06933333333333333	0.050666666666666665	0.05266666666666667	0.04466666666666667	0.043333333333333335	0.044	0.032	0.034666666666666665	0.04	0.034666666666666665	0.032	0.029333333333333333	0.032	0.021333333333333333	0.023333333333333334	0.020666666666666667	0.014	0.015333333333333332	0.013333333333333334	0.013333333333333334	0.006666666666666667	0.007333333333333333	0.009333333333333334	0.005333333333333333	0.006	0.007333333333333333	0.008	0.004	0.0026666666666666666	0.005333333333333333	
1.1813333333333333	1.13	1.16	1.1413333333333333	1.0586666666666666	1.07	1.0286666666666666	1.002	0.9513333333333334	0.92	0.898	0.8613333333333333	0.8893333333333333	0.83	0.8466666666666667	0.7913333333333333	0.8166666666666667	0.766	0.7186666666666667	0.7146666666666667	0.654	0.6893333333333334	0.6573333333333333	0.6306666666666667	0.6073333333333333	0.57	0.5433333333333333	0.6086666666666667	0.49666666666666665	0.5293333333333333	0.5113333333333333	0.49	0.45466666666666666	0.428	0.41	0.44866666666666666	0.3973333333333333	0.38	0.354	0.38133333333333336	0.3413333333333333	0.32266666666666666	0.3253333333333333	0.29533333333333334	0.25933333333333336	0.25	0.2633333333333333	0.26266666666666666	0.21866666666666668	0.234	0.23	0.19733333333333333	0.19666666666666666	0.16333333333333333	0.14533333333333334	0.142	0.13333333333333333	0.14733333333333334	0.12133333333333333	0.11066666666666666	0.102	0.09066666666666667	0.08666666666666667	0.07733333333333334	0.07933333333333334	0.07666666666666666	0.06666666666666667	0.06933333333333333	0.062	0.052	0.06533333333333333	0.051333333333333335	0.05266666666666667	0.04	0.046	0.04	0.034	0.037333333333333336	0.02666666666666667	0.032	0.034666666666666665	0.02	0.022	0.018	0.026	0.014	0.016	0.012	0.008666666666666666	0.011333333333333334	0.008	0.008	0.009333333333333334	0.006666666666666667	0.006	0.0033333333333333335	0.004	0.005333333333333333	0.002	
1.2806666666666666	1.22	1.0806666666666667	1.1106666666666667	1.048	1.0873333333333333	1.0426666666666666	1.0633333333333332	0.998	0.9293333333333333	0.9166666666666666	0.8933333333333333	0.894	0.848	0.8993333333333333	0.7626666666666667	0.8233333333333334	0.742	0.6906666666666667	0.692	0.698	0.6966666666666667	0.6453333333333333	0.62	0.6373333333333333	0.574	0.5606666666666666	0.5653333333333334	0.5373333333333333	0.524	0.5	0.4633333333333333	0.452	0.44733333333333336	0.4093333333333333	0.4013333333333333	0.38666666666666666	0.404	0.358	0.35733333333333334	0.328	0.30933333333333335	0.30333333333333334	0.31133333333333335	0.2866666666666667	0.2786666666666667	0.25266666666666665	0.25533333333333336	0.222	0.20733333333333334	0.20466666666666666	0.21466666666666667	0.18933333333333333	0.17	0.17	0.148	0.13333333333333333	0.14933333333333335	0.124	0.118	0.11666666666666667	0.10266666666666667	0.10466666666666667	0.08866666666666667	0.088	0.07266666666666667	0.09066666666666667	0.08333333333333333	0.06133333333333333	0.06466666666666666	0.066	0.048666666666666664	0.04666666666666667	0.056	0.043333333333333335	0.04533333333333334	0.04533333333333334	0.03266666666666666	0.022	0.03266666666666666	0.03	0.030666666666666665	0.020666666666666667	0.022	0.020666666666666667	0.018	0.015333333333333332	0.012666666666666666	0.016666666666666666	0.007333333333333333	0.009333333333333334	0.006666666666666667	0.01	0.007333333333333333	0.008666666666666666	0.004666666666666667	0.0033333333333333335	0.0033333333333333335	0.0033333333333333335	
1.1853333333333333	1.196	1.1486666666666667	1.1033333333333333	1.1033333333333333	1.0686666666666667	1.0173333333333334	1.0106666666666666	1.0133333333333334	0.9486666666666667	0.9373333333333334	0.916	0.8893333333333333	0.85	0.8146666666666667	0.794	0.7386666666666667	0.7293333333333333	0.7593333333333333	0.7466666666666667	0.748	0.6773333333333333	0.692	0.6333333333333333	0.616	0.596	0.5833333333333334	0.5326666666666666	0.528	0.49733333333333335	0.5086666666666667	0.506	0.4686666666666667	0.4766666666666667	0.43733333333333335	0.39066666666666666	0.4033333333333333	0.38466666666666666	0.35133333333333333	0.36933333333333335	0.3273333333333333	0.31533333333333335	0.308	0.3006666666666667	0.258	0.26	0.2786666666666667	0.252	0.22866666666666666	0.216	0.21533333333333332	0.18933333333333333	0.18	0.19333333333333333	0.154	0.15066666666666667	0.13466666666666666	0.132	0.13	0.104	0.12133333333333333	0.10133333333333333	0.10733333333333334	0.09866666666666667	0.07333333333333333	0.076	0.076	0.058666666666666666	0.06333333333333334	0.06066666666666667	0.050666666666666665	0.056666666666666664	0.058	0.044	0.04533333333333334	0.04	0.03666666666666667	0.030666666666666665	0.034	0.030666666666666665	0.03333333333333333	0.018666666666666668	0.022	0.018666666666666668	0.016	0.023333333333333334	0.021333333333333333	0.016666666666666666	0.012	0.01	0.012	0.008	0.01	0.010666666666666666	0.006666666666666667	0.006	0.007333333333333333	0.0033333333333333335	0.006	
1.246	1.166	1.126	1.16	1.11	1.014	1.068	1.02	0.96	0.926	0.9626666666666667	0.8933333333333333	0.906	0.82	0.8606666666666667	0.8046666666666666	0.764	0.738	0.7426666666666667	0.716	0.6706666666666666	0.6133333333333333	0.6533333333333333	0.6526666666666666	0.6373333333333333	0.5993333333333334	0.57	0.55	0.5353333333333333	0.5526666666666666	0.5266666666666666	0.454	0.4513333333333333	0.46	0.42333333333333334	0.4093333333333333	0.40066666666666667	0.3993333333333333	0.362	0.3486666666666667	0.32866666666666666	0.31266666666666665	0.3273333333333333	0.31066666666666665	0.25666666666666665	0.27266666666666667	0.25666666666666665	0.23466666666666666	0.254	0.20333333333333334	0.21	0.20666666666666667	0.182	0.15733333333333333	0.158	0.16466666666666666	0.13666666666666666	0.13533333333333333	0.12466666666666666	0.112	0.11733333333333333	0.10733333333333334	0.094	0.09133333333333334	0.09133333333333334	0.07666666666666666	0.072	0.06866666666666667	0.07133333333333333	0.059333333333333335	0.06266666666666666	0.04933333333333333	0.05466666666666667	0.03333333333333333	0.037333333333333336	0.05733333333333333	0.04466666666666667	0.03266666666666666	0.030666666666666665	0.030666666666666665	0.029333333333333333	0.02266666666666667	0.024666666666666667	0.02	0.014666666666666666	0.023333333333333334	0.018	0.012666666666666666	0.012666666666666666	0.010666666666666666	0.004666666666666667	0.004666666666666667	0.008	0.008	0.006666666666666667	0.004	0.0026666666666666666	0.0013333333333333333	0.004666666666666667	
1.1766666666666667	1.17	1.0806666666666667	1.1093333333333333	1.0826666666666667	1.0466666666666666	1.026	0.998	0.9593333333333334	0.958	0.9566666666666667	0.9546666666666667	0.9026666666666666	0.8546666666666667	0.8106666666666666	0.792	0.752	0.7366666666666667	0.7546666666666667	0.722	0.71	0.644	0.6406666666666667	0.622	0.59	0.5813333333333334	0.596	0.588	0.5813333333333334	0.5446666666666666	0.49066666666666664	0.4593333333333333	0.4693333333333333	0.436	0.42333333333333334	0.422	0.4093333333333333	0.384	0.3473333333333333	0.35533333333333333	0.34	0.326	0.33666666666666667	0.2806666666666667	0.2733333333333333	0.2653333333333333	0.26066666666666666	0.24133333333333334	0.20866666666666667	0.23933333333333334	0.20133333333333334	0.21533333333333332	0.18866666666666668	0.16933333333333334	0.15066666666666667	0.14666666666666667	0.15066666666666667	0.13733333333333334	0.122	0.118	0.11266666666666666	0.09733333333333333	0.08333333333333333	0.09266666666666666	0.086	0.076	0.06933333333333333	0.074	0.06733333333333333	0.068	0.054	0.058666666666666666	0.05466666666666667	0.042	0.048	0.04466666666666667	0.042	0.025333333333333333	0.035333333333333335	0.02666666666666667	0.032	0.015333333333333332	0.025333333333333333	0.021333333333333333	0.021333333333333333	0.016	0.016	0.016	0.016666666666666666	0.01	0.013333333333333334	0.006666666666666667	0.009333333333333334	0.006666666666666667	0.007333333333333333	0.007333333333333333	0.0033333333333333335	0.006	0.004	
1.1813333333333333	1.188	1.098	1.1073333333333333	1.05	1.024	1.034	1.0026666666666666	0.962	0.9213333333333333	0.9146666666666666	0.876	0.8726666666666667	0.8326666666666667	0.8066666666666666	0.84	0.8333333333333334	0.742	0.7373333333333333	0.712	0.7006666666666667	0.6713333333333333	0.6666666666666666	0.6546666666666666	0.6273333333333333	0.6026666666666667	0.5486666666666666	0.5626666666666666	0.5366666666666666	0.514	0.4786666666666667	0.486	0.462	0.464	0.42333333333333334	0.42533333333333334	0.4046666666666667	0.392	0.374	0.33266666666666667	0.3453333333333333	0.31933333333333336	0.32133333333333336	0.296	0.278	0.29133333333333333	0.262	0.238	0.234	0.23333333333333334	0.224	0.21066666666666667	0.18133333333333335	0.17466666666666666	0.148	0.14866666666666667	0.15333333333333332	0.12733333333333333	0.126	0.11133333333333334	0.10933333333333334	0.09666666666666666	0.10333333333333333	0.06733333333333333	0.092	0.08266666666666667	0.076	0.06	0.06133333333333333	0.058	0.04666666666666667	0.05733333333333333	0.051333333333333335	0.04466666666666667	0.03866666666666667	0.044	0.042	0.03	0.032	0.03666666666666667	0.03	0.027333333333333334	0.02	0.015333333333333332	0.018	0.016	0.01	0.011333333333333334	0.014	0.008666666666666666	0.009333333333333334	0.008666666666666666	0.007333333333333333	0.005333333333333333	0.006666666666666667	0.004666666666666667	0.01	0.004	0.0026666666666666666	
1.2313333333333334	1.2153333333333334	1.1313333333333333	1.072	1.1	1.096	1.0466666666666666	0.966	1.0446666666666666	0.9653333333333334	0.9233333333333333	0.8686666666666667	0.8386666666666667	0.8666666666666667	0.8493333333333334	0.7766666666666666	0.768	0.7426666666666667	0.7273333333333334	0.702	0.7073333333333334	0.6733333333333333	0.6606666666666666	0.632	0.618	0.572	0.6026666666666667	0.5413333333333333	0.5453333333333333	0.5273333333333333	0.5306666666666666	0.482	0.508	0.5066666666666667	0.438	0.464	0.376	0.3893333333333333	0.362	0.33866666666666667	0.3433333333333333	0.348	0.31066666666666665	0.2946666666666667	0.2633333333333333	0.2826666666666667	0.24333333333333335	0.23733333333333334	0.22933333333333333	0.21866666666666668	0.21133333333333335	0.17866666666666667	0.18666666666666668	0.176	0.158	0.16066666666666668	0.144	0.12666666666666668	0.138	0.108	0.11733333333333333	0.094	0.09666666666666666	0.08866666666666667	0.08266666666666667	0.09266666666666666	0.07133333333333333	0.06133333333333333	0.064	0.05333333333333334	0.06	0.05733333333333333	0.054	0.046	0.042666666666666665	0.038	0.04133333333333333	0.028666666666666667	0.029333333333333333	0.019333333333333334	0.028	0.02266666666666667	0.028666666666666667	0.018666666666666668	0.018	0.016666666666666666	0.012	0.011333333333333334	0.016	0.012666666666666666	0.006666666666666667	0.01	0.008	0.004666666666666667	0.008	0.008666666666666666	0.013333333333333334	0.005333333333333333	0.006	
1.248	1.2126666666666666	1.1673333333333333	1.1266666666666667	1.0986666666666667	1.042	1.036	0.9646666666666667	0.9906666666666667	0.9746666666666667	0.8906666666666667	0.8953333333333333	0.9093333333333333	0.8766666666666667	0.7953333333333333	0.804	0.8153333333333334	0.734	0.7353333333333333	0.7253333333333334	0.7293333333333333	0.6306666666666667	0.6846666666666666	0.6293333333333333	0.6273333333333333	0.5806666666666667	0.5466666666666666	0.544	0.5653333333333334	0.5106666666666667	0.498	0.45466666666666666	0.49733333333333335	0.4106666666666667	0.448	0.41	0.37533333333333335	0.3913333333333333	0.38266666666666665	0.348	0.33266666666666667	0.324	0.318	0.304	0.2773333333333333	0.2866666666666667	0.23133333333333334	0.23	0.22733333333333333	0.206	0.204	0.198	0.192	0.17066666666666666	0.17066666666666666	0.124	0.13866666666666666	0.12733333333333333	0.13	0.11266666666666666	0.10533333333333333	0.11133333333333334	0.09466666666666666	0.08666666666666667	0.08	0.08066666666666666	0.08266666666666667	0.06666666666666667	0.06066666666666667	0.06733333333333333	0.068	0.048666666666666664	0.048666666666666664	0.035333333333333335	0.037333333333333336	0.030666666666666665	0.04133333333333333	0.034	0.028666666666666667	0.03933333333333333	0.022	0.025333333333333333	0.02666666666666667	0.022	0.022	0.021333333333333333	0.014666666666666666	0.016	0.016666666666666666	0.017333333333333333	0.01	0.016	0.008	0.008666666666666666	0.008666666666666666	0.004	0.004666666666666667	0.005333333333333333	0.0026666666666666666	
1.1833333333333333	1.1813333333333333	1.1473333333333333	1.156	1.0606666666666666	1.076	1.0373333333333334	0.9713333333333334	1.0026666666666666	0.9446666666666667	0.9093333333333333	0.8573333333333333	0.906	0.8646666666666667	0.842	0.79	0.8	0.77	0.72	0.7006666666666667	0.7186666666666667	0.5986666666666667	0.644	0.5733333333333334	0.6313333333333333	0.6093333333333333	0.5993333333333334	0.5693333333333334	0.562	0.49866666666666665	0.4826666666666667	0.4533333333333333	0.46266666666666667	0.452	0.42866666666666664	0.39666666666666667	0.38333333333333336	0.3873333333333333	0.3466666666666667	0.37066666666666664	0.3486666666666667	0.338	0.296	0.314	0.286	0.26066666666666666	0.26466666666666666	0.24933333333333332	0.25333333333333335	0.21	0.19133333333333333	0.20466666666666666	0.17533333333333334	0.164	0.16066666666666668	0.16466666666666666	0.13066666666666665	0.13133333333333333	0.12533333333333332	0.12466666666666666	0.11	0.104	0.10866666666666666	0.084	0.07666666666666666	0.08133333333333333	0.078	0.08266666666666667	0.07133333333333333	0.06933333333333333	0.068	0.056	0.052	0.046	0.04533333333333334	0.032	0.038	0.03933333333333333	0.032	0.03133333333333333	0.024	0.024666666666666667	0.024	0.018666666666666668	0.02266666666666667	0.01	0.014666666666666666	0.016	0.014	0.01	0.011333333333333334	0.011333333333333334	0.006666666666666667	0.006666666666666667	0.007333333333333333	0.005333333333333333	0.0033333333333333335	0.006666666666666667	0.004	
1.2286666666666666	1.1793333333333333	1.166	1.0526666666666666	1.108	1.012	1.0746666666666667	1.036	0.9686666666666667	0.9266666666666666	0.96	0.9426666666666667	0.8993333333333333	0.832	0.8193333333333334	0.768	0.7826666666666666	0.7713333333333333	0.76	0.706	0.7253333333333334	0.6626666666666666	0.6533333333333333	0.6273333333333333	0.584	0.58	0.5933333333333334	0.5486666666666666	0.538	0.492	0.502	0.47	0.4666666666666667	0.44733333333333336	0.442	0.402	0.4053333333333333	0.3893333333333333	0.374	0.3393333333333333	0.32266666666666666	0.34933333333333333	0.31333333333333335	0.30266666666666664	0.262	0.2673333333333333	0.24066666666666667	0.24133333333333334	0.2613333333333333	0.222	0.21466666666666667	0.186	0.16466666666666666	0.17066666666666666	0.15866666666666668	0.154	0.14533333333333334	0.13066666666666665	0.13	0.13133333333333333	0.10066666666666667	0.10666666666666667	0.098	0.07866666666666666	0.09333333333333334	0.09	0.08266666666666667	0.062	0.066	0.048666666666666664	0.05733333333333333	0.051333333333333335	0.054	0.05333333333333334	0.059333333333333335	0.038	0.030666666666666665	0.036	0.028	0.020666666666666667	0.03	0.025333333333333333	0.02	0.018666666666666668	0.024666666666666667	0.011333333333333334	0.021333333333333333	0.016	0.014666666666666666	0.011333333333333334	0.008666666666666666	0.011333333333333334	0.008666666666666666	0.005333333333333333	0.006	0.006666666666666667	0.004666666666666667	0.006666666666666667	0.005333333333333333	
1.1906666666666668	1.1846666666666668	1.11	1.0613333333333332	1.072	1.0873333333333333	0.976	0.9673333333333334	0.9533333333333334	0.9566666666666667	0.9553333333333334	0.8933333333333333	0.8573333333333333	0.8193333333333334	0.8066666666666666	0.76	0.7773333333333333	0.7586666666666667	0.764	0.6673333333333333	0.696	0.7	0.6493333333333333	0.6433333333333333	0.6526666666666666	0.618	0.5686666666666667	0.5313333333333333	0.5006666666666667	0.514	0.478	0.46066666666666667	0.4726666666666667	0.4766666666666667	0.41133333333333333	0.42933333333333334	0.4126666666666667	0.37933333333333336	0.3433333333333333	0.35733333333333334	0.3233333333333333	0.332	0.31333333333333335	0.27066666666666667	0.2826666666666667	0.2653333333333333	0.27666666666666667	0.24333333333333335	0.24666666666666667	0.224	0.2	0.20066666666666666	0.164	0.18333333333333332	0.17466666666666666	0.142	0.168	0.14466666666666667	0.138	0.11733333333333333	0.106	0.11066666666666666	0.10333333333333333	0.08333333333333333	0.06866666666666667	0.08066666666666666	0.07333333333333333	0.06	0.06533333333333333	0.05533333333333333	0.05733333333333333	0.05	0.054	0.04933333333333333	0.04	0.04133333333333333	0.036	0.037333333333333336	0.030666666666666665	0.034	0.02666666666666667	0.03	0.024	0.017333333333333333	0.019333333333333334	0.016	0.018	0.015333333333333332	0.012666666666666666	0.006666666666666667	0.006	0.006	0.009333333333333334	0.006666666666666667	0.006	0.004	0.004666666666666667	0.006	0.004	
1.242	1.176	1.1813333333333333	1.152	1.042	1.0473333333333332	1.058	0.988	0.9766666666666667	0.9446666666666667	0.9313333333333333	0.882	0.864	0.8466666666666667	0.812	0.7953333333333333	0.772	0.7286666666666667	0.7953333333333333	0.714	0.7086666666666667	0.6746666666666666	0.6526666666666666	0.6133333333333333	0.5953333333333334	0.6173333333333333	0.5773333333333334	0.5506666666666666	0.5306666666666666	0.5553333333333333	0.47	0.496	0.4573333333333333	0.44666666666666666	0.45	0.42	0.364	0.4186666666666667	0.3486666666666667	0.37066666666666664	0.326	0.31133333333333335	0.2986666666666667	0.30333333333333334	0.284	0.274	0.22466666666666665	0.24466666666666667	0.22466666666666665	0.21666666666666667	0.192	0.18933333333333333	0.20266666666666666	0.166	0.16133333333333333	0.144	0.142	0.13	0.13666666666666666	0.10666666666666667	0.11333333333333333	0.102	0.10333333333333333	0.08933333333333333	0.08333333333333333	0.08066666666666666	0.07533333333333334	0.06	0.07866666666666666	0.056666666666666664	0.06866666666666667	0.068	0.058	0.046	0.04533333333333334	0.037333333333333336	0.04466666666666667	0.034	0.037333333333333336	0.029333333333333333	0.032	0.023333333333333334	0.021333333333333333	0.026	0.013333333333333334	0.016	0.012	0.014666666666666666	0.014666666666666666	0.016	0.008666666666666666	0.011333333333333334	0.008666666666666666	0.006	0.008666666666666666	0.006	0.004	0.004666666666666667	0.0026666666666666666	
1.202	1.2006666666666668	1.1553333333333333	1.15	1.0366666666666666	1.0506666666666666	0.9993333333333333	1.026	0.97	0.924	0.9233333333333333	0.9086666666666666	0.8813333333333333	0.884	0.8313333333333334	0.8013333333333333	0.742	0.7646666666666667	0.7593333333333333	0.7186666666666667	0.722	0.6593333333333333	0.618	0.6366666666666667	0.642	0.5866666666666667	0.568	0.5666666666666667	0.5513333333333333	0.5126666666666667	0.496	0.4886666666666667	0.45666666666666667	0.432	0.4246666666666667	0.382	0.4026666666666667	0.36666666666666664	0.3406666666666667	0.39	0.3413333333333333	0.3433333333333333	0.31933333333333336	0.282	0.282	0.28933333333333333	0.24333333333333335	0.22466666666666665	0.23133333333333334	0.21	0.20133333333333334	0.194	0.174	0.16533333333333333	0.16933333333333334	0.15333333333333332	0.15666666666666668	0.144	0.11933333333333333	0.114	0.114	0.08733333333333333	0.10533333333333333	0.08333333333333333	0.07466666666666667	0.072	0.07933333333333334	0.06933333333333333	0.06666666666666667	0.058666666666666666	0.05533333333333333	0.048666666666666664	0.052	0.03866666666666667	0.036	0.04	0.034666666666666665	0.035333333333333335	0.034666666666666665	0.02666666666666667	0.024666666666666667	0.023333333333333334	0.025333333333333333	0.025333333333333333	0.018666666666666668	0.012	0.018	0.02	0.012	0.011333333333333334	0.008666666666666666	0.008	0.005333333333333333	0.008	0.004	0.006	0.004666666666666667	0.0026666666666666666	0.0026666666666666666	
1.2286666666666666	1.2046666666666668	1.168	1.1013333333333333	1.118	1.0746666666666667	1.0153333333333334	0.97	0.978	0.952	0.934	0.8593333333333333	0.8986666666666666	0.8713333333333333	0.84	0.82	0.8146666666666667	0.7526666666666667	0.7273333333333334	0.718	0.7153333333333334	0.6866666666666666	0.64	0.6573333333333333	0.6006666666666667	0.588	0.5346666666666666	0.5653333333333334	0.562	0.5173333333333333	0.46066666666666667	0.5053333333333333	0.4726666666666667	0.43733333333333335	0.43066666666666664	0.402	0.394	0.39066666666666666	0.38266666666666665	0.36	0.31466666666666665	0.33	0.324	0.29933333333333334	0.27466666666666667	0.274	0.24933333333333332	0.224	0.228	0.20266666666666666	0.214	0.19666666666666666	0.182	0.17266666666666666	0.162	0.13133333333333333	0.132	0.12533333333333332	0.11333333333333333	0.11466666666666667	0.10533333333333333	0.09333333333333334	0.08933333333333333	0.098	0.08266666666666667	0.07733333333333334	0.07	0.08266666666666667	0.056666666666666664	0.05266666666666667	0.050666666666666665	0.056666666666666664	0.05266666666666667	0.052	0.04	0.04	0.035333333333333335	0.03333333333333333	0.02666666666666667	0.025333333333333333	0.034666666666666665	0.02666666666666667	0.025333333333333333	0.018	0.016	0.016	0.011333333333333334	0.012666666666666666	0.008666666666666666	0.014	0.013333333333333334	0.008	0.010666666666666666	0.005333333333333333	0.01	0.004	0.004666666666666667	0.006	0.0026666666666666666	
1.196	1.2533333333333334	1.1353333333333333	1.0893333333333333	1.0646666666666667	1.0826666666666667	0.9666666666666667	1.0053333333333334	0.9546666666666667	0.9233333333333333	0.92	0.886	0.8766666666666667	0.79	0.8306666666666667	0.796	0.8113333333333334	0.7326666666666667	0.7773333333333333	0.7093333333333334	0.6986666666666667	0.6726666666666666	0.7113333333333334	0.6326666666666667	0.5993333333333334	0.5773333333333334	0.566	0.546	0.5246666666666666	0.5326666666666666	0.5066666666666667	0.492	0.47333333333333333	0.43533333333333335	0.4266666666666667	0.408	0.38	0.38066666666666665	0.368	0.372	0.3273333333333333	0.318	0.2946666666666667	0.2793333333333333	0.2853333333333333	0.268	0.27666666666666667	0.25133333333333335	0.19933333333333333	0.228	0.212	0.20533333333333334	0.18133333333333335	0.15933333333333333	0.14933333333333335	0.15133333333333332	0.14666666666666667	0.144	0.11666666666666667	0.10466666666666667	0.106	0.11533333333333333	0.11133333333333334	0.09666666666666666	0.07266666666666667	0.076	0.07733333333333334	0.05733333333333333	0.06266666666666666	0.06133333333333333	0.05	0.06333333333333334	0.064	0.048	0.04133333333333333	0.046	0.035333333333333335	0.035333333333333335	0.03333333333333333	0.03	0.027333333333333334	0.027333333333333334	0.025333333333333333	0.014666666666666666	0.018	0.021333333333333333	0.014	0.015333333333333332	0.011333333333333334	0.010666666666666666	0.007333333333333333	0.009333333333333334	0.006666666666666667	0.009333333333333334	0.007333333333333333	0.010666666666666666	0.004666666666666667	0.005333333333333333	0.002	
1.2113333333333334	1.1733333333333333	1.1526666666666667	1.1126666666666667	1.0393333333333334	1.032	1.036	1.014	0.9613333333333334	0.9466666666666667	0.9106666666666666	0.8713333333333333	0.8666666666666667	0.8346666666666667	0.828	0.7753333333333333	0.7813333333333333	0.6993333333333334	0.706	0.666	0.6873333333333334	0.6706666666666666	0.632	0.6106666666666667	0.608	0.55	0.5673333333333334	0.5273333333333333	0.5526666666666666	0.492	0.49866666666666665	0.45866666666666667	0.43733333333333335	0.424	0.434	0.39066666666666666	0.3893333333333333	0.37333333333333335	0.35533333333333333	0.354	0.32266666666666666	0.30666666666666664	0.32133333333333336	0.2826666666666667	0.29133333333333333	0.2846666666666667	0.2753333333333333	0.26866666666666666	0.23466666666666666	0.198	0.22866666666666666	0.18666666666666668	0.16466666666666666	0.168	0.156	0.14466666666666667	0.15266666666666667	0.136	0.12466666666666666	0.126	0.10666666666666667	0.09466666666666666	0.092	0.094	0.09666666666666666	0.07266666666666667	0.07666666666666666	0.066	0.062	0.052	0.05733333333333333	0.06133333333333333	0.04533333333333334	0.03933333333333333	0.042	0.04	0.042	0.028	0.025333333333333333	0.028666666666666667	0.026	0.028	0.02	0.022	0.02	0.016	0.018	0.019333333333333334	0.010666666666666666	0.013333333333333334	0.011333333333333334	0.006	0.011333333333333334	0.008666666666666666	0.0026666666666666666	0.0006666666666666666	0.004	0.0033333333333333335	0.002	
1.1733333333333333	1.166	1.1486666666666667	1.1013333333333333	1.0586666666666666	1.0653333333333332	1.0086666666666666	0.9533333333333334	0.9413333333333334	0.9153333333333333	0.902	0.8853333333333333	0.902	0.8753333333333333	0.7846666666666666	0.798	0.7493333333333333	0.7133333333333334	0.728	0.7053333333333334	0.6853333333333333	0.6633333333333333	0.686	0.6293333333333333	0.6	0.5633333333333334	0.5553333333333333	0.5466666666666666	0.5373333333333333	0.5066666666666667	0.5013333333333333	0.5166666666666667	0.45866666666666667	0.4553333333333333	0.44733333333333336	0.4226666666666667	0.38666666666666666	0.36533333333333334	0.358	0.3453333333333333	0.32266666666666666	0.328	0.3273333333333333	0.31133333333333335	0.2866666666666667	0.26466666666666666	0.25066666666666665	0.23733333333333334	0.232	0.21133333333333335	0.21133333333333335	0.19066666666666668	0.194	0.17266666666666666	0.16066666666666668	0.15866666666666668	0.126	0.14533333333333334	0.118	0.12	0.118	0.09666666666666666	0.076	0.102	0.10133333333333333	0.06733333333333333	0.072	0.07666666666666666	0.06266666666666666	0.064	0.062	0.05733333333333333	0.048666666666666664	0.04533333333333334	0.04666666666666667	0.04	0.04	0.037333333333333336	0.029333333333333333	0.03266666666666666	0.02	0.025333333333333333	0.02	0.014666666666666666	0.025333333333333333	0.011333333333333334	0.016666666666666666	0.012	0.010666666666666666	0.009333333333333334	0.007333333333333333	0.012666666666666666	0.006666666666666667	0.006666666666666667	0.004	0.0026666666666666666	0.0033333333333333335	0.004666666666666667	0.0033333333333333335	
1.224	1.156	1.128	1.186	1.086	1.0606666666666666	0.9853333333333333	0.9626666666666667	0.9806666666666667	0.9453333333333334	0.9333333333333333	0.8846666666666667	0.8533333333333334	0.8486666666666667	0.8193333333333334	0.7633333333333333	0.8006666666666666	0.736	0.7826666666666666	0.6933333333333334	0.7206666666666667	0.628	0.6666666666666666	0.646	0.624	0.578	0.5533333333333333	0.548	0.566	0.5453333333333333	0.49533333333333335	0.49333333333333335	0.44866666666666666	0.448	0.438	0.4146666666666667	0.36866666666666664	0.4	0.37333333333333335	0.3626666666666667	0.3353333333333333	0.32466666666666666	0.31533333333333335	0.2886666666666667	0.2886666666666667	0.2926666666666667	0.24866666666666667	0.24866666666666667	0.232	0.20466666666666666	0.196	0.18533333333333332	0.17866666666666667	0.16466666666666666	0.15133333333333332	0.168	0.154	0.144	0.128	0.12666666666666668	0.118	0.10733333333333334	0.09533333333333334	0.094	0.08666666666666667	0.08666666666666667	0.072	0.06066666666666667	0.05333333333333334	0.06133333333333333	0.06066666666666667	0.062	0.050666666666666665	0.042	0.03266666666666666	0.042	0.03266666666666666	0.042666666666666665	0.018666666666666668	0.02666666666666667	0.024666666666666667	0.028666666666666667	0.027333333333333334	0.022	0.018	0.014666666666666666	0.012	0.014666666666666666	0.012	0.008	0.006	0.01	0.010666666666666666	0.008	0.004666666666666667	0.004	0.0026666666666666666	0.004	0.0006666666666666666	
1.2286666666666666	1.2353333333333334	1.1286666666666667	1.106	1.0793333333333333	1.0086666666666666	0.9973333333333333	1.0086666666666666	0.942	0.9286666666666666	0.8766666666666667	0.8793333333333333	0.854	0.872	0.8413333333333334	0.8153333333333334	0.7693333333333333	0.712	0.7353333333333333	0.7066666666666667	0.6766666666666666	0.6906666666666667	0.666	0.634	0.616	0.598	0.596	0.54	0.5406666666666666	0.49733333333333335	0.5233333333333333	0.4693333333333333	0.434	0.43866666666666665	0.41333333333333333	0.42133333333333334	0.38133333333333336	0.4073333333333333	0.38066666666666665	0.37533333333333335	0.3486666666666667	0.32	0.31	0.298	0.2886666666666667	0.26866666666666666	0.26066666666666666	0.254	0.22933333333333333	0.218	0.198	0.21066666666666667	0.158	0.18133333333333335	0.16933333333333334	0.17266666666666666	0.13866666666666666	0.128	0.112	0.13466666666666666	0.11466666666666667	0.12	0.10133333333333333	0.10333333333333333	0.08066666666666666	0.094	0.07666666666666666	0.07266666666666667	0.06866666666666667	0.06333333333333334	0.05	0.05266666666666667	0.042	0.046	0.050666666666666665	0.04066666666666666	0.03866666666666667	0.03	0.030666666666666665	0.038	0.03133333333333333	0.02666666666666667	0.019333333333333334	0.02266666666666667	0.015333333333333332	0.022	0.017333333333333333	0.014	0.011333333333333334	0.010666666666666666	0.009333333333333334	0.011333333333333334	0.006666666666666667	0.008	0.006	0.004666666666666667	0.0033333333333333335	0.0033333333333333335	0.002	
1.184	1.162	1.112	1.088	1.0733333333333333	1.0613333333333332	1.024	0.9933333333333333	0.94	0.9593333333333334	0.924	0.8866666666666667	0.8553333333333333	0.7866666666666666	0.8126666666666666	0.7866666666666666	0.7833333333333333	0.7113333333333334	0.7453333333333333	0.706	0.6806666666666666	0.6473333333333333	0.6246666666666667	0.6073333333333333	0.5726666666666667	0.5866666666666667	0.598	0.5426666666666666	0.5253333333333333	0.5073333333333333	0.48933333333333334	0.4593333333333333	0.44066666666666665	0.44066666666666665	0.444	0.422	0.42133333333333334	0.382	0.364	0.384	0.36	0.3433333333333333	0.28933333333333333	0.3006666666666667	0.264	0.286	0.244	0.23933333333333334	0.24	0.222	0.19866666666666666	0.19666666666666666	0.188	0.18533333333333332	0.144	0.15866666666666668	0.13866666666666666	0.13866666666666666	0.12466666666666666	0.132	0.096	0.11666666666666667	0.09333333333333334	0.08533333333333333	0.08333333333333333	0.082	0.07466666666666667	0.07	0.07	0.06466666666666666	0.051333333333333335	0.058	0.048	0.036	0.04533333333333334	0.038	0.043333333333333335	0.03333333333333333	0.037333333333333336	0.022	0.026	0.02	0.02	0.018	0.016666666666666666	0.017333333333333333	0.014	0.013333333333333334	0.012	0.009333333333333334	0.008	0.007333333333333333	0.008666666666666666	0.008	0.007333333333333333	0.004666666666666667	0.006	0.0033333333333333335	0.006	
1.2206666666666666	1.174	1.1406666666666667	1.1313333333333333	1.0873333333333333	1.0653333333333332	1.072	1.0373333333333334	0.9846666666666667	0.926	0.9433333333333334	0.8193333333333334	0.8453333333333334	0.822	0.8193333333333334	0.7973333333333333	0.7753333333333333	0.7426666666666667	0.7386666666666667	0.6606666666666666	0.6926666666666667	0.6386666666666667	0.664	0.6213333333333333	0.606	0.58	0.5746666666666667	0.5733333333333334	0.5766666666666667	0.49933333333333335	0.49733333333333335	0.45866666666666667	0.468	0.44866666666666666	0.448	0.44733333333333336	0.412	0.378	0.36533333333333334	0.35	0.3473333333333333	0.312	0.29133333333333333	0.3006666666666667	0.25466666666666665	0.276	0.26266666666666666	0.24866666666666667	0.21333333333333335	0.20866666666666667	0.21333333333333335	0.17933333333333334	0.17733333333333334	0.17933333333333334	0.14466666666666667	0.14	0.15	0.13333333333333333	0.114	0.11666666666666667	0.1	0.10133333333333333	0.104	0.098	0.084	0.08666666666666667	0.08133333333333333	0.06533333333333333	0.06066666666666667	0.074	0.05533333333333333	0.04533333333333334	0.046	0.04133333333333333	0.04466666666666667	0.042666666666666665	0.03933333333333333	0.03133333333333333	0.03	0.028666666666666667	0.03133333333333333	0.028	0.02266666666666667	0.019333333333333334	0.02266666666666667	0.018	0.019333333333333334	0.018666666666666668	0.016	0.008666666666666666	0.007333333333333333	0.009333333333333334	0.008666666666666666	0.006666666666666667	0.007333333333333333	0.007333333333333333	0.0013333333333333333	0.004666666666666667	0.0013333333333333333	
1.1933333333333334	1.2	1.172	1.0993333333333333	1.0993333333333333	1.0206666666666666	1.004	1.0193333333333334	0.984	0.9113333333333333	0.922	0.86	0.876	0.852	0.8046666666666666	0.7826666666666666	0.772	0.7686666666666667	0.7446666666666667	0.7066666666666667	0.6873333333333334	0.706	0.658	0.604	0.604	0.5853333333333334	0.578	0.548	0.5153333333333333	0.492	0.5073333333333333	0.4786666666666667	0.4693333333333333	0.37933333333333336	0.4073333333333333	0.4246666666666667	0.4026666666666667	0.38066666666666665	0.354	0.354	0.342	0.32266666666666666	0.288	0.2906666666666667	0.2753333333333333	0.2906666666666667	0.24866666666666667	0.24533333333333332	0.20733333333333334	0.22133333333333333	0.20466666666666666	0.20466666666666666	0.174	0.168	0.17	0.164	0.14266666666666666	0.13333333333333333	0.116	0.116	0.098	0.094	0.096	0.08733333333333333	0.08	0.06066666666666667	0.07466666666666667	0.07133333333333333	0.07133333333333333	0.06466666666666666	0.054	0.06066666666666667	0.05466666666666667	0.037333333333333336	0.04133333333333333	0.04466666666666667	0.032	0.02666666666666667	0.027333333333333334	0.034666666666666665	0.027333333333333334	0.024	0.020666666666666667	0.011333333333333334	0.016666666666666666	0.016	0.010666666666666666	0.014666666666666666	0.007333333333333333	0.012666666666666666	0.01	0.005333333333333333	0.006666666666666667	0.008666666666666666	0.002	0.004	0.005333333333333333	0.0026666666666666666	0.006666666666666667	
1.162	1.2126666666666666	1.0866666666666667	1.1333333333333333	1.0213333333333334	1.0686666666666667	1.0466666666666666	0.9833333333333333	0.9486666666666667	0.9453333333333334	0.926	0.9286666666666666	0.8893333333333333	0.8133333333333334	0.8346666666666667	0.7666666666666667	0.7493333333333333	0.7566666666666667	0.7246666666666667	0.662	0.6813333333333333	0.628	0.6466666666666666	0.6106666666666667	0.5933333333333334	0.5986666666666667	0.5573333333333333	0.5326666666666666	0.5386666666666666	0.504	0.508	0.452	0.476	0.448	0.4013333333333333	0.42	0.3873333333333333	0.38266666666666665	0.32133333333333336	0.35933333333333334	0.3313333333333333	0.3333333333333333	0.294	0.298	0.266	0.24933333333333332	0.23133333333333334	0.25866666666666666	0.23	0.21333333333333335	0.21533333333333332	0.18266666666666667	0.18733333333333332	0.17466666666666666	0.14333333333333334	0.13866666666666666	0.13	0.12666666666666668	0.13066666666666665	0.108	0.10666666666666667	0.09333333333333334	0.092	0.088	0.09066666666666667	0.076	0.068	0.076	0.066	0.07	0.05266666666666667	0.05466666666666667	0.042666666666666665	0.04	0.042666666666666665	0.04066666666666666	0.035333333333333335	0.028	0.028666666666666667	0.020666666666666667	0.021333333333333333	0.03133333333333333	0.024	0.017333333333333333	0.022	0.018666666666666668	0.018	0.018	0.010666666666666666	0.015333333333333332	0.009333333333333334	0.004	0.013333333333333334	0.006	0.004	0.008	0.008	0.006666666666666667	0.004	
1.2086666666666666	1.1653333333333333	1.1526666666666667	1.1113333333333333	1.084	1.0466666666666666	1.0546666666666666	1.0193333333333334	0.9793333333333333	0.9	0.8706666666666667	0.902	0.8366666666666667	0.8186666666666667	0.8613333333333333	0.7853333333333333	0.7546666666666667	0.748	0.7406666666666667	0.716	0.7113333333333334	0.6653333333333333	0.6846666666666666	0.6326666666666667	0.638	0.6173333333333333	0.6046666666666667	0.5453333333333333	0.5313333333333333	0.502	0.492	0.4666666666666667	0.46	0.42933333333333334	0.4493333333333333	0.43133333333333335	0.4086666666666667	0.378	0.36533333333333334	0.35333333333333333	0.332	0.3273333333333333	0.32	0.30533333333333335	0.28733333333333333	0.27066666666666667	0.25333333333333335	0.248	0.22466666666666665	0.21333333333333335	0.20133333333333334	0.21933333333333332	0.17066666666666666	0.16933333333333334	0.17	0.146	0.134	0.13333333333333333	0.11466666666666667	0.10733333333333334	0.11933333333333333	0.10866666666666666	0.08666666666666667	0.094	0.09133333333333334	0.07	0.07866666666666666	0.068	0.06133333333333333	0.06533333333333333	0.05533333333333333	0.05333333333333334	0.054	0.044	0.036	0.044	0.035333333333333335	0.029333333333333333	0.020666666666666667	0.03133333333333333	0.03	0.018666666666666668	0.02	0.019333333333333334	0.014666666666666666	0.016	0.015333333333333332	0.014	0.014666666666666666	0.010666666666666666	0.014666666666666666	0.006	0.005333333333333333	0.009333333333333334	0.004666666666666667	0.007333333333333333	0.004	0.008666666666666666	0.009333333333333334	
1.19	1.16	1.0973333333333333	1.1253333333333333	1.1413333333333333	1.0533333333333332	1.02	0.9726666666666667	0.9526666666666667	0.9466666666666667	0.946	0.8526666666666667	0.876	0.856	0.81	0.8113333333333334	0.7873333333333333	0.774	0.7166666666666667	0.7153333333333334	0.7573333333333333	0.6706666666666666	0.6613333333333333	0.6606666666666666	0.5766666666666667	0.5666666666666667	0.6193333333333333	0.5353333333333333	0.506	0.5126666666666667	0.5133333333333333	0.45466666666666666	0.47	0.43466666666666665	0.45066666666666666	0.42333333333333334	0.3933333333333333	0.372	0.374	0.32466666666666666	0.3333333333333333	0.32466666666666666	0.31333333333333335	0.2773333333333333	0.294	0.252	0.238	0.23066666666666666	0.22466666666666665	0.206	0.19733333333333333	0.20466666666666666	0.16133333333333333	0.16066666666666668	0.144	0.14933333333333335	0.13533333333333333	0.13066666666666665	0.12	0.12	0.11066666666666666	0.11333333333333333	0.1	0.08466666666666667	0.08666666666666667	0.08533333333333333	0.08066666666666666	0.05733333333333333	0.054	0.058	0.04933333333333333	0.042666666666666665	0.04133333333333333	0.04666666666666667	0.04133333333333333	0.046	0.04066666666666666	0.02666666666666667	0.028666666666666667	0.024	0.02666666666666667	0.025333333333333333	0.024666666666666667	0.016666666666666666	0.019333333333333334	0.011333333333333334	0.014	0.014666666666666666	0.024	0.008	0.009333333333333334	0.01	0.010666666666666666	0.009333333333333334	0.006	0.009333333333333334	0.006666666666666667	0.008	0.004	
1.224	1.222	1.132	1.1193333333333333	1.0926666666666667	1.042	1.0186666666666666	1.0166666666666666	0.9753333333333334	0.9753333333333334	0.9246666666666666	0.9053333333333333	0.84	0.8793333333333333	0.7906666666666666	0.7753333333333333	0.7993333333333333	0.7406666666666667	0.7586666666666667	0.6673333333333333	0.6966666666666667	0.686	0.6413333333333333	0.5846666666666667	0.5766666666666667	0.5893333333333334	0.5646666666666667	0.5626666666666666	0.5566666666666666	0.5073333333333333	0.4866666666666667	0.49733333333333335	0.4646666666666667	0.43733333333333335	0.41533333333333333	0.434	0.3953333333333333	0.38866666666666666	0.36733333333333335	0.33	0.34	0.30933333333333335	0.302	0.3	0.2826666666666667	0.24733333333333332	0.26	0.25333333333333335	0.22	0.21533333333333332	0.20733333333333334	0.19	0.17266666666666666	0.166	0.182	0.14733333333333334	0.15	0.13	0.12533333333333332	0.11066666666666666	0.10066666666666667	0.09733333333333333	0.082	0.08666666666666667	0.084	0.07466666666666667	0.08466666666666667	0.06866666666666667	0.07666666666666666	0.048666666666666664	0.059333333333333335	0.062	0.04466666666666667	0.052	0.03866666666666667	0.03866666666666667	0.038	0.03266666666666666	0.022	0.026	0.023333333333333334	0.028666666666666667	0.023333333333333334	0.020666666666666667	0.018666666666666668	0.012666666666666666	0.014	0.013333333333333334	0.016	0.012	0.010666666666666666	0.008666666666666666	0.007333333333333333	0.008	0.006	0.005333333333333333	0.0033333333333333335	0.006	0.004	
1.184	1.158	1.0926666666666667	1.1333333333333333	1.078	1.0413333333333334	1.0313333333333334	0.9993333333333333	0.9666666666666667	0.938	0.9	0.8793333333333333	0.892	0.8646666666666667	0.846	0.814	0.7673333333333333	0.724	0.7326666666666667	0.6733333333333333	0.6693333333333333	0.6693333333333333	0.6506666666666666	0.602	0.6066666666666667	0.566	0.5666666666666667	0.5593333333333333	0.5646666666666667	0.49466666666666664	0.4666666666666667	0.47533333333333333	0.458	0.474	0.438	0.4046666666666667	0.37533333333333335	0.39266666666666666	0.36133333333333334	0.3566666666666667	0.31866666666666665	0.30333333333333334	0.2926666666666667	0.2886666666666667	0.2833333333333333	0.266	0.2733333333333333	0.24866666666666667	0.22	0.214	0.2	0.20066666666666666	0.17466666666666666	0.18133333333333335	0.16133333333333333	0.14933333333333335	0.136	0.13266666666666665	0.10666666666666667	0.10066666666666667	0.11466666666666667	0.09733333333333333	0.102	0.08266666666666667	0.078	0.07466666666666667	0.078	0.05466666666666667	0.05466666666666667	0.06533333333333333	0.06066666666666667	0.04733333333333333	0.062	0.04466666666666667	0.04533333333333334	0.03266666666666666	0.04133333333333333	0.032	0.03	0.024666666666666667	0.024	0.028666666666666667	0.022	0.018666666666666668	0.016666666666666666	0.013333333333333334	0.008	0.013333333333333334	0.012	0.010666666666666666	0.015333333333333332	0.009333333333333334	0.008666666666666666	0.009333333333333334	0.006666666666666667	0.008	0.0006666666666666666	0.004666666666666667	0.005333333333333333	
1.1786666666666668	1.196	1.1313333333333333	1.084	1.0866666666666667	1.072	0.9793333333333333	0.9773333333333334	0.966	0.9373333333333334	0.9306666666666666	0.8766666666666667	0.874	0.8413333333333334	0.8386666666666667	0.7886666666666666	0.7726666666666666	0.7553333333333333	0.6946666666666667	0.6873333333333334	0.6973333333333334	0.6693333333333333	0.6193333333333333	0.578	0.6206666666666667	0.5726666666666667	0.5806666666666667	0.534	0.514	0.5326666666666666	0.486	0.49	0.43266666666666664	0.428	0.43466666666666665	0.388	0.39666666666666667	0.37666666666666665	0.35933333333333334	0.36	0.3373333333333333	0.308	0.304	0.2793333333333333	0.26066666666666666	0.284	0.24133333333333334	0.266	0.228	0.21866666666666668	0.22	0.194	0.18333333333333332	0.15266666666666667	0.14666666666666667	0.14866666666666667	0.13666666666666666	0.134	0.12	0.116	0.10533333333333333	0.104	0.09866666666666667	0.10933333333333334	0.088	0.072	0.066	0.07733333333333334	0.059333333333333335	0.056	0.06	0.056	0.05266666666666667	0.056666666666666664	0.037333333333333336	0.030666666666666665	0.042666666666666665	0.02666666666666667	0.028	0.032	0.028666666666666667	0.026	0.026	0.018	0.021333333333333333	0.02266666666666667	0.018	0.011333333333333334	0.012666666666666666	0.010666666666666666	0.009333333333333334	0.012666666666666666	0.014	0.008666666666666666	0.006666666666666667	0.009333333333333334	0.006666666666666667	0.004666666666666667	0.0026666666666666666	
1.21	1.246	1.1246666666666667	1.1253333333333333	1.054	1.0726666666666667	1.0173333333333334	0.9973333333333333	0.9786666666666667	0.9113333333333333	0.932	0.9033333333333333	0.832	0.7893333333333333	0.8413333333333334	0.82	0.764	0.7506666666666667	0.6753333333333333	0.6753333333333333	0.6986666666666667	0.658	0.6333333333333333	0.6033333333333334	0.578	0.5753333333333334	0.588	0.5353333333333333	0.5266666666666666	0.48933333333333334	0.49466666666666664	0.49866666666666665	0.45066666666666666	0.448	0.43266666666666664	0.44266666666666665	0.4073333333333333	0.37866666666666665	0.38133333333333336	0.3546666666666667	0.336	0.33466666666666667	0.296	0.298	0.276	0.26066666666666666	0.242	0.236	0.23266666666666666	0.21266666666666667	0.19733333333333333	0.2	0.18933333333333333	0.17066666666666666	0.18	0.14266666666666666	0.13133333333333333	0.12733333333333333	0.126	0.11133333333333334	0.11733333333333333	0.11466666666666667	0.112	0.09	0.08933333333333333	0.07133333333333333	0.07733333333333334	0.07466666666666667	0.064	0.058666666666666666	0.054	0.04933333333333333	0.042666666666666665	0.046	0.03266666666666666	0.028	0.03866666666666667	0.025333333333333333	0.024666666666666667	0.035333333333333335	0.023333333333333334	0.024	0.021333333333333333	0.012666666666666666	0.022	0.014666666666666666	0.021333333333333333	0.016	0.011333333333333334	0.008666666666666666	0.011333333333333334	0.010666666666666666	0.006	0.008	0.004666666666666667	0.008	0.004	0.0026666666666666666	0.005333333333333333	
1.1673333333333333	1.1913333333333334	1.1313333333333333	1.1153333333333333	1.1053333333333333	1.022	1.068	0.9726666666666667	0.966	0.924	0.8733333333333333	0.9206666666666666	0.8626666666666667	0.8553333333333333	0.8466666666666667	0.77	0.7793333333333333	0.7813333333333333	0.7233333333333334	0.692	0.6806666666666666	0.6373333333333333	0.6286666666666667	0.6133333333333333	0.6066666666666667	0.5653333333333334	0.5493333333333333	0.5306666666666666	0.536	0.494	0.49066666666666664	0.43066666666666664	0.44866666666666666	0.44733333333333336	0.44133333333333336	0.408	0.3933333333333333	0.3893333333333333	0.35533333333333333	0.35	0.354	0.3353333333333333	0.33066666666666666	0.288	0.2793333333333333	0.26866666666666666	0.26266666666666666	0.21866666666666668	0.21733333333333332	0.21	0.19666666666666666	0.19133333333333333	0.17266666666666666	0.188	0.15466666666666667	0.14866666666666667	0.136	0.13466666666666666	0.12666666666666668	0.114	0.106	0.08466666666666667	0.08733333333333333	0.09666666666666666	0.09333333333333334	0.07333333333333333	0.06066666666666667	0.06133333333333333	0.06533333333333333	0.051333333333333335	0.051333333333333335	0.05466666666666667	0.052	0.043333333333333335	0.046	0.03933333333333333	0.03266666666666666	0.027333333333333334	0.034	0.03666666666666667	0.03133333333333333	0.02266666666666667	0.020666666666666667	0.019333333333333334	0.020666666666666667	0.016666666666666666	0.014	0.011333333333333334	0.017333333333333333	0.009333333333333334	0.008	0.010666666666666666	0.008	0.005333333333333333	0.004666666666666667	0.004666666666666667	0.008666666666666666	0.002	0.0026666666666666666	
1.216	1.164	1.1393333333333333	1.092	1.0746666666666667	1.1306666666666667	1.0073333333333334	1.0033333333333334	0.9306666666666666	0.9466666666666667	0.9313333333333333	0.884	0.868	0.8173333333333334	0.842	0.8273333333333334	0.758	0.7573333333333333	0.7086666666666667	0.706	0.682	0.6506666666666666	0.642	0.5846666666666667	0.6066666666666667	0.594	0.5673333333333334	0.566	0.5306666666666666	0.5153333333333333	0.506	0.4846666666666667	0.45	0.4226666666666667	0.41333333333333333	0.41133333333333333	0.3993333333333333	0.36533333333333334	0.348	0.354	0.34933333333333333	0.32866666666666666	0.29733333333333334	0.2853333333333333	0.264	0.27666666666666667	0.26866666666666666	0.22933333333333333	0.22533333333333333	0.20066666666666666	0.20466666666666666	0.19066666666666668	0.18333333333333332	0.17	0.178	0.14333333333333334	0.146	0.132	0.11933333333333333	0.1	0.10666666666666667	0.10266666666666667	0.10333333333333333	0.092	0.092	0.07466666666666667	0.064	0.06866666666666667	0.06	0.05266666666666667	0.056	0.04933333333333333	0.052	0.04066666666666666	0.04	0.03866666666666667	0.03266666666666666	0.034666666666666665	0.032	0.036	0.028666666666666667	0.02266666666666667	0.019333333333333334	0.017333333333333333	0.02266666666666667	0.021333333333333333	0.014	0.012666666666666666	0.016	0.014666666666666666	0.013333333333333334	0.01	0.008666666666666666	0.01	0.008666666666666666	0.005333333333333333	0.004	0.004666666666666667	0.0026666666666666666	
1.1733333333333333	1.1426666666666667	1.1313333333333333	1.0866666666666667	1.028	1.1413333333333333	1.0373333333333334	0.9666666666666667	0.9646666666666667	0.9186666666666666	0.9133333333333333	0.8693333333333333	0.8793333333333333	0.8413333333333334	0.804	0.7753333333333333	0.772	0.726	0.736	0.7186666666666667	0.7433333333333333	0.6613333333333333	0.6466666666666666	0.6466666666666666	0.6033333333333334	0.584	0.5913333333333334	0.5473333333333333	0.54	0.4866666666666667	0.48733333333333334	0.456	0.45466666666666666	0.436	0.4166666666666667	0.3873333333333333	0.4026666666666667	0.4246666666666667	0.366	0.36866666666666664	0.3233333333333333	0.33466666666666667	0.27266666666666667	0.31666666666666665	0.254	0.256	0.25	0.26266666666666666	0.206	0.22933333333333333	0.188	0.17933333333333334	0.18133333333333335	0.17	0.15266666666666667	0.132	0.12733333333333333	0.12933333333333333	0.12266666666666666	0.10933333333333334	0.096	0.09866666666666667	0.104	0.08333333333333333	0.09933333333333333	0.08733333333333333	0.07733333333333334	0.062	0.06333333333333334	0.06	0.068	0.04933333333333333	0.04533333333333334	0.03266666666666666	0.05333333333333334	0.046	0.028	0.024666666666666667	0.029333333333333333	0.023333333333333334	0.02266666666666667	0.024666666666666667	0.024	0.023333333333333334	0.024	0.020666666666666667	0.012	0.011333333333333334	0.012666666666666666	0.014666666666666666	0.008666666666666666	0.008666666666666666	0.006666666666666667	0.0026666666666666666	0.004666666666666667	0.007333333333333333	0.005333333333333333	0.0026666666666666666	0.0026666666666666666	
1.2186666666666666	1.158	1.1286666666666667	1.1446666666666667	1.086	1.0493333333333332	1.0493333333333332	0.964	0.9126666666666666	0.9266666666666666	0.9546666666666667	0.8826666666666667	0.812	0.862	0.8106666666666666	0.8026666666666666	0.758	0.7373333333333333	0.7473333333333333	0.71	0.6733333333333333	0.6653333333333333	0.6413333333333333	0.6413333333333333	0.6293333333333333	0.614	0.5486666666666666	0.5113333333333333	0.5166666666666667	0.5166666666666667	0.498	0.46066666666666667	0.496	0.424	0.43466666666666665	0.39666666666666667	0.38466666666666666	0.3893333333333333	0.37266666666666665	0.3373333333333333	0.332	0.32666666666666666	0.296	0.31666666666666665	0.272	0.25666666666666665	0.23066666666666666	0.24	0.22533333333333333	0.202	0.21133333333333335	0.16666666666666666	0.18733333333333332	0.16133333333333333	0.17533333333333334	0.15333333333333332	0.13933333333333334	0.14066666666666666	0.11866666666666667	0.126	0.11666666666666667	0.098	0.08333333333333333	0.076	0.07133333333333333	0.078	0.08	0.05333333333333334	0.07466666666666667	0.06133333333333333	0.064	0.05333333333333334	0.04533333333333334	0.035333333333333335	0.030666666666666665	0.042	0.03133333333333333	0.03933333333333333	0.034666666666666665	0.03266666666666666	0.030666666666666665	0.024666666666666667	0.020666666666666667	0.025333333333333333	0.018	0.017333333333333333	0.017333333333333333	0.009333333333333334	0.010666666666666666	0.011333333333333334	0.009333333333333334	0.012666666666666666	0.010666666666666666	0.006666666666666667	0.008	0.005333333333333333	0.004666666666666667	0.006666666666666667	0.004	
1.262	1.162	1.1186666666666667	1.15	1.0526666666666666	1.048	1.0346666666666666	0.988	0.9733333333333334	0.9053333333333333	0.918	0.832	0.8726666666666667	0.8426666666666667	0.7946666666666666	0.7793333333333333	0.7733333333333333	0.752	0.734	0.7006666666666667	0.702	0.6733333333333333	0.612	0.6066666666666667	0.6066666666666667	0.566	0.5773333333333334	0.558	0.5386666666666666	0.516	0.466	0.45266666666666666	0.4693333333333333	0.452	0.426	0.41333333333333333	0.3893333333333333	0.386	0.3873333333333333	0.376	0.318	0.31866666666666665	0.27666666666666667	0.3006666666666667	0.2693333333333333	0.268	0.23533333333333334	0.23266666666666666	0.242	0.22866666666666666	0.204	0.19666666666666666	0.17533333333333334	0.16066666666666668	0.17333333333333334	0.13733333333333334	0.15933333333333333	0.12133333333333333	0.122	0.114	0.11466666666666667	0.10533333333333333	0.09933333333333333	0.08	0.08733333333333333	0.07066666666666667	0.07733333333333334	0.056	0.074	0.05466666666666667	0.058666666666666666	0.05466666666666667	0.042	0.056666666666666664	0.06533333333333333	0.043333333333333335	0.052	0.028	0.042666666666666665	0.020666666666666667	0.026	0.02666666666666667	0.018666666666666668	0.017333333333333333	0.018	0.018666666666666668	0.012666666666666666	0.016666666666666666	0.014	0.014666666666666666	0.008	0.008	0.007333333333333333	0.006	0.004666666666666667	0.004	0.005333333333333333	0.006	0.006	
1.1693333333333333	1.2053333333333334	1.2	1.08	1.0766666666666667	1.058	1.016	0.9866666666666667	0.9886666666666667	0.9186666666666666	0.8786666666666667	0.862	0.8713333333333333	0.7866666666666666	0.818	0.8266666666666667	0.73	0.742	0.698	0.6973333333333334	0.6973333333333334	0.6473333333333333	0.6393333333333333	0.6073333333333333	0.61	0.5553333333333333	0.5913333333333334	0.5413333333333333	0.544	0.5126666666666667	0.5046666666666667	0.4766666666666667	0.472	0.44666666666666666	0.43866666666666665	0.408	0.402	0.368	0.376	0.368	0.31333333333333335	0.336	0.2846666666666667	0.30733333333333335	0.274	0.25666666666666665	0.23133333333333334	0.24266666666666667	0.21266666666666667	0.224	0.2	0.188	0.17533333333333334	0.16866666666666666	0.16133333333333333	0.14533333333333334	0.13866666666666666	0.13866666666666666	0.13333333333333333	0.11733333333333333	0.11533333333333333	0.10266666666666667	0.08666666666666667	0.09	0.07866666666666666	0.08	0.08466666666666667	0.066	0.056	0.050666666666666665	0.062	0.056	0.042666666666666665	0.050666666666666665	0.05	0.04	0.034	0.027333333333333334	0.025333333333333333	0.019333333333333334	0.027333333333333334	0.03	0.018666666666666668	0.027333333333333334	0.020666666666666667	0.02266666666666667	0.017333333333333333	0.012666666666666666	0.014666666666666666	0.012666666666666666	0.01	0.008	0.006	0.005333333333333333	0.011333333333333334	0.006666666666666667	0.0033333333333333335	0.0026666666666666666	0.004	
1.1786666666666668	1.168	1.13	1.0826666666666667	1.05	1.0373333333333334	0.988	0.9806666666666667	0.9753333333333334	0.9813333333333333	0.91	0.928	0.836	0.7993333333333333	0.856	0.7693333333333333	0.7706666666666667	0.7546666666666667	0.7233333333333334	0.7	0.7186666666666667	0.6213333333333333	0.6426666666666667	0.63	0.5773333333333334	0.6046666666666667	0.5186666666666667	0.5346666666666666	0.5133333333333333	0.48733333333333334	0.5046666666666667	0.47	0.45066666666666666	0.44	0.41933333333333334	0.39066666666666666	0.402	0.36933333333333335	0.33066666666666666	0.34933333333333333	0.29533333333333334	0.31933333333333336	0.294	0.30133333333333334	0.2906666666666667	0.27066666666666667	0.24066666666666667	0.24333333333333335	0.22466666666666665	0.20733333333333334	0.198	0.2	0.17866666666666667	0.15933333333333333	0.17533333333333334	0.15666666666666668	0.142	0.13	0.12	0.12466666666666666	0.10466666666666667	0.09466666666666666	0.10066666666666667	0.08133333333333333	0.07666666666666666	0.07733333333333334	0.07733333333333334	0.076	0.046	0.05733333333333333	0.051333333333333335	0.054	0.05266666666666667	0.046	0.050666666666666665	0.034666666666666665	0.03333333333333333	0.03133333333333333	0.024	0.02266666666666667	0.029333333333333333	0.03133333333333333	0.020666666666666667	0.027333333333333334	0.018666666666666668	0.014	0.008666666666666666	0.014666666666666666	0.011333333333333334	0.012666666666666666	0.004666666666666667	0.009333333333333334	0.009333333333333334	0.009333333333333334	0.008666666666666666	0.0026666666666666666	0.007333333333333333	0.005333333333333333	0.006	
1.1893333333333334	1.1746666666666667	1.1353333333333333	1.0826666666666667	1.0773333333333333	1.0626666666666666	1.028	0.9706666666666667	0.9786666666666667	0.9406666666666667	0.8986666666666666	0.8733333333333333	0.864	0.796	0.8186666666666667	0.8333333333333334	0.768	0.766	0.726	0.692	0.6486666666666666	0.6353333333333333	0.6073333333333333	0.6333333333333333	0.6033333333333334	0.548	0.586	0.584	0.5266666666666666	0.526	0.48533333333333334	0.47	0.45266666666666666	0.4246666666666667	0.428	0.4106666666666667	0.408	0.35933333333333334	0.3333333333333333	0.342	0.354	0.292	0.306	0.28733333333333333	0.2793333333333333	0.27466666666666667	0.2673333333333333	0.24	0.22533333333333333	0.208	0.18266666666666667	0.186	0.19066666666666668	0.17666666666666667	0.176	0.14733333333333334	0.14733333333333334	0.14533333333333334	0.12133333333333333	0.116	0.11733333333333333	0.10666666666666667	0.09466666666666666	0.09466666666666666	0.08866666666666667	0.08266666666666667	0.07	0.06466666666666666	0.07533333333333334	0.056666666666666664	0.058	0.05333333333333334	0.054	0.04	0.044	0.042	0.043333333333333335	0.017333333333333333	0.03	0.028666666666666667	0.03	0.021333333333333333	0.017333333333333333	0.019333333333333334	0.018666666666666668	0.018	0.020666666666666667	0.021333333333333333	0.006	0.016	0.013333333333333334	0.006	0.004	0.006	0.0033333333333333335	0.006666666666666667	0.004	0.005333333333333333	0.005333333333333333	
1.16	1.166	1.1226666666666667	1.1753333333333333	1.0413333333333334	1.078	1.0	1.0193333333333334	0.9606666666666667	0.9333333333333333	0.9093333333333333	0.8606666666666667	0.8553333333333333	0.8226666666666667	0.8506666666666667	0.7846666666666666	0.7426666666666667	0.7146666666666667	0.7553333333333333	0.7006666666666667	0.694	0.6453333333333333	0.676	0.632	0.6093333333333333	0.5573333333333333	0.5626666666666666	0.566	0.5466666666666666	0.5193333333333333	0.49066666666666664	0.5046666666666667	0.4693333333333333	0.44266666666666665	0.412	0.4186666666666667	0.384	0.39266666666666666	0.3606666666666667	0.3626666666666667	0.3453333333333333	0.3406666666666667	0.29933333333333334	0.298	0.296	0.2653333333333333	0.23733333333333334	0.24066666666666667	0.23533333333333334	0.198	0.20133333333333334	0.18266666666666667	0.15066666666666667	0.14666666666666667	0.146	0.148	0.13733333333333334	0.112	0.12	0.11066666666666666	0.11733333333333333	0.10733333333333334	0.092	0.09066666666666667	0.09	0.078	0.08133333333333333	0.06	0.06466666666666666	0.06066666666666667	0.058666666666666666	0.054	0.05533333333333333	0.04933333333333333	0.046	0.038	0.04466666666666667	0.03266666666666666	0.028666666666666667	0.024666666666666667	0.026	0.015333333333333332	0.021333333333333333	0.02666666666666667	0.023333333333333334	0.012	0.013333333333333334	0.016	0.016	0.008666666666666666	0.011333333333333334	0.007333333333333333	0.006666666666666667	0.005333333333333333	0.006666666666666667	0.004666666666666667	0.008666666666666666	0.004	0.0026666666666666666	
1.17	1.1466666666666667	1.126	1.1106666666666667	1.042	1.034	1.0493333333333332	0.9846666666666667	1.016	0.934	0.9213333333333333	0.864	0.862	0.8726666666666667	0.8593333333333333	0.756	0.758	0.742	0.75	0.682	0.6873333333333334	0.6346666666666667	0.6613333333333333	0.648	0.61	0.5846666666666667	0.5433333333333333	0.568	0.512	0.48133333333333334	0.49533333333333335	0.5046666666666667	0.45666666666666667	0.46	0.39266666666666666	0.40066666666666667	0.38533333333333336	0.37466666666666665	0.3566666666666667	0.358	0.33466666666666667	0.30466666666666664	0.31066666666666665	0.276	0.2773333333333333	0.25533333333333336	0.23533333333333334	0.23533333333333334	0.20933333333333334	0.21933333333333332	0.218	0.18866666666666668	0.182	0.184	0.158	0.13333333333333333	0.13266666666666665	0.11133333333333334	0.14	0.11066666666666666	0.11466666666666667	0.11266666666666666	0.08933333333333333	0.09	0.07466666666666667	0.07933333333333334	0.07133333333333333	0.06666666666666667	0.06266666666666666	0.04533333333333334	0.05	0.05333333333333334	0.058	0.04733333333333333	0.03933333333333333	0.034	0.020666666666666667	0.02666666666666667	0.03333333333333333	0.038	0.032	0.032	0.027333333333333334	0.015333333333333332	0.02266666666666667	0.012	0.018	0.014	0.009333333333333334	0.009333333333333334	0.012666666666666666	0.011333333333333334	0.012666666666666666	0.007333333333333333	0.0026666666666666666	0.007333333333333333	0.006666666666666667	0.004	0.002	
1.1846666666666668	1.1626666666666667	1.1233333333333333	1.1273333333333333	1.1206666666666667	1.0093333333333334	0.98	0.9946666666666667	0.93	0.9273333333333333	0.8893333333333333	0.8913333333333333	0.828	0.8246666666666667	0.818	0.776	0.7626666666666667	0.744	0.7313333333333333	0.67	0.6906666666666667	0.688	0.642	0.6346666666666667	0.6146666666666667	0.5766666666666667	0.5646666666666667	0.54	0.5426666666666666	0.5033333333333333	0.516	0.49666666666666665	0.45266666666666666	0.43733333333333335	0.416	0.4126666666666667	0.37333333333333335	0.358	0.3466666666666667	0.32666666666666666	0.33866666666666667	0.3373333333333333	0.30133333333333334	0.2713333333333333	0.272	0.24733333333333332	0.238	0.27466666666666667	0.24333333333333335	0.216	0.19533333333333333	0.18933333333333333	0.16533333333333333	0.16466666666666666	0.14066666666666666	0.16066666666666668	0.13533333333333333	0.13266666666666665	0.13266666666666665	0.106	0.11666666666666667	0.10066666666666667	0.09933333333333333	0.07933333333333334	0.074	0.06666666666666667	0.08333333333333333	0.06333333333333334	0.07066666666666667	0.054	0.056666666666666664	0.04666666666666667	0.04533333333333334	0.046	0.04533333333333334	0.050666666666666665	0.028	0.04133333333333333	0.02266666666666667	0.024666666666666667	0.03	0.028	0.016666666666666666	0.022	0.024	0.012666666666666666	0.012	0.016	0.013333333333333334	0.007333333333333333	0.007333333333333333	0.014	0.008	0.010666666666666666	0.008	0.005333333333333333	0.005333333333333333	0.007333333333333333	0.0033333333333333335	
1.1753333333333333	1.178	1.1213333333333333	1.1253333333333333	1.102	0.992	0.9873333333333333	1.0133333333333334	0.9333333333333333	0.9426666666666667	0.8586666666666667	0.916	0.798	0.8533333333333334	0.8233333333333334	0.754	0.7833333333333333	0.7313333333333333	0.746	0.69	0.684	0.6806666666666666	0.6586666666666666	0.5873333333333334	0.6066666666666667	0.6033333333333334	0.5486666666666666	0.5166666666666667	0.536	0.482	0.46066666666666667	0.4826666666666667	0.488	0.45066666666666666	0.416	0.4266666666666667	0.36333333333333334	0.366	0.356	0.32466666666666666	0.334	0.31466666666666665	0.31	0.3006666666666667	0.258	0.242	0.24266666666666667	0.25	0.21533333333333332	0.22333333333333333	0.22866666666666666	0.17933333333333334	0.162	0.178	0.16866666666666666	0.14133333333333334	0.13666666666666666	0.14466666666666667	0.12266666666666666	0.116	0.108	0.1	0.09533333333333334	0.09733333333333333	0.07133333333333333	0.09	0.06866666666666667	0.06933333333333333	0.072	0.06733333333333333	0.07	0.052	0.042666666666666665	0.04533333333333334	0.03933333333333333	0.03133333333333333	0.03666666666666667	0.027333333333333334	0.037333333333333336	0.025333333333333333	0.028666666666666667	0.021333333333333333	0.023333333333333334	0.019333333333333334	0.018	0.020666666666666667	0.013333333333333334	0.017333333333333333	0.017333333333333333	0.017333333333333333	0.013333333333333334	0.013333333333333334	0.005333333333333333	0.006666666666666667	0.006	0.004	0.006	0.007333333333333333	0.0033333333333333335	
1.1986666666666668	1.1673333333333333	1.154	1.0773333333333333	1.0546666666666666	1.0386666666666666	0.9933333333333333	0.9533333333333334	0.96	0.946	0.9233333333333333	0.8206666666666667	0.854	0.7906666666666666	0.8326666666666667	0.768	0.772	0.728	0.738	0.698	0.6926666666666667	0.6446666666666667	0.6413333333333333	0.604	0.5806666666666667	0.5553333333333333	0.6006666666666667	0.51	0.5026666666666667	0.5026666666666667	0.456	0.4806666666666667	0.43266666666666664	0.39666666666666667	0.3873333333333333	0.398	0.392	0.388	0.356	0.3433333333333333	0.31066666666666665	0.33466666666666667	0.31	0.2773333333333333	0.284	0.27466666666666667	0.25	0.24933333333333332	0.21866666666666668	0.22133333333333333	0.20066666666666666	0.208	0.17066666666666666	0.18	0.15666666666666668	0.15533333333333332	0.146	0.12933333333333333	0.10533333333333333	0.114	0.11133333333333334	0.09333333333333334	0.08	0.08733333333333333	0.08466666666666667	0.07733333333333334	0.076	0.07533333333333334	0.06266666666666666	0.062	0.066	0.06533333333333333	0.03933333333333333	0.048666666666666664	0.035333333333333335	0.036	0.03133333333333333	0.022	0.038	0.021333333333333333	0.020666666666666667	0.032	0.014	0.018666666666666668	0.02	0.015333333333333332	0.012666666666666666	0.013333333333333334	0.01	0.010666666666666666	0.012	0.011333333333333334	0.01	0.006	0.007333333333333333	0.006	0.006666666666666667	0.0033333333333333335	0.0033333333333333335	
1.2426666666666666	1.1333333333333333	1.124	1.0906666666666667	1.082	1.0366666666666666	1.0293333333333334	0.996	0.9886666666666667	0.8946666666666667	0.9233333333333333	0.8906666666666667	0.882	0.7926666666666666	0.818	0.7786666666666666	0.7686666666666667	0.696	0.732	0.7066666666666667	0.6713333333333333	0.6846666666666666	0.6766666666666666	0.6066666666666667	0.5826666666666667	0.5833333333333334	0.5526666666666666	0.5333333333333333	0.548	0.5206666666666667	0.446	0.47533333333333333	0.44466666666666665	0.45266666666666666	0.4086666666666667	0.416	0.3933333333333333	0.4073333333333333	0.37133333333333335	0.336	0.30133333333333334	0.35533333333333333	0.288	0.29333333333333333	0.2806666666666667	0.29733333333333334	0.254	0.24933333333333332	0.214	0.19266666666666668	0.17533333333333334	0.18866666666666668	0.17733333333333334	0.16533333333333333	0.14466666666666667	0.15933333333333333	0.14333333333333334	0.13066666666666665	0.11866666666666667	0.10266666666666667	0.10066666666666667	0.10666666666666667	0.08933333333333333	0.09733333333333333	0.07533333333333334	0.074	0.07933333333333334	0.07	0.06133333333333333	0.05	0.056666666666666664	0.04933333333333333	0.05	0.046	0.04133333333333333	0.04133333333333333	0.035333333333333335	0.03133333333333333	0.03133333333333333	0.024	0.024666666666666667	0.019333333333333334	0.028666666666666667	0.016	0.021333333333333333	0.02	0.012	0.011333333333333334	0.013333333333333334	0.008	0.006	0.010666666666666666	0.008666666666666666	0.01	0.007333333333333333	0.005333333333333333	0.004666666666666667	0.006666666666666667	0.002	
1.1866666666666668	1.1693333333333333	1.1226666666666667	1.0406666666666666	1.044	1.016	0.9466666666666667	1.0046666666666666	0.9113333333333333	0.9166666666666666	0.9273333333333333	0.8513333333333334	0.886	0.802	0.7926666666666666	0.7433333333333333	0.748	0.7613333333333333	0.7353333333333333	0.706	0.66	0.6666666666666666	0.6266666666666667	0.6326666666666667	0.5773333333333334	0.5693333333333334	0.564	0.578	0.5206666666666667	0.5086666666666667	0.492	0.4666666666666667	0.46066666666666667	0.4046666666666667	0.43733333333333335	0.422	0.38266666666666665	0.364	0.37533333333333335	0.35133333333333333	0.32466666666666666	0.298	0.29733333333333334	0.298	0.24666666666666667	0.256	0.24266666666666667	0.246	0.236	0.224	0.19866666666666666	0.20333333333333334	0.17266666666666666	0.16533333333333333	0.164	0.14733333333333334	0.14	0.134	0.12133333333333333	0.1	0.11133333333333334	0.096	0.09666666666666666	0.09266666666666666	0.07933333333333334	0.07866666666666666	0.08133333333333333	0.06666666666666667	0.04933333333333333	0.05533333333333333	0.05466666666666667	0.048	0.043333333333333335	0.042	0.04533333333333334	0.036	0.030666666666666665	0.029333333333333333	0.029333333333333333	0.025333333333333333	0.030666666666666665	0.030666666666666665	0.02266666666666667	0.018	0.016	0.012666666666666666	0.011333333333333334	0.016	0.013333333333333334	0.010666666666666666	0.012666666666666666	0.008	0.006	0.006666666666666667	0.008	0.004	0.002	0.004	0.004	
1.1933333333333334	1.1746666666666667	1.128	1.096	1.0893333333333333	1.0106666666666666	1.014	0.9726666666666667	0.9446666666666667	0.8733333333333333	0.8786666666666667	0.8593333333333333	0.862	0.8086666666666666	0.8293333333333334	0.804	0.7666666666666667	0.7466666666666667	0.7106666666666667	0.724	0.706	0.6446666666666667	0.6566666666666666	0.5926666666666667	0.6206666666666667	0.5946666666666667	0.5746666666666667	0.5406666666666666	0.5233333333333333	0.5226666666666666	0.47533333333333333	0.478	0.44666666666666666	0.43333333333333335	0.412	0.412	0.39066666666666666	0.36133333333333334	0.3953333333333333	0.35533333333333333	0.31933333333333336	0.3453333333333333	0.31466666666666665	0.2806666666666667	0.2826666666666667	0.24333333333333335	0.228	0.244	0.20266666666666666	0.22333333333333333	0.20933333333333334	0.16866666666666666	0.19466666666666665	0.16933333333333334	0.16333333333333333	0.13	0.146	0.124	0.13133333333333333	0.11266666666666666	0.11066666666666666	0.108	0.09733333333333333	0.09866666666666667	0.09266666666666666	0.06866666666666667	0.07933333333333334	0.068	0.052	0.06466666666666666	0.05466666666666667	0.048666666666666664	0.04933333333333333	0.043333333333333335	0.051333333333333335	0.04066666666666666	0.032	0.029333333333333333	0.03333333333333333	0.02666666666666667	0.023333333333333334	0.023333333333333334	0.025333333333333333	0.008666666666666666	0.024	0.015333333333333332	0.018666666666666668	0.010666666666666666	0.011333333333333334	0.010666666666666666	0.011333333333333334	0.007333333333333333	0.012	0.004	0.008666666666666666	0.004	0.0033333333333333335	0.0026666666666666666	0.002	
1.2073333333333334	1.1566666666666667	1.09	1.0753333333333333	1.0146666666666666	1.0873333333333333	0.994	1.0206666666666666	0.946	0.972	0.918	0.8306666666666667	0.854	0.8226666666666667	0.8226666666666667	0.7673333333333333	0.7913333333333333	0.7106666666666667	0.712	0.6806666666666666	0.702	0.6086666666666667	0.62	0.63	0.5766666666666667	0.6013333333333334	0.5566666666666666	0.552	0.5233333333333333	0.5273333333333333	0.51	0.468	0.4706666666666667	0.43	0.44	0.41333333333333333	0.372	0.37933333333333336	0.34	0.3426666666666667	0.3466666666666667	0.322	0.3006666666666667	0.29733333333333334	0.2713333333333333	0.25666666666666665	0.258	0.25333333333333335	0.21533333333333332	0.23866666666666667	0.202	0.17333333333333334	0.18733333333333332	0.15733333333333333	0.15333333333333332	0.146	0.12866666666666668	0.13066666666666665	0.11333333333333333	0.11733333333333333	0.12333333333333334	0.09	0.08466666666666667	0.07333333333333333	0.08066666666666666	0.09133333333333334	0.06866666666666667	0.06733333333333333	0.06133333333333333	0.058666666666666666	0.064	0.04533333333333334	0.04733333333333333	0.04133333333333333	0.04733333333333333	0.03333333333333333	0.038	0.028	0.03666666666666667	0.020666666666666667	0.032	0.024	0.02	0.026	0.02	0.014666666666666666	0.020666666666666667	0.012666666666666666	0.010666666666666666	0.008	0.006666666666666667	0.011333333333333334	0.008666666666666666	0.008666666666666666	0.007333333333333333	0.007333333333333333	0.0026666666666666666	0.005333333333333333	0.004	
1.1933333333333334	1.1433333333333333	1.0946666666666667	1.1113333333333333	1.0653333333333332	1.008	0.9866666666666667	0.9986666666666667	0.952	0.9426666666666667	0.8433333333333334	0.8933333333333333	0.856	0.8406666666666667	0.81	0.7513333333333333	0.74	0.7293333333333333	0.7206666666666667	0.688	0.6893333333333334	0.652	0.656	0.642	0.626	0.5746666666666667	0.5613333333333334	0.5566666666666666	0.5573333333333333	0.5106666666666667	0.5006666666666667	0.47733333333333333	0.468	0.418	0.4226666666666667	0.38066666666666665	0.414	0.37466666666666665	0.372	0.3473333333333333	0.33266666666666667	0.308	0.2886666666666667	0.2846666666666667	0.262	0.244	0.24866666666666667	0.23466666666666666	0.232	0.22266666666666668	0.21066666666666667	0.17866666666666667	0.17333333333333334	0.17533333333333334	0.16533333333333333	0.14266666666666666	0.12133333333333333	0.12533333333333332	0.112	0.11933333333333333	0.11333333333333333	0.088	0.08066666666666666	0.094	0.07933333333333334	0.07733333333333334	0.07733333333333334	0.074	0.06733333333333333	0.051333333333333335	0.056	0.048666666666666664	0.042666666666666665	0.03933333333333333	0.04066666666666666	0.029333333333333333	0.035333333333333335	0.036	0.028	0.024	0.03	0.02266666666666667	0.02666666666666667	0.014	0.018	0.02266666666666667	0.012666666666666666	0.015333333333333332	0.014	0.013333333333333334	0.014	0.008666666666666666	0.006	0.005333333333333333	0.006666666666666667	0.0033333333333333335	0.006666666666666667	0.004	0.0026666666666666666	
1.186	1.1526666666666667	1.1146666666666667	1.0866666666666667	1.0846666666666667	1.06	0.998	0.9906666666666667	0.9493333333333334	0.9093333333333333	0.87	0.8566666666666667	0.8986666666666666	0.8146666666666667	0.796	0.7773333333333333	0.77	0.7586666666666667	0.7053333333333334	0.6673333333333333	0.684	0.6293333333333333	0.634	0.65	0.592	0.5773333333333334	0.57	0.5373333333333333	0.5186666666666667	0.538	0.4693333333333333	0.4706666666666667	0.44666666666666666	0.4646666666666667	0.44466666666666665	0.4053333333333333	0.404	0.36333333333333334	0.352	0.37333333333333335	0.32666666666666666	0.326	0.316	0.304	0.25533333333333336	0.2866666666666667	0.25066666666666665	0.24066666666666667	0.22533333333333333	0.21	0.23	0.18733333333333332	0.17133333333333334	0.19066666666666668	0.13866666666666666	0.16866666666666666	0.13733333333333334	0.12533333333333332	0.11733333333333333	0.132	0.09133333333333334	0.10066666666666667	0.09733333333333333	0.092	0.08266666666666667	0.06733333333333333	0.08666666666666667	0.066	0.06666666666666667	0.06333333333333334	0.048666666666666664	0.04933333333333333	0.05	0.06133333333333333	0.036	0.036	0.024666666666666667	0.04	0.022	0.029333333333333333	0.023333333333333334	0.02666666666666667	0.024	0.019333333333333334	0.022	0.016666666666666666	0.014666666666666666	0.014	0.018	0.019333333333333334	0.005333333333333333	0.006	0.006	0.006	0.0033333333333333335	0.004	0.006	0.004666666666666667	0.002	
1.1913333333333334	1.1493333333333333	1.072	1.0746666666666667	1.0693333333333332	1.0353333333333334	1.0	0.99	0.9773333333333334	0.9573333333333334	0.9486666666666667	0.902	0.8746666666666667	0.8166666666666667	0.814	0.7446666666666667	0.7873333333333333	0.7426666666666667	0.7333333333333333	0.6826666666666666	0.6733333333333333	0.6686666666666666	0.5866666666666667	0.614	0.5966666666666667	0.5826666666666667	0.594	0.5706666666666667	0.5286666666666666	0.518	0.436	0.5066666666666667	0.44	0.424	0.4146666666666667	0.4206666666666667	0.404	0.38266666666666665	0.3373333333333333	0.3506666666666667	0.34	0.31333333333333335	0.29	0.30666666666666664	0.2826666666666667	0.274	0.23466666666666666	0.25266666666666665	0.22533333333333333	0.22933333333333333	0.22133333333333333	0.19733333333333333	0.16666666666666666	0.164	0.13533333333333333	0.13066666666666665	0.13066666666666665	0.11533333333333333	0.114	0.11266666666666666	0.11733333333333333	0.08533333333333333	0.09	0.08866666666666667	0.072	0.072	0.068	0.06733333333333333	0.056	0.05	0.05266666666666667	0.044	0.042	0.044	0.042666666666666665	0.03333333333333333	0.04066666666666666	0.030666666666666665	0.029333333333333333	0.029333333333333333	0.024	0.024666666666666667	0.023333333333333334	0.018	0.015333333333333332	0.02	0.016	0.015333333333333332	0.015333333333333332	0.012666666666666666	0.01	0.013333333333333334	0.008666666666666666	0.004666666666666667	0.009333333333333334	0.005333333333333333	0.005333333333333333	0.006	0.002	
1.1286666666666667	1.1506666666666667	1.1346666666666667	1.11	1.0413333333333334	1.0106666666666666	1.016	0.9873333333333333	0.9466666666666667	0.896	0.912	0.916	0.8766666666666667	0.8133333333333334	0.82	0.7713333333333333	0.7906666666666666	0.714	0.7233333333333334	0.7533333333333333	0.676	0.6886666666666666	0.6366666666666667	0.6026666666666667	0.622	0.58	0.526	0.524	0.5246666666666666	0.48133333333333334	0.482	0.45266666666666666	0.482	0.4206666666666667	0.434	0.39866666666666667	0.36733333333333335	0.38866666666666666	0.37	0.36133333333333334	0.308	0.3233333333333333	0.31333333333333335	0.292	0.24866666666666667	0.256	0.23066666666666666	0.25	0.21933333333333332	0.19866666666666666	0.194	0.19733333333333333	0.17333333333333334	0.16066666666666668	0.166	0.142	0.142	0.112	0.122	0.112	0.09733333333333333	0.09666666666666666	0.08733333333333333	0.07733333333333334	0.08866666666666667	0.08	0.07533333333333334	0.06	0.058	0.066	0.058	0.04733333333333333	0.048666666666666664	0.051333333333333335	0.042	0.04066666666666666	0.04133333333333333	0.03266666666666666	0.030666666666666665	0.028666666666666667	0.023333333333333334	0.018	0.015333333333333332	0.029333333333333333	0.017333333333333333	0.020666666666666667	0.014666666666666666	0.009333333333333334	0.008666666666666666	0.014	0.009333333333333334	0.010666666666666666	0.013333333333333334	0.011333333333333334	0.006	0.006	0.006	0.004666666666666667	0.0033333333333333335	
1.16	1.142	1.1093333333333333	1.0413333333333334	1.0446666666666666	1.0373333333333334	1.0093333333333334	0.9446666666666667	0.9033333333333333	0.9306666666666666	0.9113333333333333	0.8913333333333333	0.8686666666666667	0.8233333333333334	0.7986666666666666	0.78	0.7586666666666667	0.7433333333333333	0.7093333333333334	0.6626666666666666	0.6746666666666666	0.688	0.65	0.6166666666666667	0.6033333333333334	0.5426666666666666	0.6013333333333334	0.5293333333333333	0.524	0.5146666666666667	0.44733333333333336	0.4206666666666667	0.44866666666666666	0.42	0.426	0.414	0.37533333333333335	0.39	0.3486666666666667	0.36533333333333334	0.33	0.296	0.2926666666666667	0.2846666666666667	0.26266666666666666	0.24133333333333334	0.24933333333333332	0.23666666666666666	0.18866666666666668	0.19866666666666666	0.19333333333333333	0.19266666666666668	0.182	0.15266666666666667	0.15933333333333333	0.148	0.13266666666666665	0.13666666666666666	0.12	0.102	0.094	0.11666666666666667	0.09733333333333333	0.09466666666666666	0.09866666666666667	0.076	0.07266666666666667	0.06866666666666667	0.06	0.06266666666666666	0.054	0.05333333333333334	0.043333333333333335	0.04533333333333334	0.034666666666666665	0.043333333333333335	0.03133333333333333	0.03	0.034666666666666665	0.024666666666666667	0.032	0.024	0.020666666666666667	0.020666666666666667	0.013333333333333334	0.016666666666666666	0.024666666666666667	0.012666666666666666	0.014666666666666666	0.009333333333333334	0.009333333333333334	0.008666666666666666	0.010666666666666666	0.004666666666666667	0.008	0.0033333333333333335	0.0033333333333333335	0.004666666666666667	0.0033333333333333335	
1.1513333333333333	1.1386666666666667	1.072	1.1366666666666667	1.082	0.9553333333333334	0.992	0.9726666666666667	0.9206666666666666	0.932	0.8713333333333333	0.8646666666666667	0.858	0.8033333333333333	0.8433333333333334	0.798	0.7373333333333333	0.708	0.6693333333333333	0.6886666666666666	0.638	0.674	0.5846666666666667	0.6206666666666667	0.6133333333333333	0.5766666666666667	0.534	0.532	0.512	0.5066666666666667	0.5173333333333333	0.44466666666666665	0.46266666666666667	0.43	0.41	0.3913333333333333	0.404	0.354	0.3526666666666667	0.33666666666666667	0.31133333333333335	0.31533333333333335	0.30933333333333335	0.27666666666666667	0.2693333333333333	0.26866666666666666	0.248	0.23333333333333334	0.208	0.20933333333333334	0.19866666666666666	0.18066666666666667	0.16533333333333333	0.17666666666666667	0.13866666666666666	0.15666666666666668	0.15133333333333332	0.13333333333333333	0.12533333333333332	0.10266666666666667	0.10133333333333333	0.088	0.10133333333333333	0.09333333333333334	0.07066666666666667	0.06933333333333333	0.066	0.056	0.06	0.056666666666666664	0.06333333333333334	0.05266666666666667	0.05533333333333333	0.043333333333333335	0.03133333333333333	0.04133333333333333	0.034666666666666665	0.04066666666666666	0.028	0.03266666666666666	0.02666666666666667	0.022	0.024666666666666667	0.014666666666666666	0.012	0.012666666666666666	0.012666666666666666	0.014	0.020666666666666667	0.010666666666666666	0.011333333333333334	0.008666666666666666	0.007333333333333333	0.007333333333333333	0.01	0.007333333333333333	0.004	0.005333333333333333	0.004	
1.178	1.1526666666666667	1.1633333333333333	1.0366666666666666	1.0326666666666666	1.0353333333333334	1.024	0.9626666666666667	0.972	0.9086666666666666	0.8533333333333334	0.884	0.8513333333333334	0.774	0.8373333333333334	0.7726666666666666	0.768	0.712	0.74	0.7046666666666667	0.6966666666666667	0.6426666666666667	0.6686666666666666	0.6066666666666667	0.6086666666666667	0.6146666666666667	0.5826666666666667	0.546	0.5333333333333333	0.5166666666666667	0.4846666666666667	0.4593333333333333	0.464	0.41533333333333333	0.426	0.41733333333333333	0.37	0.35533333333333333	0.36933333333333335	0.368	0.342	0.306	0.266	0.302	0.2653333333333333	0.25333333333333335	0.24266666666666667	0.24533333333333332	0.224	0.19866666666666666	0.21466666666666667	0.19266666666666668	0.17	0.16333333333333333	0.14666666666666667	0.15466666666666667	0.13466666666666666	0.134	0.116	0.10933333333333334	0.12533333333333332	0.10733333333333334	0.09933333333333333	0.09133333333333334	0.09133333333333334	0.07466666666666667	0.06733333333333333	0.05266666666666667	0.04733333333333333	0.054	0.05533333333333333	0.051333333333333335	0.05333333333333334	0.04666666666666667	0.03866666666666667	0.042	0.042666666666666665	0.028	0.027333333333333334	0.021333333333333333	0.03	0.03	0.018	0.020666666666666667	0.02	0.018666666666666668	0.015333333333333332	0.014	0.010666666666666666	0.009333333333333334	0.018	0.008	0.007333333333333333	0.007333333333333333	0.004666666666666667	0.008666666666666666	0.004666666666666667	0.008	0.0013333333333333333	
1.134	1.1426666666666667	1.1306666666666667	1.062	1.0566666666666666	1.048	1.018	0.9533333333333334	0.9353333333333333	0.8866666666666667	0.8653333333333333	0.8186666666666667	0.89	0.8393333333333334	0.792	0.774	0.7613333333333333	0.7226666666666667	0.7566666666666667	0.6713333333333333	0.6473333333333333	0.6186666666666667	0.6353333333333333	0.586	0.6013333333333334	0.6073333333333333	0.5626666666666666	0.5433333333333333	0.5106666666666667	0.49666666666666665	0.4866666666666667	0.45066666666666666	0.4573333333333333	0.44066666666666665	0.41533333333333333	0.426	0.3893333333333333	0.34933333333333333	0.37466666666666665	0.3393333333333333	0.30866666666666664	0.2886666666666667	0.298	0.284	0.25866666666666666	0.2753333333333333	0.23933333333333334	0.226	0.23266666666666666	0.22933333333333333	0.196	0.17266666666666666	0.17	0.164	0.15133333333333332	0.14	0.14266666666666666	0.11666666666666667	0.112	0.11	0.112	0.08866666666666667	0.102	0.08	0.08466666666666667	0.06866666666666667	0.07	0.06533333333333333	0.07	0.05333333333333334	0.058666666666666666	0.051333333333333335	0.046	0.05	0.038	0.03666666666666667	0.037333333333333336	0.029333333333333333	0.027333333333333334	0.028	0.03266666666666666	0.024	0.020666666666666667	0.020666666666666667	0.015333333333333332	0.020666666666666667	0.015333333333333332	0.012	0.014666666666666666	0.011333333333333334	0.010666666666666666	0.011333333333333334	0.008	0.004666666666666667	0.009333333333333334	0.006	0.008	0.0033333333333333335	0.002	
1.1753333333333333	1.1686666666666667	1.0966666666666667	1.07	1.026	1.0253333333333334	0.9886666666666667	0.9746666666666667	0.9646666666666667	0.9733333333333334	0.8933333333333333	0.8706666666666667	0.8066666666666666	0.842	0.8293333333333334	0.8006666666666666	0.7893333333333333	0.726	0.6893333333333334	0.6906666666666667	0.6646666666666666	0.6566666666666666	0.6146666666666667	0.6093333333333333	0.5886666666666667	0.5546666666666666	0.572	0.5713333333333334	0.5426666666666666	0.5106666666666667	0.48733333333333334	0.4246666666666667	0.42133333333333334	0.43866666666666665	0.39266666666666666	0.4053333333333333	0.376	0.374	0.3546666666666667	0.3453333333333333	0.314	0.318	0.278	0.2813333333333333	0.288	0.2693333333333333	0.272	0.22333333333333333	0.20466666666666666	0.208	0.19133333333333333	0.17066666666666666	0.176	0.172	0.15333333333333332	0.15733333333333333	0.164	0.13866666666666666	0.12133333333333333	0.12866666666666668	0.10266666666666667	0.11	0.09866666666666667	0.102	0.086	0.07	0.08333333333333333	0.058666666666666666	0.05533333333333333	0.062	0.06333333333333334	0.05266666666666667	0.04666666666666667	0.04733333333333333	0.042666666666666665	0.038	0.042	0.027333333333333334	0.029333333333333333	0.025333333333333333	0.038	0.026	0.020666666666666667	0.013333333333333334	0.014	0.013333333333333334	0.011333333333333334	0.012	0.014	0.011333333333333334	0.010666666666666666	0.01	0.01	0.005333333333333333	0.004	0.006666666666666667	0.0033333333333333335	0.004666666666666667	0.004	
1.1566666666666667	1.1793333333333333	1.1053333333333333	1.096	1.0546666666666666	1.0206666666666666	1.01	0.9493333333333334	0.9353333333333333	0.892	0.862	0.86	0.864	0.8413333333333334	0.7546666666666667	0.7706666666666667	0.7726666666666666	0.694	0.7246666666666667	0.6526666666666666	0.6893333333333334	0.6346666666666667	0.6653333333333333	0.6046666666666667	0.5873333333333334	0.5533333333333333	0.5453333333333333	0.5413333333333333	0.5173333333333333	0.4646666666666667	0.482	0.4673333333333333	0.44333333333333336	0.43533333333333335	0.44	0.4146666666666667	0.38666666666666666	0.36	0.364	0.35333333333333333	0.31133333333333335	0.324	0.306	0.304	0.25533333333333336	0.25866666666666666	0.234	0.24066666666666667	0.21666666666666667	0.23333333333333334	0.19933333333333333	0.196	0.176	0.16333333333333333	0.15066666666666667	0.13866666666666666	0.136	0.136	0.136	0.09533333333333334	0.10666666666666667	0.102	0.106	0.08	0.09	0.072	0.07266666666666667	0.07133333333333333	0.054	0.052	0.050666666666666665	0.05733333333333333	0.051333333333333335	0.03666666666666667	0.04066666666666666	0.037333333333333336	0.032	0.04466666666666667	0.032	0.02266666666666667	0.024666666666666667	0.029333333333333333	0.024	0.021333333333333333	0.014	0.022	0.019333333333333334	0.014666666666666666	0.010666666666666666	0.009333333333333334	0.007333333333333333	0.006666666666666667	0.008666666666666666	0.005333333333333333	0.006	0.008666666666666666	0.008	0.004	0.004666666666666667	
1.178	1.148	1.086	1.1186666666666667	1.0426666666666666	1.0253333333333334	0.9726666666666667	0.962	0.936	0.9086666666666666	0.8813333333333333	0.8713333333333333	0.826	0.8013333333333333	0.812	0.7726666666666666	0.7473333333333333	0.7646666666666667	0.6746666666666666	0.7146666666666667	0.636	0.6573333333333333	0.6533333333333333	0.6133333333333333	0.5846666666666667	0.592	0.5706666666666667	0.53	0.5286666666666666	0.5106666666666667	0.464	0.45666666666666667	0.43333333333333335	0.43933333333333335	0.406	0.376	0.36866666666666664	0.366	0.3586666666666667	0.3446666666666667	0.312	0.30733333333333335	0.30933333333333335	0.2733333333333333	0.286	0.26466666666666666	0.24533333333333332	0.22266666666666668	0.224	0.19866666666666666	0.18733333333333332	0.17933333333333334	0.18733333333333332	0.178	0.166	0.15933333333333333	0.12733333333333333	0.12466666666666666	0.10466666666666667	0.10733333333333334	0.108	0.106	0.10466666666666667	0.08933333333333333	0.08666666666666667	0.07133333333333333	0.06466666666666666	0.06466666666666666	0.048	0.04933333333333333	0.05466666666666667	0.056	0.048	0.038	0.034	0.035333333333333335	0.037333333333333336	0.029333333333333333	0.032	0.03	0.02266666666666667	0.020666666666666667	0.024666666666666667	0.02266666666666667	0.02266666666666667	0.012666666666666666	0.018666666666666668	0.012	0.017333333333333333	0.012	0.013333333333333334	0.007333333333333333	0.010666666666666666	0.006	0.006	0.0033333333333333335	0.005333333333333333	0.004	0.0033333333333333335	
1.1653333333333333	1.1573333333333333	1.1086666666666667	1.078	1.0406666666666666	1.034	1.04	0.9646666666666667	0.9973333333333333	0.926	0.892	0.8706666666666667	0.85	0.8686666666666667	0.806	0.762	0.7306666666666667	0.756	0.7133333333333334	0.6806666666666666	0.6646666666666666	0.616	0.6113333333333333	0.602	0.61	0.5853333333333334	0.546	0.5513333333333333	0.5133333333333333	0.506	0.4866666666666667	0.478	0.43533333333333335	0.446	0.4066666666666667	0.4	0.3873333333333333	0.36866666666666664	0.3473333333333333	0.346	0.336	0.318	0.3	0.2853333333333333	0.26666666666666666	0.25933333333333336	0.25066666666666665	0.21866666666666668	0.25533333333333336	0.20666666666666667	0.20466666666666666	0.18666666666666668	0.168	0.16533333333333333	0.14	0.16066666666666668	0.13466666666666666	0.13866666666666666	0.12266666666666666	0.12	0.106	0.1	0.08533333333333333	0.094	0.086	0.07666666666666666	0.062	0.07133333333333333	0.06	0.05533333333333333	0.06066666666666667	0.06466666666666666	0.04666666666666667	0.04066666666666666	0.044	0.028666666666666667	0.035333333333333335	0.027333333333333334	0.038	0.02666666666666667	0.019333333333333334	0.023333333333333334	0.019333333333333334	0.015333333333333332	0.018666666666666668	0.014	0.015333333333333332	0.014666666666666666	0.013333333333333334	0.008	0.008666666666666666	0.01	0.005333333333333333	0.006	0.005333333333333333	0.006	0.008	0.007333333333333333	0.007333333333333333	
1.2133333333333334	1.146	1.1066666666666667	1.0666666666666667	1.0626666666666666	1.0273333333333334	0.9813333333333333	0.9413333333333334	0.9466666666666667	0.916	0.854	0.8406666666666667	0.8986666666666666	0.8153333333333334	0.7713333333333333	0.7393333333333333	0.778	0.7213333333333334	0.7413333333333333	0.6866666666666666	0.666	0.6386666666666667	0.6333333333333333	0.6166666666666667	0.6086666666666667	0.5686666666666667	0.5633333333333334	0.5313333333333333	0.5333333333333333	0.4826666666666667	0.4726666666666667	0.43533333333333335	0.4266666666666667	0.42333333333333334	0.4093333333333333	0.4106666666666667	0.38133333333333336	0.38266666666666665	0.3426666666666667	0.33666666666666667	0.322	0.30933333333333335	0.30866666666666664	0.29	0.2733333333333333	0.2786666666666667	0.23266666666666666	0.238	0.22133333333333333	0.20933333333333334	0.198	0.18533333333333332	0.174	0.17466666666666666	0.14933333333333335	0.154	0.13933333333333334	0.13866666666666666	0.12333333333333334	0.108	0.10533333333333333	0.094	0.10266666666666667	0.078	0.07066666666666667	0.07666666666666666	0.06	0.05266666666666667	0.06266666666666666	0.07133333333333333	0.05266666666666667	0.050666666666666665	0.043333333333333335	0.04533333333333334	0.03666666666666667	0.04133333333333333	0.034	0.02266666666666667	0.030666666666666665	0.022	0.021333333333333333	0.027333333333333334	0.024666666666666667	0.018666666666666668	0.017333333333333333	0.015333333333333332	0.012	0.018	0.012	0.012	0.012	0.009333333333333334	0.008	0.004	0.006666666666666667	0.009333333333333334	0.005333333333333333	0.0033333333333333335	0.004666666666666667	
1.1793333333333333	1.1526666666666667	1.1126666666666667	1.1066666666666667	1.0406666666666666	0.984	0.9906666666666667	0.994	0.9033333333333333	0.912	0.9026666666666666	0.9106666666666666	0.8386666666666667	0.768	0.7706666666666667	0.8	0.7573333333333333	0.7073333333333334	0.7013333333333334	0.6813333333333333	0.6506666666666666	0.6473333333333333	0.5906666666666667	0.6053333333333333	0.5566666666666666	0.5766666666666667	0.58	0.5373333333333333	0.524	0.48133333333333334	0.478	0.4646666666666667	0.4573333333333333	0.41733333333333333	0.37333333333333335	0.3993333333333333	0.38666666666666666	0.394	0.3626666666666667	0.3426666666666667	0.334	0.312	0.318	0.292	0.2793333333333333	0.25666666666666665	0.20866666666666667	0.228	0.22266666666666668	0.2	0.20133333333333334	0.192	0.17133333333333334	0.172	0.14133333333333334	0.14466666666666667	0.13733333333333334	0.11333333333333333	0.13133333333333333	0.11	0.104	0.088	0.1	0.07266666666666667	0.092	0.07466666666666667	0.07266666666666667	0.074	0.06333333333333334	0.06066666666666667	0.07266666666666667	0.04666666666666667	0.044	0.042	0.044	0.03666666666666667	0.04	0.030666666666666665	0.035333333333333335	0.02666666666666667	0.025333333333333333	0.017333333333333333	0.026	0.019333333333333334	0.014666666666666666	0.017333333333333333	0.009333333333333334	0.014666666666666666	0.016	0.011333333333333334	0.010666666666666666	0.009333333333333334	0.006666666666666667	0.009333333333333334	0.006	0.006666666666666667	0.005333333333333333	0.006	0.008	
1.2013333333333334	1.1373333333333333	1.0553333333333332	1.0926666666666667	1.0766666666666667	1.002	0.982	0.914	0.9033333333333333	0.9026666666666666	0.8613333333333333	0.8666666666666667	0.8766666666666667	0.8346666666666667	0.806	0.7433333333333333	0.754	0.7213333333333334	0.7446666666666667	0.6726666666666666	0.674	0.6513333333333333	0.6506666666666666	0.6133333333333333	0.586	0.58	0.5713333333333334	0.5253333333333333	0.5153333333333333	0.504	0.47733333333333333	0.4653333333333333	0.464	0.41533333333333333	0.37533333333333335	0.38266666666666665	0.36666666666666664	0.38866666666666666	0.34933333333333333	0.344	0.34	0.2966666666666667	0.276	0.2753333333333333	0.238	0.264	0.27	0.23533333333333334	0.23266666666666666	0.20333333333333334	0.19666666666666666	0.20133333333333334	0.166	0.16666666666666666	0.14533333333333334	0.14066666666666666	0.14333333333333334	0.13733333333333334	0.104	0.13066666666666665	0.09533333333333334	0.102	0.09466666666666666	0.07866666666666666	0.07	0.09466666666666666	0.06933333333333333	0.06733333333333333	0.07266666666666667	0.056666666666666664	0.05	0.048666666666666664	0.04133333333333333	0.050666666666666665	0.051333333333333335	0.03266666666666666	0.03266666666666666	0.029333333333333333	0.032	0.024666666666666667	0.02666666666666667	0.024666666666666667	0.02666666666666667	0.025333333333333333	0.020666666666666667	0.018	0.014666666666666666	0.014666666666666666	0.011333333333333334	0.006	0.014	0.009333333333333334	0.010666666666666666	0.008	0.006	0.006	0.0033333333333333335	0.0026666666666666666	0.0026666666666666666	
1.154	1.1866666666666668	1.1186666666666667	1.0713333333333332	1.0226666666666666	1.0966666666666667	1.014	0.9433333333333334	0.904	0.8706666666666667	0.8826666666666667	0.9073333333333333	0.8546666666666667	0.8013333333333333	0.7906666666666666	0.7633333333333333	0.7986666666666666	0.7306666666666667	0.6813333333333333	0.6826666666666666	0.658	0.6226666666666667	0.644	0.5826666666666667	0.5746666666666667	0.528	0.5726666666666667	0.5233333333333333	0.49933333333333335	0.5046666666666667	0.5413333333333333	0.4573333333333333	0.4533333333333333	0.44	0.42	0.4086666666666667	0.3933333333333333	0.37733333333333335	0.366	0.334	0.32066666666666666	0.32066666666666666	0.30533333333333335	0.2846666666666667	0.24933333333333332	0.2753333333333333	0.20933333333333334	0.216	0.22533333333333333	0.22466666666666665	0.192	0.19733333333333333	0.18466666666666667	0.17	0.15	0.15466666666666667	0.15666666666666668	0.12866666666666668	0.14266666666666666	0.102	0.094	0.092	0.10933333333333334	0.09666666666666666	0.07866666666666666	0.08	0.07733333333333334	0.08	0.068	0.058666666666666666	0.05466666666666667	0.051333333333333335	0.048	0.036	0.04	0.034666666666666665	0.034	0.036	0.034666666666666665	0.030666666666666665	0.026	0.024	0.022	0.020666666666666667	0.01	0.015333333333333332	0.01	0.013333333333333334	0.012666666666666666	0.01	0.006666666666666667	0.009333333333333334	0.006666666666666667	0.006	0.0026666666666666666	0.0033333333333333335	0.004	0.0033333333333333335	0.0013333333333333333	
1.1666666666666667	1.1646666666666667	1.1073333333333333	1.0946666666666667	1.064	1.0226666666666666	0.9453333333333334	0.9786666666666667	0.9246666666666666	0.9033333333333333	0.878	0.8706666666666667	0.874	0.7966666666666666	0.8093333333333333	0.7473333333333333	0.7146666666666667	0.744	0.6866666666666666	0.654	0.636	0.688	0.6106666666666667	0.6086666666666667	0.614	0.5753333333333334	0.5633333333333334	0.5073333333333333	0.55	0.464	0.47533333333333333	0.47533333333333333	0.48733333333333334	0.4186666666666667	0.3993333333333333	0.4146666666666667	0.3506666666666667	0.38	0.36133333333333334	0.3453333333333333	0.29533333333333334	0.31466666666666665	0.30666666666666664	0.31133333333333335	0.2733333333333333	0.2693333333333333	0.22	0.244	0.23866666666666667	0.21	0.204	0.196	0.168	0.17733333333333334	0.14066666666666666	0.14133333333333334	0.13066666666666665	0.134	0.122	0.11533333333333333	0.10866666666666666	0.10266666666666667	0.084	0.086	0.078	0.078	0.07466666666666667	0.066	0.06266666666666666	0.06466666666666666	0.048666666666666664	0.050666666666666665	0.04	0.04533333333333334	0.04466666666666667	0.03666666666666667	0.032	0.029333333333333333	0.03133333333333333	0.024666666666666667	0.022	0.035333333333333335	0.018666666666666668	0.021333333333333333	0.02	0.02	0.013333333333333334	0.014	0.014	0.007333333333333333	0.014666666666666666	0.011333333333333334	0.010666666666666666	0.007333333333333333	0.006666666666666667	0.004666666666666667	0.0033333333333333335	0.004	0.004	
1.1513333333333333	1.148	1.1	1.0813333333333333	1.0593333333333332	1.054	1.038	0.99	0.924	0.948	0.9066666666666666	0.842	0.8053333333333333	0.8226666666666667	0.8066666666666666	0.7466666666666667	0.7593333333333333	0.7166666666666667	0.712	0.686	0.688	0.6246666666666667	0.6233333333333333	0.592	0.5926666666666667	0.552	0.57	0.542	0.522	0.484	0.48533333333333334	0.43733333333333335	0.4493333333333333	0.466	0.3993333333333333	0.4086666666666667	0.394	0.37933333333333336	0.3473333333333333	0.3406666666666667	0.32266666666666666	0.2813333333333333	0.30733333333333335	0.288	0.2786666666666667	0.2853333333333333	0.23	0.236	0.21866666666666668	0.216	0.20466666666666666	0.18933333333333333	0.17866666666666667	0.16533333333333333	0.16733333333333333	0.14133333333333334	0.15266666666666667	0.11533333333333333	0.116	0.11666666666666667	0.10466666666666667	0.09933333333333333	0.088	0.08533333333333333	0.07	0.082	0.072	0.06533333333333333	0.064	0.058666666666666666	0.06533333333333333	0.046	0.056666666666666664	0.04	0.044	0.050666666666666665	0.04133333333333333	0.03333333333333333	0.043333333333333335	0.024666666666666667	0.02	0.025333333333333333	0.02266666666666667	0.018666666666666668	0.024666666666666667	0.014	0.017333333333333333	0.012	0.012	0.011333333333333334	0.013333333333333334	0.009333333333333334	0.005333333333333333	0.01	0.006	0.004	0.007333333333333333	0.005333333333333333	0.0013333333333333333	
1.1386666666666667	1.154	1.082	1.0786666666666667	1.0333333333333334	1.0346666666666666	0.9833333333333333	0.9973333333333333	0.9093333333333333	0.926	0.8773333333333333	0.8506666666666667	0.836	0.8153333333333334	0.816	0.7626666666666667	0.7886666666666666	0.7193333333333334	0.7553333333333333	0.6826666666666666	0.708	0.6433333333333333	0.6093333333333333	0.598	0.552	0.5493333333333333	0.5873333333333334	0.5493333333333333	0.5186666666666667	0.5113333333333333	0.48533333333333334	0.5006666666666667	0.434	0.4206666666666667	0.4206666666666667	0.4066666666666667	0.36333333333333334	0.36733333333333335	0.3233333333333333	0.342	0.32866666666666666	0.298	0.33866666666666667	0.304	0.26	0.25133333333333335	0.24466666666666667	0.22733333333333333	0.21933333333333332	0.20666666666666667	0.18333333333333332	0.20333333333333334	0.14933333333333335	0.16333333333333333	0.15	0.14466666666666667	0.13933333333333334	0.14666666666666667	0.12866666666666668	0.118	0.10733333333333334	0.09666666666666666	0.10466666666666667	0.09933333333333333	0.07666666666666666	0.08066666666666666	0.072	0.06066666666666667	0.066	0.06	0.048666666666666664	0.044	0.042666666666666665	0.043333333333333335	0.04466666666666667	0.03933333333333333	0.036	0.034	0.032	0.030666666666666665	0.03266666666666666	0.03	0.02266666666666667	0.025333333333333333	0.014	0.016	0.017333333333333333	0.014666666666666666	0.012666666666666666	0.012666666666666666	0.007333333333333333	0.011333333333333334	0.008666666666666666	0.007333333333333333	0.004666666666666667	0.008666666666666666	0.007333333333333333	0.008	0.0026666666666666666	
1.2046666666666668	1.1186666666666667	1.0973333333333333	1.0493333333333332	1.0273333333333334	1.0433333333333332	1.0126666666666666	0.952	0.9066666666666666	0.9333333333333333	0.8753333333333333	0.8566666666666667	0.798	0.768	0.7593333333333333	0.7726666666666666	0.7513333333333333	0.736	0.7386666666666667	0.6966666666666667	0.6506666666666666	0.6253333333333333	0.6493333333333333	0.588	0.6273333333333333	0.594	0.5673333333333334	0.5573333333333333	0.5253333333333333	0.48	0.478	0.484	0.43933333333333335	0.43333333333333335	0.41	0.42933333333333334	0.39	0.354	0.36666666666666664	0.35133333333333333	0.312	0.32466666666666666	0.2946666666666667	0.29133333333333333	0.25066666666666665	0.25333333333333335	0.26066666666666666	0.24133333333333334	0.21	0.2	0.20733333333333334	0.18733333333333332	0.18	0.17066666666666666	0.16133333333333333	0.12266666666666666	0.13466666666666666	0.132	0.12733333333333333	0.108	0.104	0.09333333333333334	0.096	0.09533333333333334	0.07666666666666666	0.09266666666666666	0.07466666666666667	0.07	0.059333333333333335	0.06	0.058	0.048	0.04133333333333333	0.04	0.04666666666666667	0.034	0.038	0.03133333333333333	0.037333333333333336	0.03133333333333333	0.027333333333333334	0.021333333333333333	0.019333333333333334	0.02	0.024	0.021333333333333333	0.020666666666666667	0.012	0.015333333333333332	0.010666666666666666	0.007333333333333333	0.006	0.007333333333333333	0.005333333333333333	0.006666666666666667	0.0033333333333333335	0.0026666666666666666	0.008666666666666666	0.0026666666666666666	
1.1506666666666667	1.098	1.1133333333333333	1.088	1.042	0.946	0.9753333333333334	0.9266666666666666	0.9893333333333333	0.9193333333333333	0.9093333333333333	0.8846666666666667	0.8493333333333334	0.8433333333333334	0.766	0.8046666666666666	0.752	0.7533333333333333	0.704	0.7006666666666667	0.6553333333333333	0.6393333333333333	0.6226666666666667	0.5906666666666667	0.572	0.582	0.5166666666666667	0.5246666666666666	0.518	0.468	0.4826666666666667	0.506	0.476	0.414	0.4246666666666667	0.3953333333333333	0.36466666666666664	0.374	0.382	0.36	0.32666666666666666	0.30466666666666664	0.28733333333333333	0.2966666666666667	0.25733333333333336	0.23866666666666667	0.25333333333333335	0.24066666666666667	0.22333333333333333	0.18866666666666668	0.19733333333333333	0.19466666666666665	0.15733333333333333	0.172	0.14133333333333334	0.15733333333333333	0.146	0.12933333333333333	0.128	0.10666666666666667	0.10266666666666667	0.10466666666666667	0.11066666666666666	0.08666666666666667	0.07266666666666667	0.06933333333333333	0.06733333333333333	0.06066666666666667	0.07266666666666667	0.059333333333333335	0.04666666666666667	0.046	0.042	0.05266666666666667	0.03	0.04066666666666666	0.034666666666666665	0.034666666666666665	0.032	0.02666666666666667	0.020666666666666667	0.028	0.021333333333333333	0.018666666666666668	0.017333333333333333	0.016	0.013333333333333334	0.010666666666666666	0.009333333333333334	0.010666666666666666	0.008666666666666666	0.007333333333333333	0.004	0.009333333333333334	0.008	0.004	0.004666666666666667	0.0033333333333333335	0.004	
1.1806666666666668	1.174	1.084	1.0446666666666666	1.0086666666666666	1.0153333333333334	0.9666666666666667	0.984	0.9233333333333333	0.9693333333333334	0.8626666666666667	0.8413333333333334	0.8293333333333334	0.8426666666666667	0.794	0.7553333333333333	0.7833333333333333	0.7193333333333334	0.738	0.6573333333333333	0.676	0.6113333333333333	0.632	0.6013333333333334	0.5846666666666667	0.572	0.534	0.5093333333333333	0.5306666666666666	0.5113333333333333	0.4686666666666667	0.4493333333333333	0.4513333333333333	0.44533333333333336	0.3933333333333333	0.374	0.378	0.35733333333333334	0.35	0.356	0.31533333333333335	0.314	0.28733333333333333	0.30133333333333334	0.25066666666666665	0.25866666666666666	0.23866666666666667	0.22866666666666666	0.196	0.21666666666666667	0.18533333333333332	0.188	0.16466666666666666	0.16466666666666666	0.14266666666666666	0.134	0.144	0.12466666666666666	0.10866666666666666	0.12	0.11133333333333334	0.106	0.09533333333333334	0.09533333333333334	0.084	0.07666666666666666	0.07533333333333334	0.06133333333333333	0.06866666666666667	0.05466666666666667	0.054	0.06533333333333333	0.04	0.04533333333333334	0.038	0.046	0.03866666666666667	0.03333333333333333	0.024	0.02266666666666667	0.029333333333333333	0.023333333333333334	0.019333333333333334	0.018666666666666668	0.032	0.02266666666666667	0.014	0.010666666666666666	0.012666666666666666	0.011333333333333334	0.008	0.01	0.008666666666666666	0.004666666666666667	0.006666666666666667	0.0033333333333333335	0.004666666666666667	0.005333333333333333	0.005333333333333333	
1.17	1.1886666666666668	1.068	1.068	0.978	1.05	0.978	0.9413333333333334	0.9366666666666666	0.932	0.8933333333333333	0.8526666666666667	0.8493333333333334	0.8086666666666666	0.7546666666666667	0.7646666666666667	0.7786666666666666	0.69	0.708	0.654	0.6633333333333333	0.634	0.636	0.6033333333333334	0.6	0.548	0.5773333333333334	0.5146666666666667	0.506	0.49733333333333335	0.502	0.4553333333333333	0.456	0.438	0.392	0.3973333333333333	0.38666666666666666	0.36333333333333334	0.3546666666666667	0.336	0.312	0.3273333333333333	0.2826666666666667	0.2753333333333333	0.25	0.25866666666666666	0.242	0.22933333333333333	0.23466666666666666	0.20666666666666667	0.20133333333333334	0.18066666666666667	0.15666666666666668	0.18533333333333332	0.148	0.13933333333333334	0.13133333333333333	0.138	0.134	0.12466666666666666	0.114	0.09666666666666666	0.096	0.07933333333333334	0.086	0.06666666666666667	0.07133333333333333	0.06066666666666667	0.06733333333333333	0.05733333333333333	0.052	0.04733333333333333	0.04733333333333333	0.04533333333333334	0.037333333333333336	0.032	0.038	0.03666666666666667	0.025333333333333333	0.030666666666666665	0.023333333333333334	0.019333333333333334	0.02	0.015333333333333332	0.019333333333333334	0.010666666666666666	0.012666666666666666	0.015333333333333332	0.014666666666666666	0.010666666666666666	0.016	0.012	0.007333333333333333	0.005333333333333333	0.009333333333333334	0.006	0.006	0.004666666666666667	0.008666666666666666	
1.1346666666666667	1.1573333333333333	1.0673333333333332	1.032	1.0466666666666666	1.0153333333333334	0.9973333333333333	0.9806666666666667	0.9453333333333334	0.876	0.91	0.8553333333333333	0.82	0.7853333333333333	0.8113333333333334	0.7546666666666667	0.7446666666666667	0.7253333333333334	0.642	0.688	0.71	0.6406666666666667	0.6346666666666667	0.6113333333333333	0.6206666666666667	0.6026666666666667	0.5513333333333333	0.5826666666666667	0.5173333333333333	0.4613333333333333	0.45266666666666666	0.4493333333333333	0.42133333333333334	0.43333333333333335	0.39866666666666667	0.428	0.378	0.34	0.33666666666666667	0.3526666666666667	0.31466666666666665	0.29	0.2753333333333333	0.2846666666666667	0.264	0.264	0.252	0.22933333333333333	0.224	0.20933333333333334	0.19866666666666666	0.18533333333333332	0.168	0.174	0.142	0.14	0.14133333333333334	0.12666666666666668	0.12	0.10333333333333333	0.11733333333333333	0.08333333333333333	0.09133333333333334	0.08066666666666666	0.088	0.088	0.07266666666666667	0.07666666666666666	0.074	0.048	0.04	0.04733333333333333	0.043333333333333335	0.046	0.042666666666666665	0.038	0.034	0.03666666666666667	0.032	0.027333333333333334	0.028	0.025333333333333333	0.021333333333333333	0.02266666666666667	0.025333333333333333	0.019333333333333334	0.014	0.01	0.011333333333333334	0.012	0.009333333333333334	0.009333333333333334	0.006	0.006666666666666667	0.006	0.007333333333333333	0.007333333333333333	0.004	0.0013333333333333333	
1.1253333333333333	1.1066666666666667	1.05	1.0393333333333334	1.0226666666666666	0.968	0.9873333333333333	1.0106666666666666	0.8933333333333333	0.868	0.862	0.8426666666666667	0.8686666666666667	0.7926666666666666	0.7793333333333333	0.7753333333333333	0.7866666666666666	0.692	0.696	0.702	0.6653333333333333	0.644	0.6566666666666666	0.6006666666666667	0.5613333333333334	0.5693333333333334	0.564	0.508	0.49733333333333335	0.49866666666666665	0.484	0.428	0.4646666666666667	0.43733333333333335	0.418	0.36933333333333335	0.39	0.384	0.33866666666666667	0.3446666666666667	0.3313333333333333	0.30333333333333334	0.2813333333333333	0.266	0.2713333333333333	0.266	0.24866666666666667	0.25333333333333335	0.23866666666666667	0.21466666666666667	0.19333333333333333	0.176	0.172	0.168	0.146	0.126	0.138	0.13133333333333333	0.116	0.10466666666666667	0.11733333333333333	0.10133333333333333	0.08733333333333333	0.08666666666666667	0.08066666666666666	0.06866666666666667	0.08933333333333333	0.072	0.05466666666666667	0.05333333333333334	0.056	0.052	0.035333333333333335	0.050666666666666665	0.042666666666666665	0.036	0.03666666666666667	0.03	0.029333333333333333	0.028666666666666667	0.024666666666666667	0.02	0.025333333333333333	0.017333333333333333	0.024	0.012	0.017333333333333333	0.010666666666666666	0.012666666666666666	0.015333333333333332	0.011333333333333334	0.008666666666666666	0.008666666666666666	0.007333333333333333	0.006666666666666667	0.005333333333333333	0.005333333333333333	0.0033333333333333335	0.0006666666666666666	
1.1373333333333333	1.0986666666666667	1.082	1.1106666666666667	0.9966666666666667	1.0	0.9813333333333333	0.932	0.9226666666666666	0.9073333333333333	0.8793333333333333	0.8233333333333334	0.876	0.8066666666666666	0.804	0.768	0.7806666666666666	0.7186666666666667	0.716	0.7193333333333334	0.682	0.6293333333333333	0.6073333333333333	0.61	0.5873333333333334	0.6033333333333334	0.572	0.5246666666666666	0.5293333333333333	0.5026666666666667	0.45466666666666666	0.42733333333333334	0.43866666666666665	0.414	0.406	0.39	0.37133333333333335	0.372	0.358	0.332	0.3433333333333333	0.3406666666666667	0.2926666666666667	0.29533333333333334	0.27266666666666667	0.256	0.26066666666666666	0.23	0.222	0.204	0.20133333333333334	0.18866666666666668	0.18533333333333332	0.172	0.14533333333333334	0.14666666666666667	0.142	0.11666666666666667	0.13066666666666665	0.11466666666666667	0.114	0.09066666666666667	0.08666666666666667	0.10533333333333333	0.08733333333333333	0.07666666666666666	0.07066666666666667	0.07266666666666667	0.064	0.07333333333333333	0.051333333333333335	0.05	0.05	0.04	0.03666666666666667	0.04	0.034	0.035333333333333335	0.03333333333333333	0.02666666666666667	0.027333333333333334	0.021333333333333333	0.020666666666666667	0.023333333333333334	0.023333333333333334	0.015333333333333332	0.019333333333333334	0.014666666666666666	0.012666666666666666	0.012	0.006666666666666667	0.008666666666666666	0.010666666666666666	0.008	0.007333333333333333	0.004	0.007333333333333333	0.005333333333333333	0.0026666666666666666	
1.1873333333333334	1.154	1.114	1.1253333333333333	1.0673333333333332	1.0113333333333334	0.966	0.9486666666666667	0.9233333333333333	0.906	0.8593333333333333	0.876	0.8546666666666667	0.838	0.7993333333333333	0.7606666666666667	0.7706666666666667	0.7033333333333334	0.6873333333333334	0.7206666666666667	0.672	0.6426666666666667	0.5966666666666667	0.6106666666666667	0.5626666666666666	0.5506666666666666	0.5446666666666666	0.5346666666666666	0.572	0.476	0.5066666666666667	0.44733333333333336	0.422	0.43933333333333335	0.42933333333333334	0.388	0.37533333333333335	0.3473333333333333	0.3313333333333333	0.3333333333333333	0.3	0.30266666666666664	0.274	0.282	0.27666666666666667	0.24333333333333335	0.2613333333333333	0.224	0.21666666666666667	0.19933333333333333	0.19333333333333333	0.18466666666666667	0.182	0.15666666666666668	0.156	0.12066666666666667	0.144	0.13	0.11133333333333334	0.114	0.11666666666666667	0.09666666666666666	0.09533333333333334	0.06733333333333333	0.08066666666666666	0.07066666666666667	0.07533333333333334	0.06466666666666666	0.074	0.05266666666666667	0.058	0.062	0.042	0.042666666666666665	0.042	0.02666666666666667	0.038	0.03666666666666667	0.032	0.025333333333333333	0.029333333333333333	0.022	0.016666666666666666	0.022	0.016	0.014666666666666666	0.013333333333333334	0.006666666666666667	0.014666666666666666	0.012666666666666666	0.006666666666666667	0.008666666666666666	0.006666666666666667	0.005333333333333333	0.007333333333333333	0.007333333333333333	0.004	0.0033333333333333335	0.0026666666666666666	
1.1366666666666667	1.1673333333333333	1.0753333333333333	1.1	1.04	1.04	0.9813333333333333	0.9473333333333334	0.9293333333333333	0.898	0.9206666666666666	0.8546666666666667	0.792	0.802	0.7813333333333333	0.778	0.7366666666666667	0.7213333333333334	0.7186666666666667	0.6966666666666667	0.6753333333333333	0.6393333333333333	0.656	0.6266666666666667	0.5913333333333334	0.554	0.544	0.49466666666666664	0.5393333333333333	0.5026666666666667	0.488	0.462	0.43933333333333335	0.44466666666666665	0.3953333333333333	0.37933333333333336	0.394	0.3606666666666667	0.348	0.3526666666666667	0.316	0.328	0.294	0.2846666666666667	0.25666666666666665	0.25	0.25066666666666665	0.22733333333333333	0.19466666666666665	0.212	0.21466666666666667	0.196	0.17333333333333334	0.156	0.144	0.14533333333333334	0.146	0.138	0.11333333333333333	0.11866666666666667	0.10466666666666667	0.098	0.08733333333333333	0.07466666666666667	0.07733333333333334	0.07133333333333333	0.07066666666666667	0.07333333333333333	0.064	0.05	0.042	0.042	0.050666666666666665	0.04	0.03666666666666667	0.036	0.03933333333333333	0.04133333333333333	0.04066666666666666	0.029333333333333333	0.02266666666666667	0.025333333333333333	0.016666666666666666	0.014666666666666666	0.024666666666666667	0.016	0.011333333333333334	0.013333333333333334	0.014666666666666666	0.013333333333333334	0.008	0.007333333333333333	0.004	0.008	0.008666666666666666	0.005333333333333333	0.007333333333333333	0.006	0.007333333333333333	
1.1493333333333333	1.1286666666666667	1.0526666666666666	1.0233333333333334	1.056	0.9773333333333334	0.9406666666666667	0.9886666666666667	0.9433333333333334	0.9046666666666666	0.8753333333333333	0.7926666666666666	0.8126666666666666	0.8106666666666666	0.8193333333333334	0.774	0.7526666666666667	0.7386666666666667	0.7153333333333334	0.714	0.6766666666666666	0.6646666666666666	0.6366666666666667	0.6086666666666667	0.568	0.558	0.5506666666666666	0.54	0.5033333333333333	0.4846666666666667	0.476	0.482	0.44133333333333336	0.418	0.394	0.4126666666666667	0.37	0.348	0.352	0.3413333333333333	0.332	0.30133333333333334	0.304	0.27266666666666667	0.27066666666666667	0.24133333333333334	0.24933333333333332	0.20533333333333334	0.21333333333333335	0.20466666666666666	0.19933333333333333	0.19	0.178	0.188	0.15266666666666667	0.13266666666666665	0.15133333333333332	0.12933333333333333	0.102	0.106	0.10866666666666666	0.09866666666666667	0.11266666666666666	0.078	0.084	0.08066666666666666	0.07533333333333334	0.06466666666666666	0.06933333333333333	0.056666666666666664	0.052	0.044	0.059333333333333335	0.048	0.04133333333333333	0.03	0.034666666666666665	0.027333333333333334	0.03333333333333333	0.03133333333333333	0.028666666666666667	0.026	0.02	0.020666666666666667	0.02	0.013333333333333334	0.015333333333333332	0.014	0.012666666666666666	0.010666666666666666	0.01	0.009333333333333334	0.006666666666666667	0.011333333333333334	0.005333333333333333	0.004666666666666667	0.006666666666666667	0.0033333333333333335	0.002	
1.1813333333333333	1.098	1.0506666666666666	1.0846666666666667	1.0146666666666666	0.9886666666666667	0.962	1.0173333333333334	0.9053333333333333	0.906	0.8886666666666667	0.874	0.848	0.792	0.8226666666666667	0.7473333333333333	0.7573333333333333	0.6833333333333333	0.704	0.666	0.67	0.652	0.6333333333333333	0.6	0.57	0.5946666666666667	0.538	0.5033333333333333	0.5253333333333333	0.49066666666666664	0.47733333333333333	0.43733333333333335	0.45666666666666667	0.416	0.41733333333333333	0.4266666666666667	0.39466666666666667	0.40066666666666667	0.30733333333333335	0.358	0.308	0.314	0.2793333333333333	0.30266666666666664	0.24466666666666667	0.25933333333333336	0.24466666666666667	0.224	0.23133333333333334	0.21133333333333335	0.18933333333333333	0.20333333333333334	0.17333333333333334	0.16933333333333334	0.154	0.12266666666666666	0.14	0.12866666666666668	0.11533333333333333	0.12333333333333334	0.09666666666666666	0.10066666666666667	0.08533333333333333	0.08066666666666666	0.08266666666666667	0.07733333333333334	0.07	0.05733333333333333	0.052	0.06466666666666666	0.058	0.056	0.05	0.043333333333333335	0.044	0.03866666666666667	0.030666666666666665	0.03133333333333333	0.024666666666666667	0.020666666666666667	0.023333333333333334	0.02	0.018	0.018666666666666668	0.017333333333333333	0.012	0.012	0.014666666666666666	0.014666666666666666	0.011333333333333334	0.008	0.004666666666666667	0.007333333333333333	0.012666666666666666	0.006666666666666667	0.004666666666666667	0.0026666666666666666	0.004	0.0026666666666666666	
1.13	1.1093333333333333	1.0606666666666666	1.064	1.0266666666666666	1.01	1.0013333333333334	0.9173333333333333	0.948	0.906	0.8806666666666667	0.85	0.8726666666666667	0.7946666666666666	0.8166666666666667	0.77	0.7726666666666666	0.6746666666666666	0.742	0.6946666666666667	0.666	0.6133333333333333	0.642	0.5733333333333334	0.584	0.5533333333333333	0.5673333333333334	0.5373333333333333	0.4713333333333333	0.5206666666666667	0.4686666666666667	0.486	0.43933333333333335	0.4266666666666667	0.4053333333333333	0.39666666666666667	0.376	0.41	0.3413333333333333	0.34933333333333333	0.33	0.2753333333333333	0.2966666666666667	0.304	0.25	0.2633333333333333	0.24666666666666667	0.24466666666666667	0.21666666666666667	0.18866666666666668	0.204	0.184	0.16533333333333333	0.18266666666666667	0.15733333333333333	0.148	0.13066666666666665	0.12733333333333333	0.12	0.096	0.116	0.08733333333333333	0.098	0.08333333333333333	0.07866666666666666	0.07533333333333334	0.06933333333333333	0.06666666666666667	0.066	0.06666666666666667	0.058666666666666666	0.037333333333333336	0.04533333333333334	0.04533333333333334	0.042	0.030666666666666665	0.028666666666666667	0.027333333333333334	0.021333333333333333	0.024	0.035333333333333335	0.015333333333333332	0.023333333333333334	0.020666666666666667	0.017333333333333333	0.012666666666666666	0.011333333333333334	0.015333333333333332	0.006666666666666667	0.006666666666666667	0.010666666666666666	0.012666666666666666	0.01	0.007333333333333333	0.009333333333333334	0.0033333333333333335	0.006	0.004	0.004666666666666667	
1.114	1.17	1.068	1.0733333333333333	1.018	1.016	0.9426666666666667	0.9733333333333334	0.9246666666666666	0.87	0.8913333333333333	0.8706666666666667	0.8486666666666667	0.788	0.8006666666666666	0.738	0.76	0.6826666666666666	0.662	0.6746666666666666	0.6533333333333333	0.6106666666666667	0.6253333333333333	0.556	0.5706666666666667	0.5693333333333334	0.5406666666666666	0.532	0.506	0.5146666666666667	0.49133333333333334	0.448	0.45666666666666667	0.4046666666666667	0.432	0.39266666666666666	0.37933333333333336	0.356	0.33266666666666667	0.3426666666666667	0.30266666666666664	0.3	0.26866666666666666	0.262	0.27	0.2653333333333333	0.25266666666666665	0.20933333333333334	0.21533333333333332	0.22466666666666665	0.19333333333333333	0.18133333333333335	0.17066666666666666	0.166	0.168	0.144	0.14733333333333334	0.14066666666666666	0.12866666666666668	0.10333333333333333	0.10933333333333334	0.09666666666666666	0.09133333333333334	0.09666666666666666	0.07933333333333334	0.08666666666666667	0.074	0.064	0.05533333333333333	0.04666666666666667	0.04666666666666667	0.046	0.05333333333333334	0.048666666666666664	0.048666666666666664	0.043333333333333335	0.030666666666666665	0.03333333333333333	0.02266666666666667	0.03	0.025333333333333333	0.022	0.017333333333333333	0.025333333333333333	0.012	0.018	0.017333333333333333	0.010666666666666666	0.012666666666666666	0.009333333333333334	0.010666666666666666	0.007333333333333333	0.006666666666666667	0.0033333333333333335	0.004	0.007333333333333333	0.006	0.004666666666666667	0.0013333333333333333	
1.1466666666666667	1.0966666666666667	1.0913333333333333	1.0626666666666666	1.0913333333333333	1.0186666666666666	0.9526666666666667	0.9373333333333334	0.916	0.9386666666666666	0.924	0.8786666666666667	0.8213333333333334	0.8173333333333334	0.7786666666666666	0.7593333333333333	0.744	0.722	0.71	0.65	0.6586666666666666	0.6486666666666666	0.6146666666666667	0.614	0.6026666666666667	0.5746666666666667	0.5433333333333333	0.526	0.5173333333333333	0.478	0.48	0.4613333333333333	0.43133333333333335	0.40066666666666667	0.4206666666666667	0.382	0.3873333333333333	0.336	0.3453333333333333	0.36933333333333335	0.31733333333333336	0.2946666666666667	0.26466666666666666	0.2633333333333333	0.26	0.2773333333333333	0.24133333333333334	0.22666666666666666	0.23066666666666666	0.2	0.196	0.19466666666666665	0.16333333333333333	0.16	0.15733333333333333	0.13466666666666666	0.12866666666666668	0.13933333333333334	0.12	0.10866666666666666	0.10533333333333333	0.09133333333333334	0.08133333333333333	0.08066666666666666	0.07933333333333334	0.08333333333333333	0.07933333333333334	0.07133333333333333	0.05266666666666667	0.06	0.06066666666666667	0.046	0.04066666666666666	0.04466666666666667	0.046	0.046	0.035333333333333335	0.030666666666666665	0.024666666666666667	0.03	0.024	0.02	0.02266666666666667	0.024666666666666667	0.020666666666666667	0.019333333333333334	0.013333333333333334	0.015333333333333332	0.010666666666666666	0.012	0.009333333333333334	0.010666666666666666	0.007333333333333333	0.0033333333333333335	0.008	0.006	0.0033333333333333335	0.0026666666666666666	0.002	
1.1553333333333333	1.072	1.038	1.0586666666666666	1.0393333333333334	1.0386666666666666	0.9973333333333333	0.9493333333333334	0.914	0.9026666666666666	0.8926666666666667	0.8166666666666667	0.7793333333333333	0.8093333333333333	0.7706666666666667	0.7333333333333333	0.7546666666666667	0.72	0.722	0.67	0.6813333333333333	0.636	0.628	0.6193333333333333	0.5953333333333334	0.5693333333333334	0.532	0.5286666666666666	0.49266666666666664	0.496	0.466	0.44666666666666666	0.45866666666666667	0.44133333333333336	0.436	0.39666666666666667	0.362	0.344	0.33866666666666667	0.3293333333333333	0.30333333333333334	0.32266666666666666	0.276	0.26266666666666666	0.24666666666666667	0.25466666666666665	0.23466666666666666	0.22666666666666666	0.22466666666666665	0.18933333333333333	0.192	0.18266666666666667	0.18533333333333332	0.15466666666666667	0.17133333333333334	0.136	0.11866666666666667	0.12133333333333333	0.11733333333333333	0.12733333333333333	0.09	0.09533333333333334	0.09133333333333334	0.08	0.08666666666666667	0.08333333333333333	0.07666666666666666	0.06266666666666666	0.048666666666666664	0.056	0.052	0.056666666666666664	0.042	0.042	0.037333333333333336	0.038	0.03	0.03133333333333333	0.025333333333333333	0.029333333333333333	0.024666666666666667	0.035333333333333335	0.015333333333333332	0.018	0.020666666666666667	0.01	0.016666666666666666	0.014666666666666666	0.012666666666666666	0.016	0.009333333333333334	0.011333333333333334	0.008	0.009333333333333334	0.007333333333333333	0.004666666666666667	0.0033333333333333335	0.0026666666666666666	0.005333333333333333	
1.164	1.0993333333333333	1.0666666666666667	1.0946666666666667	1.0533333333333332	0.9833333333333333	0.946	0.9406666666666667	0.9193333333333333	0.896	0.8866666666666667	0.8653333333333333	0.8366666666666667	0.8073333333333333	0.802	0.74	0.7206666666666667	0.7093333333333334	0.6693333333333333	0.672	0.6806666666666666	0.6166666666666667	0.6	0.5993333333333334	0.5766666666666667	0.598	0.5586666666666666	0.49933333333333335	0.48933333333333334	0.49133333333333334	0.468	0.43866666666666665	0.43	0.4026666666666667	0.4093333333333333	0.42	0.39066666666666666	0.34	0.332	0.32266666666666666	0.29933333333333334	0.31466666666666665	0.30266666666666664	0.2926666666666667	0.28	0.256	0.244	0.23	0.226	0.21666666666666667	0.19466666666666665	0.17933333333333334	0.174	0.15533333333333332	0.14933333333333335	0.15066666666666667	0.14	0.13666666666666666	0.10733333333333334	0.11066666666666666	0.11466666666666667	0.108	0.08866666666666667	0.08933333333333333	0.07866666666666666	0.07733333333333334	0.07	0.06533333333333333	0.058	0.04533333333333334	0.04133333333333333	0.054	0.05266666666666667	0.035333333333333335	0.04466666666666667	0.03866666666666667	0.027333333333333334	0.042666666666666665	0.030666666666666665	0.027333333333333334	0.025333333333333333	0.025333333333333333	0.020666666666666667	0.018	0.021333333333333333	0.016	0.018	0.012666666666666666	0.013333333333333334	0.011333333333333334	0.01	0.008666666666666666	0.010666666666666666	0.01	0.004	0.007333333333333333	0.0033333333333333335	0.004666666666666667	0.004666666666666667	
1.1153333333333333	1.0466666666666666	1.0126666666666666	1.078	1.0573333333333332	1.004	0.9693333333333334	0.9833333333333333	0.864	0.898	0.866	0.87	0.84	0.7613333333333333	0.804	0.7446666666666667	0.744	0.7506666666666667	0.6693333333333333	0.702	0.6606666666666666	0.624	0.6466666666666666	0.6153333333333333	0.584	0.56	0.5493333333333333	0.5193333333333333	0.5093333333333333	0.49333333333333335	0.4826666666666667	0.4513333333333333	0.44533333333333336	0.458	0.4186666666666667	0.406	0.338	0.376	0.346	0.3373333333333333	0.33866666666666667	0.30266666666666664	0.30266666666666664	0.306	0.2633333333333333	0.278	0.25733333333333336	0.208	0.22	0.204	0.19133333333333333	0.196	0.17933333333333334	0.164	0.13666666666666666	0.13933333333333334	0.134	0.10533333333333333	0.12333333333333334	0.10733333333333334	0.10333333333333333	0.09266666666666666	0.088	0.08266666666666667	0.098	0.08133333333333333	0.08666666666666667	0.07466666666666667	0.06866666666666667	0.046	0.05533333333333333	0.04733333333333333	0.054	0.04066666666666666	0.042666666666666665	0.03933333333333333	0.037333333333333336	0.02266666666666667	0.03	0.028	0.022	0.02	0.022	0.014666666666666666	0.016666666666666666	0.012	0.014666666666666666	0.013333333333333334	0.006666666666666667	0.008666666666666666	0.008	0.009333333333333334	0.007333333333333333	0.005333333333333333	0.008	0.006666666666666667	0.004	0.004666666666666667	0.0033333333333333335	
1.1546666666666667	1.132	1.04	1.1086666666666667	0.978	1.004	0.9593333333333334	0.9686666666666667	0.8793333333333333	0.9273333333333333	0.8546666666666667	0.842	0.846	0.7946666666666666	0.772	0.7106666666666667	0.7646666666666667	0.7166666666666667	0.7066666666666667	0.66	0.6673333333333333	0.654	0.6346666666666667	0.6173333333333333	0.5933333333333334	0.5686666666666667	0.534	0.532	0.5153333333333333	0.48933333333333334	0.4726666666666667	0.44533333333333336	0.4086666666666667	0.434	0.406	0.37533333333333335	0.39866666666666667	0.37733333333333335	0.36466666666666664	0.3506666666666667	0.30733333333333335	0.31066666666666665	0.31533333333333335	0.2833333333333333	0.23533333333333334	0.24866666666666667	0.23133333333333334	0.23733333333333334	0.19466666666666665	0.20933333333333334	0.2	0.178	0.16	0.154	0.15733333333333333	0.134	0.146	0.11266666666666666	0.13466666666666666	0.098	0.108	0.10533333333333333	0.09	0.07133333333333333	0.07466666666666667	0.06133333333333333	0.06066666666666667	0.059333333333333335	0.05533333333333333	0.05533333333333333	0.048666666666666664	0.052	0.037333333333333336	0.04	0.028666666666666667	0.044	0.03333333333333333	0.034666666666666665	0.028666666666666667	0.026	0.019333333333333334	0.02666666666666667	0.022	0.017333333333333333	0.013333333333333334	0.015333333333333332	0.012666666666666666	0.008666666666666666	0.006666666666666667	0.011333333333333334	0.006666666666666667	0.006666666666666667	0.004	0.005333333333333333	0.004	0.005333333333333333	0.007333333333333333	0.005333333333333333	0.0026666666666666666	
1.1186666666666667	1.1173333333333333	1.0766666666666667	1.07	1.0493333333333332	0.99	0.9646666666666667	0.9653333333333334	0.914	0.8833333333333333	0.8893333333333333	0.8706666666666667	0.8066666666666666	0.8046666666666666	0.798	0.7393333333333333	0.7486666666666667	0.7213333333333334	0.7	0.7133333333333334	0.6393333333333333	0.6146666666666667	0.6126666666666667	0.6113333333333333	0.564	0.556	0.516	0.542	0.5113333333333333	0.5093333333333333	0.46066666666666667	0.4493333333333333	0.4093333333333333	0.41933333333333334	0.39	0.43733333333333335	0.378	0.37733333333333335	0.33266666666666667	0.3466666666666667	0.31466666666666665	0.30733333333333335	0.28733333333333333	0.27266666666666667	0.2753333333333333	0.2613333333333333	0.23133333333333334	0.214	0.20133333333333334	0.214	0.194	0.158	0.15133333333333332	0.17133333333333334	0.13933333333333334	0.134	0.13666666666666666	0.12333333333333334	0.13866666666666666	0.11066666666666666	0.1	0.10066666666666667	0.09266666666666666	0.08533333333333333	0.072	0.07133333333333333	0.07666666666666666	0.052	0.06466666666666666	0.04666666666666667	0.05533333333333333	0.04666666666666667	0.050666666666666665	0.04666666666666667	0.03666666666666667	0.04666666666666667	0.038	0.035333333333333335	0.025333333333333333	0.024	0.024	0.02266666666666667	0.022	0.018666666666666668	0.014666666666666666	0.014	0.017333333333333333	0.016666666666666666	0.014	0.014666666666666666	0.006	0.008666666666666666	0.008	0.005333333333333333	0.002	0.0026666666666666666	0.0033333333333333335	0.002	0.004	
1.1026666666666667	1.1093333333333333	1.0486666666666666	1.0033333333333334	1.0573333333333332	1.0113333333333334	0.9866666666666667	0.978	0.9493333333333334	0.9066666666666666	0.9073333333333333	0.8413333333333334	0.848	0.816	0.7986666666666666	0.7666666666666667	0.73	0.7346666666666667	0.688	0.6326666666666667	0.64	0.6326666666666667	0.5813333333333334	0.596	0.5773333333333334	0.588	0.5286666666666666	0.506	0.504	0.44666666666666666	0.4513333333333333	0.44	0.43466666666666665	0.446	0.38466666666666666	0.37333333333333335	0.3893333333333333	0.374	0.348	0.314	0.30733333333333335	0.31733333333333336	0.302	0.2853333333333333	0.262	0.25466666666666665	0.22733333333333333	0.25466666666666665	0.20333333333333334	0.20133333333333334	0.18133333333333335	0.18133333333333335	0.17666666666666667	0.14266666666666666	0.15533333333333332	0.14933333333333335	0.13	0.12466666666666666	0.11733333333333333	0.10333333333333333	0.09866666666666667	0.10066666666666667	0.08933333333333333	0.09133333333333334	0.074	0.062	0.08066666666666666	0.058666666666666666	0.06266666666666666	0.072	0.058666666666666666	0.04133333333333333	0.04666666666666667	0.03666666666666667	0.03266666666666666	0.034	0.03133333333333333	0.037333333333333336	0.03133333333333333	0.02666666666666667	0.028	0.02	0.025333333333333333	0.020666666666666667	0.018	0.016666666666666666	0.011333333333333334	0.013333333333333334	0.011333333333333334	0.008	0.009333333333333334	0.006	0.01	0.008666666666666666	0.004666666666666667	0.005333333333333333	0.002	0.006	0.004	
1.1613333333333333	1.0993333333333333	1.0813333333333333	1.024	0.9826666666666667	0.9886666666666667	0.9693333333333334	0.9493333333333334	0.9213333333333333	0.878	0.9206666666666666	0.8153333333333334	0.8306666666666667	0.8286666666666667	0.8106666666666666	0.7353333333333333	0.746	0.6993333333333334	0.6913333333333334	0.6673333333333333	0.6433333333333333	0.6086666666666667	0.64	0.622	0.598	0.5573333333333333	0.512	0.542	0.4746666666666667	0.496	0.4786666666666667	0.454	0.438	0.4	0.37933333333333336	0.40066666666666667	0.37933333333333336	0.378	0.31666666666666665	0.3333333333333333	0.3293333333333333	0.29733333333333334	0.30333333333333334	0.27466666666666667	0.244	0.2713333333333333	0.23466666666666666	0.23866666666666667	0.21733333333333332	0.20133333333333334	0.19133333333333333	0.182	0.17266666666666666	0.14533333333333334	0.156	0.14333333333333334	0.16066666666666668	0.11	0.12266666666666666	0.10466666666666667	0.10866666666666666	0.108	0.09533333333333334	0.08866666666666667	0.09666666666666666	0.07533333333333334	0.07733333333333334	0.064	0.068	0.07	0.050666666666666665	0.04466666666666667	0.056	0.04466666666666667	0.043333333333333335	0.03133333333333333	0.03333333333333333	0.032	0.036	0.032	0.03	0.013333333333333334	0.02	0.020666666666666667	0.014	0.017333333333333333	0.018666666666666668	0.012666666666666666	0.008666666666666666	0.010666666666666666	0.008	0.01	0.005333333333333333	0.006666666666666667	0.008	0.006666666666666667	0.006666666666666667	0.004666666666666667	0.004666666666666667	
1.1433333333333333	1.0946666666666667	1.1026666666666667	1.0846666666666667	1.0153333333333334	0.9666666666666667	0.9126666666666666	0.9746666666666667	0.944	0.946	0.8486666666666667	0.8486666666666667	0.824	0.8113333333333334	0.806	0.7473333333333333	0.7686666666666667	0.7053333333333334	0.69	0.688	0.6546666666666666	0.6513333333333333	0.6066666666666667	0.6026666666666667	0.574	0.5386666666666666	0.49666666666666665	0.524	0.5	0.4686666666666667	0.472	0.43866666666666665	0.4046666666666667	0.42133333333333334	0.3913333333333333	0.3873333333333333	0.37533333333333335	0.36	0.3373333333333333	0.3313333333333333	0.30266666666666664	0.304	0.2946666666666667	0.29733333333333334	0.25466666666666665	0.276	0.244	0.214	0.22	0.194	0.19066666666666668	0.20933333333333334	0.168	0.18	0.16933333333333334	0.146	0.11666666666666667	0.13533333333333333	0.12	0.11066666666666666	0.10266666666666667	0.092	0.102	0.08666666666666667	0.07733333333333334	0.07066666666666667	0.06933333333333333	0.059333333333333335	0.059333333333333335	0.058666666666666666	0.05266666666666667	0.048	0.042	0.036	0.034666666666666665	0.034	0.03266666666666666	0.03333333333333333	0.042666666666666665	0.02266666666666667	0.02266666666666667	0.032	0.02666666666666667	0.024	0.024	0.014666666666666666	0.012	0.014666666666666666	0.013333333333333334	0.008666666666666666	0.006	0.008666666666666666	0.009333333333333334	0.007333333333333333	0.005333333333333333	0.005333333333333333	0.004	0.005333333333333333	0.002	
1.12	1.1626666666666667	1.096	1.072	1.0606666666666666	0.996	0.974	0.9513333333333334	0.9293333333333333	0.9013333333333333	0.8726666666666667	0.8546666666666667	0.8153333333333334	0.776	0.832	0.7313333333333333	0.736	0.7073333333333334	0.7113333333333334	0.6393333333333333	0.666	0.6093333333333333	0.6213333333333333	0.576	0.5946666666666667	0.578	0.5373333333333333	0.5213333333333333	0.4766666666666667	0.46266666666666667	0.4706666666666667	0.46066666666666667	0.416	0.41533333333333333	0.4206666666666667	0.4026666666666667	0.3606666666666667	0.3546666666666667	0.31266666666666665	0.35	0.312	0.30733333333333335	0.2906666666666667	0.2846666666666667	0.25133333333333335	0.2713333333333333	0.25733333333333336	0.22733333333333333	0.21333333333333335	0.214	0.19466666666666665	0.188	0.192	0.15866666666666668	0.16666666666666666	0.14733333333333334	0.12466666666666666	0.13333333333333333	0.12266666666666666	0.10133333333333333	0.11733333333333333	0.104	0.09533333333333334	0.08333333333333333	0.06533333333333333	0.076	0.056	0.07066666666666667	0.06666666666666667	0.06066666666666667	0.04466666666666667	0.044	0.04533333333333334	0.03933333333333333	0.04	0.038	0.03333333333333333	0.024	0.030666666666666665	0.028666666666666667	0.03133333333333333	0.022	0.021333333333333333	0.016666666666666666	0.017333333333333333	0.019333333333333334	0.021333333333333333	0.01	0.012	0.018	0.006666666666666667	0.007333333333333333	0.006666666666666667	0.004666666666666667	0.006	0.007333333333333333	0.007333333333333333	0.006666666666666667	0.0033333333333333335	
1.0986666666666667	1.1246666666666667	1.0833333333333333	1.0533333333333332	0.9753333333333334	1.004	0.9506666666666667	0.9346666666666666	0.9726666666666667	0.892	0.864	0.8346666666666667	0.8313333333333334	0.7973333333333333	0.778	0.7493333333333333	0.724	0.7353333333333333	0.7233333333333334	0.716	0.6613333333333333	0.6346666666666667	0.608	0.5786666666666667	0.56	0.5653333333333334	0.5366666666666666	0.518	0.5013333333333333	0.498	0.432	0.46066666666666667	0.446	0.41533333333333333	0.4086666666666667	0.4073333333333333	0.374	0.36133333333333334	0.35733333333333334	0.30933333333333335	0.30666666666666664	0.29533333333333334	0.2866666666666667	0.26266666666666666	0.25266666666666665	0.26066666666666666	0.238	0.242	0.19933333333333333	0.196	0.194	0.16733333333333333	0.15266666666666667	0.14466666666666667	0.14066666666666666	0.14066666666666666	0.12333333333333334	0.13866666666666666	0.114	0.114	0.10733333333333334	0.10466666666666667	0.084	0.09333333333333334	0.08266666666666667	0.07466666666666667	0.07266666666666667	0.07666666666666666	0.06333333333333334	0.048	0.04933333333333333	0.04133333333333333	0.056	0.034666666666666665	0.044	0.036	0.03266666666666666	0.02666666666666667	0.028	0.028	0.021333333333333333	0.018666666666666668	0.016666666666666666	0.028666666666666667	0.018666666666666668	0.016	0.015333333333333332	0.018	0.010666666666666666	0.014666666666666666	0.008	0.011333333333333334	0.006666666666666667	0.004666666666666667	0.005333333333333333	0.005333333333333333	0.002	0.0033333333333333335	0.0033333333333333335	
1.1653333333333333	1.1313333333333333	1.0506666666666666	1.092	0.9933333333333333	0.9666666666666667	0.9653333333333334	0.9213333333333333	0.894	0.8986666666666666	0.8853333333333333	0.8146666666666667	0.8213333333333334	0.782	0.774	0.73	0.722	0.742	0.732	0.618	0.6666666666666666	0.6213333333333333	0.6133333333333333	0.5766666666666667	0.5926666666666667	0.5453333333333333	0.5486666666666666	0.5146666666666667	0.502	0.4653333333333333	0.48	0.4593333333333333	0.4633333333333333	0.428	0.3993333333333333	0.398	0.378	0.372	0.32133333333333336	0.3273333333333333	0.30133333333333334	0.29733333333333334	0.32133333333333336	0.298	0.256	0.234	0.22666666666666666	0.20933333333333334	0.22733333333333333	0.22066666666666668	0.17466666666666666	0.17666666666666667	0.162	0.16066666666666668	0.13666666666666666	0.14066666666666666	0.13333333333333333	0.136	0.122	0.11133333333333334	0.10533333333333333	0.09533333333333334	0.09133333333333334	0.088	0.07466666666666667	0.08466666666666667	0.082	0.07133333333333333	0.06533333333333333	0.04933333333333333	0.05333333333333334	0.05733333333333333	0.058	0.038	0.032	0.034666666666666665	0.03866666666666667	0.03	0.026	0.029333333333333333	0.029333333333333333	0.028	0.02666666666666667	0.020666666666666667	0.015333333333333332	0.013333333333333334	0.013333333333333334	0.009333333333333334	0.013333333333333334	0.011333333333333334	0.008666666666666666	0.008	0.008666666666666666	0.008	0.006	0.008	0.008	0.007333333333333333	0.004	
1.134	1.13	1.0693333333333332	1.0986666666666667	1.0286666666666666	1.0253333333333334	0.9426666666666667	0.9366666666666666	0.926	0.886	0.8706666666666667	0.84	0.81	0.8166666666666667	0.7686666666666667	0.7613333333333333	0.744	0.668	0.71	0.6533333333333333	0.6393333333333333	0.6273333333333333	0.6566666666666666	0.5586666666666666	0.5966666666666667	0.5433333333333333	0.5153333333333333	0.49533333333333335	0.498	0.464	0.4653333333333333	0.464	0.46266666666666667	0.472	0.4086666666666667	0.3933333333333333	0.366	0.372	0.318	0.33	0.30333333333333334	0.30533333333333335	0.2773333333333333	0.268	0.2653333333333333	0.2846666666666667	0.238	0.248	0.194	0.19133333333333333	0.178	0.15533333333333332	0.168	0.16733333333333333	0.12266666666666666	0.14933333333333335	0.13266666666666665	0.12	0.13066666666666665	0.10866666666666666	0.10266666666666667	0.102	0.10133333333333333	0.06666666666666667	0.06666666666666667	0.072	0.07	0.05333333333333334	0.058666666666666666	0.062	0.048	0.058	0.046	0.03866666666666667	0.04666666666666667	0.042	0.036	0.027333333333333334	0.026	0.023333333333333334	0.02266666666666667	0.02266666666666667	0.02	0.018	0.018666666666666668	0.012666666666666666	0.012666666666666666	0.015333333333333332	0.013333333333333334	0.014666666666666666	0.013333333333333334	0.01	0.006	0.008	0.008	0.0026666666666666666	0.005333333333333333	0.004666666666666667	0.004	
1.162	1.0913333333333333	1.116	1.0813333333333333	1.0046666666666666	0.974	0.9573333333333334	0.9953333333333333	0.914	0.9133333333333333	0.8666666666666667	0.83	0.8706666666666667	0.8126666666666666	0.7793333333333333	0.7426666666666667	0.7526666666666667	0.6846666666666666	0.6986666666666667	0.6633333333333333	0.626	0.6353333333333333	0.5873333333333334	0.614	0.5906666666666667	0.5466666666666666	0.5446666666666666	0.532	0.522	0.482	0.4766666666666667	0.4686666666666667	0.454	0.432	0.4093333333333333	0.3933333333333333	0.38533333333333336	0.37	0.3426666666666667	0.3393333333333333	0.32866666666666666	0.29533333333333334	0.2813333333333333	0.2853333333333333	0.25866666666666666	0.25733333333333336	0.246	0.22866666666666666	0.196	0.16333333333333333	0.19266666666666668	0.17133333333333334	0.15733333333333333	0.14333333333333334	0.162	0.12533333333333332	0.13466666666666666	0.114	0.13133333333333333	0.10866666666666666	0.09866666666666667	0.08	0.10666666666666667	0.08066666666666666	0.07533333333333334	0.07066666666666667	0.06666666666666667	0.059333333333333335	0.04933333333333333	0.05466666666666667	0.059333333333333335	0.042666666666666665	0.042	0.037333333333333336	0.043333333333333335	0.04	0.032	0.03266666666666666	0.025333333333333333	0.028666666666666667	0.024666666666666667	0.03133333333333333	0.014666666666666666	0.024	0.016	0.017333333333333333	0.011333333333333334	0.01	0.014666666666666666	0.01	0.013333333333333334	0.008666666666666666	0.006666666666666667	0.008666666666666666	0.004666666666666667	0.006	0.004	0.004666666666666667	0.0013333333333333333	
1.1653333333333333	1.0526666666666666	1.03	1.0146666666666666	1.0006666666666666	0.968	0.9533333333333334	0.9366666666666666	0.898	0.8873333333333333	0.858	0.85	0.8026666666666666	0.8013333333333333	0.746	0.724	0.74	0.7206666666666667	0.698	0.6293333333333333	0.63	0.6166666666666667	0.6406666666666667	0.6073333333333333	0.5773333333333334	0.5473333333333333	0.5126666666666667	0.52	0.5126666666666667	0.47733333333333333	0.478	0.45266666666666666	0.44666666666666666	0.404	0.38266666666666665	0.4033333333333333	0.37666666666666665	0.368	0.3446666666666667	0.32266666666666666	0.282	0.33466666666666667	0.28	0.30533333333333335	0.26	0.26466666666666666	0.242	0.22133333333333333	0.19933333333333333	0.20066666666666666	0.17533333333333334	0.17933333333333334	0.168	0.16666666666666666	0.14266666666666666	0.14666666666666667	0.136	0.12533333333333332	0.124	0.10333333333333333	0.102	0.102	0.096	0.07533333333333334	0.06933333333333333	0.07733333333333334	0.068	0.06266666666666666	0.06	0.052	0.06133333333333333	0.054	0.054	0.046	0.037333333333333336	0.03866666666666667	0.034666666666666665	0.028666666666666667	0.028	0.026	0.022	0.023333333333333334	0.018	0.019333333333333334	0.018666666666666668	0.015333333333333332	0.016666666666666666	0.011333333333333334	0.013333333333333334	0.008666666666666666	0.01	0.007333333333333333	0.006666666666666667	0.006	0.007333333333333333	0.006666666666666667	0.007333333333333333	0.004666666666666667	0.0006666666666666666	
1.124	1.0846666666666667	1.042	1.0593333333333332	1.0153333333333334	0.9573333333333334	0.9633333333333334	0.9446666666666667	0.9113333333333333	0.8746666666666667	0.8633333333333333	0.822	0.8213333333333334	0.7913333333333333	0.7746666666666666	0.7353333333333333	0.7866666666666666	0.7173333333333334	0.6986666666666667	0.66	0.6253333333333333	0.6366666666666667	0.604	0.6026666666666667	0.5493333333333333	0.5346666666666666	0.542	0.52	0.5133333333333333	0.4726666666666667	0.44	0.4713333333333333	0.45666666666666667	0.448	0.424	0.3973333333333333	0.3406666666666667	0.35733333333333334	0.32866666666666666	0.3506666666666667	0.334	0.29733333333333334	0.27666666666666667	0.2733333333333333	0.2673333333333333	0.26066666666666666	0.21866666666666668	0.25	0.21	0.21666666666666667	0.19466666666666665	0.16466666666666666	0.14866666666666667	0.162	0.15466666666666667	0.158	0.13733333333333334	0.12933333333333333	0.11466666666666667	0.12066666666666667	0.108	0.10733333333333334	0.08933333333333333	0.08	0.06933333333333333	0.07066666666666667	0.06933333333333333	0.06	0.06533333333333333	0.06733333333333333	0.058666666666666666	0.04733333333333333	0.04066666666666666	0.04466666666666667	0.043333333333333335	0.04	0.034	0.03333333333333333	0.02666666666666667	0.029333333333333333	0.028666666666666667	0.02	0.034	0.016	0.023333333333333334	0.014666666666666666	0.013333333333333334	0.01	0.008	0.014	0.008666666666666666	0.010666666666666666	0.008666666666666666	0.007333333333333333	0.007333333333333333	0.005333333333333333	0.006666666666666667	0.005333333333333333	0.004	
1.1566666666666667	1.104	1.078	1.0173333333333334	1.0006666666666666	1.0186666666666666	1.0273333333333334	0.902	0.9153333333333333	0.9133333333333333	0.8586666666666667	0.892	0.7553333333333333	0.7913333333333333	0.782	0.7386666666666667	0.7253333333333334	0.6873333333333334	0.7193333333333334	0.65	0.684	0.6306666666666667	0.6293333333333333	0.6	0.5926666666666667	0.5586666666666666	0.4806666666666667	0.53	0.466	0.492	0.49133333333333334	0.4493333333333333	0.43	0.4226666666666667	0.43133333333333335	0.4093333333333333	0.348	0.37733333333333335	0.3566666666666667	0.334	0.31733333333333336	0.314	0.31266666666666665	0.27466666666666667	0.286	0.22733333333333333	0.232	0.25533333333333336	0.208	0.24333333333333335	0.20133333333333334	0.18133333333333335	0.17	0.16866666666666666	0.13733333333333334	0.13	0.11466666666666667	0.13266666666666665	0.12066666666666667	0.11333333333333333	0.1	0.09733333333333333	0.08266666666666667	0.08	0.07133333333333333	0.08866666666666667	0.07266666666666667	0.07666666666666666	0.064	0.04733333333333333	0.05533333333333333	0.05	0.04533333333333334	0.036	0.034	0.04533333333333334	0.027333333333333334	0.03866666666666667	0.026	0.025333333333333333	0.030666666666666665	0.024666666666666667	0.020666666666666667	0.018666666666666668	0.018	0.013333333333333334	0.015333333333333332	0.014	0.014666666666666666	0.008	0.008	0.004666666666666667	0.008	0.008	0.01	0.005333333333333333	0.004666666666666667	0.004666666666666667	0.006666666666666667	
1.13	1.1186666666666667	1.0726666666666667	1.0306666666666666	1.0493333333333332	0.9793333333333333	0.956	0.9673333333333334	0.8786666666666667	0.89	0.866	0.8593333333333333	0.85	0.8086666666666666	0.7713333333333333	0.782	0.7113333333333334	0.74	0.6866666666666666	0.694	0.6493333333333333	0.6566666666666666	0.6253333333333333	0.576	0.5853333333333334	0.536	0.5226666666666666	0.5046666666666667	0.5213333333333333	0.49533333333333335	0.45	0.43866666666666665	0.424	0.418	0.412	0.404	0.356	0.38	0.35	0.32466666666666666	0.29333333333333333	0.3	0.30133333333333334	0.27466666666666667	0.2773333333333333	0.25066666666666665	0.26066666666666666	0.24333333333333335	0.214	0.216	0.19333333333333333	0.174	0.17866666666666667	0.156	0.15333333333333332	0.14733333333333334	0.13933333333333334	0.112	0.12733333333333333	0.108	0.08933333333333333	0.09466666666666666	0.11266666666666666	0.08	0.08066666666666666	0.06733333333333333	0.07	0.07133333333333333	0.066	0.050666666666666665	0.06333333333333334	0.05466666666666667	0.04933333333333333	0.032	0.03933333333333333	0.034	0.034	0.03866666666666667	0.027333333333333334	0.034	0.02666666666666667	0.025333333333333333	0.024666666666666667	0.016666666666666666	0.018	0.012666666666666666	0.017333333333333333	0.015333333333333332	0.010666666666666666	0.006666666666666667	0.007333333333333333	0.008	0.009333333333333334	0.004666666666666667	0.006	0.006	0.004	0.0026666666666666666	0.0026666666666666666	
1.0966666666666667	1.1	1.0613333333333332	1.0626666666666666	0.9993333333333333	1.0146666666666666	0.9826666666666667	0.938	0.882	0.8826666666666667	0.8553333333333333	0.8146666666666667	0.8093333333333333	0.7586666666666667	0.768	0.7386666666666667	0.7466666666666667	0.6753333333333333	0.656	0.67	0.6466666666666666	0.648	0.602	0.5593333333333333	0.5886666666666667	0.532	0.526	0.498	0.47533333333333333	0.5173333333333333	0.4866666666666667	0.45666666666666667	0.438	0.402	0.3973333333333333	0.36733333333333335	0.3546666666666667	0.3546666666666667	0.35	0.336	0.2986666666666667	0.302	0.27466666666666667	0.26866666666666666	0.2833333333333333	0.268	0.22066666666666668	0.24933333333333332	0.246	0.19866666666666666	0.18866666666666668	0.18866666666666668	0.16533333333333333	0.13666666666666666	0.15333333333333332	0.13733333333333334	0.12	0.12666666666666668	0.128	0.10133333333333333	0.112	0.1	0.09066666666666667	0.07466666666666667	0.078	0.07266666666666667	0.07866666666666666	0.064	0.06866666666666667	0.058	0.056666666666666664	0.038	0.048666666666666664	0.043333333333333335	0.03933333333333333	0.04133333333333333	0.043333333333333335	0.026	0.02666666666666667	0.019333333333333334	0.030666666666666665	0.024666666666666667	0.020666666666666667	0.017333333333333333	0.013333333333333334	0.018666666666666668	0.014666666666666666	0.008	0.016	0.011333333333333334	0.012	0.012	0.006	0.008	0.008	0.009333333333333334	0.0013333333333333333	0.0033333333333333335	0.004	
1.12	1.146	1.0653333333333332	1.0673333333333332	0.966	0.9733333333333334	0.9166666666666666	0.9426666666666667	0.902	0.8893333333333333	0.8526666666666667	0.8446666666666667	0.784	0.7706666666666667	0.758	0.7413333333333333	0.736	0.706	0.6726666666666666	0.712	0.664	0.634	0.6166666666666667	0.59	0.5726666666666667	0.538	0.544	0.49733333333333335	0.4846666666666667	0.506	0.4846666666666667	0.44533333333333336	0.44466666666666665	0.43333333333333335	0.37266666666666665	0.37866666666666665	0.35133333333333333	0.36	0.3373333333333333	0.33666666666666667	0.29933333333333334	0.2813333333333333	0.27066666666666667	0.272	0.26266666666666666	0.27266666666666667	0.23933333333333334	0.23333333333333334	0.20533333333333334	0.202	0.18266666666666667	0.17733333333333334	0.17133333333333334	0.15866666666666668	0.15333333333333332	0.14	0.128	0.11266666666666666	0.14133333333333334	0.10866666666666666	0.092	0.09733333333333333	0.076	0.09066666666666667	0.08266666666666667	0.06933333333333333	0.066	0.062	0.074	0.056	0.05466666666666667	0.050666666666666665	0.056	0.03666666666666667	0.035333333333333335	0.032	0.036	0.03266666666666666	0.03333333333333333	0.028	0.021333333333333333	0.021333333333333333	0.023333333333333334	0.013333333333333334	0.023333333333333334	0.014	0.010666666666666666	0.016	0.012	0.011333333333333334	0.006	0.01	0.008	0.011333333333333334	0.0026666666666666666	0.007333333333333333	0.0033333333333333335	0.0026666666666666666	0.004666666666666667	
1.148	1.0966666666666667	1.0593333333333332	1.048	0.9873333333333333	0.988	1.0053333333333334	0.9546666666666667	0.8893333333333333	0.9026666666666666	0.8946666666666667	0.8226666666666667	0.826	0.7453333333333333	0.804	0.7553333333333333	0.7446666666666667	0.7246666666666667	0.7086666666666667	0.6586666666666666	0.606	0.6366666666666667	0.624	0.5713333333333334	0.5646666666666667	0.568	0.5133333333333333	0.47933333333333333	0.496	0.49733333333333335	0.4513333333333333	0.44333333333333336	0.446	0.4046666666666667	0.4046666666666667	0.36533333333333334	0.38266666666666665	0.3566666666666667	0.3586666666666667	0.31866666666666665	0.29533333333333334	0.302	0.2946666666666667	0.2753333333333333	0.27	0.246	0.24466666666666667	0.23	0.22866666666666666	0.20666666666666667	0.18866666666666668	0.19733333333333333	0.154	0.158	0.15066666666666667	0.156	0.124	0.12733333333333333	0.11533333333333333	0.11133333333333334	0.092	0.09733333333333333	0.10066666666666667	0.08066666666666666	0.084	0.07933333333333334	0.07133333333333333	0.06733333333333333	0.062	0.05	0.046	0.05266666666666667	0.05466666666666667	0.044	0.04933333333333333	0.03666666666666667	0.035333333333333335	0.028	0.03266666666666666	0.021333333333333333	0.027333333333333334	0.017333333333333333	0.028666666666666667	0.011333333333333334	0.017333333333333333	0.019333333333333334	0.012666666666666666	0.016	0.012	0.008666666666666666	0.008	0.008	0.01	0.0033333333333333335	0.006666666666666667	0.0033333333333333335	0.004	0.006666666666666667	0.002	
1.1313333333333333	1.1026666666666667	1.0906666666666667	0.992	1.0166666666666666	0.9893333333333333	0.9746666666666667	0.962	0.9393333333333334	0.8633333333333333	0.8686666666666667	0.8186666666666667	0.808	0.7713333333333333	0.7753333333333333	0.758	0.7233333333333334	0.6806666666666666	0.7073333333333334	0.6753333333333333	0.6706666666666666	0.614	0.608	0.59	0.586	0.5446666666666666	0.5453333333333333	0.49133333333333334	0.4846666666666667	0.49333333333333335	0.454	0.46	0.428	0.42333333333333334	0.422	0.37866666666666665	0.344	0.35133333333333333	0.3426666666666667	0.332	0.34	0.2846666666666667	0.276	0.26	0.268	0.264	0.23266666666666666	0.23333333333333334	0.198	0.19866666666666666	0.18733333333333332	0.17733333333333334	0.15466666666666667	0.15	0.15266666666666667	0.12266666666666666	0.12666666666666668	0.128	0.11266666666666666	0.112	0.10466666666666667	0.09066666666666667	0.09866666666666667	0.08866666666666667	0.07933333333333334	0.07533333333333334	0.07	0.06	0.062	0.06733333333333333	0.052	0.05266666666666667	0.03666666666666667	0.052	0.04	0.035333333333333335	0.03133333333333333	0.02666666666666667	0.032	0.026	0.023333333333333334	0.018666666666666668	0.018	0.024	0.019333333333333334	0.015333333333333332	0.016666666666666666	0.014666666666666666	0.009333333333333334	0.011333333333333334	0.011333333333333334	0.007333333333333333	0.008	0.0033333333333333335	0.009333333333333334	0.0026666666666666666	0.0013333333333333333	0.0013333333333333333	0.0026666666666666666	
1.1	1.1226666666666667	1.0333333333333334	1.106	1.0046666666666666	0.974	0.9693333333333334	0.8873333333333333	0.9546666666666667	0.862	0.89	0.824	0.8633333333333333	0.774	0.772	0.7693333333333333	0.704	0.746	0.7	0.6666666666666666	0.6366666666666667	0.6293333333333333	0.598	0.57	0.568	0.5533333333333333	0.5326666666666666	0.5213333333333333	0.5066666666666667	0.45	0.472	0.4646666666666667	0.42733333333333334	0.43866666666666665	0.38133333333333336	0.4053333333333333	0.36466666666666664	0.382	0.344	0.3373333333333333	0.298	0.30866666666666664	0.282	0.27	0.256	0.23666666666666666	0.238	0.232	0.20866666666666667	0.2	0.15733333333333333	0.18266666666666667	0.15933333333333333	0.16	0.14	0.13733333333333334	0.12866666666666668	0.108	0.11666666666666667	0.10066666666666667	0.11466666666666667	0.10333333333333333	0.08533333333333333	0.08533333333333333	0.084	0.07533333333333334	0.07066666666666667	0.054	0.052	0.06733333333333333	0.056	0.04733333333333333	0.058	0.043333333333333335	0.04066666666666666	0.04133333333333333	0.03266666666666666	0.025333333333333333	0.035333333333333335	0.027333333333333334	0.025333333333333333	0.018	0.017333333333333333	0.017333333333333333	0.010666666666666666	0.014666666666666666	0.004666666666666667	0.014666666666666666	0.008	0.015333333333333332	0.007333333333333333	0.011333333333333334	0.005333333333333333	0.009333333333333334	0.005333333333333333	0.005333333333333333	0.005333333333333333	0.004666666666666667	0.004	
1.0793333333333333	1.0966666666666667	1.0833333333333333	1.0146666666666666	1.0453333333333332	0.9813333333333333	0.93	0.928	0.9106666666666666	0.8733333333333333	0.8966666666666666	0.7966666666666666	0.8113333333333334	0.8053333333333333	0.772	0.704	0.708	0.716	0.6966666666666667	0.6526666666666666	0.6726666666666666	0.6193333333333333	0.5873333333333334	0.5833333333333334	0.5893333333333334	0.5466666666666666	0.5173333333333333	0.5053333333333333	0.466	0.4673333333333333	0.4646666666666667	0.4613333333333333	0.442	0.444	0.39	0.3526666666666667	0.38666666666666666	0.316	0.32066666666666666	0.32866666666666666	0.2673333333333333	0.28	0.2866666666666667	0.25866666666666666	0.26466666666666666	0.25266666666666665	0.22933333333333333	0.23733333333333334	0.196	0.18466666666666667	0.19	0.18333333333333332	0.16266666666666665	0.16733333333333333	0.174	0.146	0.12533333333333332	0.11933333333333333	0.11733333333333333	0.10466666666666667	0.10666666666666667	0.10733333333333334	0.09533333333333334	0.10133333333333333	0.07066666666666667	0.072	0.06266666666666666	0.074	0.068	0.056	0.056	0.044	0.04666666666666667	0.044	0.034	0.046	0.038	0.03333333333333333	0.022	0.034	0.018666666666666668	0.023333333333333334	0.023333333333333334	0.015333333333333332	0.02	0.017333333333333333	0.016	0.018	0.011333333333333334	0.008	0.014	0.01	0.005333333333333333	0.006666666666666667	0.002	0.004666666666666667	0.0026666666666666666	0.0026666666666666666	0.004	
1.1206666666666667	1.09	1.0653333333333332	1.0993333333333333	0.9526666666666667	0.9773333333333334	0.9153333333333333	0.93	0.9033333333333333	0.918	0.8226666666666667	0.834	0.784	0.7906666666666666	0.7613333333333333	0.7446666666666667	0.764	0.6646666666666666	0.6706666666666666	0.662	0.6506666666666666	0.6353333333333333	0.642	0.5466666666666666	0.588	0.5793333333333334	0.524	0.5133333333333333	0.5006666666666667	0.48333333333333334	0.468	0.44066666666666665	0.4106666666666667	0.4166666666666667	0.386	0.37866666666666665	0.368	0.3453333333333333	0.348	0.33	0.31333333333333335	0.30266666666666664	0.276	0.2653333333333333	0.282	0.26466666666666666	0.252	0.22466666666666665	0.196	0.20666666666666667	0.19733333333333333	0.18866666666666668	0.178	0.164	0.15933333333333333	0.14533333333333334	0.12933333333333333	0.134	0.10333333333333333	0.11533333333333333	0.10666666666666667	0.09866666666666667	0.114	0.09533333333333334	0.07933333333333334	0.076	0.06133333333333333	0.06133333333333333	0.05333333333333334	0.051333333333333335	0.056	0.042	0.046	0.04066666666666666	0.044	0.03866666666666667	0.03333333333333333	0.027333333333333334	0.026	0.029333333333333333	0.023333333333333334	0.024666666666666667	0.016666666666666666	0.014	0.020666666666666667	0.008666666666666666	0.016	0.013333333333333334	0.010666666666666666	0.012	0.008	0.010666666666666666	0.012	0.005333333333333333	0.006	0.009333333333333334	0.0033333333333333335	0.0026666666666666666	0.0013333333333333333	
1.152	1.1073333333333333	1.0466666666666666	1.026	1.042	0.9853333333333333	0.9746666666666667	0.902	0.9006666666666666	0.8646666666666667	0.884	0.832	0.8213333333333334	0.766	0.746	0.748	0.7426666666666667	0.73	0.688	0.6646666666666666	0.6706666666666666	0.612	0.6033333333333334	0.5446666666666666	0.6113333333333333	0.516	0.544	0.49133333333333334	0.5233333333333333	0.506	0.47733333333333333	0.472	0.39266666666666666	0.43533333333333335	0.3993333333333333	0.388	0.334	0.37	0.3426666666666667	0.32666666666666666	0.30333333333333334	0.308	0.2793333333333333	0.25066666666666665	0.24866666666666667	0.24933333333333332	0.258	0.22533333333333333	0.214	0.20066666666666666	0.196	0.18066666666666667	0.17733333333333334	0.16066666666666668	0.14266666666666666	0.14866666666666667	0.13066666666666665	0.12933333333333333	0.12533333333333332	0.10666666666666667	0.114	0.1	0.10266666666666667	0.098	0.078	0.08	0.06866666666666667	0.07133333333333333	0.059333333333333335	0.06333333333333334	0.051333333333333335	0.05466666666666667	0.04733333333333333	0.037333333333333336	0.03866666666666667	0.04066666666666666	0.038	0.036	0.032	0.03333333333333333	0.026	0.024	0.024	0.021333333333333333	0.018	0.016666666666666666	0.014666666666666666	0.008666666666666666	0.014	0.008666666666666666	0.006666666666666667	0.014	0.007333333333333333	0.004666666666666667	0.0033333333333333335	0.004	0.006666666666666667	0.005333333333333333	0.004666666666666667	
1.096	1.1453333333333333	1.102	1.0506666666666666	0.9853333333333333	0.9613333333333334	0.9246666666666666	0.9453333333333334	0.8766666666666667	0.8573333333333333	0.886	0.8386666666666667	0.802	0.788	0.7933333333333333	0.7566666666666667	0.7066666666666667	0.718	0.734	0.6606666666666666	0.6433333333333333	0.6206666666666667	0.6113333333333333	0.5533333333333333	0.552	0.5493333333333333	0.5333333333333333	0.5026666666666667	0.5	0.5046666666666667	0.482	0.43933333333333335	0.44333333333333336	0.42333333333333334	0.41133333333333333	0.39	0.342	0.39466666666666667	0.32866666666666666	0.32866666666666666	0.312	0.30533333333333335	0.29	0.2633333333333333	0.262	0.25133333333333335	0.23133333333333334	0.228	0.22466666666666665	0.196	0.20266666666666666	0.176	0.17466666666666666	0.16466666666666666	0.15066666666666667	0.128	0.13533333333333333	0.122	0.13066666666666665	0.108	0.112	0.09933333333333333	0.076	0.114	0.08666666666666667	0.088	0.06533333333333333	0.06066666666666667	0.068	0.04466666666666667	0.058	0.05266666666666667	0.03866666666666667	0.05	0.042	0.036	0.04066666666666666	0.03266666666666666	0.024666666666666667	0.028666666666666667	0.024666666666666667	0.02266666666666667	0.012666666666666666	0.018666666666666668	0.018	0.011333333333333334	0.013333333333333334	0.01	0.010666666666666666	0.006666666666666667	0.006666666666666667	0.007333333333333333	0.006	0.006	0.006	0.010666666666666666	0.004	0.004	0.004666666666666667	
1.1306666666666667	1.08	1.0513333333333332	1.0466666666666666	0.9826666666666667	0.9526666666666667	0.932	0.9086666666666666	0.9393333333333334	0.9373333333333334	0.8506666666666667	0.832	0.7813333333333333	0.812	0.784	0.754	0.68	0.6866666666666666	0.664	0.6293333333333333	0.6533333333333333	0.602	0.588	0.5613333333333334	0.5926666666666667	0.55	0.5026666666666667	0.49666666666666665	0.4846666666666667	0.4666666666666667	0.5013333333333333	0.4106666666666667	0.4126666666666667	0.40066666666666667	0.40066666666666667	0.3933333333333333	0.35733333333333334	0.37466666666666665	0.33466666666666667	0.31	0.31266666666666665	0.30733333333333335	0.30866666666666664	0.276	0.25066666666666665	0.24666666666666667	0.24266666666666667	0.21333333333333335	0.21133333333333335	0.214	0.19733333333333333	0.184	0.178	0.148	0.14533333333333334	0.14733333333333334	0.12933333333333333	0.11	0.12	0.126	0.08733333333333333	0.09733333333333333	0.09133333333333334	0.08733333333333333	0.06933333333333333	0.07666666666666666	0.074	0.06133333333333333	0.06066666666666667	0.062	0.05266666666666667	0.056666666666666664	0.04133333333333333	0.04	0.038	0.032	0.034666666666666665	0.036	0.03	0.02666666666666667	0.019333333333333334	0.02266666666666667	0.02266666666666667	0.016	0.022	0.014	0.013333333333333334	0.012	0.008	0.009333333333333334	0.006666666666666667	0.0033333333333333335	0.012	0.005333333333333333	0.0033333333333333335	0.006	0.0026666666666666666	0.006	0.005333333333333333	
1.1653333333333333	1.0813333333333333	1.0193333333333334	1.0166666666666666	0.9766666666666667	0.9633333333333334	0.9386666666666666	0.95	0.8806666666666667	0.8906666666666667	0.8406666666666667	0.8586666666666667	0.8166666666666667	0.7853333333333333	0.7713333333333333	0.7666666666666667	0.688	0.6706666666666666	0.6966666666666667	0.65	0.6766666666666666	0.6213333333333333	0.6	0.564	0.5606666666666666	0.528	0.5086666666666667	0.49866666666666665	0.484	0.484	0.44133333333333336	0.4266666666666667	0.454	0.432	0.414	0.392	0.3506666666666667	0.36666666666666664	0.32133333333333336	0.31266666666666665	0.31133333333333335	0.2753333333333333	0.284	0.2806666666666667	0.276	0.24933333333333332	0.22733333333333333	0.23533333333333334	0.20266666666666666	0.196	0.198	0.176	0.176	0.16333333333333333	0.14133333333333334	0.15066666666666667	0.14933333333333335	0.12266666666666666	0.136	0.114	0.10533333333333333	0.096	0.09666666666666666	0.082	0.08066666666666666	0.082	0.066	0.06	0.07066666666666667	0.051333333333333335	0.058666666666666666	0.048666666666666664	0.04466666666666667	0.030666666666666665	0.04933333333333333	0.038	0.03866666666666667	0.030666666666666665	0.029333333333333333	0.023333333333333334	0.028	0.021333333333333333	0.022	0.019333333333333334	0.018	0.016666666666666666	0.01	0.008	0.013333333333333334	0.019333333333333334	0.01	0.008	0.006666666666666667	0.006666666666666667	0.008666666666666666	0.004666666666666667	0.005333333333333333	0.0033333333333333335	0.004	
1.1166666666666667	1.0946666666666667	1.0233333333333334	1.0133333333333334	0.996	0.9846666666666667	0.9506666666666667	0.9146666666666666	0.8713333333333333	0.8873333333333333	0.8886666666666667	0.8133333333333334	0.82	0.78	0.7386666666666667	0.6913333333333334	0.71	0.6946666666666667	0.6646666666666666	0.618	0.6506666666666666	0.5973333333333334	0.6326666666666667	0.5466666666666666	0.5593333333333333	0.5666666666666667	0.5566666666666666	0.5193333333333333	0.504	0.456	0.478	0.4093333333333333	0.43733333333333335	0.44	0.418	0.37933333333333336	0.37266666666666665	0.344	0.328	0.3253333333333333	0.32466666666666666	0.316	0.27266666666666667	0.28733333333333333	0.264	0.24666666666666667	0.22533333333333333	0.20733333333333334	0.22	0.18533333333333332	0.16333333333333333	0.17533333333333334	0.174	0.13866666666666666	0.14266666666666666	0.15066666666666667	0.12866666666666668	0.13266666666666665	0.11733333333333333	0.116	0.09133333333333334	0.08933333333333333	0.09533333333333334	0.08466666666666667	0.07533333333333334	0.078	0.08533333333333333	0.06666666666666667	0.06533333333333333	0.04133333333333333	0.052	0.06266666666666666	0.04666666666666667	0.05266666666666667	0.03866666666666667	0.035333333333333335	0.026	0.034666666666666665	0.028	0.034	0.017333333333333333	0.020666666666666667	0.016	0.018	0.020666666666666667	0.014	0.021333333333333333	0.011333333333333334	0.012666666666666666	0.014666666666666666	0.005333333333333333	0.011333333333333334	0.0033333333333333335	0.005333333333333333	0.004	0.005333333333333333	0.004	0.004666666666666667	0.0026666666666666666	
1.0833333333333333	1.1	1.0453333333333332	1.0353333333333334	0.992	0.988	0.9726666666666667	0.9	0.916	0.8446666666666667	0.8626666666666667	0.7973333333333333	0.7766666666666666	0.7826666666666666	0.8113333333333334	0.7333333333333333	0.7066666666666667	0.696	0.6586666666666666	0.6333333333333333	0.6426666666666667	0.5953333333333334	0.598	0.602	0.562	0.5333333333333333	0.5553333333333333	0.5013333333333333	0.49266666666666664	0.46	0.458	0.46	0.434	0.448	0.3873333333333333	0.41933333333333334	0.362	0.3466666666666667	0.35933333333333334	0.35	0.2753333333333333	0.3	0.2986666666666667	0.2733333333333333	0.264	0.25666666666666665	0.234	0.23733333333333334	0.21733333333333332	0.202	0.18466666666666667	0.19133333333333333	0.17066666666666666	0.154	0.15333333333333332	0.14533333333333334	0.128	0.11333333333333333	0.10666666666666667	0.11733333333333333	0.09333333333333334	0.09066666666666667	0.08533333333333333	0.07733333333333334	0.088	0.068	0.06533333333333333	0.06866666666666667	0.056666666666666664	0.05266666666666667	0.059333333333333335	0.05266666666666667	0.03266666666666666	0.042	0.035333333333333335	0.030666666666666665	0.03666666666666667	0.029333333333333333	0.034666666666666665	0.027333333333333334	0.024666666666666667	0.02	0.023333333333333334	0.014666666666666666	0.018666666666666668	0.013333333333333334	0.014	0.010666666666666666	0.012	0.006	0.010666666666666666	0.006666666666666667	0.008666666666666666	0.01	0.006666666666666667	0.01	0.004666666666666667	0.004	0.0026666666666666666	
1.126	1.108	1.0693333333333332	1.0473333333333332	0.996	0.9753333333333334	0.9533333333333334	0.9346666666666666	0.9013333333333333	0.8833333333333333	0.858	0.8033333333333333	0.8153333333333334	0.7693333333333333	0.7533333333333333	0.7246666666666667	0.7033333333333334	0.7053333333333334	0.6666666666666666	0.6546666666666666	0.632	0.612	0.5686666666666667	0.586	0.5826666666666667	0.534	0.5006666666666667	0.5306666666666666	0.4693333333333333	0.464	0.4786666666666667	0.448	0.43533333333333335	0.4073333333333333	0.4093333333333333	0.366	0.356	0.344	0.3293333333333333	0.316	0.30333333333333334	0.2986666666666667	0.2866666666666667	0.2786666666666667	0.27266666666666667	0.23866666666666667	0.22266666666666668	0.23933333333333334	0.214	0.18066666666666667	0.178	0.198	0.16866666666666666	0.154	0.14066666666666666	0.128	0.136	0.11333333333333333	0.12266666666666666	0.11666666666666667	0.11466666666666667	0.088	0.09066666666666667	0.07466666666666667	0.074	0.072	0.06933333333333333	0.06933333333333333	0.06266666666666666	0.048	0.05533333333333333	0.04933333333333333	0.04466666666666667	0.048	0.037333333333333336	0.04466666666666667	0.04133333333333333	0.026	0.029333333333333333	0.018	0.022	0.021333333333333333	0.02266666666666667	0.017333333333333333	0.019333333333333334	0.014	0.016	0.009333333333333334	0.008666666666666666	0.013333333333333334	0.012666666666666666	0.006666666666666667	0.005333333333333333	0.006666666666666667	0.009333333333333334	0.008	0.002	0.004	0.0033333333333333335	
1.1346666666666667	1.07	1.07	1.016	0.986	0.9633333333333334	0.9273333333333333	0.872	0.888	0.864	0.86	0.83	0.8046666666666666	0.8126666666666666	0.7586666666666667	0.768	0.714	0.71	0.6726666666666666	0.6153333333333333	0.6193333333333333	0.6566666666666666	0.64	0.5813333333333334	0.552	0.5213333333333333	0.5446666666666666	0.48533333333333334	0.5	0.4766666666666667	0.434	0.47533333333333333	0.428	0.416	0.38266666666666665	0.4126666666666667	0.33866666666666667	0.326	0.33066666666666666	0.3433333333333333	0.30133333333333334	0.2946666666666667	0.2946666666666667	0.26	0.24666666666666667	0.24733333333333332	0.24333333333333335	0.246	0.19666666666666666	0.20066666666666666	0.19066666666666668	0.196	0.172	0.17533333333333334	0.15866666666666668	0.164	0.12066666666666667	0.11266666666666666	0.12533333333333332	0.10733333333333334	0.10666666666666667	0.08733333333333333	0.09066666666666667	0.092	0.07266666666666667	0.078	0.07466666666666667	0.06133333333333333	0.058666666666666666	0.058	0.062	0.04733333333333333	0.036	0.03333333333333333	0.042666666666666665	0.03333333333333333	0.03333333333333333	0.036	0.028666666666666667	0.026	0.03	0.024	0.024	0.023333333333333334	0.016	0.014	0.011333333333333334	0.009333333333333334	0.012	0.008	0.008	0.008666666666666666	0.006	0.008	0.008666666666666666	0.007333333333333333	0.006	0.006666666666666667	0.002	
1.096	1.1646666666666667	1.0733333333333333	1.0346666666666666	0.9613333333333334	0.9933333333333333	0.8793333333333333	0.932	0.868	0.8733333333333333	0.8153333333333334	0.8226666666666667	0.8313333333333334	0.7733333333333333	0.7686666666666667	0.7653333333333333	0.6686666666666666	0.6993333333333334	0.6886666666666666	0.6286666666666667	0.632	0.6026666666666667	0.5986666666666667	0.5766666666666667	0.6046666666666667	0.5466666666666666	0.5233333333333333	0.53	0.49333333333333335	0.466	0.452	0.43733333333333335	0.43333333333333335	0.4146666666666667	0.37066666666666664	0.37	0.34933333333333333	0.33666666666666667	0.358	0.316	0.334	0.32866666666666666	0.27066666666666667	0.27466666666666667	0.256	0.27266666666666667	0.248	0.22266666666666668	0.218	0.19866666666666666	0.17666666666666667	0.184	0.172	0.176	0.15066666666666667	0.14666666666666667	0.14466666666666667	0.114	0.14333333333333334	0.10133333333333333	0.09333333333333334	0.09866666666666667	0.078	0.09266666666666666	0.09066666666666667	0.07133333333333333	0.068	0.06133333333333333	0.06666666666666667	0.06266666666666666	0.05466666666666667	0.04666666666666667	0.046	0.03933333333333333	0.035333333333333335	0.034666666666666665	0.037333333333333336	0.02266666666666667	0.030666666666666665	0.028	0.018	0.026	0.023333333333333334	0.021333333333333333	0.02	0.011333333333333334	0.012666666666666666	0.014	0.012	0.011333333333333334	0.011333333333333334	0.011333333333333334	0.007333333333333333	0.005333333333333333	0.006	0.005333333333333333	0.004	0.0026666666666666666	0.0033333333333333335	
1.1433333333333333	1.076	1.0586666666666666	1.0706666666666667	0.9886666666666667	0.9526666666666667	0.9533333333333334	0.89	0.9086666666666666	0.8933333333333333	0.8433333333333334	0.8126666666666666	0.85	0.792	0.72	0.7306666666666667	0.7346666666666667	0.7133333333333334	0.6606666666666666	0.63	0.6686666666666666	0.6313333333333333	0.596	0.5846666666666667	0.5546666666666666	0.5086666666666667	0.534	0.474	0.5113333333333333	0.4633333333333333	0.44133333333333336	0.43933333333333335	0.436	0.42533333333333334	0.41133333333333333	0.4	0.38866666666666666	0.38533333333333336	0.33	0.318	0.32133333333333336	0.2946666666666667	0.272	0.256	0.26066666666666666	0.23066666666666666	0.23266666666666666	0.22133333333333333	0.222	0.19133333333333333	0.17666666666666667	0.154	0.16733333333333333	0.178	0.15533333333333332	0.14133333333333334	0.14333333333333334	0.12466666666666666	0.114	0.12133333333333333	0.11266666666666666	0.08866666666666667	0.086	0.07666666666666666	0.07466666666666667	0.07266666666666667	0.06533333333333333	0.06666666666666667	0.058666666666666666	0.056666666666666664	0.051333333333333335	0.052	0.03866666666666667	0.029333333333333333	0.04	0.03666666666666667	0.03133333333333333	0.032	0.029333333333333333	0.026	0.03	0.022	0.016666666666666666	0.018666666666666668	0.017333333333333333	0.012666666666666666	0.011333333333333334	0.015333333333333332	0.009333333333333334	0.012666666666666666	0.006	0.011333333333333334	0.006666666666666667	0.006	0.007333333333333333	0.008666666666666666	0.0026666666666666666	0.0013333333333333333	0.0033333333333333335	
1.0833333333333333	1.11	1.082	1.024	0.99	0.9486666666666667	0.9146666666666666	0.8746666666666667	0.9113333333333333	0.8346666666666667	0.8673333333333333	0.812	0.8153333333333334	0.7766666666666666	0.816	0.752	0.7053333333333334	0.6933333333333334	0.688	0.6246666666666667	0.626	0.576	0.6113333333333333	0.5713333333333334	0.516	0.5473333333333333	0.5273333333333333	0.548	0.472	0.49066666666666664	0.47933333333333333	0.448	0.4146666666666667	0.4	0.378	0.35933333333333334	0.37466666666666665	0.35733333333333334	0.32666666666666666	0.32866666666666666	0.2806666666666667	0.29733333333333334	0.276	0.264	0.22933333333333333	0.2653333333333333	0.22466666666666665	0.20333333333333334	0.19133333333333333	0.18866666666666668	0.18466666666666667	0.18066666666666667	0.17733333333333334	0.158	0.152	0.13533333333333333	0.14	0.116	0.12	0.09933333333333333	0.10133333333333333	0.082	0.084	0.07133333333333333	0.068	0.08066666666666666	0.06733333333333333	0.06066666666666667	0.051333333333333335	0.06266666666666666	0.052	0.048	0.056666666666666664	0.04666666666666667	0.043333333333333335	0.035333333333333335	0.036	0.029333333333333333	0.025333333333333333	0.03333333333333333	0.03333333333333333	0.024666666666666667	0.016	0.016	0.017333333333333333	0.014666666666666666	0.013333333333333334	0.013333333333333334	0.011333333333333334	0.012	0.012	0.012666666666666666	0.006666666666666667	0.008666666666666666	0.008	0.006666666666666667	0.008	0.005333333333333333	0.004	
1.12	1.0626666666666666	1.032	1.02	1.032	0.956	0.9473333333333334	0.892	0.8766666666666667	0.8666666666666667	0.8106666666666666	0.8426666666666667	0.8133333333333334	0.7626666666666667	0.824	0.702	0.71	0.6906666666666667	0.6526666666666666	0.6706666666666666	0.636	0.5913333333333334	0.588	0.5726666666666667	0.5373333333333333	0.542	0.516	0.4706666666666667	0.474	0.496	0.402	0.454	0.438	0.41533333333333333	0.39	0.38666666666666666	0.36666666666666664	0.38133333333333336	0.3426666666666667	0.302	0.3353333333333333	0.29933333333333334	0.25533333333333336	0.276	0.24533333333333332	0.264	0.24	0.232	0.20533333333333334	0.20066666666666666	0.17533333333333334	0.18466666666666667	0.17266666666666666	0.17533333333333334	0.14066666666666666	0.13866666666666666	0.12666666666666668	0.108	0.12466666666666666	0.10933333333333334	0.10066666666666667	0.102	0.09866666666666667	0.09733333333333333	0.082	0.07133333333333333	0.056	0.072	0.056666666666666664	0.05266666666666667	0.059333333333333335	0.04466666666666667	0.04466666666666667	0.038	0.04533333333333334	0.03933333333333333	0.028666666666666667	0.029333333333333333	0.03133333333333333	0.023333333333333334	0.018	0.024	0.023333333333333334	0.020666666666666667	0.016	0.012	0.018	0.010666666666666666	0.01	0.014666666666666666	0.01	0.006	0.004	0.004666666666666667	0.006666666666666667	0.006	0.004	0.007333333333333333	0.0026666666666666666	
1.1286666666666667	1.12	1.018	1.0726666666666667	1.0053333333333334	0.9493333333333334	0.9306666666666666	0.9253333333333333	0.8593333333333333	0.8393333333333334	0.8106666666666666	0.8486666666666667	0.7633333333333333	0.7586666666666667	0.7766666666666666	0.758	0.7393333333333333	0.7213333333333334	0.68	0.6726666666666666	0.6413333333333333	0.6293333333333333	0.6186666666666667	0.5726666666666667	0.534	0.568	0.5453333333333333	0.5066666666666667	0.48133333333333334	0.49133333333333334	0.43333333333333335	0.45066666666666666	0.41933333333333334	0.4246666666666667	0.4046666666666667	0.3626666666666667	0.356	0.358	0.34	0.3273333333333333	0.29333333333333333	0.28933333333333333	0.256	0.24666666666666667	0.242	0.262	0.23933333333333334	0.204	0.204	0.19866666666666666	0.17466666666666666	0.16733333333333333	0.14933333333333335	0.16933333333333334	0.13733333333333334	0.134	0.12	0.12866666666666668	0.12133333333333333	0.10333333333333333	0.104	0.08066666666666666	0.088	0.08	0.07533333333333334	0.07333333333333333	0.06266666666666666	0.06466666666666666	0.06	0.052	0.03933333333333333	0.04933333333333333	0.046	0.04133333333333333	0.038	0.025333333333333333	0.03	0.034666666666666665	0.028666666666666667	0.03333333333333333	0.025333333333333333	0.021333333333333333	0.020666666666666667	0.018666666666666668	0.017333333333333333	0.012	0.015333333333333332	0.015333333333333332	0.012666666666666666	0.012	0.008666666666666666	0.008666666666666666	0.010666666666666666	0.007333333333333333	0.01	0.009333333333333334	0.010666666666666666	0.004	0.004666666666666667	
1.1713333333333333	1.104	1.064	1.054	0.976	0.9886666666666667	0.8986666666666666	0.932	0.8626666666666667	0.9073333333333333	0.8793333333333333	0.8733333333333333	0.8186666666666667	0.76	0.7673333333333333	0.7753333333333333	0.7246666666666667	0.7066666666666667	0.6913333333333334	0.658	0.6613333333333333	0.6473333333333333	0.6026666666666667	0.5733333333333334	0.578	0.49266666666666664	0.5233333333333333	0.49666666666666665	0.45866666666666667	0.49533333333333335	0.462	0.47733333333333333	0.44333333333333336	0.41333333333333333	0.3873333333333333	0.386	0.3453333333333333	0.3313333333333333	0.328	0.3426666666666667	0.31733333333333336	0.30733333333333335	0.2653333333333333	0.2813333333333333	0.256	0.23	0.214	0.212	0.198	0.20733333333333334	0.182	0.188	0.16333333333333333	0.14866666666666667	0.15133333333333332	0.144	0.128	0.13666666666666666	0.10866666666666666	0.10933333333333334	0.09466666666666666	0.10133333333333333	0.10666666666666667	0.09333333333333334	0.07666666666666666	0.062	0.074	0.058	0.07066666666666667	0.04933333333333333	0.05266666666666667	0.04466666666666667	0.04066666666666666	0.043333333333333335	0.048666666666666664	0.042	0.034	0.020666666666666667	0.02266666666666667	0.029333333333333333	0.025333333333333333	0.023333333333333334	0.02266666666666667	0.014666666666666666	0.016	0.015333333333333332	0.02	0.016666666666666666	0.016666666666666666	0.007333333333333333	0.007333333333333333	0.014	0.006666666666666667	0.0033333333333333335	0.004	0.009333333333333334	0.004666666666666667	0.0013333333333333333	0.0026666666666666666	
1.1506666666666667	1.0833333333333333	1.0373333333333334	1.0466666666666666	0.9553333333333334	0.9846666666666667	1.0006666666666666	0.9206666666666666	0.9066666666666666	0.8426666666666667	0.8726666666666667	0.796	0.7993333333333333	0.7926666666666666	0.7753333333333333	0.7213333333333334	0.708	0.708	0.6886666666666666	0.644	0.62	0.6173333333333333	0.622	0.59	0.5693333333333334	0.556	0.5006666666666667	0.5133333333333333	0.476	0.4786666666666667	0.4593333333333333	0.41533333333333333	0.40066666666666667	0.4026666666666667	0.3973333333333333	0.39866666666666667	0.36133333333333334	0.37	0.32066666666666666	0.31066666666666665	0.31533333333333335	0.2906666666666667	0.25266666666666665	0.27666666666666667	0.25866666666666666	0.264	0.23	0.212	0.212	0.19933333333333333	0.14933333333333335	0.19133333333333333	0.17733333333333334	0.15533333333333332	0.136	0.128	0.12666666666666668	0.14533333333333334	0.11666666666666667	0.09933333333333333	0.1	0.09733333333333333	0.078	0.082	0.07866666666666666	0.06533333333333333	0.06933333333333333	0.06466666666666666	0.06266666666666666	0.05266666666666667	0.058	0.043333333333333335	0.048666666666666664	0.03666666666666667	0.03666666666666667	0.035333333333333335	0.032	0.024	0.022	0.02666666666666667	0.021333333333333333	0.026	0.026	0.024666666666666667	0.017333333333333333	0.020666666666666667	0.02	0.01	0.010666666666666666	0.009333333333333334	0.008666666666666666	0.010666666666666666	0.008666666666666666	0.0033333333333333335	0.0026666666666666666	0.007333333333333333	0.004666666666666667	0.0033333333333333335	0.002	
1.1293333333333333	1.1446666666666667	1.002	1.0166666666666666	0.9986666666666667	0.992	0.9326666666666666	0.884	0.8846666666666667	0.8753333333333333	0.8366666666666667	0.824	0.7906666666666666	0.748	0.7373333333333333	0.728	0.7173333333333334	0.6773333333333333	0.6513333333333333	0.6466666666666666	0.6433333333333333	0.598	0.6366666666666667	0.5466666666666666	0.566	0.5406666666666666	0.52	0.5106666666666667	0.47933333333333333	0.48	0.43133333333333335	0.44066666666666665	0.428	0.44533333333333336	0.37066666666666664	0.36133333333333334	0.36533333333333334	0.366	0.31733333333333336	0.3453333333333333	0.28733333333333333	0.29933333333333334	0.282	0.276	0.248	0.228	0.23266666666666666	0.22333333333333333	0.22933333333333333	0.19733333333333333	0.19533333333333333	0.178	0.16	0.17066666666666666	0.13466666666666666	0.12866666666666668	0.126	0.12866666666666668	0.12066666666666667	0.112	0.09866666666666667	0.08533333333333333	0.08466666666666667	0.08133333333333333	0.074	0.07533333333333334	0.066	0.06133333333333333	0.06133333333333333	0.058	0.054	0.05266666666666667	0.043333333333333335	0.03866666666666667	0.03666666666666667	0.036	0.034	0.03	0.026	0.027333333333333334	0.024	0.020666666666666667	0.014666666666666666	0.02	0.02666666666666667	0.012666666666666666	0.016666666666666666	0.012666666666666666	0.011333333333333334	0.009333333333333334	0.008	0.005333333333333333	0.012	0.008	0.006666666666666667	0.0026666666666666666	0.0033333333333333335	0.005333333333333333	0.004666666666666667	
1.0766666666666667	1.0686666666666667	0.9873333333333333	1.0306666666666666	1.002	0.9366666666666666	0.9393333333333334	0.9053333333333333	0.8753333333333333	0.8533333333333334	0.862	0.8066666666666666	0.8133333333333334	0.7606666666666667	0.7633333333333333	0.7773333333333333	0.7286666666666667	0.686	0.6593333333333333	0.686	0.6113333333333333	0.628	0.594	0.574	0.56	0.5366666666666666	0.522	0.5266666666666666	0.5053333333333333	0.49066666666666664	0.40066666666666667	0.44333333333333336	0.41133333333333333	0.41333333333333333	0.39266666666666666	0.38666666666666666	0.38333333333333336	0.33666666666666667	0.3486666666666667	0.31066666666666665	0.29933333333333334	0.30133333333333334	0.2733333333333333	0.2886666666666667	0.254	0.252	0.22933333333333333	0.23733333333333334	0.20933333333333334	0.19466666666666665	0.17733333333333334	0.168	0.18133333333333335	0.16133333333333333	0.14533333333333334	0.13666666666666666	0.13066666666666665	0.12533333333333332	0.13133333333333333	0.126	0.11866666666666667	0.09133333333333334	0.098	0.07333333333333333	0.086	0.07933333333333334	0.06666666666666667	0.062	0.051333333333333335	0.06066666666666667	0.04466666666666667	0.05266666666666667	0.048	0.048	0.04	0.035333333333333335	0.029333333333333333	0.03333333333333333	0.03333333333333333	0.027333333333333334	0.02	0.02666666666666667	0.018	0.02266666666666667	0.016666666666666666	0.017333333333333333	0.013333333333333334	0.011333333333333334	0.016	0.016666666666666666	0.007333333333333333	0.010666666666666666	0.004666666666666667	0.008666666666666666	0.005333333333333333	0.008	0.006	0.004	0.005333333333333333	
1.108	1.0946666666666667	1.0273333333333334	1.004	1.022	0.9426666666666667	0.906	0.9406666666666667	0.8746666666666667	0.8553333333333333	0.812	0.8226666666666667	0.8073333333333333	0.766	0.764	0.7426666666666667	0.756	0.6566666666666666	0.674	0.664	0.6466666666666666	0.606	0.57	0.584	0.5806666666666667	0.5173333333333333	0.538	0.5106666666666667	0.4653333333333333	0.488	0.468	0.4673333333333333	0.41133333333333333	0.386	0.4206666666666667	0.38266666666666665	0.33266666666666667	0.36	0.33666666666666667	0.3406666666666667	0.30533333333333335	0.30733333333333335	0.304	0.2833333333333333	0.27066666666666667	0.2613333333333333	0.24133333333333334	0.23066666666666666	0.188	0.19666666666666666	0.174	0.15333333333333332	0.15933333333333333	0.15	0.148	0.13266666666666665	0.13133333333333333	0.11333333333333333	0.10466666666666667	0.10533333333333333	0.09533333333333334	0.09466666666666666	0.09533333333333334	0.078	0.07133333333333333	0.084	0.054	0.062	0.05533333333333333	0.058666666666666666	0.048666666666666664	0.052	0.04533333333333334	0.03933333333333333	0.035333333333333335	0.028	0.036	0.03133333333333333	0.025333333333333333	0.02266666666666667	0.014	0.025333333333333333	0.014666666666666666	0.018	0.015333333333333332	0.014	0.008	0.019333333333333334	0.012666666666666666	0.007333333333333333	0.009333333333333334	0.007333333333333333	0.009333333333333334	0.0033333333333333335	0.006666666666666667	0.004	0.005333333333333333	0.0033333333333333335	0.004666666666666667	
1.124	1.05	1.016	1.004	1.058	0.948	0.9813333333333333	0.9566666666666667	0.8753333333333333	0.896	0.8213333333333334	0.8226666666666667	0.818	0.7553333333333333	0.7393333333333333	0.7293333333333333	0.688	0.716	0.66	0.64	0.622	0.5933333333333334	0.6186666666666667	0.59	0.5313333333333333	0.5233333333333333	0.532	0.5186666666666667	0.47733333333333333	0.5006666666666667	0.4593333333333333	0.41933333333333334	0.42333333333333334	0.424	0.39	0.3586666666666667	0.3566666666666667	0.33266666666666667	0.334	0.3253333333333333	0.31066666666666665	0.2866666666666667	0.302	0.274	0.236	0.25866666666666666	0.22533333333333333	0.206	0.19333333333333333	0.21333333333333335	0.2	0.15933333333333333	0.16666666666666666	0.15533333333333332	0.128	0.128	0.12666666666666668	0.11133333333333334	0.11066666666666666	0.11933333333333333	0.11066666666666666	0.09266666666666666	0.07866666666666666	0.082	0.08133333333333333	0.07866666666666666	0.06333333333333334	0.06933333333333333	0.05533333333333333	0.05266666666666667	0.05533333333333333	0.05266666666666667	0.04	0.032	0.030666666666666665	0.03333333333333333	0.03	0.03266666666666666	0.029333333333333333	0.03333333333333333	0.020666666666666667	0.025333333333333333	0.018	0.016	0.014	0.021333333333333333	0.010666666666666666	0.011333333333333334	0.008666666666666666	0.012666666666666666	0.012	0.01	0.011333333333333334	0.006666666666666667	0.005333333333333333	0.004	0.006666666666666667	0.005333333333333333	0.004	
1.1313333333333333	1.08	1.012	1.0346666666666666	0.994	0.9793333333333333	0.9533333333333334	0.9286666666666666	0.884	0.8286666666666667	0.8506666666666667	0.794	0.8013333333333333	0.7366666666666667	0.7873333333333333	0.696	0.6993333333333334	0.65	0.682	0.6646666666666666	0.652	0.5993333333333334	0.6133333333333333	0.598	0.5546666666666666	0.5206666666666667	0.53	0.518	0.47533333333333333	0.4493333333333333	0.4653333333333333	0.42933333333333334	0.42	0.408	0.38866666666666666	0.36933333333333335	0.37533333333333335	0.3606666666666667	0.3233333333333333	0.3413333333333333	0.28933333333333333	0.30466666666666664	0.2713333333333333	0.266	0.262	0.25933333333333336	0.22133333333333333	0.21266666666666667	0.22533333333333333	0.21666666666666667	0.19133333333333333	0.17133333333333334	0.152	0.18533333333333332	0.13666666666666666	0.14066666666666666	0.12933333333333333	0.10933333333333334	0.11266666666666666	0.11333333333333333	0.108	0.092	0.09066666666666667	0.084	0.086	0.08066666666666666	0.08066666666666666	0.052	0.056666666666666664	0.05733333333333333	0.04066666666666666	0.04733333333333333	0.04466666666666667	0.034666666666666665	0.042	0.03333333333333333	0.028666666666666667	0.030666666666666665	0.025333333333333333	0.028	0.028666666666666667	0.020666666666666667	0.019333333333333334	0.024666666666666667	0.02266666666666667	0.017333333333333333	0.014666666666666666	0.012	0.015333333333333332	0.011333333333333334	0.018	0.009333333333333334	0.008666666666666666	0.01	0.006	0.0033333333333333335	0.007333333333333333	0.0033333333333333335	0.0026666666666666666	
1.08	1.1473333333333333	1.0506666666666666	1.036	0.9693333333333334	0.9873333333333333	0.914	0.94	0.878	0.8793333333333333	0.856	0.8066666666666666	0.8206666666666667	0.7793333333333333	0.7593333333333333	0.6893333333333334	0.7286666666666667	0.6946666666666667	0.678	0.694	0.6706666666666666	0.6373333333333333	0.5946666666666667	0.6093333333333333	0.5353333333333333	0.5393333333333333	0.5333333333333333	0.49133333333333334	0.48333333333333334	0.4746666666666667	0.45866666666666667	0.4186666666666667	0.3993333333333333	0.3913333333333333	0.38666666666666666	0.36866666666666664	0.3506666666666667	0.362	0.33266666666666667	0.314	0.316	0.30933333333333335	0.2753333333333333	0.2633333333333333	0.25733333333333336	0.24533333333333332	0.24	0.25066666666666665	0.20666666666666667	0.21	0.17466666666666666	0.16733333333333333	0.17733333333333334	0.162	0.15466666666666667	0.14133333333333334	0.11733333333333333	0.12333333333333334	0.11666666666666667	0.09533333333333334	0.10666666666666667	0.082	0.08733333333333333	0.07733333333333334	0.07333333333333333	0.07133333333333333	0.07	0.05733333333333333	0.050666666666666665	0.06	0.05266666666666667	0.05333333333333334	0.050666666666666665	0.035333333333333335	0.03666666666666667	0.03666666666666667	0.03	0.030666666666666665	0.03	0.024666666666666667	0.02266666666666667	0.024	0.016	0.016666666666666666	0.013333333333333334	0.014	0.014666666666666666	0.014666666666666666	0.008	0.015333333333333332	0.01	0.007333333333333333	0.010666666666666666	0.007333333333333333	0.008	0.005333333333333333	0.004	0.002	0.004	
1.088	1.1093333333333333	1.038	1.022	0.964	0.946	0.9666666666666667	0.8686666666666667	0.9206666666666666	0.8426666666666667	0.8466666666666667	0.8226666666666667	0.7806666666666666	0.79	0.7453333333333333	0.734	0.708	0.6766666666666666	0.6886666666666666	0.6173333333333333	0.652	0.6226666666666667	0.5613333333333334	0.5786666666666667	0.5573333333333333	0.556	0.5153333333333333	0.506	0.476	0.464	0.4533333333333333	0.436	0.4073333333333333	0.4126666666666667	0.39266666666666666	0.37133333333333335	0.36333333333333334	0.35533333333333333	0.35533333333333333	0.318	0.2986666666666667	0.332	0.2966666666666667	0.25133333333333335	0.24	0.25266666666666665	0.224	0.22533333333333333	0.21333333333333335	0.17866666666666667	0.18266666666666667	0.17666666666666667	0.14666666666666667	0.146	0.142	0.11733333333333333	0.13533333333333333	0.128	0.118	0.09133333333333334	0.11333333333333333	0.09466666666666666	0.09133333333333334	0.08466666666666667	0.082	0.08	0.062	0.056666666666666664	0.058	0.04666666666666667	0.06066666666666667	0.048666666666666664	0.038	0.04466666666666667	0.038	0.030666666666666665	0.02266666666666667	0.027333333333333334	0.024	0.026	0.024666666666666667	0.017333333333333333	0.022	0.016	0.013333333333333334	0.012666666666666666	0.008	0.011333333333333334	0.012	0.012666666666666666	0.008	0.014	0.005333333333333333	0.006666666666666667	0.006666666666666667	0.006	0.0026666666666666666	0.007333333333333333	0.004666666666666667	
1.1886666666666668	1.0366666666666666	1.028	1.0913333333333333	0.998	0.9573333333333334	0.95	0.9213333333333333	0.8813333333333333	0.844	0.9013333333333333	0.814	0.8006666666666666	0.7366666666666667	0.756	0.7393333333333333	0.718	0.7006666666666667	0.7086666666666667	0.648	0.6113333333333333	0.5906666666666667	0.612	0.566	0.5286666666666666	0.518	0.5066666666666667	0.474	0.452	0.49	0.4693333333333333	0.422	0.43	0.43733333333333335	0.37866666666666665	0.37933333333333336	0.378	0.3526666666666667	0.33666666666666667	0.318	0.30333333333333334	0.312	0.2753333333333333	0.26866666666666666	0.258	0.228	0.244	0.23333333333333334	0.19666666666666666	0.19866666666666666	0.20133333333333334	0.17733333333333334	0.17733333333333334	0.14	0.16133333333333333	0.14933333333333335	0.114	0.11466666666666667	0.12933333333333333	0.09333333333333334	0.11266666666666666	0.098	0.09	0.084	0.06733333333333333	0.07066666666666667	0.056666666666666664	0.058666666666666666	0.05733333333333333	0.059333333333333335	0.059333333333333335	0.04733333333333333	0.035333333333333335	0.044	0.04466666666666667	0.042666666666666665	0.037333333333333336	0.02666666666666667	0.034	0.027333333333333334	0.024666666666666667	0.021333333333333333	0.02666666666666667	0.022	0.019333333333333334	0.008666666666666666	0.016	0.014	0.01	0.005333333333333333	0.007333333333333333	0.005333333333333333	0.006	0.008666666666666666	0.007333333333333333	0.005333333333333333	0.007333333333333333	0.005333333333333333	0.0026666666666666666	
1.086	1.0626666666666666	1.014	1.0433333333333332	1.002	0.9586666666666667	0.95	0.89	0.8753333333333333	0.862	0.832	0.7966666666666666	0.77	0.784	0.7786666666666666	0.6966666666666667	0.724	0.6946666666666667	0.6513333333333333	0.6346666666666667	0.6353333333333333	0.6386666666666667	0.612	0.5753333333333334	0.5326666666666666	0.5266666666666666	0.5173333333333333	0.526	0.456	0.4673333333333333	0.438	0.42	0.468	0.404	0.38533333333333336	0.358	0.38	0.36533333333333334	0.32	0.31	0.296	0.30666666666666664	0.2773333333333333	0.282	0.26866666666666666	0.228	0.246	0.24533333333333332	0.20066666666666666	0.188	0.18866666666666668	0.19333333333333333	0.16866666666666666	0.14666666666666667	0.12666666666666668	0.138	0.13066666666666665	0.11666666666666667	0.102	0.10066666666666667	0.08533333333333333	0.08866666666666667	0.078	0.084	0.08533333333333333	0.076	0.07	0.07666666666666666	0.066	0.05266666666666667	0.04466666666666667	0.046	0.04733333333333333	0.038	0.04133333333333333	0.043333333333333335	0.03133333333333333	0.02666666666666667	0.029333333333333333	0.022	0.028	0.02266666666666667	0.02	0.018	0.018666666666666668	0.013333333333333334	0.018	0.016	0.008666666666666666	0.012	0.008	0.005333333333333333	0.006	0.004	0.004666666666666667	0.006	0.004	0.0013333333333333333	0.002	
1.0926666666666667	1.0793333333333333	1.0473333333333332	1.016	0.9746666666666667	0.9466666666666667	0.9366666666666666	0.9033333333333333	0.8973333333333333	0.838	0.8373333333333334	0.7586666666666667	0.7626666666666667	0.752	0.756	0.7246666666666667	0.7393333333333333	0.6746666666666666	0.6866666666666666	0.6506666666666666	0.6453333333333333	0.6146666666666667	0.5893333333333334	0.5533333333333333	0.57	0.5266666666666666	0.5173333333333333	0.476	0.5226666666666666	0.47933333333333333	0.43866666666666665	0.4573333333333333	0.4033333333333333	0.4266666666666667	0.406	0.3913333333333333	0.354	0.33266666666666667	0.3333333333333333	0.318	0.2926666666666667	0.302	0.2786666666666667	0.25866666666666666	0.24666666666666667	0.24533333333333332	0.24	0.20733333333333334	0.206	0.20733333333333334	0.196	0.16666666666666666	0.19133333333333333	0.15133333333333332	0.13133333333333333	0.11733333333333333	0.11733333333333333	0.122	0.10133333333333333	0.10666666666666667	0.11	0.08866666666666667	0.09733333333333333	0.06533333333333333	0.08666666666666667	0.07266666666666667	0.06733333333333333	0.064	0.05266666666666667	0.058	0.052	0.042666666666666665	0.048	0.04	0.03933333333333333	0.037333333333333336	0.028	0.030666666666666665	0.020666666666666667	0.022	0.026	0.020666666666666667	0.013333333333333334	0.023333333333333334	0.013333333333333334	0.016	0.010666666666666666	0.014	0.011333333333333334	0.010666666666666666	0.007333333333333333	0.007333333333333333	0.007333333333333333	0.004666666666666667	0.006	0.005333333333333333	0.005333333333333333	0.005333333333333333	0.0033333333333333335	
1.0966666666666667	1.0806666666666667	0.9966666666666667	0.9826666666666667	1.0146666666666666	0.9633333333333334	0.872	0.9326666666666666	0.8706666666666667	0.8753333333333333	0.8826666666666667	0.828	0.84	0.748	0.7533333333333333	0.7246666666666667	0.7326666666666667	0.6733333333333333	0.6386666666666667	0.604	0.6213333333333333	0.5913333333333334	0.586	0.5566666666666666	0.588	0.5153333333333333	0.534	0.5126666666666667	0.528	0.44666666666666666	0.462	0.44466666666666665	0.4093333333333333	0.424	0.402	0.392	0.36466666666666664	0.3413333333333333	0.34933333333333333	0.3373333333333333	0.31666666666666665	0.298	0.24933333333333332	0.284	0.22933333333333333	0.24066666666666667	0.24066666666666667	0.22866666666666666	0.20466666666666666	0.206	0.16133333333333333	0.18733333333333332	0.15666666666666668	0.13066666666666665	0.134	0.13666666666666666	0.13866666666666666	0.11866666666666667	0.10133333333333333	0.10066666666666667	0.09	0.08733333333333333	0.08	0.08333333333333333	0.07133333333333333	0.06866666666666667	0.06466666666666666	0.06666666666666667	0.062	0.052	0.034666666666666665	0.05533333333333333	0.04466666666666667	0.04666666666666667	0.042666666666666665	0.036	0.042	0.030666666666666665	0.026	0.021333333333333333	0.026	0.017333333333333333	0.019333333333333334	0.024	0.018	0.018666666666666668	0.018666666666666668	0.014	0.011333333333333334	0.009333333333333334	0.012666666666666666	0.01	0.006	0.0033333333333333335	0.006666666666666667	0.005333333333333333	0.007333333333333333	0.005333333333333333	0.0026666666666666666	
1.114	1.0153333333333334	1.0933333333333333	0.9813333333333333	1.0113333333333334	0.9746666666666667	0.9486666666666667	0.8813333333333333	0.9113333333333333	0.8793333333333333	0.858	0.8306666666666667	0.844	0.7593333333333333	0.754	0.724	0.724	0.6786666666666666	0.6766666666666666	0.588	0.6253333333333333	0.556	0.5786666666666667	0.5593333333333333	0.5693333333333334	0.5673333333333334	0.5153333333333333	0.49933333333333335	0.478	0.4646666666666667	0.4493333333333333	0.438	0.4106666666666667	0.4146666666666667	0.4073333333333333	0.394	0.348	0.3473333333333333	0.3353333333333333	0.316	0.302	0.28	0.27	0.27066666666666667	0.2613333333333333	0.23533333333333334	0.23133333333333334	0.224	0.224	0.18266666666666667	0.2	0.17533333333333334	0.15666666666666668	0.13866666666666666	0.13866666666666666	0.15066666666666667	0.12466666666666666	0.11466666666666667	0.11	0.11	0.106	0.08333333333333333	0.08266666666666667	0.08	0.07933333333333334	0.07266666666666667	0.06533333333333333	0.06733333333333333	0.058666666666666666	0.043333333333333335	0.050666666666666665	0.03666666666666667	0.048	0.037333333333333336	0.046	0.03266666666666666	0.037333333333333336	0.024	0.027333333333333334	0.018	0.027333333333333334	0.02666666666666667	0.018	0.024666666666666667	0.016666666666666666	0.018	0.012666666666666666	0.022	0.014	0.013333333333333334	0.008	0.014666666666666666	0.005333333333333333	0.005333333333333333	0.005333333333333333	0.01	0.004666666666666667	0.004666666666666667	0.005333333333333333	
1.1346666666666667	1.124	0.992	0.9946666666666667	0.9826666666666667	0.99	0.8986666666666666	0.8806666666666667	0.898	0.8693333333333333	0.8053333333333333	0.8186666666666667	0.812	0.756	0.782	0.728	0.6913333333333334	0.6913333333333334	0.6866666666666666	0.6346666666666667	0.6853333333333333	0.6006666666666667	0.586	0.5493333333333333	0.572	0.534	0.516	0.51	0.504	0.448	0.4533333333333333	0.44533333333333336	0.4093333333333333	0.41333333333333333	0.3973333333333333	0.36466666666666664	0.37333333333333335	0.3626666666666667	0.332	0.33466666666666667	0.30666666666666664	0.302	0.288	0.26866666666666666	0.24466666666666667	0.25	0.23866666666666667	0.208	0.22333333333333333	0.18666666666666668	0.19666666666666666	0.16733333333333333	0.16466666666666666	0.14666666666666667	0.16333333333333333	0.15133333333333332	0.13066666666666665	0.12133333333333333	0.11266666666666666	0.10333333333333333	0.088	0.08133333333333333	0.09666666666666666	0.09	0.076	0.07133333333333333	0.06266666666666666	0.06133333333333333	0.06	0.050666666666666665	0.04533333333333334	0.050666666666666665	0.043333333333333335	0.035333333333333335	0.037333333333333336	0.038	0.03666666666666667	0.027333333333333334	0.030666666666666665	0.018	0.028666666666666667	0.02266666666666667	0.020666666666666667	0.013333333333333334	0.016666666666666666	0.015333333333333332	0.016	0.02	0.008666666666666666	0.008666666666666666	0.011333333333333334	0.007333333333333333	0.01	0.0026666666666666666	0.006	0.004	0.002	0.0033333333333333335	0.0033333333333333335	
1.082	1.084	1.0093333333333334	1.0333333333333334	0.9666666666666667	0.9746666666666667	0.926	0.9633333333333334	0.918	0.8273333333333334	0.8493333333333334	0.8106666666666666	0.7806666666666666	0.7273333333333334	0.7633333333333333	0.7466666666666667	0.6946666666666667	0.6773333333333333	0.6713333333333333	0.6433333333333333	0.6266666666666667	0.6093333333333333	0.5806666666666667	0.5773333333333334	0.5713333333333334	0.5433333333333333	0.4886666666666667	0.4846666666666667	0.4693333333333333	0.4553333333333333	0.46266666666666667	0.42733333333333334	0.4066666666666667	0.4066666666666667	0.38666666666666666	0.37333333333333335	0.368	0.35333333333333333	0.318	0.31733333333333336	0.298	0.3273333333333333	0.2806666666666667	0.28733333333333333	0.25	0.24333333333333335	0.238	0.22066666666666668	0.194	0.19133333333333333	0.18466666666666667	0.18866666666666668	0.166	0.17333333333333334	0.15	0.156	0.14133333333333334	0.11333333333333333	0.12533333333333332	0.10733333333333334	0.10133333333333333	0.09266666666666666	0.106	0.076	0.068	0.078	0.06266666666666666	0.06666666666666667	0.05533333333333333	0.05733333333333333	0.043333333333333335	0.048666666666666664	0.048666666666666664	0.04733333333333333	0.030666666666666665	0.02266666666666667	0.04	0.024666666666666667	0.029333333333333333	0.02666666666666667	0.025333333333333333	0.03266666666666666	0.015333333333333332	0.022	0.018666666666666668	0.014666666666666666	0.014666666666666666	0.012	0.016666666666666666	0.012	0.01	0.0033333333333333335	0.006666666666666667	0.006	0.0033333333333333335	0.004666666666666667	0.009333333333333334	0.0033333333333333335	0.006666666666666667	
1.0906666666666667	1.0546666666666666	1.0206666666666666	1.0006666666666666	0.9526666666666667	0.9666666666666667	0.9613333333333334	0.9393333333333334	0.876	0.866	0.8353333333333334	0.802	0.7806666666666666	0.7553333333333333	0.7433333333333333	0.6886666666666666	0.7186666666666667	0.6626666666666666	0.6326666666666667	0.6446666666666667	0.6393333333333333	0.586	0.6	0.5513333333333333	0.5526666666666666	0.5473333333333333	0.472	0.48533333333333334	0.464	0.49666666666666665	0.428	0.45466666666666666	0.4593333333333333	0.41	0.3973333333333333	0.392	0.3606666666666667	0.348	0.32066666666666666	0.32866666666666666	0.2833333333333333	0.30466666666666664	0.27066666666666667	0.26666666666666666	0.23733333333333334	0.24266666666666667	0.23333333333333334	0.21533333333333332	0.216	0.20133333333333334	0.20666666666666667	0.17733333333333334	0.15466666666666667	0.166	0.146	0.14066666666666666	0.138	0.11933333333333333	0.12	0.086	0.10533333333333333	0.096	0.078	0.08	0.07666666666666666	0.07	0.07266666666666667	0.078	0.056666666666666664	0.064	0.058666666666666666	0.05266666666666667	0.042	0.03866666666666667	0.035333333333333335	0.030666666666666665	0.026	0.034666666666666665	0.025333333333333333	0.022	0.024666666666666667	0.020666666666666667	0.02266666666666667	0.016	0.019333333333333334	0.014	0.015333333333333332	0.013333333333333334	0.014666666666666666	0.012666666666666666	0.007333333333333333	0.01	0.008666666666666666	0.004666666666666667	0.006	0.005333333333333333	0.006666666666666667	0.005333333333333333	0.0026666666666666666	
1.12	1.0453333333333332	0.978	1.002	0.9493333333333334	0.9433333333333334	0.884	0.898	0.886	0.8593333333333333	0.8313333333333334	0.82	0.798	0.78	0.7666666666666667	0.7193333333333334	0.648	0.694	0.6833333333333333	0.6726666666666666	0.6026666666666667	0.6206666666666667	0.5933333333333334	0.5666666666666667	0.552	0.5613333333333334	0.51	0.49933333333333335	0.4713333333333333	0.464	0.46266666666666667	0.4746666666666667	0.446	0.42733333333333334	0.37533333333333335	0.392	0.36133333333333334	0.366	0.31733333333333336	0.3446666666666667	0.29933333333333334	0.31266666666666665	0.2733333333333333	0.27466666666666667	0.22666666666666666	0.24466666666666667	0.20866666666666667	0.226	0.216	0.206	0.188	0.16666666666666666	0.15266666666666667	0.16933333333333334	0.17266666666666666	0.136	0.144	0.11466666666666667	0.11266666666666666	0.10533333333333333	0.09466666666666666	0.086	0.096	0.08	0.07733333333333334	0.059333333333333335	0.06333333333333334	0.05733333333333333	0.058666666666666666	0.058666666666666666	0.052	0.054	0.03933333333333333	0.04066666666666666	0.044	0.028	0.032	0.037333333333333336	0.035333333333333335	0.024666666666666667	0.028	0.014666666666666666	0.024	0.014666666666666666	0.01	0.018666666666666668	0.015333333333333332	0.016666666666666666	0.013333333333333334	0.01	0.008	0.010666666666666666	0.008666666666666666	0.004666666666666667	0.004	0.0033333333333333335	0.002	0.004	0.004	
1.1033333333333333	1.076	1.028	1.03	0.968	0.9726666666666667	0.9706666666666667	0.9233333333333333	0.882	0.8533333333333334	0.8586666666666667	0.7886666666666666	0.7393333333333333	0.7786666666666666	0.7466666666666667	0.752	0.734	0.7013333333333334	0.6433333333333333	0.6433333333333333	0.5833333333333334	0.5986666666666667	0.5953333333333334	0.5573333333333333	0.5393333333333333	0.5166666666666667	0.496	0.5066666666666667	0.4886666666666667	0.4786666666666667	0.4713333333333333	0.4593333333333333	0.40066666666666667	0.394	0.398	0.42	0.35933333333333334	0.364	0.3466666666666667	0.32666666666666666	0.30533333333333335	0.2886666666666667	0.274	0.2753333333333333	0.25466666666666665	0.26	0.232	0.21866666666666668	0.20733333333333334	0.194	0.176	0.17533333333333334	0.17533333333333334	0.15666666666666668	0.134	0.13933333333333334	0.12266666666666666	0.12266666666666666	0.114	0.10866666666666666	0.116	0.09066666666666667	0.088	0.08066666666666666	0.06666666666666667	0.06066666666666667	0.06666666666666667	0.054	0.06133333333333333	0.06	0.056666666666666664	0.05466666666666667	0.05	0.03266666666666666	0.03866666666666667	0.04	0.036	0.027333333333333334	0.024	0.03333333333333333	0.028	0.018666666666666668	0.019333333333333334	0.023333333333333334	0.017333333333333333	0.016666666666666666	0.011333333333333334	0.01	0.010666666666666666	0.013333333333333334	0.006666666666666667	0.008	0.008666666666666666	0.006	0.008666666666666666	0.002	0.004666666666666667	0.008666666666666666	0.004	
1.0286666666666666	1.0526666666666666	1.0393333333333334	1.002	0.9793333333333333	0.9673333333333334	0.9233333333333333	0.8913333333333333	0.898	0.872	0.8266666666666667	0.8253333333333334	0.7906666666666666	0.718	0.754	0.728	0.6713333333333333	0.7146666666666667	0.6946666666666667	0.6386666666666667	0.624	0.5706666666666667	0.5913333333333334	0.5633333333333334	0.546	0.5153333333333333	0.546	0.5053333333333333	0.498	0.47533333333333333	0.452	0.47333333333333333	0.406	0.432	0.36733333333333335	0.39466666666666667	0.37266666666666665	0.32866666666666666	0.31933333333333336	0.302	0.2806666666666667	0.284	0.2793333333333333	0.2786666666666667	0.24733333333333332	0.23133333333333334	0.23	0.23266666666666666	0.19866666666666666	0.186	0.17733333333333334	0.192	0.16866666666666666	0.158	0.14266666666666666	0.14066666666666666	0.12266666666666666	0.12333333333333334	0.124	0.11733333333333333	0.11	0.096	0.098	0.09133333333333334	0.08466666666666667	0.06933333333333333	0.06933333333333333	0.06133333333333333	0.048	0.05733333333333333	0.06533333333333333	0.04533333333333334	0.037333333333333336	0.04533333333333334	0.03333333333333333	0.04	0.03933333333333333	0.026	0.034	0.025333333333333333	0.028	0.021333333333333333	0.017333333333333333	0.015333333333333332	0.021333333333333333	0.014	0.009333333333333334	0.016	0.012666666666666666	0.012	0.010666666666666666	0.007333333333333333	0.006	0.007333333333333333	0.006	0.006	0.004	0.0033333333333333335	0.002	
1.1206666666666667	1.108	1.006	0.9893333333333333	0.9966666666666667	0.976	0.94	0.8986666666666666	0.9066666666666666	0.858	0.776	0.8173333333333334	0.804	0.7633333333333333	0.7926666666666666	0.7026666666666667	0.6926666666666667	0.674	0.6486666666666666	0.662	0.628	0.6233333333333333	0.572	0.5486666666666666	0.5606666666666666	0.494	0.5006666666666667	0.478	0.508	0.4806666666666667	0.4613333333333333	0.452	0.41133333333333333	0.38866666666666666	0.3913333333333333	0.364	0.35333333333333333	0.35333333333333333	0.3006666666666667	0.3253333333333333	0.30533333333333335	0.2906666666666667	0.306	0.2693333333333333	0.218	0.252	0.21866666666666668	0.226	0.21	0.18933333333333333	0.17866666666666667	0.182	0.16	0.16066666666666668	0.14333333333333334	0.13333333333333333	0.136	0.13133333333333333	0.11066666666666666	0.098	0.10266666666666667	0.09533333333333334	0.08466666666666667	0.08333333333333333	0.07933333333333334	0.06533333333333333	0.06133333333333333	0.058666666666666666	0.06533333333333333	0.05333333333333334	0.058666666666666666	0.046	0.043333333333333335	0.03666666666666667	0.03933333333333333	0.03266666666666666	0.028666666666666667	0.02666666666666667	0.03133333333333333	0.020666666666666667	0.024666666666666667	0.02266666666666667	0.019333333333333334	0.016666666666666666	0.02	0.016666666666666666	0.012666666666666666	0.012666666666666666	0.012	0.012	0.006666666666666667	0.014666666666666666	0.007333333333333333	0.004666666666666667	0.006	0.004666666666666667	0.0033333333333333335	0.0013333333333333333	0.0026666666666666666	
1.102	1.084	1.072	1.0246666666666666	0.9973333333333333	0.9866666666666667	0.9273333333333333	0.8926666666666667	0.894	0.8593333333333333	0.8153333333333334	0.8206666666666667	0.836	0.7486666666666667	0.7133333333333334	0.7166666666666667	0.706	0.684	0.68	0.654	0.654	0.582	0.602	0.5773333333333334	0.584	0.508	0.4866666666666667	0.506	0.5053333333333333	0.4693333333333333	0.43466666666666665	0.436	0.422	0.3993333333333333	0.3893333333333333	0.356	0.37333333333333335	0.338	0.3293333333333333	0.31066666666666665	0.29	0.2966666666666667	0.2833333333333333	0.30133333333333334	0.23733333333333334	0.246	0.216	0.22866666666666666	0.18066666666666667	0.19466666666666665	0.17866666666666667	0.15733333333333333	0.17133333333333334	0.128	0.146	0.15	0.13666666666666666	0.11466666666666667	0.12	0.11333333333333333	0.10066666666666667	0.09666666666666666	0.08533333333333333	0.08	0.06933333333333333	0.06666666666666667	0.07533333333333334	0.06266666666666666	0.05266666666666667	0.066	0.05533333333333333	0.037333333333333336	0.04933333333333333	0.054	0.04	0.03933333333333333	0.035333333333333335	0.03266666666666666	0.034	0.026	0.018	0.03	0.017333333333333333	0.018666666666666668	0.018	0.010666666666666666	0.014	0.016666666666666666	0.015333333333333332	0.008	0.011333333333333334	0.008	0.006666666666666667	0.008	0.006	0.005333333333333333	0.0033333333333333335	0.004666666666666667	0.0026666666666666666	
1.1253333333333333	1.114	1.008	1.022	1.0126666666666666	0.9573333333333334	0.9293333333333333	0.9213333333333333	0.9246666666666666	0.844	0.8706666666666667	0.8253333333333334	0.82	0.7913333333333333	0.7693333333333333	0.706	0.7146666666666667	0.6713333333333333	0.6346666666666667	0.6486666666666666	0.6293333333333333	0.6026666666666667	0.5773333333333334	0.608	0.5586666666666666	0.5386666666666666	0.49933333333333335	0.47533333333333333	0.44866666666666666	0.4593333333333333	0.42533333333333334	0.43733333333333335	0.39666666666666667	0.424	0.384	0.35733333333333334	0.39	0.3526666666666667	0.336	0.3293333333333333	0.29133333333333333	0.262	0.2833333333333333	0.25866666666666666	0.25933333333333336	0.23266666666666666	0.216	0.244	0.224	0.20133333333333334	0.17066666666666666	0.176	0.138	0.14866666666666667	0.14666666666666667	0.13666666666666666	0.13133333333333333	0.12733333333333333	0.112	0.10933333333333334	0.10266666666666667	0.09333333333333334	0.09266666666666666	0.07866666666666666	0.082	0.06333333333333334	0.06933333333333333	0.062	0.05333333333333334	0.05733333333333333	0.054	0.04066666666666666	0.05266666666666667	0.043333333333333335	0.046	0.037333333333333336	0.032	0.029333333333333333	0.030666666666666665	0.018666666666666668	0.024666666666666667	0.026	0.019333333333333334	0.017333333333333333	0.018666666666666668	0.020666666666666667	0.012666666666666666	0.018	0.012	0.014666666666666666	0.007333333333333333	0.010666666666666666	0.006	0.006	0.008	0.006	0.006666666666666667	0.005333333333333333	0.0013333333333333333	
1.1233333333333333	1.0513333333333332	1.0366666666666666	1.072	0.992	0.94	0.9586666666666667	0.8646666666666667	0.8866666666666667	0.8613333333333333	0.848	0.7786666666666666	0.842	0.7886666666666666	0.78	0.724	0.7266666666666667	0.6733333333333333	0.69	0.6473333333333333	0.642	0.608	0.638	0.5873333333333334	0.5346666666666666	0.5626666666666666	0.5066666666666667	0.5006666666666667	0.5073333333333333	0.46266666666666667	0.454	0.458	0.412	0.36533333333333334	0.38466666666666666	0.37066666666666664	0.362	0.37333333333333335	0.3433333333333333	0.31533333333333335	0.29533333333333334	0.2773333333333333	0.29733333333333334	0.28733333333333333	0.2853333333333333	0.24533333333333332	0.21933333333333332	0.22266666666666668	0.19733333333333333	0.18666666666666668	0.19	0.18066666666666667	0.164	0.15066666666666667	0.12733333333333333	0.142	0.13066666666666665	0.11	0.112	0.104	0.08466666666666667	0.088	0.08866666666666667	0.07933333333333334	0.068	0.056666666666666664	0.05733333333333333	0.062	0.056666666666666664	0.05733333333333333	0.042	0.04933333333333333	0.04733333333333333	0.04133333333333333	0.035333333333333335	0.042	0.03	0.02666666666666667	0.026	0.023333333333333334	0.028	0.019333333333333334	0.019333333333333334	0.015333333333333332	0.016666666666666666	0.014666666666666666	0.007333333333333333	0.012666666666666666	0.007333333333333333	0.010666666666666666	0.01	0.007333333333333333	0.008666666666666666	0.006	0.006666666666666667	0.004	0.0033333333333333335	0.005333333333333333	0.0033333333333333335	
1.0993333333333333	1.0946666666666667	1.0273333333333334	0.972	0.9853333333333333	0.9386666666666666	0.9233333333333333	0.9106666666666666	0.9326666666666666	0.8566666666666667	0.8393333333333334	0.7853333333333333	0.7933333333333333	0.7493333333333333	0.7773333333333333	0.7086666666666667	0.764	0.64	0.7013333333333334	0.596	0.6433333333333333	0.628	0.5733333333333334	0.5593333333333333	0.58	0.5306666666666666	0.5246666666666666	0.5286666666666666	0.4693333333333333	0.43666666666666665	0.44533333333333336	0.43933333333333335	0.408	0.398	0.398	0.39066666666666666	0.368	0.3446666666666667	0.306	0.3433333333333333	0.30266666666666664	0.30133333333333334	0.264	0.27266666666666667	0.274	0.24666666666666667	0.246	0.234	0.20533333333333334	0.18533333333333332	0.17466666666666666	0.16866666666666666	0.176	0.168	0.146	0.136	0.12466666666666666	0.132	0.106	0.09533333333333334	0.10133333333333333	0.08066666666666666	0.082	0.07533333333333334	0.08666666666666667	0.06533333333333333	0.072	0.072	0.059333333333333335	0.05466666666666667	0.052	0.043333333333333335	0.052	0.042666666666666665	0.048	0.037333333333333336	0.026	0.043333333333333335	0.025333333333333333	0.023333333333333334	0.026	0.021333333333333333	0.018	0.018666666666666668	0.01	0.013333333333333334	0.014	0.015333333333333332	0.016666666666666666	0.015333333333333332	0.008	0.007333333333333333	0.004	0.008	0.008	0.005333333333333333	0.005333333333333333	0.0033333333333333335	0.0033333333333333335	
1.0753333333333333	1.084	1.028	1.0073333333333334	0.9226666666666666	0.9386666666666666	0.89	0.874	0.8786666666666667	0.868	0.8606666666666667	0.792	0.7966666666666666	0.7526666666666667	0.7566666666666667	0.7393333333333333	0.7346666666666667	0.6613333333333333	0.6913333333333334	0.6926666666666667	0.6646666666666666	0.6193333333333333	0.6086666666666667	0.5873333333333334	0.568	0.5486666666666666	0.526	0.49066666666666664	0.5106666666666667	0.4726666666666667	0.46	0.42533333333333334	0.4146666666666667	0.4166666666666667	0.406	0.362	0.3466666666666667	0.346	0.332	0.32	0.31666666666666665	0.30533333333333335	0.2673333333333333	0.29	0.238	0.24266666666666667	0.21533333333333332	0.20733333333333334	0.204	0.18066666666666667	0.178	0.154	0.15933333333333333	0.16066666666666668	0.13866666666666666	0.14533333333333334	0.13533333333333333	0.134	0.11733333333333333	0.10533333333333333	0.10066666666666667	0.082	0.09133333333333334	0.07333333333333333	0.07333333333333333	0.06533333333333333	0.08333333333333333	0.05466666666666667	0.06733333333333333	0.056	0.03933333333333333	0.037333333333333336	0.05266666666666667	0.04466666666666667	0.032	0.03933333333333333	0.03	0.024666666666666667	0.026	0.02266666666666667	0.024	0.028	0.025333333333333333	0.016	0.014666666666666666	0.015333333333333332	0.014	0.015333333333333332	0.005333333333333333	0.008	0.01	0.010666666666666666	0.008666666666666666	0.009333333333333334	0.007333333333333333	0.006666666666666667	0.006666666666666667	0.007333333333333333	0.004	
1.116	1.0773333333333333	1.048	1.0026666666666666	0.9906666666666667	0.9626666666666667	0.948	0.9213333333333333	0.85	0.848	0.8426666666666667	0.7906666666666666	0.8266666666666667	0.7586666666666667	0.7786666666666666	0.6853333333333333	0.692	0.676	0.67	0.6466666666666666	0.6593333333333333	0.6353333333333333	0.624	0.55	0.5553333333333333	0.5173333333333333	0.524	0.5013333333333333	0.4633333333333333	0.47533333333333333	0.462	0.4673333333333333	0.40066666666666667	0.38533333333333336	0.39	0.36533333333333334	0.3566666666666667	0.338	0.35133333333333333	0.3233333333333333	0.2966666666666667	0.276	0.276	0.27666666666666667	0.2773333333333333	0.26666666666666666	0.21	0.20533333333333334	0.19866666666666666	0.19666666666666666	0.17933333333333334	0.176	0.15466666666666667	0.13933333333333334	0.152	0.14333333333333334	0.13	0.11733333333333333	0.12	0.10133333333333333	0.10866666666666666	0.09466666666666666	0.10533333333333333	0.07866666666666666	0.06933333333333333	0.06866666666666667	0.058666666666666666	0.058666666666666666	0.054	0.05266666666666667	0.059333333333333335	0.04933333333333333	0.04666666666666667	0.04533333333333334	0.042666666666666665	0.030666666666666665	0.032	0.029333333333333333	0.028	0.03133333333333333	0.020666666666666667	0.024	0.020666666666666667	0.016666666666666666	0.019333333333333334	0.016	0.010666666666666666	0.012	0.011333333333333334	0.012	0.006	0.006666666666666667	0.007333333333333333	0.008666666666666666	0.006666666666666667	0.002	0.005333333333333333	0.002	0.0026666666666666666	
1.112	1.06	1.0266666666666666	1.018	0.964	0.962	0.9273333333333333	0.9146666666666666	0.8933333333333333	0.8426666666666667	0.8213333333333334	0.8033333333333333	0.7726666666666666	0.704	0.7133333333333334	0.7073333333333334	0.704	0.6493333333333333	0.624	0.6446666666666667	0.6193333333333333	0.6046666666666667	0.5953333333333334	0.5813333333333334	0.572	0.5346666666666666	0.5246666666666666	0.504	0.49866666666666665	0.48333333333333334	0.4493333333333333	0.452	0.39866666666666667	0.38266666666666665	0.37866666666666665	0.36866666666666664	0.34933333333333333	0.336	0.35533333333333333	0.32133333333333336	0.31466666666666665	0.306	0.2633333333333333	0.256	0.24066666666666667	0.22733333333333333	0.22466666666666665	0.23533333333333334	0.20333333333333334	0.192	0.17533333333333334	0.19466666666666665	0.154	0.16333333333333333	0.136	0.134	0.13133333333333333	0.12266666666666666	0.12133333333333333	0.09733333333333333	0.09133333333333334	0.09866666666666667	0.086	0.08266666666666667	0.08333333333333333	0.07266666666666667	0.07666666666666666	0.06133333333333333	0.056666666666666664	0.058	0.054	0.04066666666666666	0.04933333333333333	0.042666666666666665	0.037333333333333336	0.036	0.032	0.03266666666666666	0.028666666666666667	0.03333333333333333	0.02266666666666667	0.023333333333333334	0.02266666666666667	0.024666666666666667	0.018666666666666668	0.012	0.019333333333333334	0.012	0.01	0.019333333333333334	0.009333333333333334	0.009333333333333334	0.01	0.006666666666666667	0.0026666666666666666	0.002	0.007333333333333333	0.0033333333333333335	0.006	
1.08	1.07	1.0553333333333332	1.0453333333333332	0.9626666666666667	0.95	0.9353333333333333	0.8633333333333333	0.908	0.87	0.7933333333333333	0.776	0.7826666666666666	0.7326666666666667	0.7513333333333333	0.7193333333333334	0.7606666666666667	0.6786666666666666	0.6706666666666666	0.668	0.642	0.582	0.5866666666666667	0.5606666666666666	0.5646666666666667	0.542	0.536	0.494	0.4646666666666667	0.46066666666666667	0.4593333333333333	0.44	0.4246666666666667	0.4186666666666667	0.3933333333333333	0.38066666666666665	0.348	0.372	0.31533333333333335	0.342	0.30133333333333334	0.304	0.2733333333333333	0.2713333333333333	0.25866666666666666	0.25533333333333336	0.25666666666666665	0.22266666666666668	0.21066666666666667	0.19733333333333333	0.176	0.15933333333333333	0.15933333333333333	0.17133333333333334	0.15733333333333333	0.14066666666666666	0.12866666666666668	0.124	0.11266666666666666	0.09933333333333333	0.09266666666666666	0.09	0.09133333333333334	0.08066666666666666	0.066	0.06533333333333333	0.06533333333333333	0.07066666666666667	0.064	0.058	0.05333333333333334	0.05333333333333334	0.044	0.042666666666666665	0.04066666666666666	0.03	0.03266666666666666	0.032	0.025333333333333333	0.03	0.027333333333333334	0.026	0.018666666666666668	0.014	0.022	0.009333333333333334	0.013333333333333334	0.012	0.008	0.01	0.007333333333333333	0.006	0.009333333333333334	0.008	0.004	0.002	0.004666666666666667	0.0026666666666666666	0.005333333333333333	
1.0493333333333332	1.0946666666666667	1.0453333333333332	0.9986666666666667	0.944	0.9633333333333334	0.898	0.9113333333333333	0.8473333333333334	0.8353333333333334	0.8366666666666667	0.78	0.7826666666666666	0.7593333333333333	0.7393333333333333	0.7153333333333334	0.7126666666666667	0.6786666666666666	0.6653333333333333	0.67	0.6506666666666666	0.614	0.616	0.5906666666666667	0.5626666666666666	0.532	0.49133333333333334	0.4766666666666667	0.474	0.48133333333333334	0.4573333333333333	0.4573333333333333	0.41533333333333333	0.374	0.4206666666666667	0.3993333333333333	0.3466666666666667	0.346	0.33266666666666667	0.30133333333333334	0.31266666666666665	0.31133333333333335	0.2633333333333333	0.2793333333333333	0.2813333333333333	0.22933333333333333	0.21533333333333332	0.21133333333333335	0.18933333333333333	0.18666666666666668	0.16933333333333334	0.18266666666666667	0.158	0.16733333333333333	0.142	0.15	0.118	0.11333333333333333	0.10733333333333334	0.108	0.10733333333333334	0.09066666666666667	0.08533333333333333	0.07466666666666667	0.06933333333333333	0.066	0.06666666666666667	0.04933333333333333	0.05533333333333333	0.05733333333333333	0.050666666666666665	0.048666666666666664	0.048666666666666664	0.038	0.03266666666666666	0.03866666666666667	0.03	0.03133333333333333	0.029333333333333333	0.027333333333333334	0.018	0.025333333333333333	0.018	0.02	0.015333333333333332	0.011333333333333334	0.016	0.015333333333333332	0.01	0.012666666666666666	0.01	0.01	0.009333333333333334	0.008	0.007333333333333333	0.006	0.007333333333333333	0.007333333333333333	0.004	
1.0833333333333333	1.122	0.9646666666666667	0.994	0.9566666666666667	0.9786666666666667	0.9746666666666667	0.878	0.8626666666666667	0.8646666666666667	0.792	0.8046666666666666	0.7913333333333333	0.7706666666666667	0.778	0.7673333333333333	0.7313333333333333	0.6546666666666666	0.6593333333333333	0.6293333333333333	0.676	0.568	0.6026666666666667	0.5946666666666667	0.5306666666666666	0.5186666666666667	0.5086666666666667	0.5053333333333333	0.5113333333333333	0.4673333333333333	0.462	0.44066666666666665	0.43066666666666664	0.4	0.38866666666666666	0.362	0.348	0.3566666666666667	0.33466666666666667	0.31266666666666665	0.31666666666666665	0.298	0.2946666666666667	0.25133333333333335	0.274	0.246	0.25466666666666665	0.216	0.19866666666666666	0.19533333333333333	0.17066666666666666	0.174	0.172	0.15733333333333333	0.134	0.12333333333333334	0.13333333333333333	0.10466666666666667	0.11533333333333333	0.11466666666666667	0.102	0.1	0.08266666666666667	0.07933333333333334	0.08733333333333333	0.07866666666666666	0.06266666666666666	0.068	0.06533333333333333	0.054	0.050666666666666665	0.042666666666666665	0.048	0.044	0.042	0.04	0.035333333333333335	0.03333333333333333	0.030666666666666665	0.03	0.022	0.024	0.028	0.016666666666666666	0.014	0.013333333333333334	0.014	0.01	0.015333333333333332	0.010666666666666666	0.012	0.009333333333333334	0.0026666666666666666	0.005333333333333333	0.006666666666666667	0.005333333333333333	0.006	0.0026666666666666666	0.004666666666666667	
1.0526666666666666	1.0473333333333332	1.02	1.004	0.9846666666666667	0.9433333333333334	0.9246666666666666	0.8993333333333333	0.88	0.856	0.8326666666666667	0.8493333333333334	0.8186666666666667	0.744	0.7266666666666667	0.7346666666666667	0.6886666666666666	0.648	0.6506666666666666	0.6486666666666666	0.634	0.5886666666666667	0.58	0.568	0.4826666666666667	0.536	0.5046666666666667	0.46	0.5006666666666667	0.462	0.462	0.4226666666666667	0.41733333333333333	0.39666666666666667	0.4033333333333333	0.39066666666666666	0.368	0.358	0.348	0.31066666666666665	0.2986666666666667	0.25466666666666665	0.268	0.294	0.23066666666666666	0.24933333333333332	0.23333333333333334	0.21333333333333335	0.19933333333333333	0.194	0.184	0.16533333333333333	0.16533333333333333	0.17133333333333334	0.14533333333333334	0.13866666666666666	0.14333333333333334	0.12466666666666666	0.13066666666666665	0.114	0.10733333333333334	0.08066666666666666	0.08133333333333333	0.07866666666666666	0.07466666666666667	0.09266666666666666	0.06466666666666666	0.06333333333333334	0.06933333333333333	0.04733333333333333	0.06333333333333334	0.04466666666666667	0.042	0.04133333333333333	0.036	0.035333333333333335	0.038	0.018666666666666668	0.032	0.025333333333333333	0.022	0.02266666666666667	0.019333333333333334	0.012666666666666666	0.009333333333333334	0.016666666666666666	0.008666666666666666	0.009333333333333334	0.013333333333333334	0.012666666666666666	0.009333333333333334	0.008	0.0033333333333333335	0.006	0.004666666666666667	0.006666666666666667	0.002	0.006	0.006	
1.1066666666666667	1.102	1.014	0.9773333333333334	0.9786666666666667	0.9253333333333333	0.9113333333333333	0.8826666666666667	0.862	0.8486666666666667	0.8133333333333334	0.7866666666666666	0.836	0.7726666666666666	0.7526666666666667	0.7426666666666667	0.6906666666666667	0.6986666666666667	0.648	0.6233333333333333	0.654	0.6106666666666667	0.5733333333333334	0.5306666666666666	0.5673333333333334	0.506	0.5333333333333333	0.49266666666666664	0.4806666666666667	0.4666666666666667	0.45466666666666666	0.422	0.4053333333333333	0.42333333333333334	0.4033333333333333	0.36733333333333335	0.38266666666666665	0.354	0.33	0.31466666666666665	0.31	0.32266666666666666	0.25533333333333336	0.288	0.23733333333333334	0.262	0.22333333333333333	0.23466666666666666	0.186	0.19733333333333333	0.18133333333333335	0.168	0.15266666666666667	0.15733333333333333	0.134	0.15533333333333332	0.142	0.112	0.12266666666666666	0.10666666666666667	0.094	0.08933333333333333	0.082	0.07266666666666667	0.07466666666666667	0.07933333333333334	0.06866666666666667	0.06133333333333333	0.06066666666666667	0.05466666666666667	0.059333333333333335	0.044	0.042	0.048666666666666664	0.035333333333333335	0.038	0.034	0.044	0.030666666666666665	0.02266666666666667	0.030666666666666665	0.028	0.022	0.01	0.019333333333333334	0.015333333333333332	0.012	0.012	0.01	0.012	0.01	0.009333333333333334	0.008666666666666666	0.01	0.006666666666666667	0.006	0.002	0.0033333333333333335	0.0026666666666666666	
1.1213333333333333	1.0553333333333332	1.0026666666666666	0.9833333333333333	0.9733333333333334	0.9833333333333333	0.9026666666666666	0.866	0.8306666666666667	0.8926666666666667	0.81	0.7746666666666666	0.7546666666666667	0.75	0.776	0.7293333333333333	0.6973333333333334	0.6573333333333333	0.68	0.6533333333333333	0.61	0.588	0.5986666666666667	0.5706666666666667	0.5173333333333333	0.5786666666666667	0.5273333333333333	0.5026666666666667	0.4533333333333333	0.47	0.44	0.4493333333333333	0.4093333333333333	0.4026666666666667	0.37933333333333336	0.38533333333333336	0.35333333333333333	0.36333333333333334	0.35133333333333333	0.3526666666666667	0.30333333333333334	0.2826666666666667	0.2693333333333333	0.2826666666666667	0.254	0.20066666666666666	0.23866666666666667	0.226	0.20533333333333334	0.19066666666666668	0.16266666666666665	0.162	0.14733333333333334	0.14	0.156	0.13333333333333333	0.14133333333333334	0.12133333333333333	0.116	0.11533333333333333	0.098	0.11266666666666666	0.09066666666666667	0.07333333333333333	0.076	0.078	0.06866666666666667	0.064	0.06266666666666666	0.056	0.050666666666666665	0.03866666666666667	0.036	0.04533333333333334	0.03666666666666667	0.029333333333333333	0.03	0.03	0.032	0.027333333333333334	0.022	0.021333333333333333	0.020666666666666667	0.02	0.013333333333333334	0.014	0.014	0.008666666666666666	0.009333333333333334	0.01	0.006666666666666667	0.006666666666666667	0.006	0.009333333333333334	0.004	0.004666666666666667	0.004666666666666667	0.007333333333333333	0.0013333333333333333	
1.0566666666666666	1.0973333333333333	1.026	1.0506666666666666	0.9686666666666667	0.944	0.902	0.9093333333333333	0.844	0.88	0.82	0.792	0.792	0.7653333333333333	0.742	0.7226666666666667	0.664	0.672	0.6946666666666667	0.636	0.6213333333333333	0.5913333333333334	0.6006666666666667	0.6006666666666667	0.5193333333333333	0.5393333333333333	0.5033333333333333	0.502	0.4673333333333333	0.47733333333333333	0.43933333333333335	0.432	0.4026666666666667	0.4066666666666667	0.406	0.356	0.35	0.3393333333333333	0.35	0.3393333333333333	0.2906666666666667	0.29133333333333333	0.2846666666666667	0.2633333333333333	0.27066666666666667	0.25933333333333336	0.222	0.222	0.20133333333333334	0.19933333333333333	0.17733333333333334	0.16933333333333334	0.15333333333333332	0.15666666666666668	0.12666666666666668	0.138	0.12733333333333333	0.11466666666666667	0.122	0.11466666666666667	0.10266666666666667	0.09733333333333333	0.08333333333333333	0.08866666666666667	0.06733333333333333	0.07466666666666667	0.07266666666666667	0.05533333333333333	0.048	0.042666666666666665	0.050666666666666665	0.05466666666666667	0.048	0.03666666666666667	0.04066666666666666	0.036	0.04133333333333333	0.028666666666666667	0.026	0.020666666666666667	0.023333333333333334	0.018666666666666668	0.02	0.018	0.016666666666666666	0.014666666666666666	0.014666666666666666	0.016666666666666666	0.017333333333333333	0.01	0.004666666666666667	0.010666666666666666	0.007333333333333333	0.008666666666666666	0.004666666666666667	0.004666666666666667	0.0013333333333333333	0.005333333333333333	0.0026666666666666666	
1.102	1.058	0.986	0.9846666666666667	0.9873333333333333	0.9113333333333333	0.896	0.9246666666666666	0.8606666666666667	0.8706666666666667	0.8046666666666666	0.7713333333333333	0.7953333333333333	0.7653333333333333	0.7686666666666667	0.686	0.6746666666666666	0.6666666666666666	0.6746666666666666	0.6346666666666667	0.656	0.5646666666666667	0.5966666666666667	0.5753333333333334	0.5646666666666667	0.5473333333333333	0.5266666666666666	0.478	0.47533333333333333	0.46266666666666667	0.4513333333333333	0.414	0.3913333333333333	0.4053333333333333	0.394	0.394	0.37933333333333336	0.36466666666666664	0.3506666666666667	0.32133333333333336	0.32	0.2813333333333333	0.268	0.24666666666666667	0.23533333333333334	0.23733333333333334	0.224	0.214	0.20133333333333334	0.188	0.15666666666666668	0.17533333333333334	0.17066666666666666	0.15866666666666668	0.13333333333333333	0.13666666666666666	0.12666666666666668	0.10733333333333334	0.09933333333333333	0.116	0.10866666666666666	0.09133333333333334	0.08466666666666667	0.09066666666666667	0.076	0.07933333333333334	0.068	0.068	0.05	0.05466666666666667	0.056	0.04533333333333334	0.044	0.04066666666666666	0.038	0.04	0.024666666666666667	0.037333333333333336	0.026	0.023333333333333334	0.03133333333333333	0.016666666666666666	0.024666666666666667	0.014	0.014666666666666666	0.015333333333333332	0.013333333333333334	0.011333333333333334	0.01	0.012666666666666666	0.008	0.008666666666666666	0.008666666666666666	0.008	0.006666666666666667	0.004666666666666667	0.0033333333333333335	0.004	0.0026666666666666666	
1.104	1.0426666666666666	1.0173333333333334	1.0133333333333334	0.9333333333333333	0.9613333333333334	0.9433333333333334	0.9193333333333333	0.8906666666666667	0.856	0.8593333333333333	0.8286666666666667	0.7673333333333333	0.7646666666666667	0.762	0.7246666666666667	0.73	0.6926666666666667	0.684	0.642	0.6206666666666667	0.602	0.6133333333333333	0.5913333333333334	0.546	0.52	0.5166666666666667	0.47533333333333333	0.49733333333333335	0.49	0.47	0.4726666666666667	0.42733333333333334	0.396	0.39066666666666666	0.38466666666666666	0.362	0.3626666666666667	0.324	0.3393333333333333	0.29	0.2906666666666667	0.276	0.2633333333333333	0.22733333333333333	0.248	0.238	0.24	0.19466666666666665	0.196	0.196	0.19333333333333333	0.158	0.15133333333333332	0.13066666666666665	0.12666666666666668	0.14133333333333334	0.11533333333333333	0.108	0.10866666666666666	0.092	0.10133333333333333	0.084	0.102	0.086	0.074	0.068	0.07533333333333334	0.05	0.05466666666666667	0.042666666666666665	0.04066666666666666	0.048666666666666664	0.04133333333333333	0.043333333333333335	0.030666666666666665	0.03866666666666667	0.026	0.035333333333333335	0.020666666666666667	0.024666666666666667	0.03	0.020666666666666667	0.021333333333333333	0.018	0.013333333333333334	0.015333333333333332	0.014	0.012666666666666666	0.01	0.007333333333333333	0.009333333333333334	0.008	0.006	0.004666666666666667	0.004	0.0026666666666666666	0.0026666666666666666	0.007333333333333333	
1.0853333333333333	1.0793333333333333	0.992	0.998	0.9766666666666667	0.97	0.9066666666666666	0.9013333333333333	0.874	0.836	0.84	0.7986666666666666	0.752	0.75	0.7386666666666667	0.6986666666666667	0.712	0.666	0.6813333333333333	0.628	0.634	0.6186666666666667	0.6166666666666667	0.5433333333333333	0.574	0.518	0.5366666666666666	0.518	0.4693333333333333	0.4686666666666667	0.42933333333333334	0.41733333333333333	0.44466666666666665	0.39866666666666667	0.4026666666666667	0.3373333333333333	0.36	0.35	0.3313333333333333	0.32066666666666666	0.31466666666666665	0.2806666666666667	0.2793333333333333	0.27266666666666667	0.25066666666666665	0.256	0.22866666666666666	0.22466666666666665	0.198	0.20733333333333334	0.17666666666666667	0.18933333333333333	0.18466666666666667	0.15666666666666668	0.15	0.12133333333333333	0.132	0.11133333333333334	0.10533333333333333	0.10866666666666666	0.10133333333333333	0.09133333333333334	0.08266666666666667	0.09266666666666666	0.08066666666666666	0.06333333333333334	0.06333333333333334	0.06733333333333333	0.06066666666666667	0.042666666666666665	0.04466666666666667	0.05	0.05733333333333333	0.04133333333333333	0.04133333333333333	0.027333333333333334	0.03333333333333333	0.029333333333333333	0.02266666666666667	0.025333333333333333	0.026	0.025333333333333333	0.017333333333333333	0.018	0.010666666666666666	0.014666666666666666	0.018	0.014	0.014	0.007333333333333333	0.007333333333333333	0.007333333333333333	0.011333333333333334	0.006666666666666667	0.004666666666666667	0.006	0.004	0.0033333333333333335	0.004666666666666667	
1.0786666666666667	1.09	1.018	1.0033333333333334	0.982	0.9866666666666667	0.908	0.9113333333333333	0.8993333333333333	0.844	0.824	0.7733333333333333	0.8193333333333334	0.7266666666666667	0.708	0.7226666666666667	0.7133333333333334	0.6866666666666666	0.6573333333333333	0.632	0.6466666666666666	0.6053333333333333	0.6106666666666667	0.574	0.5053333333333333	0.526	0.5046666666666667	0.5033333333333333	0.45866666666666667	0.46	0.42733333333333334	0.466	0.396	0.38866666666666666	0.36133333333333334	0.39	0.3546666666666667	0.338	0.3406666666666667	0.324	0.31333333333333335	0.31066666666666665	0.2853333333333333	0.27466666666666667	0.256	0.25333333333333335	0.22866666666666666	0.23733333333333334	0.18933333333333333	0.192	0.18866666666666668	0.186	0.14933333333333335	0.162	0.13133333333333333	0.14133333333333334	0.13	0.13	0.11533333333333333	0.106	0.10666666666666667	0.09933333333333333	0.1	0.07066666666666667	0.088	0.066	0.06466666666666666	0.06933333333333333	0.062	0.056666666666666664	0.06333333333333334	0.046	0.050666666666666665	0.04466666666666667	0.04733333333333333	0.03866666666666667	0.03666666666666667	0.025333333333333333	0.024666666666666667	0.02266666666666667	0.03133333333333333	0.028	0.025333333333333333	0.016	0.018	0.014666666666666666	0.017333333333333333	0.016666666666666666	0.014	0.008666666666666666	0.012666666666666666	0.005333333333333333	0.009333333333333334	0.008	0.005333333333333333	0.004	0.0013333333333333333	0.0026666666666666666	0.002	
1.076	1.0573333333333332	0.9906666666666667	1.0033333333333334	0.966	0.9333333333333333	0.9266666666666666	0.9306666666666666	0.8886666666666667	0.848	0.8033333333333333	0.8106666666666666	0.7986666666666666	0.7833333333333333	0.7353333333333333	0.6933333333333334	0.7213333333333334	0.6693333333333333	0.7053333333333334	0.642	0.612	0.5753333333333334	0.5806666666666667	0.5706666666666667	0.5453333333333333	0.5486666666666666	0.528	0.49333333333333335	0.4726666666666667	0.46266666666666667	0.432	0.45666666666666667	0.436	0.39866666666666667	0.3953333333333333	0.37	0.3446666666666667	0.3453333333333333	0.31866666666666665	0.326	0.29	0.2866666666666667	0.27	0.2633333333333333	0.25333333333333335	0.24333333333333335	0.21533333333333332	0.214	0.20666666666666667	0.20733333333333334	0.178	0.17733333333333334	0.16533333333333333	0.164	0.13933333333333334	0.14133333333333334	0.12	0.11	0.11866666666666667	0.12266666666666666	0.10866666666666666	0.09533333333333334	0.10133333333333333	0.09666666666666666	0.06533333333333333	0.07333333333333333	0.06466666666666666	0.072	0.07	0.048	0.04533333333333334	0.04533333333333334	0.04	0.037333333333333336	0.032	0.03266666666666666	0.03266666666666666	0.025333333333333333	0.029333333333333333	0.02266666666666667	0.024	0.017333333333333333	0.021333333333333333	0.026	0.016666666666666666	0.013333333333333334	0.012666666666666666	0.013333333333333334	0.01	0.01	0.007333333333333333	0.008666666666666666	0.01	0.008666666666666666	0.005333333333333333	0.0033333333333333335	0.006666666666666667	0.006	0.004	
1.0953333333333333	1.0513333333333332	0.9653333333333334	1.0066666666666666	0.944	0.9653333333333334	0.914	0.874	0.8973333333333333	0.87	0.8453333333333334	0.7773333333333333	0.7773333333333333	0.7553333333333333	0.748	0.732	0.6666666666666666	0.6906666666666667	0.6806666666666666	0.6533333333333333	0.6213333333333333	0.5806666666666667	0.584	0.61	0.556	0.5046666666666667	0.5266666666666666	0.4633333333333333	0.442	0.45266666666666666	0.442	0.4673333333333333	0.41133333333333333	0.42	0.4086666666666667	0.36866666666666664	0.36333333333333334	0.3373333333333333	0.324	0.3006666666666667	0.34	0.302	0.29133333333333333	0.2673333333333333	0.24133333333333334	0.24866666666666667	0.21866666666666668	0.22533333333333333	0.19933333333333333	0.20933333333333334	0.18533333333333332	0.17933333333333334	0.15733333333333333	0.166	0.136	0.13266666666666665	0.10733333333333334	0.118	0.11	0.11666666666666667	0.102	0.09666666666666666	0.08666666666666667	0.078	0.076	0.074	0.07066666666666667	0.06866666666666667	0.062	0.04933333333333333	0.046	0.048	0.042	0.043333333333333335	0.03666666666666667	0.02666666666666667	0.030666666666666665	0.034	0.032	0.026	0.017333333333333333	0.02666666666666667	0.030666666666666665	0.022	0.014666666666666666	0.011333333333333334	0.018666666666666668	0.012666666666666666	0.016	0.010666666666666666	0.01	0.008666666666666666	0.008	0.005333333333333333	0.0033333333333333335	0.0033333333333333335	0.004	0.006	0.0026666666666666666	
1.09	1.1093333333333333	1.0166666666666666	1.0113333333333334	0.9733333333333334	0.9706666666666667	0.8986666666666666	0.9546666666666667	0.87	0.8453333333333334	0.806	0.7926666666666666	0.8066666666666666	0.73	0.7353333333333333	0.6993333333333334	0.7026666666666667	0.64	0.6713333333333333	0.6226666666666667	0.644	0.588	0.6153333333333333	0.53	0.5393333333333333	0.49533333333333335	0.5273333333333333	0.504	0.484	0.44266666666666665	0.43133333333333335	0.4073333333333333	0.458	0.4093333333333333	0.382	0.374	0.36733333333333335	0.3586666666666667	0.3313333333333333	0.31866666666666665	0.2926666666666667	0.29133333333333333	0.284	0.27	0.24733333333333332	0.25733333333333336	0.23666666666666666	0.22733333333333333	0.226	0.17733333333333334	0.18533333333333332	0.16266666666666665	0.138	0.16	0.14066666666666666	0.14466666666666667	0.13333333333333333	0.10866666666666666	0.11266666666666666	0.118	0.09466666666666666	0.08533333333333333	0.088	0.07066666666666667	0.08466666666666667	0.068	0.06933333333333333	0.062	0.05533333333333333	0.04933333333333333	0.044	0.046	0.04466666666666667	0.04466666666666667	0.03666666666666667	0.034666666666666665	0.034666666666666665	0.028	0.030666666666666665	0.02666666666666667	0.03	0.022	0.022	0.014666666666666666	0.016666666666666666	0.018666666666666668	0.011333333333333334	0.010666666666666666	0.015333333333333332	0.012	0.009333333333333334	0.006	0.006666666666666667	0.006666666666666667	0.005333333333333333	0.006	0.006	0.004	0.004666666666666667	
1.106	1.07	1.0133333333333334	0.9993333333333333	0.96	0.9226666666666666	0.9326666666666666	0.904	0.8533333333333334	0.8266666666666667	0.792	0.7773333333333333	0.7713333333333333	0.7533333333333333	0.6866666666666666	0.74	0.7106666666666667	0.6953333333333334	0.6486666666666666	0.6126666666666667	0.596	0.6066666666666667	0.5713333333333334	0.5713333333333334	0.554	0.5306666666666666	0.536	0.5053333333333333	0.48333333333333334	0.48333333333333334	0.4246666666666667	0.454	0.452	0.3973333333333333	0.388	0.37333333333333335	0.3546666666666667	0.32866666666666666	0.3433333333333333	0.31866666666666665	0.302	0.2806666666666667	0.276	0.25066666666666665	0.24066666666666667	0.238	0.23866666666666667	0.24	0.20866666666666667	0.206	0.17866666666666667	0.168	0.17533333333333334	0.17466666666666666	0.16066666666666668	0.12133333333333333	0.142	0.122	0.11533333333333333	0.10066666666666667	0.10733333333333334	0.08133333333333333	0.08333333333333333	0.07733333333333334	0.07866666666666666	0.07933333333333334	0.05733333333333333	0.059333333333333335	0.058	0.048666666666666664	0.05466666666666667	0.05466666666666667	0.052	0.043333333333333335	0.04	0.034666666666666665	0.04	0.028666666666666667	0.032	0.021333333333333333	0.024	0.019333333333333334	0.019333333333333334	0.025333333333333333	0.023333333333333334	0.014666666666666666	0.016666666666666666	0.012666666666666666	0.012666666666666666	0.007333333333333333	0.006	0.006	0.008666666666666666	0.006	0.004	0.005333333333333333	0.0033333333333333335	0.006	0.005333333333333333	
1.0813333333333333	1.0846666666666667	0.97	1.004	0.9686666666666667	0.9093333333333333	0.916	0.9166666666666666	0.9013333333333333	0.824	0.82	0.772	0.8	0.784	0.7733333333333333	0.7293333333333333	0.7073333333333334	0.7066666666666667	0.6973333333333334	0.6313333333333333	0.6346666666666667	0.588	0.5793333333333334	0.5706666666666667	0.5513333333333333	0.5253333333333333	0.5093333333333333	0.494	0.482	0.4826666666666667	0.4646666666666667	0.39266666666666666	0.462	0.3973333333333333	0.37133333333333335	0.37133333333333335	0.3486666666666667	0.318	0.31133333333333335	0.30466666666666664	0.29	0.2926666666666667	0.248	0.25266666666666665	0.252	0.25	0.21866666666666668	0.23133333333333334	0.19266666666666668	0.18333333333333332	0.18466666666666667	0.18533333333333332	0.15466666666666667	0.158	0.13733333333333334	0.12466666666666666	0.124	0.12466666666666666	0.10866666666666666	0.09933333333333333	0.09866666666666667	0.08933333333333333	0.088	0.07	0.074	0.06733333333333333	0.082	0.062	0.06333333333333334	0.05	0.04466666666666667	0.051333333333333335	0.048	0.042	0.03333333333333333	0.04533333333333334	0.034	0.027333333333333334	0.03133333333333333	0.018	0.032	0.021333333333333333	0.027333333333333334	0.023333333333333334	0.013333333333333334	0.014	0.014666666666666666	0.019333333333333334	0.012	0.006666666666666667	0.008666666666666666	0.005333333333333333	0.01	0.005333333333333333	0.004	0.006666666666666667	0.0026666666666666666	0.0013333333333333333	0.0006666666666666666	
1.056	1.1233333333333333	1.0553333333333332	0.9826666666666667	0.972	0.9326666666666666	0.8913333333333333	0.9146666666666666	0.8726666666666667	0.844	0.83	0.7606666666666667	0.8033333333333333	0.7586666666666667	0.7393333333333333	0.742	0.702	0.6686666666666666	0.6606666666666666	0.6506666666666666	0.626	0.5846666666666667	0.5646666666666667	0.5613333333333334	0.5546666666666666	0.5186666666666667	0.468	0.5106666666666667	0.5	0.44266666666666665	0.46	0.44733333333333336	0.41	0.4266666666666667	0.386	0.3873333333333333	0.34	0.33	0.3426666666666667	0.32866666666666666	0.2986666666666667	0.31	0.28	0.276	0.23866666666666667	0.23666666666666666	0.21333333333333335	0.23	0.18933333333333333	0.19	0.19066666666666668	0.16	0.15866666666666668	0.172	0.134	0.12266666666666666	0.13266666666666665	0.136	0.10866666666666666	0.11066666666666666	0.096	0.09466666666666666	0.1	0.08266666666666667	0.06533333333333333	0.076	0.066	0.056	0.05533333333333333	0.04733333333333333	0.06133333333333333	0.054	0.042666666666666665	0.036	0.04066666666666666	0.04066666666666666	0.034666666666666665	0.02666666666666667	0.026	0.024	0.03133333333333333	0.022	0.019333333333333334	0.02	0.02666666666666667	0.012666666666666666	0.012	0.010666666666666666	0.012666666666666666	0.008666666666666666	0.008	0.008666666666666666	0.007333333333333333	0.007333333333333333	0.004	0.0026666666666666666	0.005333333333333333	0.007333333333333333	0.0013333333333333333	
1.036	1.0426666666666666	1.0366666666666666	1.0126666666666666	0.9753333333333334	0.9546666666666667	0.9273333333333333	0.8766666666666667	0.876	0.872	0.848	0.8053333333333333	0.7613333333333333	0.7846666666666666	0.7206666666666667	0.752	0.7426666666666667	0.6826666666666666	0.6566666666666666	0.6273333333333333	0.6073333333333333	0.608	0.6053333333333333	0.5626666666666666	0.594	0.5113333333333333	0.52	0.5166666666666667	0.49266666666666664	0.4186666666666667	0.48733333333333334	0.4686666666666667	0.4246666666666667	0.38	0.404	0.39666666666666667	0.3293333333333333	0.3466666666666667	0.31266666666666665	0.3373333333333333	0.30933333333333335	0.30266666666666664	0.2713333333333333	0.266	0.272	0.24866666666666667	0.22	0.216	0.196	0.19333333333333333	0.196	0.188	0.13866666666666666	0.16066666666666668	0.14133333333333334	0.134	0.126	0.11733333333333333	0.10733333333333334	0.10933333333333334	0.106	0.08733333333333333	0.09066666666666667	0.074	0.06533333333333333	0.06866666666666667	0.05466666666666667	0.058	0.06733333333333333	0.051333333333333335	0.046	0.048666666666666664	0.048666666666666664	0.044	0.030666666666666665	0.030666666666666665	0.03666666666666667	0.03666666666666667	0.02666666666666667	0.020666666666666667	0.018666666666666668	0.018666666666666668	0.024666666666666667	0.02	0.021333333333333333	0.010666666666666666	0.010666666666666666	0.018666666666666668	0.014	0.009333333333333334	0.008	0.006	0.008666666666666666	0.009333333333333334	0.002	0.0026666666666666666	0.005333333333333333	0.0026666666666666666	0.006	
1.0693333333333332	1.0406666666666666	0.99	1.0053333333333334	0.954	0.9766666666666667	0.9486666666666667	0.9033333333333333	0.9013333333333333	0.83	0.884	0.8066666666666666	0.7813333333333333	0.7713333333333333	0.73	0.708	0.6606666666666666	0.682	0.672	0.6273333333333333	0.6166666666666667	0.6046666666666667	0.6013333333333334	0.5713333333333334	0.55	0.47	0.5106666666666667	0.5046666666666667	0.468	0.45066666666666666	0.43733333333333335	0.44	0.3933333333333333	0.45066666666666666	0.38533333333333336	0.39466666666666667	0.3433333333333333	0.3453333333333333	0.31	0.3233333333333333	0.29733333333333334	0.28933333333333333	0.2793333333333333	0.27066666666666667	0.238	0.23466666666666666	0.23466666666666666	0.20533333333333334	0.2	0.18733333333333332	0.19066666666666668	0.17466666666666666	0.14933333333333335	0.15666666666666668	0.13866666666666666	0.13866666666666666	0.11333333333333333	0.11933333333333333	0.102	0.11133333333333334	0.10333333333333333	0.098	0.08933333333333333	0.07666666666666666	0.074	0.068	0.06733333333333333	0.056	0.072	0.058	0.05	0.05466666666666667	0.04466666666666667	0.04533333333333334	0.037333333333333336	0.034666666666666665	0.035333333333333335	0.03266666666666666	0.02666666666666667	0.02666666666666667	0.020666666666666667	0.018666666666666668	0.022	0.016	0.024666666666666667	0.018666666666666668	0.016	0.011333333333333334	0.014	0.013333333333333334	0.01	0.005333333333333333	0.006666666666666667	0.005333333333333333	0.005333333333333333	0.008	0.005333333333333333	0.004	0.002	
1.0866666666666667	1.0646666666666667	1.032	1.0153333333333334	0.9773333333333334	0.934	0.9666666666666667	0.8746666666666667	0.9006666666666666	0.8666666666666667	0.8486666666666667	0.7606666666666667	0.7613333333333333	0.7853333333333333	0.7126666666666667	0.7126666666666667	0.714	0.6953333333333334	0.6513333333333333	0.6426666666666667	0.6126666666666667	0.572	0.582	0.5573333333333333	0.5493333333333333	0.5353333333333333	0.5106666666666667	0.512	0.49666666666666665	0.462	0.4533333333333333	0.4266666666666667	0.42933333333333334	0.4513333333333333	0.384	0.32666666666666666	0.36933333333333335	0.3413333333333333	0.30466666666666664	0.32666666666666666	0.2926666666666667	0.2833333333333333	0.272	0.2673333333333333	0.23466666666666666	0.24066666666666667	0.214	0.238	0.19533333333333333	0.196	0.178	0.178	0.15866666666666668	0.144	0.158	0.12933333333333333	0.13066666666666665	0.11133333333333334	0.11333333333333333	0.09533333333333334	0.11533333333333333	0.096	0.07133333333333333	0.07533333333333334	0.07133333333333333	0.068	0.054	0.058	0.056	0.06466666666666666	0.046	0.056	0.056666666666666664	0.03866666666666667	0.04133333333333333	0.03666666666666667	0.03266666666666666	0.038	0.028	0.034666666666666665	0.03133333333333333	0.020666666666666667	0.025333333333333333	0.017333333333333333	0.016666666666666666	0.018	0.010666666666666666	0.014	0.012	0.014666666666666666	0.012	0.009333333333333334	0.01	0.004	0.005333333333333333	0.006	0.004666666666666667	0.0033333333333333335	0.0033333333333333335	
1.0806666666666667	1.052	1.0453333333333332	0.9406666666666667	0.9593333333333334	0.9386666666666666	0.9373333333333334	0.878	0.8813333333333333	0.8553333333333333	0.8346666666666667	0.8013333333333333	0.7653333333333333	0.7286666666666667	0.7746666666666666	0.6973333333333334	0.7253333333333334	0.682	0.6706666666666666	0.6486666666666666	0.6066666666666667	0.6306666666666667	0.602	0.568	0.5193333333333333	0.5413333333333333	0.5226666666666666	0.49666666666666665	0.4673333333333333	0.4533333333333333	0.4653333333333333	0.424	0.4106666666666667	0.384	0.362	0.376	0.3446666666666667	0.3526666666666667	0.31066666666666665	0.322	0.29133333333333333	0.2806666666666667	0.28733333333333333	0.258	0.25666666666666665	0.24533333333333332	0.232	0.212	0.208	0.19266666666666668	0.19066666666666668	0.18	0.162	0.15266666666666667	0.146	0.14933333333333335	0.12733333333333333	0.10866666666666666	0.10133333333333333	0.10466666666666667	0.106	0.08666666666666667	0.1	0.074	0.086	0.066	0.058	0.06533333333333333	0.06133333333333333	0.058	0.051333333333333335	0.044	0.04066666666666666	0.037333333333333336	0.037333333333333336	0.034666666666666665	0.030666666666666665	0.027333333333333334	0.03133333333333333	0.023333333333333334	0.023333333333333334	0.012666666666666666	0.026	0.02266666666666667	0.018	0.014666666666666666	0.016666666666666666	0.014	0.006	0.009333333333333334	0.012666666666666666	0.010666666666666666	0.007333333333333333	0.004	0.005333333333333333	0.004666666666666667	0.006	0.0033333333333333335	0.005333333333333333	
1.08	1.1086666666666667	1.0186666666666666	1.0133333333333334	0.9593333333333334	0.9786666666666667	0.936	0.896	0.8533333333333334	0.8413333333333334	0.8426666666666667	0.8186666666666667	0.8053333333333333	0.7993333333333333	0.7566666666666667	0.7246666666666667	0.748	0.692	0.6493333333333333	0.6146666666666667	0.6633333333333333	0.5946666666666667	0.5606666666666666	0.5686666666666667	0.5513333333333333	0.5206666666666667	0.502	0.534	0.4653333333333333	0.484	0.458	0.446	0.44	0.43066666666666664	0.3466666666666667	0.37133333333333335	0.37733333333333335	0.362	0.32133333333333336	0.31866666666666665	0.3	0.2833333333333333	0.27666666666666667	0.24266666666666667	0.24666666666666667	0.256	0.23333333333333334	0.21333333333333335	0.18333333333333332	0.20333333333333334	0.198	0.17933333333333334	0.16	0.152	0.16066666666666668	0.128	0.13533333333333333	0.11933333333333333	0.11533333333333333	0.102	0.092	0.088	0.09266666666666666	0.08466666666666667	0.078	0.062	0.068	0.068	0.058	0.06133333333333333	0.068	0.043333333333333335	0.04733333333333333	0.042666666666666665	0.038	0.03266666666666666	0.03866666666666667	0.023333333333333334	0.025333333333333333	0.02	0.015333333333333332	0.024	0.018666666666666668	0.02	0.019333333333333334	0.01	0.012	0.01	0.010666666666666666	0.012	0.011333333333333334	0.008	0.006	0.006666666666666667	0.0026666666666666666	0.006666666666666667	0.004	0.005333333333333333	0.0026666666666666666	
1.14	1.0693333333333332	1.0413333333333334	1.0133333333333334	0.9786666666666667	0.9546666666666667	0.928	0.8973333333333333	0.894	0.8126666666666666	0.8373333333333334	0.8053333333333333	0.824	0.7926666666666666	0.758	0.6833333333333333	0.7106666666666667	0.694	0.682	0.6066666666666667	0.6306666666666667	0.59	0.592	0.5893333333333334	0.5613333333333334	0.504	0.5146666666666667	0.49733333333333335	0.4826666666666667	0.4573333333333333	0.42333333333333334	0.44466666666666665	0.43266666666666664	0.4106666666666667	0.3546666666666667	0.37866666666666665	0.3606666666666667	0.3526666666666667	0.318	0.3453333333333333	0.2853333333333333	0.2853333333333333	0.2866666666666667	0.29	0.24933333333333332	0.23	0.23333333333333334	0.21266666666666667	0.18333333333333332	0.19266666666666668	0.18533333333333332	0.168	0.16733333333333333	0.14266666666666666	0.14133333333333334	0.146	0.14733333333333334	0.13	0.108	0.11133333333333334	0.084	0.09866666666666667	0.09733333333333333	0.08066666666666666	0.08733333333333333	0.07066666666666667	0.074	0.06133333333333333	0.06666666666666667	0.05533333333333333	0.05	0.06133333333333333	0.03933333333333333	0.042666666666666665	0.043333333333333335	0.03866666666666667	0.03	0.03	0.028	0.023333333333333334	0.02266666666666667	0.020666666666666667	0.023333333333333334	0.012	0.015333333333333332	0.014	0.013333333333333334	0.009333333333333334	0.011333333333333334	0.012666666666666666	0.008666666666666666	0.004666666666666667	0.011333333333333334	0.004666666666666667	0.005333333333333333	0.004666666666666667	0.0026666666666666666	0.004666666666666667	0.0033333333333333335	
1.09	1.0766666666666667	1.034	0.9713333333333334	0.9213333333333333	0.9686666666666667	0.912	0.92	0.8906666666666667	0.878	0.8473333333333334	0.7993333333333333	0.7646666666666667	0.75	0.766	0.7153333333333334	0.6946666666666667	0.69	0.6866666666666666	0.64	0.6353333333333333	0.5913333333333334	0.57	0.5726666666666667	0.5573333333333333	0.518	0.4826666666666667	0.458	0.496	0.4706666666666667	0.44866666666666666	0.45066666666666666	0.45066666666666666	0.38666666666666666	0.4053333333333333	0.36933333333333335	0.374	0.346	0.3353333333333333	0.33466666666666667	0.2906666666666667	0.2906666666666667	0.26266666666666666	0.2713333333333333	0.268	0.25	0.228	0.20733333333333334	0.20333333333333334	0.192	0.20466666666666666	0.16533333333333333	0.16733333333333333	0.15666666666666668	0.144	0.14066666666666666	0.144	0.11133333333333334	0.11	0.104	0.10266666666666667	0.09733333333333333	0.09333333333333334	0.07666666666666666	0.08	0.06666666666666667	0.056	0.05466666666666667	0.056666666666666664	0.06	0.052	0.048666666666666664	0.04466666666666667	0.042	0.028	0.03333333333333333	0.030666666666666665	0.030666666666666665	0.034	0.034	0.026	0.017333333333333333	0.014	0.022	0.013333333333333334	0.011333333333333334	0.01	0.011333333333333334	0.008666666666666666	0.013333333333333334	0.01	0.01	0.006666666666666667	0.006	0.006	0.005333333333333333	0.004666666666666667	0.0033333333333333335	0.004	
1.102	1.076	1.01	1.0366666666666666	0.936	0.944	0.924	0.8526666666666667	0.8726666666666667	0.8593333333333333	0.8413333333333334	0.788	0.804	0.7766666666666666	0.77	0.7233333333333334	0.6973333333333334	0.694	0.6786666666666666	0.604	0.6546666666666666	0.5806666666666667	0.5726666666666667	0.5573333333333333	0.5653333333333334	0.538	0.5273333333333333	0.486	0.458	0.4726666666666667	0.464	0.44466666666666665	0.4106666666666667	0.416	0.3933333333333333	0.36666666666666664	0.36866666666666664	0.358	0.33866666666666667	0.33866666666666667	0.29733333333333334	0.2853333333333333	0.292	0.26	0.244	0.25533333333333336	0.218	0.22	0.20333333333333334	0.172	0.178	0.17733333333333334	0.17066666666666666	0.16466666666666666	0.13466666666666666	0.134	0.148	0.122	0.09866666666666667	0.10266666666666667	0.098	0.07933333333333334	0.09266666666666666	0.08333333333333333	0.07733333333333334	0.07266666666666667	0.068	0.058666666666666666	0.06	0.06066666666666667	0.04666666666666667	0.044	0.038	0.03933333333333333	0.03266666666666666	0.034666666666666665	0.034	0.028666666666666667	0.024666666666666667	0.017333333333333333	0.028666666666666667	0.022	0.014666666666666666	0.024	0.02	0.017333333333333333	0.014	0.010666666666666666	0.010666666666666666	0.010666666666666666	0.006666666666666667	0.006666666666666667	0.004	0.008666666666666666	0.004666666666666667	0.006	0.0013333333333333333	0.006	0.0033333333333333335	
1.0693333333333332	1.0646666666666667	1.0113333333333334	0.9586666666666667	0.9633333333333334	0.9226666666666666	0.9253333333333333	0.9093333333333333	0.8626666666666667	0.7973333333333333	0.8266666666666667	0.7906666666666666	0.7646666666666667	0.7626666666666667	0.7613333333333333	0.734	0.6946666666666667	0.662	0.646	0.6486666666666666	0.63	0.6113333333333333	0.6113333333333333	0.5586666666666666	0.5993333333333334	0.528	0.494	0.5473333333333333	0.464	0.43533333333333335	0.412	0.442	0.3993333333333333	0.404	0.362	0.376	0.366	0.37933333333333336	0.32866666666666666	0.3433333333333333	0.322	0.312	0.27266666666666667	0.2673333333333333	0.24666666666666667	0.242	0.22	0.222	0.19866666666666666	0.18866666666666668	0.19333333333333333	0.18	0.14466666666666667	0.15333333333333332	0.142	0.126	0.11466666666666667	0.12666666666666668	0.10666666666666667	0.104	0.09466666666666666	0.084	0.09533333333333334	0.09333333333333334	0.06733333333333333	0.062	0.056666666666666664	0.06066666666666667	0.06333333333333334	0.051333333333333335	0.054	0.03933333333333333	0.04066666666666666	0.03666666666666667	0.04	0.034666666666666665	0.04	0.03933333333333333	0.03933333333333333	0.034666666666666665	0.023333333333333334	0.02266666666666667	0.018666666666666668	0.019333333333333334	0.017333333333333333	0.018	0.016666666666666666	0.004666666666666667	0.007333333333333333	0.008666666666666666	0.009333333333333334	0.011333333333333334	0.006666666666666667	0.008	0.008666666666666666	0.008	0.004666666666666667	0.006	0.004	
1.1473333333333333	1.0886666666666667	1.0113333333333334	1.0026666666666666	0.9833333333333333	0.986	0.8733333333333333	0.8526666666666667	0.852	0.8753333333333333	0.8533333333333334	0.7973333333333333	0.8146666666666667	0.796	0.7246666666666667	0.688	0.654	0.6906666666666667	0.674	0.6546666666666666	0.632	0.5606666666666666	0.5693333333333334	0.5693333333333334	0.546	0.5246666666666666	0.5166666666666667	0.482	0.506	0.442	0.43866666666666665	0.44533333333333336	0.404	0.4146666666666667	0.37933333333333336	0.376	0.34	0.32866666666666666	0.354	0.304	0.30133333333333334	0.286	0.29133333333333333	0.29	0.24866666666666667	0.22266666666666668	0.24266666666666667	0.22	0.20466666666666666	0.20933333333333334	0.18066666666666667	0.18133333333333335	0.156	0.15666666666666668	0.136	0.132	0.134	0.122	0.112	0.10533333333333333	0.09066666666666667	0.11066666666666666	0.092	0.07066666666666667	0.076	0.06933333333333333	0.06533333333333333	0.06533333333333333	0.056666666666666664	0.064	0.06	0.046	0.04533333333333334	0.030666666666666665	0.04533333333333334	0.034666666666666665	0.030666666666666665	0.03133333333333333	0.024666666666666667	0.024	0.023333333333333334	0.018666666666666668	0.018666666666666668	0.02	0.021333333333333333	0.012	0.014	0.012666666666666666	0.016	0.008666666666666666	0.004666666666666667	0.006	0.009333333333333334	0.008666666666666666	0.0026666666666666666	0.004666666666666667	0.004	0.0033333333333333335	0.0026666666666666666	
1.0926666666666667	1.0433333333333332	1.052	1.0446666666666666	0.9306666666666666	0.9366666666666666	0.914	0.8973333333333333	0.8733333333333333	0.844	0.7873333333333333	0.806	0.742	0.7893333333333333	0.7453333333333333	0.76	0.6833333333333333	0.6633333333333333	0.664	0.616	0.6226666666666667	0.6393333333333333	0.5526666666666666	0.5726666666666667	0.5646666666666667	0.528	0.5046666666666667	0.5113333333333333	0.4666666666666667	0.438	0.4226666666666667	0.424	0.4046666666666667	0.4126666666666667	0.3473333333333333	0.37666666666666665	0.36533333333333334	0.3413333333333333	0.30133333333333334	0.3233333333333333	0.282	0.294	0.2773333333333333	0.2613333333333333	0.25466666666666665	0.23133333333333334	0.22066666666666668	0.22933333333333333	0.20666666666666667	0.18266666666666667	0.17266666666666666	0.17533333333333334	0.18533333333333332	0.158	0.13133333333333333	0.136	0.124	0.12333333333333334	0.10733333333333334	0.11133333333333334	0.09266666666666666	0.096	0.08733333333333333	0.07866666666666666	0.07466666666666667	0.08266666666666667	0.06533333333333333	0.056666666666666664	0.06333333333333334	0.051333333333333335	0.059333333333333335	0.054	0.051333333333333335	0.04066666666666666	0.038	0.042666666666666665	0.034666666666666665	0.026	0.023333333333333334	0.03133333333333333	0.017333333333333333	0.025333333333333333	0.024	0.02266666666666667	0.017333333333333333	0.016	0.017333333333333333	0.015333333333333332	0.007333333333333333	0.013333333333333334	0.008	0.006	0.006	0.006666666666666667	0.0033333333333333335	0.006	0.0033333333333333335	0.006	0.002	
1.074	1.0733333333333333	1.022	1.012	0.9806666666666667	0.974	0.9026666666666666	0.8873333333333333	0.9166666666666666	0.8386666666666667	0.824	0.7726666666666666	0.7786666666666666	0.7866666666666666	0.7426666666666667	0.7086666666666667	0.7	0.662	0.688	0.6213333333333333	0.6566666666666666	0.6046666666666667	0.566	0.562	0.552	0.534	0.498	0.5273333333333333	0.46266666666666667	0.4613333333333333	0.44	0.4266666666666667	0.408	0.4	0.36933333333333335	0.376	0.3273333333333333	0.3373333333333333	0.3313333333333333	0.308	0.2866666666666667	0.2886666666666667	0.2773333333333333	0.31	0.266	0.248	0.24333333333333335	0.21933333333333332	0.216	0.188	0.17066666666666666	0.174	0.15066666666666667	0.148	0.15133333333333332	0.13333333333333333	0.12133333333333333	0.11333333333333333	0.12533333333333332	0.102	0.072	0.10533333333333333	0.08133333333333333	0.086	0.08733333333333333	0.078	0.072	0.056	0.051333333333333335	0.05533333333333333	0.052	0.04466666666666667	0.04466666666666667	0.052	0.03666666666666667	0.034	0.04466666666666667	0.029333333333333333	0.038	0.03133333333333333	0.029333333333333333	0.012666666666666666	0.018	0.02	0.014	0.016	0.009333333333333334	0.008	0.012666666666666666	0.01	0.006666666666666667	0.009333333333333334	0.007333333333333333	0.0033333333333333335	0.006666666666666667	0.0033333333333333335	0.005333333333333333	0.0033333333333333335	0.004	
1.0666666666666667	1.102	0.996	1.0146666666666666	0.9413333333333334	0.8846666666666667	0.9326666666666666	0.9	0.8953333333333333	0.826	0.822	0.768	0.732	0.7566666666666667	0.7386666666666667	0.712	0.702	0.66	0.6473333333333333	0.6086666666666667	0.6146666666666667	0.6173333333333333	0.606	0.534	0.552	0.5373333333333333	0.49933333333333335	0.458	0.4673333333333333	0.456	0.48533333333333334	0.414	0.3953333333333333	0.38666666666666666	0.3486666666666667	0.35733333333333334	0.35133333333333333	0.3373333333333333	0.318	0.3473333333333333	0.32266666666666666	0.278	0.2653333333333333	0.2733333333333333	0.222	0.24866666666666667	0.23133333333333334	0.22666666666666666	0.21133333333333335	0.19	0.168	0.178	0.152	0.17733333333333334	0.138	0.136	0.12266666666666666	0.11133333333333334	0.12266666666666666	0.09866666666666667	0.09933333333333333	0.08	0.096	0.086	0.07266666666666667	0.07466666666666667	0.06733333333333333	0.058	0.052	0.05333333333333334	0.05266666666666667	0.05	0.044	0.03866666666666667	0.046	0.032	0.035333333333333335	0.032	0.034666666666666665	0.02666666666666667	0.017333333333333333	0.016	0.022	0.018666666666666668	0.018	0.016666666666666666	0.014	0.011333333333333334	0.009333333333333334	0.009333333333333334	0.006	0.008666666666666666	0.006666666666666667	0.008	0.004666666666666667	0.008	0.004	0.002	0.0026666666666666666	
1.0486666666666666	1.076	0.9773333333333334	0.976	0.9493333333333334	0.9513333333333334	0.902	0.9106666666666666	0.8406666666666667	0.8326666666666667	0.8306666666666667	0.788	0.8253333333333334	0.712	0.7353333333333333	0.7593333333333333	0.7093333333333334	0.6693333333333333	0.6606666666666666	0.6266666666666667	0.6333333333333333	0.5793333333333334	0.61	0.5526666666666666	0.5473333333333333	0.49666666666666665	0.5053333333333333	0.49666666666666665	0.462	0.462	0.47533333333333333	0.4126666666666667	0.4266666666666667	0.42733333333333334	0.39066666666666666	0.398	0.34933333333333333	0.3546666666666667	0.31466666666666665	0.30866666666666664	0.328	0.29333333333333333	0.26266666666666666	0.27066666666666667	0.24066666666666667	0.22333333333333333	0.22866666666666666	0.21133333333333335	0.21	0.19666666666666666	0.176	0.158	0.16333333333333333	0.14866666666666667	0.136	0.14	0.13133333333333333	0.12333333333333334	0.10866666666666666	0.10533333333333333	0.106	0.08466666666666667	0.086	0.08	0.07133333333333333	0.07266666666666667	0.07666666666666666	0.058666666666666666	0.06733333333333333	0.054	0.052	0.04733333333333333	0.036	0.046	0.03266666666666666	0.036	0.034	0.036	0.023333333333333334	0.020666666666666667	0.023333333333333334	0.019333333333333334	0.024	0.023333333333333334	0.02	0.02	0.013333333333333334	0.014	0.008	0.012666666666666666	0.010666666666666666	0.012666666666666666	0.006666666666666667	0.0033333333333333335	0.0033333333333333335	0.006	0.006	0.004	0.004	
1.1366666666666667	1.08	0.9846666666666667	1.0026666666666666	0.94	0.9473333333333334	0.9213333333333333	0.8553333333333333	0.8533333333333334	0.8473333333333334	0.8333333333333334	0.8213333333333334	0.7893333333333333	0.7546666666666667	0.7246666666666667	0.7493333333333333	0.6893333333333334	0.6773333333333333	0.648	0.6553333333333333	0.6326666666666667	0.6053333333333333	0.5793333333333334	0.5566666666666666	0.5366666666666666	0.5213333333333333	0.5206666666666667	0.49866666666666665	0.4653333333333333	0.45866666666666667	0.45066666666666666	0.42866666666666664	0.388	0.41333333333333333	0.372	0.37333333333333335	0.37933333333333336	0.316	0.352	0.2966666666666667	0.31466666666666665	0.278	0.2693333333333333	0.268	0.24933333333333332	0.236	0.22933333333333333	0.22866666666666666	0.22333333333333333	0.20733333333333334	0.186	0.176	0.16533333333333333	0.178	0.16	0.152	0.12866666666666668	0.122	0.124	0.088	0.09466666666666666	0.09133333333333334	0.08466666666666667	0.08666666666666667	0.07466666666666667	0.06933333333333333	0.06866666666666667	0.066	0.056	0.054	0.044	0.04933333333333333	0.04066666666666666	0.04133333333333333	0.044	0.037333333333333336	0.04	0.024	0.02666666666666667	0.034	0.029333333333333333	0.022	0.02266666666666667	0.009333333333333334	0.015333333333333332	0.014666666666666666	0.021333333333333333	0.011333333333333334	0.010666666666666666	0.01	0.007333333333333333	0.005333333333333333	0.004666666666666667	0.006666666666666667	0.006	0.005333333333333333	0.004	0.006666666666666667	0.0026666666666666666	
1.0533333333333332	1.0273333333333334	0.998	0.9946666666666667	0.944	0.9086666666666666	0.892	0.918	0.8473333333333334	0.814	0.862	0.796	0.7553333333333333	0.7446666666666667	0.726	0.672	0.716	0.668	0.6653333333333333	0.6506666666666666	0.612	0.5913333333333334	0.598	0.5713333333333334	0.5226666666666666	0.5366666666666666	0.49	0.49066666666666664	0.42533333333333334	0.44533333333333336	0.4713333333333333	0.4073333333333333	0.4073333333333333	0.4066666666666667	0.378	0.398	0.368	0.38	0.3333333333333333	0.314	0.30333333333333334	0.31066666666666665	0.25933333333333336	0.25133333333333335	0.21133333333333335	0.246	0.242	0.242	0.19266666666666668	0.196	0.18533333333333332	0.15733333333333333	0.15266666666666667	0.15	0.15866666666666668	0.15066666666666667	0.136	0.11533333333333333	0.10266666666666667	0.10333333333333333	0.09733333333333333	0.08866666666666667	0.09733333333333333	0.09	0.07266666666666667	0.07933333333333334	0.07066666666666667	0.058	0.04666666666666667	0.04933333333333333	0.054	0.05	0.04466666666666667	0.04066666666666666	0.048	0.04466666666666667	0.032	0.03	0.03133333333333333	0.019333333333333334	0.021333333333333333	0.024666666666666667	0.017333333333333333	0.022	0.020666666666666667	0.020666666666666667	0.014	0.014666666666666666	0.014666666666666666	0.009333333333333334	0.008	0.008	0.006666666666666667	0.009333333333333334	0.004666666666666667	0.008666666666666666	0.007333333333333333	0.008	0.0026666666666666666	
1.106	1.0253333333333334	1.0006666666666666	0.9786666666666667	0.9386666666666666	0.9246666666666666	0.9373333333333334	0.8726666666666667	0.8733333333333333	0.846	0.8026666666666666	0.8026666666666666	0.784	0.764	0.7646666666666667	0.7033333333333334	0.7053333333333334	0.6306666666666667	0.6426666666666667	0.638	0.604	0.6133333333333333	0.576	0.5473333333333333	0.5586666666666666	0.5313333333333333	0.5153333333333333	0.4766666666666667	0.482	0.45866666666666667	0.43333333333333335	0.45666666666666667	0.41733333333333333	0.3913333333333333	0.39066666666666666	0.37866666666666665	0.3973333333333333	0.32	0.316	0.3333333333333333	0.3	0.308	0.27	0.2633333333333333	0.258	0.228	0.216	0.22133333333333333	0.20666666666666667	0.18466666666666667	0.17133333333333334	0.16733333333333333	0.164	0.148	0.14933333333333335	0.13933333333333334	0.126	0.11133333333333334	0.11266666666666666	0.09133333333333334	0.09266666666666666	0.102	0.09066666666666667	0.072	0.074	0.06066666666666667	0.064	0.06933333333333333	0.05466666666666667	0.06266666666666666	0.04466666666666667	0.04933333333333333	0.04733333333333333	0.04133333333333333	0.03866666666666667	0.036	0.028666666666666667	0.022	0.027333333333333334	0.028666666666666667	0.022	0.02266666666666667	0.024	0.025333333333333333	0.013333333333333334	0.014	0.017333333333333333	0.016	0.012	0.01	0.008	0.012	0.007333333333333333	0.007333333333333333	0.005333333333333333	0.004	0.005333333333333333	0.006666666666666667	0.0026666666666666666	
1.0753333333333333	1.068	1.0146666666666666	0.974	0.9746666666666667	0.9193333333333333	0.8693333333333333	0.894	0.8573333333333333	0.8393333333333334	0.806	0.8013333333333333	0.8046666666666666	0.76	0.7606666666666667	0.7233333333333334	0.6753333333333333	0.6993333333333334	0.6546666666666666	0.6393333333333333	0.6246666666666667	0.6133333333333333	0.5893333333333334	0.546	0.5686666666666667	0.5133333333333333	0.5633333333333334	0.5193333333333333	0.5013333333333333	0.49333333333333335	0.4513333333333333	0.42533333333333334	0.4146666666666667	0.398	0.386	0.39266666666666666	0.362	0.32666666666666666	0.30266666666666664	0.32666666666666666	0.3	0.286	0.272	0.264	0.24733333333333332	0.23133333333333334	0.23266666666666666	0.19933333333333333	0.206	0.184	0.188	0.17133333333333334	0.144	0.156	0.12666666666666668	0.11933333333333333	0.14133333333333334	0.12066666666666667	0.11066666666666666	0.10066666666666667	0.09066666666666667	0.084	0.07733333333333334	0.074	0.06733333333333333	0.07266666666666667	0.072	0.068	0.05733333333333333	0.05266666666666667	0.04533333333333334	0.04533333333333334	0.044	0.04533333333333334	0.03866666666666667	0.04666666666666667	0.03933333333333333	0.03133333333333333	0.03266666666666666	0.03	0.021333333333333333	0.022	0.017333333333333333	0.019333333333333334	0.014666666666666666	0.016666666666666666	0.016666666666666666	0.01	0.007333333333333333	0.014	0.008	0.008666666666666666	0.004	0.006	0.006	0.007333333333333333	0.004666666666666667	0.004	0.004	
1.0613333333333332	1.0333333333333334	0.9753333333333334	0.988	0.9293333333333333	0.9433333333333334	0.9513333333333334	0.9306666666666666	0.83	0.802	0.8306666666666667	0.796	0.7953333333333333	0.7533333333333333	0.7226666666666667	0.706	0.6626666666666666	0.652	0.6333333333333333	0.634	0.6333333333333333	0.5926666666666667	0.62	0.5113333333333333	0.542	0.5213333333333333	0.488	0.498	0.49466666666666664	0.45	0.43933333333333335	0.42733333333333334	0.41533333333333333	0.376	0.4013333333333333	0.3873333333333333	0.3606666666666667	0.3626666666666667	0.3293333333333333	0.32866666666666666	0.2906666666666667	0.31266666666666665	0.27066666666666667	0.2693333333333333	0.25733333333333336	0.25133333333333335	0.20933333333333334	0.212	0.19266666666666668	0.18066666666666667	0.19933333333333333	0.17	0.152	0.15	0.13466666666666666	0.13533333333333333	0.13066666666666665	0.12466666666666666	0.09466666666666666	0.11066666666666666	0.104	0.08533333333333333	0.08266666666666667	0.068	0.07266666666666667	0.06133333333333333	0.07466666666666667	0.06466666666666666	0.06333333333333334	0.051333333333333335	0.052	0.048666666666666664	0.042666666666666665	0.037333333333333336	0.035333333333333335	0.03	0.030666666666666665	0.038	0.037333333333333336	0.029333333333333333	0.014	0.021333333333333333	0.02666666666666667	0.022	0.011333333333333334	0.016	0.016	0.010666666666666666	0.012	0.013333333333333334	0.014	0.006666666666666667	0.004666666666666667	0.004666666666666667	0.006	0.005333333333333333	0.004	0.005333333333333333	0.004	
1.0453333333333332	1.0746666666666667	1.0286666666666666	0.968	0.9753333333333334	0.89	0.88	0.8766666666666667	0.8486666666666667	0.8713333333333333	0.8406666666666667	0.8306666666666667	0.7813333333333333	0.7553333333333333	0.7786666666666666	0.724	0.6926666666666667	0.6566666666666666	0.6713333333333333	0.6366666666666667	0.6146666666666667	0.58	0.556	0.5693333333333334	0.518	0.5213333333333333	0.49533333333333335	0.49333333333333335	0.46066666666666667	0.4713333333333333	0.42733333333333334	0.4166666666666667	0.438	0.4106666666666667	0.382	0.36666666666666664	0.396	0.362	0.3426666666666667	0.31666666666666665	0.2853333333333333	0.276	0.27666666666666667	0.2693333333333333	0.23866666666666667	0.22666666666666666	0.218	0.214	0.21933333333333332	0.19733333333333333	0.17533333333333334	0.194	0.15266666666666667	0.13066666666666665	0.136	0.13066666666666665	0.114	0.11133333333333334	0.09933333333333333	0.11	0.09066666666666667	0.1	0.08533333333333333	0.08733333333333333	0.08533333333333333	0.082	0.059333333333333335	0.058	0.05733333333333333	0.054	0.05466666666666667	0.043333333333333335	0.04666666666666667	0.03333333333333333	0.042	0.032	0.030666666666666665	0.03	0.028666666666666667	0.025333333333333333	0.018	0.018666666666666668	0.023333333333333334	0.014	0.014	0.010666666666666666	0.015333333333333332	0.016666666666666666	0.012	0.014	0.006666666666666667	0.008	0.008666666666666666	0.006666666666666667	0.008666666666666666	0.004	0.004666666666666667	0.008666666666666666	0.0013333333333333333	
1.0753333333333333	1.0466666666666666	1.048	0.972	0.936	0.928	0.9146666666666666	0.9	0.8866666666666667	0.8213333333333334	0.8646666666666667	0.786	0.7993333333333333	0.7466666666666667	0.788	0.672	0.6933333333333334	0.712	0.67	0.6293333333333333	0.634	0.6053333333333333	0.5873333333333334	0.5626666666666666	0.538	0.5266666666666666	0.5133333333333333	0.5166666666666667	0.5006666666666667	0.4513333333333333	0.4206666666666667	0.4033333333333333	0.4093333333333333	0.38533333333333336	0.36533333333333334	0.39666666666666667	0.372	0.34933333333333333	0.294	0.316	0.2846666666666667	0.2673333333333333	0.25066666666666665	0.254	0.254	0.244	0.22133333333333333	0.22333333333333333	0.20466666666666666	0.19266666666666668	0.15866666666666668	0.174	0.16466666666666666	0.15866666666666668	0.15533333333333332	0.14733333333333334	0.122	0.138	0.114	0.112	0.104	0.098	0.08066666666666666	0.06466666666666666	0.07333333333333333	0.07133333333333333	0.064	0.05733333333333333	0.064	0.048666666666666664	0.05533333333333333	0.034666666666666665	0.054	0.04	0.044	0.034666666666666665	0.03666666666666667	0.03266666666666666	0.02666666666666667	0.023333333333333334	0.028	0.016	0.025333333333333333	0.019333333333333334	0.014666666666666666	0.014666666666666666	0.010666666666666666	0.014666666666666666	0.008	0.010666666666666666	0.013333333333333334	0.006	0.01	0.009333333333333334	0.004666666666666667	0.0026666666666666666	0.0026666666666666666	0.004666666666666667	0.006	
1.1246666666666667	1.0586666666666666	1.036	0.9893333333333333	0.94	0.9773333333333334	0.894	0.888	0.846	0.8266666666666667	0.8573333333333333	0.8046666666666666	0.796	0.74	0.7286666666666667	0.6993333333333334	0.7006666666666667	0.666	0.6746666666666666	0.6506666666666666	0.6606666666666666	0.5633333333333334	0.6166666666666667	0.5533333333333333	0.5306666666666666	0.5226666666666666	0.5113333333333333	0.4726666666666667	0.49933333333333335	0.44533333333333336	0.43733333333333335	0.4493333333333333	0.40066666666666667	0.39	0.402	0.3626666666666667	0.36733333333333335	0.368	0.30933333333333335	0.32266666666666666	0.29333333333333333	0.29533333333333334	0.26866666666666666	0.25266666666666665	0.23866666666666667	0.268	0.20933333333333334	0.222	0.196	0.18533333333333332	0.19133333333333333	0.18533333333333332	0.15866666666666668	0.15333333333333332	0.13933333333333334	0.13866666666666666	0.13	0.11733333333333333	0.11533333333333333	0.108	0.09733333333333333	0.1	0.08333333333333333	0.082	0.07466666666666667	0.064	0.06133333333333333	0.04733333333333333	0.064	0.04933333333333333	0.043333333333333335	0.04666666666666667	0.042666666666666665	0.037333333333333336	0.04666666666666667	0.037333333333333336	0.03	0.029333333333333333	0.032	0.018666666666666668	0.021333333333333333	0.021333333333333333	0.016666666666666666	0.017333333333333333	0.014666666666666666	0.017333333333333333	0.018	0.013333333333333334	0.006666666666666667	0.012	0.01	0.005333333333333333	0.012666666666666666	0.009333333333333334	0.0026666666666666666	0.006666666666666667	0.004	0.004	0.006	
1.1246666666666667	1.0606666666666666	1.0093333333333334	1.03	0.944	0.9406666666666667	0.9426666666666667	0.894	0.872	0.8306666666666667	0.842	0.808	0.82	0.7633333333333333	0.7333333333333333	0.7306666666666667	0.7333333333333333	0.662	0.6506666666666666	0.6326666666666667	0.6393333333333333	0.5726666666666667	0.582	0.5586666666666666	0.5346666666666666	0.5146666666666667	0.5173333333333333	0.49933333333333335	0.49	0.458	0.43	0.43	0.4	0.4086666666666667	0.374	0.39266666666666666	0.3546666666666667	0.37933333333333336	0.312	0.34	0.31133333333333335	0.29333333333333333	0.26666666666666666	0.276	0.252	0.222	0.226	0.21133333333333335	0.19333333333333333	0.18933333333333333	0.17733333333333334	0.16866666666666666	0.16666666666666666	0.14066666666666666	0.148	0.12866666666666668	0.12533333333333332	0.11133333333333334	0.12266666666666666	0.09933333333333333	0.09066666666666667	0.09266666666666666	0.09133333333333334	0.07333333333333333	0.07333333333333333	0.06733333333333333	0.06466666666666666	0.074	0.058666666666666666	0.058	0.05533333333333333	0.04666666666666667	0.046	0.038	0.03866666666666667	0.035333333333333335	0.036	0.03333333333333333	0.028666666666666667	0.03333333333333333	0.037333333333333336	0.017333333333333333	0.024666666666666667	0.018666666666666668	0.014666666666666666	0.012	0.016666666666666666	0.010666666666666666	0.011333333333333334	0.013333333333333334	0.011333333333333334	0.006	0.008666666666666666	0.01	0.006	0.006	0.0033333333333333335	0.008	0.002	
1.0913333333333333	1.0626666666666666	0.992	1.0073333333333334	0.9626666666666667	0.9346666666666666	0.9013333333333333	0.868	0.8486666666666667	0.8086666666666666	0.8193333333333334	0.7886666666666666	0.75	0.7293333333333333	0.748	0.7053333333333334	0.7226666666666667	0.674	0.6806666666666666	0.656	0.626	0.5553333333333333	0.578	0.56	0.544	0.5513333333333333	0.51	0.48933333333333334	0.4766666666666667	0.43333333333333335	0.464	0.448	0.39666666666666667	0.404	0.356	0.352	0.3566666666666667	0.33266666666666667	0.344	0.2986666666666667	0.31	0.3006666666666667	0.268	0.28	0.26	0.22533333333333333	0.22	0.23933333333333334	0.21266666666666667	0.20933333333333334	0.18466666666666667	0.212	0.16933333333333334	0.15466666666666667	0.13933333333333334	0.13333333333333333	0.12533333333333332	0.10933333333333334	0.13266666666666665	0.09133333333333334	0.102	0.08	0.082	0.07266666666666667	0.06266666666666666	0.07	0.06933333333333333	0.07066666666666667	0.06066666666666667	0.059333333333333335	0.04666666666666667	0.04466666666666667	0.04466666666666667	0.04733333333333333	0.042	0.036	0.032	0.025333333333333333	0.025333333333333333	0.03666666666666667	0.03266666666666666	0.02666666666666667	0.02	0.016	0.015333333333333332	0.010666666666666666	0.01	0.010666666666666666	0.011333333333333334	0.014666666666666666	0.007333333333333333	0.005333333333333333	0.011333333333333334	0.004	0.006666666666666667	0.0033333333333333335	0.004	0.004	0.002	
1.0326666666666666	1.0866666666666667	1.0326666666666666	0.9666666666666667	0.944	0.94	0.896	0.8446666666666667	0.85	0.844	0.8233333333333334	0.782	0.7773333333333333	0.7806666666666666	0.756	0.6866666666666666	0.7086666666666667	0.678	0.6793333333333333	0.5986666666666667	0.6193333333333333	0.5873333333333334	0.5986666666666667	0.5466666666666666	0.582	0.5146666666666667	0.508	0.4746666666666667	0.47733333333333333	0.426	0.46266666666666667	0.4106666666666667	0.422	0.3953333333333333	0.368	0.38866666666666666	0.32066666666666666	0.3546666666666667	0.3446666666666667	0.30733333333333335	0.29733333333333334	0.29333333333333333	0.2853333333333333	0.256	0.25466666666666665	0.22933333333333333	0.216	0.21133333333333335	0.21866666666666668	0.194	0.186	0.174	0.14466666666666667	0.15133333333333332	0.144	0.126	0.12066666666666667	0.11666666666666667	0.10333333333333333	0.10133333333333333	0.09866666666666667	0.08933333333333333	0.09933333333333333	0.07333333333333333	0.064	0.078	0.06533333333333333	0.06066666666666667	0.058666666666666666	0.046	0.05266666666666667	0.046	0.03866666666666667	0.04466666666666667	0.036	0.030666666666666665	0.034666666666666665	0.026	0.02266666666666667	0.022	0.022	0.022	0.023333333333333334	0.014666666666666666	0.016	0.013333333333333334	0.006666666666666667	0.008666666666666666	0.010666666666666666	0.010666666666666666	0.006	0.007333333333333333	0.012	0.008666666666666666	0.007333333333333333	0.004	0.007333333333333333	0.006	0.002	
1.0813333333333333	1.0406666666666666	0.978	0.9486666666666667	0.9673333333333334	0.9153333333333333	0.878	0.8873333333333333	0.87	0.8066666666666666	0.8413333333333334	0.7793333333333333	0.7713333333333333	0.7446666666666667	0.75	0.694	0.706	0.6406666666666667	0.6666666666666666	0.6226666666666667	0.6186666666666667	0.5493333333333333	0.572	0.5386666666666666	0.5653333333333334	0.534	0.49866666666666665	0.49733333333333335	0.4513333333333333	0.466	0.44733333333333336	0.44133333333333336	0.4106666666666667	0.412	0.3993333333333333	0.37	0.3526666666666667	0.33266666666666667	0.31466666666666665	0.30133333333333334	0.272	0.284	0.2713333333333333	0.26	0.26866666666666666	0.23533333333333334	0.22533333333333333	0.19733333333333333	0.198	0.186	0.18533333333333332	0.174	0.168	0.15866666666666668	0.144	0.11933333333333333	0.12333333333333334	0.11533333333333333	0.10866666666666666	0.12266666666666666	0.09533333333333334	0.08733333333333333	0.08666666666666667	0.074	0.07733333333333334	0.068	0.084	0.062	0.05266666666666667	0.050666666666666665	0.04933333333333333	0.036	0.04533333333333334	0.03666666666666667	0.04466666666666667	0.036	0.03133333333333333	0.028666666666666667	0.03133333333333333	0.02666666666666667	0.034	0.018666666666666668	0.02	0.017333333333333333	0.013333333333333334	0.02	0.016666666666666666	0.017333333333333333	0.010666666666666666	0.008	0.009333333333333334	0.01	0.006	0.004	0.006	0.004666666666666667	0.0033333333333333335	0.009333333333333334	0.0	
1.0753333333333333	1.0673333333333332	1.0326666666666666	1.0266666666666666	0.9953333333333333	0.8926666666666667	0.902	0.862	0.8806666666666667	0.836	0.8433333333333334	0.8326666666666667	0.808	0.7553333333333333	0.728	0.7126666666666667	0.6873333333333334	0.6666666666666666	0.638	0.626	0.618	0.57	0.5766666666666667	0.5433333333333333	0.5486666666666666	0.504	0.532	0.47533333333333333	0.47333333333333333	0.472	0.4026666666666667	0.42733333333333334	0.4026666666666667	0.3993333333333333	0.36933333333333335	0.38066666666666665	0.3406666666666667	0.33666666666666667	0.318	0.3333333333333333	0.308	0.30266666666666664	0.272	0.25733333333333336	0.24533333333333332	0.236	0.21933333333333332	0.23466666666666666	0.20866666666666667	0.19666666666666666	0.17866666666666667	0.16666666666666666	0.16933333333333334	0.146	0.12666666666666668	0.14733333333333334	0.12866666666666668	0.11933333333333333	0.10866666666666666	0.10733333333333334	0.09466666666666666	0.1	0.08733333333333333	0.08333333333333333	0.08	0.07933333333333334	0.06866666666666667	0.07133333333333333	0.059333333333333335	0.05533333333333333	0.05266666666666667	0.037333333333333336	0.043333333333333335	0.03933333333333333	0.04066666666666666	0.03333333333333333	0.02666666666666667	0.028666666666666667	0.028	0.023333333333333334	0.02666666666666667	0.018	0.026	0.019333333333333334	0.02	0.014666666666666666	0.013333333333333334	0.014	0.013333333333333334	0.007333333333333333	0.004	0.008666666666666666	0.007333333333333333	0.007333333333333333	0.0033333333333333335	0.004666666666666667	0.005333333333333333	0.007333333333333333	0.005333333333333333	
1.062	1.0426666666666666	1.016	0.9906666666666667	0.9633333333333334	0.9506666666666667	0.894	0.9006666666666666	0.838	0.8706666666666667	0.8186666666666667	0.8093333333333333	0.8066666666666666	0.7513333333333333	0.712	0.6653333333333333	0.682	0.6626666666666666	0.6326666666666667	0.6493333333333333	0.5673333333333334	0.6326666666666667	0.582	0.5213333333333333	0.5106666666666667	0.49866666666666665	0.5446666666666666	0.496	0.4646666666666667	0.43333333333333335	0.44866666666666666	0.45066666666666666	0.4073333333333333	0.4066666666666667	0.3606666666666667	0.42733333333333334	0.3546666666666667	0.3486666666666667	0.316	0.31266666666666665	0.30866666666666664	0.2813333333333333	0.25733333333333336	0.24133333333333334	0.278	0.2673333333333333	0.22066666666666668	0.22333333333333333	0.19266666666666668	0.19066666666666668	0.18666666666666668	0.18133333333333335	0.168	0.16133333333333333	0.14533333333333334	0.132	0.12066666666666667	0.10666666666666667	0.10266666666666667	0.09533333333333334	0.10933333333333334	0.10133333333333333	0.09066666666666667	0.088	0.09133333333333334	0.07266666666666667	0.06133333333333333	0.058666666666666666	0.05533333333333333	0.051333333333333335	0.04466666666666667	0.034	0.04466666666666667	0.04066666666666666	0.04	0.027333333333333334	0.036	0.027333333333333334	0.029333333333333333	0.027333333333333334	0.017333333333333333	0.024666666666666667	0.021333333333333333	0.013333333333333334	0.018	0.010666666666666666	0.010666666666666666	0.014666666666666666	0.011333333333333334	0.012666666666666666	0.008666666666666666	0.006666666666666667	0.004	0.006	0.005333333333333333	0.005333333333333333	0.008	0.0026666666666666666	0.0033333333333333335	
1.056	1.0293333333333334	1.0026666666666666	0.9773333333333334	0.9566666666666667	0.9153333333333333	0.8793333333333333	0.9113333333333333	0.9073333333333333	0.84	0.7986666666666666	0.7906666666666666	0.7793333333333333	0.716	0.7466666666666667	0.6933333333333334	0.6873333333333334	0.6566666666666666	0.612	0.6366666666666667	0.6186666666666667	0.5886666666666667	0.5853333333333334	0.5273333333333333	0.5633333333333334	0.52	0.5133333333333333	0.49133333333333334	0.474	0.43266666666666664	0.43333333333333335	0.472	0.402	0.402	0.414	0.3566666666666667	0.36466666666666664	0.3253333333333333	0.32133333333333336	0.312	0.31133333333333335	0.2773333333333333	0.2613333333333333	0.27666666666666667	0.25533333333333336	0.252	0.23666666666666666	0.21466666666666667	0.206	0.21733333333333332	0.19866666666666666	0.16466666666666666	0.164	0.15666666666666668	0.13066666666666665	0.13333333333333333	0.12	0.114	0.11666666666666667	0.11133333333333334	0.094	0.08866666666666667	0.08466666666666667	0.082	0.06	0.07	0.06533333333333333	0.076	0.059333333333333335	0.042666666666666665	0.04666666666666667	0.042	0.04466666666666667	0.036	0.04133333333333333	0.04066666666666666	0.028666666666666667	0.02	0.029333333333333333	0.024666666666666667	0.030666666666666665	0.016666666666666666	0.022	0.020666666666666667	0.012	0.017333333333333333	0.021333333333333333	0.01	0.012666666666666666	0.010666666666666666	0.010666666666666666	0.006666666666666667	0.008666666666666666	0.007333333333333333	0.008666666666666666	0.005333333333333333	0.002	0.005333333333333333	0.004	
1.074	1.0953333333333333	0.996	0.9973333333333333	0.9153333333333333	0.9293333333333333	0.9153333333333333	0.9046666666666666	0.8666666666666667	0.8146666666666667	0.8346666666666667	0.778	0.8026666666666666	0.7333333333333333	0.7753333333333333	0.6713333333333333	0.678	0.7033333333333334	0.6493333333333333	0.6473333333333333	0.6033333333333334	0.6286666666666667	0.612	0.576	0.514	0.5006666666666667	0.48533333333333334	0.508	0.45466666666666666	0.48333333333333334	0.4593333333333333	0.45066666666666666	0.398	0.39666666666666667	0.38866666666666666	0.37666666666666665	0.352	0.3486666666666667	0.2946666666666667	0.33266666666666667	0.30466666666666664	0.26266666666666666	0.25733333333333336	0.26866666666666666	0.24133333333333334	0.2786666666666667	0.228	0.22866666666666666	0.20866666666666667	0.184	0.17666666666666667	0.174	0.166	0.118	0.152	0.13066666666666665	0.12466666666666666	0.13066666666666665	0.1	0.09666666666666666	0.114	0.09266666666666666	0.09133333333333334	0.08333333333333333	0.074	0.08266666666666667	0.058666666666666666	0.05533333333333333	0.064	0.05266666666666667	0.056	0.04666666666666667	0.04466666666666667	0.038	0.036	0.042	0.04733333333333333	0.03133333333333333	0.029333333333333333	0.026	0.021333333333333333	0.021333333333333333	0.019333333333333334	0.024666666666666667	0.017333333333333333	0.016	0.012	0.011333333333333334	0.01	0.009333333333333334	0.006666666666666667	0.01	0.005333333333333333	0.007333333333333333	0.006	0.004666666666666667	0.005333333333333333	0.004666666666666667	0.0033333333333333335	
1.0213333333333334	0.9993333333333333	1.0313333333333334	1.0153333333333334	1.008	0.9273333333333333	0.9166666666666666	0.91	0.856	0.842	0.8073333333333333	0.8033333333333333	0.7813333333333333	0.7406666666666667	0.756	0.724	0.706	0.674	0.6493333333333333	0.658	0.6013333333333334	0.596	0.5766666666666667	0.6	0.5593333333333333	0.524	0.48333333333333334	0.466	0.5	0.45866666666666667	0.432	0.4246666666666667	0.422	0.392	0.37666666666666665	0.37733333333333335	0.344	0.32066666666666666	0.316	0.342	0.306	0.28733333333333333	0.25933333333333336	0.2713333333333333	0.25333333333333335	0.234	0.21466666666666667	0.22266666666666668	0.19	0.18933333333333333	0.154	0.17666666666666667	0.174	0.14133333333333334	0.13533333333333333	0.13066666666666665	0.12	0.13066666666666665	0.108	0.09066666666666667	0.112	0.09066666666666667	0.08133333333333333	0.08933333333333333	0.074	0.07333333333333333	0.08333333333333333	0.06266666666666666	0.058666666666666666	0.048	0.04066666666666666	0.051333333333333335	0.042666666666666665	0.036	0.037333333333333336	0.035333333333333335	0.034666666666666665	0.034	0.028	0.02666666666666667	0.026	0.017333333333333333	0.026	0.024	0.015333333333333332	0.016	0.01	0.012	0.015333333333333332	0.016	0.008	0.005333333333333333	0.004	0.006	0.004	0.005333333333333333	0.0026666666666666666	0.006666666666666667	0.004666666666666667	
1.1053333333333333	1.0633333333333332	1.004	0.9406666666666667	0.932	0.942	0.9146666666666666	0.8913333333333333	0.878	0.8933333333333333	0.8233333333333334	0.84	0.7946666666666666	0.716	0.7766666666666666	0.74	0.7313333333333333	0.648	0.6526666666666666	0.6433333333333333	0.604	0.584	0.598	0.5546666666666666	0.5393333333333333	0.524	0.504	0.506	0.484	0.458	0.44866666666666666	0.42866666666666664	0.436	0.3933333333333333	0.3626666666666667	0.38533333333333336	0.324	0.37333333333333335	0.30533333333333335	0.31333333333333335	0.296	0.31	0.29333333333333333	0.25866666666666666	0.27266666666666667	0.23533333333333334	0.23533333333333334	0.23333333333333334	0.218	0.19333333333333333	0.172	0.19266666666666668	0.16333333333333333	0.14266666666666666	0.14933333333333335	0.14066666666666666	0.13533333333333333	0.11666666666666667	0.11266666666666666	0.11533333333333333	0.09466666666666666	0.09666666666666666	0.088	0.08866666666666667	0.08466666666666667	0.062	0.07066666666666667	0.056	0.06533333333333333	0.062	0.04733333333333333	0.03666666666666667	0.04133333333333333	0.04133333333333333	0.034666666666666665	0.027333333333333334	0.046	0.02666666666666667	0.022	0.024	0.017333333333333333	0.021333333333333333	0.021333333333333333	0.018	0.018666666666666668	0.025333333333333333	0.016	0.008	0.014	0.014666666666666666	0.008666666666666666	0.008666666666666666	0.008	0.006	0.002	0.004	0.004	0.004	0.0006666666666666666	
1.058	1.0353333333333334	0.9973333333333333	0.9946666666666667	0.8953333333333333	0.976	0.908	0.9186666666666666	0.8733333333333333	0.878	0.808	0.8006666666666666	0.7806666666666666	0.7533333333333333	0.7566666666666667	0.7446666666666667	0.6866666666666666	0.666	0.6513333333333333	0.5866666666666667	0.6426666666666667	0.6053333333333333	0.5606666666666666	0.5386666666666666	0.5546666666666666	0.5126666666666667	0.518	0.486	0.49533333333333335	0.456	0.43	0.4066666666666667	0.386	0.4266666666666667	0.3993333333333333	0.368	0.33866666666666667	0.348	0.31733333333333336	0.32066666666666666	0.268	0.2866666666666667	0.288	0.274	0.24866666666666667	0.24466666666666667	0.232	0.21066666666666667	0.20133333333333334	0.19	0.194	0.166	0.14533333333333334	0.152	0.13133333333333333	0.14733333333333334	0.128	0.124	0.112	0.106	0.09733333333333333	0.084	0.074	0.09266666666666666	0.07666666666666666	0.056666666666666664	0.06133333333333333	0.058	0.058	0.052	0.042666666666666665	0.05	0.048	0.046	0.04933333333333333	0.04066666666666666	0.036	0.03333333333333333	0.034666666666666665	0.024666666666666667	0.024	0.023333333333333334	0.017333333333333333	0.019333333333333334	0.016666666666666666	0.014	0.013333333333333334	0.014666666666666666	0.011333333333333334	0.013333333333333334	0.008	0.006666666666666667	0.008	0.008	0.005333333333333333	0.0033333333333333335	0.006	0.004	0.0033333333333333335	
