0.01	0.5149494949494949	1.0198989898989899	1.5248484848484847	2.0297979797979795	2.5347474747474745	3.039696969696969	3.544646464646464	4.049595959595959	4.554545454545454	5.059494949494949	5.564444444444444	6.0693939393939385	6.574343434343434	7.0792929292929285	7.584242424242424	8.089191919191919	8.594141414141413	9.099090909090908	9.604040404040404	10.108989898989899	10.613939393939393	11.118888888888888	11.623838383838383	12.128787878787877	12.633737373737373	13.138686868686868	13.643636363636363	14.148585858585857	14.653535353535352	15.158484848484848	15.663434343434343	16.16838383838384	16.673333333333336	17.17828282828283	17.683232323232325	18.188181818181818	18.693131313131314	19.19808080808081	19.703030303030303	20.2079797979798	20.712929292929292	21.21787878787879	21.722828282828285	22.227777777777778	22.732727272727274	23.237676767676767	23.742626262626263	24.247575757575756	24.752525252525253	25.25747474747475	25.762424242424242	26.267373737373738	26.77232323232323	27.277272727272727	27.782222222222224	28.287171717171717	28.792121212121213	29.297070707070706	29.802020202020202	30.3069696969697	30.81191919191919	31.316868686868688	31.82181818181818	32.32676767676767	32.831717171717166	33.336666666666666	33.84161616161616	34.34656565656565	34.851515151515144	35.356464646464644	35.86141414141414	36.36636363636363	36.87131313131313	37.37626262626262	37.881212121212116	38.386161616161615	38.89111111111111	39.3960606060606	39.901010101010094	40.405959595959594	40.91090909090909	41.41585858585858	41.92080808080808	42.42575757575757	42.930707070707065	43.435656565656565	43.94060606060606	44.44555555555555	44.95050505050504	45.45545454545454	45.960404040404036	46.46535353535353	46.97030303030303	47.47525252525252	47.980202020202015	48.48515151515151	48.99010101010101	49.4950505050505	50.0	
3.46	3.3866666666666667	3.1273333333333335	2.922	2.694	2.6	2.308666666666667	2.2006666666666668	2.1233333333333335	1.8686666666666667	1.744	1.55	1.4633333333333334	1.2666666666666666	1.2513333333333334	0.9853333333333333	0.9706666666666667	0.8486666666666667	0.8593333333333333	0.6633333333333333	0.65	0.5446666666666666	0.5173333333333333	0.45066666666666666	0.38466666666666666	0.38	0.2926666666666667	0.3006666666666667	0.262	0.21333333333333335	0.178	0.158	0.13466666666666666	0.12733333333333333	0.098	0.09466666666666666	0.06933333333333333	0.06733333333333333	0.048	0.04066666666666666	0.029333333333333333	0.032	0.013333333333333334	0.021333333333333333	0.011333333333333334	0.011333333333333334	0.004666666666666667	0.002	0.0013333333333333333	0.0	0.0	0.0	0.0	0.0	0.0	0.0	0.0	0.0	0.0	0.0	0.0	0.0	0.0	0.0	0.0	0.0	0.0	0.0	0.0	0.0	0.0	0.0	0.0	0.0	0.0	0.0	0.0	0.0	0.0	0.0	0.0	0.0	0.0	0.0	0.0	0.0	0.0	0.0	0.0	0.0	0.0	0.0	0.0	0.0	0.0	0.0	0.0	0.0	0.0	
3.441333333333333	3.3773333333333335	3.05	3.0046666666666666	2.738	2.59	2.3786666666666667	2.243333333333333	2.1126666666666667	1.906	1.8153333333333332	1.5946666666666667	1.5293333333333334	1.3106666666666666	1.2566666666666666	1.054	0.9733333333333334	0.806	0.8393333333333334	0.7	0.6273333333333333	0.506	0.5346666666666666	0.45866666666666667	0.414	0.364	0.31133333333333335	0.288	0.27	0.206	0.18533333333333332	0.166	0.16866666666666666	0.12466666666666666	0.12266666666666666	0.08866666666666667	0.07533333333333334	0.048666666666666664	0.051333333333333335	0.03866666666666667	0.038	0.034666666666666665	0.016666666666666666	0.020666666666666667	0.008666666666666666	0.012666666666666666	0.008	0.0026666666666666666	0.0006666666666666666	0.0013333333333333333	0.0	0.0006666666666666666	0.0	0.0	0.0	0.0	0.0	0.0	0.0	0.0	0.0	0.0	0.0	0.0	0.0	0.0	0.0	0.0	0.0	0.0	0.0	0.0	0.0	0.0	0.0	0.0	0.0	0.0	0.0	0.0	0.0	0.0	0.0	0.0	0.0	0.0	0.0	0.0	0.0	0.0	0.0	0.0	0.0	0.0	0.0	0.0	0.0	0.0	0.0	
3.4833333333333334	3.3893333333333335	3.072	3.024	2.6653333333333333	2.530666666666667	2.417333333333333	2.1466666666666665	2.0773333333333333	1.8826666666666667	1.7333333333333334	1.6106666666666667	1.4233333333333333	1.286	1.1553333333333333	1.0486666666666666	1.004	0.7993333333333333	0.8013333333333333	0.6633333333333333	0.6653333333333333	0.5373333333333333	0.5313333333333333	0.458	0.4266666666666667	0.38133333333333336	0.30933333333333335	0.29733333333333334	0.2673333333333333	0.216	0.19066666666666668	0.17133333333333334	0.13266666666666665	0.134	0.09533333333333334	0.088	0.06933333333333333	0.07533333333333334	0.07466666666666667	0.04666666666666667	0.036	0.024666666666666667	0.024	0.014666666666666666	0.017333333333333333	0.011333333333333334	0.0033333333333333335	0.004666666666666667	0.0006666666666666666	0.0006666666666666666	0.0013333333333333333	0.0	0.0	0.0	0.0	0.0	0.0	0.0	0.0	0.0	0.0	0.0	0.0	0.0	0.0	0.0	0.0	0.0	0.0	0.0	0.0	0.0	0.0	0.0	0.0	0.0	0.0	0.0	0.0	0.0	0.0	0.0	0.0	0.0	0.0	0.0	0.0	0.0	0.0	0.0	0.0	0.0	0.0	0.0	0.0	0.0	0.0	0.0	0.0	
3.458	3.215333333333333	3.032	2.974	2.711333333333333	2.5966666666666667	2.4233333333333333	2.2466666666666666	2.048	1.8526666666666667	1.7526666666666666	1.5753333333333333	1.45	1.238	1.212	1.0593333333333332	0.9486666666666667	0.82	0.758	0.652	0.6013333333333334	0.5633333333333334	0.5006666666666667	0.448	0.43133333333333335	0.346	0.296	0.302	0.252	0.222	0.20266666666666666	0.17933333333333334	0.146	0.13666666666666666	0.098	0.09066666666666667	0.06733333333333333	0.07266666666666667	0.06066666666666667	0.032	0.03266666666666666	0.024666666666666667	0.02666666666666667	0.012	0.011333333333333334	0.006666666666666667	0.0033333333333333335	0.004	0.0026666666666666666	0.0013333333333333333	0.0	0.0	0.0	0.0	0.0	0.0	0.0	0.0	0.0	0.0	0.0	0.0	0.0	0.0	0.0	0.0	0.0	0.0	0.0	0.0	0.0	0.0	0.0	0.0	0.0	0.0	0.0	0.0	0.0	0.0	0.0	0.0	0.0	0.0	0.0	0.0	0.0	0.0	0.0	0.0	0.0	0.0	0.0	0.0	0.0	0.0	0.0	0.0	0.0	
3.490666666666667	3.3873333333333333	3.078	2.9286666666666665	2.702	2.574	2.352	2.2	2.0846666666666667	1.9033333333333333	1.768	1.5766666666666667	1.4886666666666666	1.276	1.1926666666666668	1.0546666666666666	0.9813333333333333	0.854	0.7913333333333333	0.6906666666666667	0.648	0.5246666666666666	0.5153333333333333	0.4073333333333333	0.4146666666666667	0.36133333333333334	0.3233333333333333	0.31533333333333335	0.25266666666666665	0.23666666666666666	0.208	0.17866666666666667	0.12866666666666668	0.12533333333333332	0.11266666666666666	0.096	0.076	0.06466666666666666	0.05466666666666667	0.04533333333333334	0.034	0.028666666666666667	0.021333333333333333	0.015333333333333332	0.007333333333333333	0.007333333333333333	0.004666666666666667	0.006666666666666667	0.0013333333333333333	0.0	0.0	0.0	0.0	0.0	0.0	0.0	0.0	0.0	0.0	0.0	0.0	0.0	0.0	0.0	0.0	0.0	0.0	0.0	0.0	0.0	0.0	0.0	0.0	0.0	0.0	0.0	0.0	0.0	0.0	0.0	0.0	0.0	0.0	0.0	0.0	0.0	0.0	0.0	0.0	0.0	0.0	0.0	0.0	0.0	0.0	0.0	0.0	0.0	0.0	
3.3873333333333333	3.418	3.1066666666666665	2.937333333333333	2.7226666666666666	2.6593333333333335	2.3873333333333333	2.3366666666666664	2.012	1.9346666666666668	1.7686666666666666	1.552	1.48	1.272	1.1346666666666667	1.0606666666666666	0.952	0.758	0.7766666666666666	0.6466666666666666	0.6453333333333333	0.5853333333333334	0.5013333333333333	0.43733333333333335	0.41333333333333333	0.3426666666666667	0.32	0.2926666666666667	0.26666666666666666	0.21733333333333332	0.18733333333333332	0.16266666666666665	0.164	0.112	0.11333333333333333	0.10866666666666666	0.08333333333333333	0.06666666666666667	0.044	0.042	0.026	0.030666666666666665	0.017333333333333333	0.02	0.012	0.0033333333333333335	0.0033333333333333335	0.004	0.0	0.0013333333333333333	0.0006666666666666666	0.0	0.0	0.0	0.0	0.0	0.0	0.0	0.0	0.0	0.0	0.0	0.0	0.0	0.0	0.0	0.0	0.0	0.0	0.0	0.0	0.0	0.0	0.0	0.0	0.0	0.0	0.0	0.0	0.0	0.0	0.0	0.0	0.0	0.0	0.0	0.0	0.0	0.0	0.0	0.0	0.0	0.0	0.0	0.0	0.0	0.0	0.0	0.0	
3.4006666666666665	3.332	3.038666666666667	2.986	2.7046666666666668	2.570666666666667	2.3946666666666667	2.2493333333333334	2.0913333333333335	1.8513333333333333	1.7526666666666666	1.6013333333333333	1.4446666666666668	1.2546666666666666	1.2146666666666666	1.0253333333333334	1.006	0.8426666666666667	0.7953333333333333	0.6646666666666666	0.6286666666666667	0.5686666666666667	0.536	0.43666666666666665	0.4026666666666667	0.34933333333333333	0.328	0.29	0.25066666666666665	0.24533333333333332	0.21133333333333335	0.15466666666666667	0.138	0.136	0.106	0.09333333333333334	0.072	0.06733333333333333	0.064	0.04066666666666666	0.025333333333333333	0.028666666666666667	0.014666666666666666	0.018	0.010666666666666666	0.006666666666666667	0.004	0.004666666666666667	0.002	0.0006666666666666666	0.0	0.0	0.0	0.0	0.0	0.0	0.0	0.0	0.0	0.0	0.0	0.0	0.0	0.0	0.0	0.0	0.0	0.0	0.0	0.0	0.0	0.0	0.0	0.0	0.0	0.0	0.0	0.0	0.0	0.0	0.0	0.0	0.0	0.0	0.0	0.0	0.0	0.0	0.0	0.0	0.0	0.0	0.0	0.0	0.0	0.0	0.0	0.0	0.0	
3.474	3.374	2.996	2.8673333333333333	2.6933333333333334	2.594	2.3453333333333335	2.2133333333333334	2.0753333333333335	1.822	1.7413333333333334	1.5526666666666666	1.474	1.2393333333333334	1.1893333333333334	1.0313333333333334	0.982	0.8186666666666667	0.788	0.744	0.6413333333333333	0.5553333333333333	0.47933333333333333	0.43333333333333335	0.408	0.346	0.30666666666666664	0.322	0.272	0.22466666666666665	0.18266666666666667	0.158	0.15533333333333332	0.11733333333333333	0.11266666666666666	0.09666666666666666	0.068	0.06333333333333334	0.04733333333333333	0.044	0.03933333333333333	0.03333333333333333	0.024	0.02266666666666667	0.009333333333333334	0.006	0.006666666666666667	0.0013333333333333333	0.002	0.0006666666666666666	0.0	0.0	0.0	0.0	0.0	0.0	0.0	0.0	0.0	0.0	0.0	0.0	0.0	0.0	0.0	0.0	0.0	0.0	0.0	0.0	0.0	0.0	0.0	0.0	0.0	0.0	0.0	0.0	0.0	0.0	0.0	0.0	0.0	0.0	0.0	0.0	0.0	0.0	0.0	0.0	0.0	0.0	0.0	0.0	0.0	0.0	0.0	0.0	0.0	
3.4633333333333334	3.272666666666667	3.09	2.932	2.679333333333333	2.582	2.3066666666666666	2.218	2.04	1.8926666666666667	1.7506666666666666	1.594	1.4486666666666668	1.302	1.248	1.016	1.0166666666666666	0.8486666666666667	0.7933333333333333	0.6946666666666667	0.6706666666666666	0.5353333333333333	0.506	0.444	0.38666666666666666	0.37666666666666665	0.316	0.272	0.24	0.22533333333333333	0.18133333333333335	0.15333333333333332	0.13933333333333334	0.12933333333333333	0.104	0.09933333333333333	0.08466666666666667	0.06333333333333334	0.051333333333333335	0.05333333333333334	0.034	0.02666666666666667	0.016	0.012666666666666666	0.012	0.009333333333333334	0.0033333333333333335	0.006666666666666667	0.0013333333333333333	0.002	0.0	0.0	0.0	0.0	0.0	0.0	0.0	0.0	0.0	0.0	0.0	0.0	0.0	0.0	0.0	0.0	0.0	0.0	0.0	0.0	0.0	0.0	0.0	0.0	0.0	0.0	0.0	0.0	0.0	0.0	0.0	0.0	0.0	0.0	0.0	0.0	0.0	0.0	0.0	0.0	0.0	0.0	0.0	0.0	0.0	0.0	0.0	0.0	0.0	
3.502666666666667	3.291333333333333	3.0033333333333334	2.934	2.732666666666667	2.5866666666666664	2.388	2.219333333333333	2.0533333333333332	1.9026666666666667	1.7166666666666666	1.558	1.4706666666666666	1.2526666666666666	1.2126666666666666	1.028	0.962	0.794	0.8126666666666666	0.6953333333333334	0.626	0.5333333333333333	0.54	0.4513333333333333	0.4053333333333333	0.32466666666666666	0.33066666666666666	0.292	0.24933333333333332	0.212	0.19	0.184	0.14666666666666667	0.12666666666666668	0.12266666666666666	0.106	0.084	0.064	0.048	0.042	0.037333333333333336	0.023333333333333334	0.023333333333333334	0.02266666666666667	0.013333333333333334	0.006666666666666667	0.004666666666666667	0.002	0.0006666666666666666	0.0013333333333333333	0.0	0.0	0.0	0.0	0.0	0.0	0.0	0.0	0.0	0.0	0.0	0.0	0.0	0.0	0.0	0.0	0.0	0.0	0.0	0.0	0.0	0.0	0.0	0.0	0.0	0.0	0.0	0.0	0.0	0.0	0.0	0.0	0.0	0.0	0.0	0.0	0.0	0.0	0.0	0.0	0.0	0.0	0.0	0.0	0.0	0.0	0.0	0.0	0.0	
3.408	3.354	3.116	2.929333333333333	2.574666666666667	2.679333333333333	2.3906666666666667	2.224	2.041333333333333	1.9013333333333333	1.7186666666666666	1.5626666666666666	1.464	1.2793333333333334	1.2273333333333334	0.9793333333333333	0.99	0.8073333333333333	0.7726666666666666	0.6566666666666666	0.6313333333333333	0.5433333333333333	0.5506666666666666	0.4633333333333333	0.4086666666666667	0.3506666666666667	0.318	0.2733333333333333	0.262	0.21733333333333332	0.19866666666666666	0.15666666666666668	0.132	0.13333333333333333	0.09466666666666666	0.09133333333333334	0.08	0.06666666666666667	0.05333333333333334	0.042	0.03866666666666667	0.036	0.013333333333333334	0.015333333333333332	0.01	0.007333333333333333	0.004	0.004	0.0006666666666666666	0.0	0.0006666666666666666	0.0	0.0	0.0	0.0	0.0	0.0	0.0	0.0	0.0	0.0	0.0	0.0	0.0	0.0	0.0	0.0	0.0	0.0	0.0	0.0	0.0	0.0	0.0	0.0	0.0	0.0	0.0	0.0	0.0	0.0	0.0	0.0	0.0	0.0	0.0	0.0	0.0	0.0	0.0	0.0	0.0	0.0	0.0	0.0	0.0	0.0	0.0	0.0	
3.4353333333333333	3.352	2.992	2.9506666666666668	2.724	2.604	2.322	2.162	2.0446666666666666	1.9426666666666668	1.7686666666666666	1.5646666666666667	1.4153333333333333	1.2606666666666666	1.142	1.034	1.0066666666666666	0.814	0.7846666666666666	0.6833333333333333	0.666	0.5006666666666667	0.522	0.43133333333333335	0.43933333333333335	0.30333333333333334	0.33666666666666667	0.2753333333333333	0.26466666666666666	0.20133333333333334	0.19133333333333333	0.15666666666666668	0.13733333333333334	0.11933333333333333	0.10066666666666667	0.08666666666666667	0.06933333333333333	0.076	0.04666666666666667	0.05533333333333333	0.035333333333333335	0.03133333333333333	0.019333333333333334	0.012666666666666666	0.011333333333333334	0.005333333333333333	0.007333333333333333	0.002	0.0006666666666666666	0.0	0.0006666666666666666	0.0	0.0	0.0	0.0	0.0	0.0	0.0	0.0	0.0	0.0	0.0	0.0	0.0	0.0	0.0	0.0	0.0	0.0	0.0	0.0	0.0	0.0	0.0	0.0	0.0	0.0	0.0	0.0	0.0	0.0	0.0	0.0	0.0	0.0	0.0	0.0	0.0	0.0	0.0	0.0	0.0	0.0	0.0	0.0	0.0	0.0	0.0	0.0	
3.4553333333333334	3.3486666666666665	3.1033333333333335	2.928	2.7306666666666666	2.54	2.456	2.21	2.016	1.956	1.7406666666666666	1.544	1.5046666666666666	1.2353333333333334	1.1706666666666667	1.0186666666666666	0.9353333333333333	0.8593333333333333	0.8026666666666666	0.668	0.644	0.5726666666666667	0.516	0.454	0.4046666666666667	0.35533333333333333	0.3253333333333333	0.268	0.264	0.21666666666666667	0.19333333333333333	0.17133333333333334	0.12533333333333332	0.13	0.11933333333333333	0.09466666666666666	0.08066666666666666	0.06133333333333333	0.05266666666666667	0.03933333333333333	0.026	0.035333333333333335	0.025333333333333333	0.012	0.012666666666666666	0.010666666666666666	0.009333333333333334	0.0013333333333333333	0.0013333333333333333	0.0006666666666666666	0.0	0.0	0.0	0.0	0.0	0.0	0.0	0.0	0.0	0.0	0.0	0.0	0.0	0.0	0.0	0.0	0.0	0.0	0.0	0.0	0.0	0.0	0.0	0.0	0.0	0.0	0.0	0.0	0.0	0.0	0.0	0.0	0.0	0.0	0.0	0.0	0.0	0.0	0.0	0.0	0.0	0.0	0.0	0.0	0.0	0.0	0.0	0.0	0.0	
3.376	3.216666666666667	3.042666666666667	2.8673333333333333	2.674	2.484	2.320666666666667	2.1273333333333335	2.1086666666666667	1.8906666666666667	1.7186666666666666	1.536	1.4246666666666667	1.27	1.264	1.028	0.9526666666666667	0.826	0.7873333333333333	0.734	0.6266666666666667	0.526	0.5393333333333333	0.436	0.43533333333333335	0.344	0.2906666666666667	0.282	0.2613333333333333	0.22733333333333333	0.18866666666666668	0.16266666666666665	0.126	0.12333333333333334	0.09733333333333333	0.10333333333333333	0.07466666666666667	0.06266666666666666	0.048	0.042	0.03866666666666667	0.03866666666666667	0.016	0.016	0.008666666666666666	0.007333333333333333	0.004666666666666667	0.0026666666666666666	0.0006666666666666666	0.0013333333333333333	0.0	0.0	0.0	0.0	0.0	0.0	0.0	0.0	0.0	0.0	0.0	0.0	0.0	0.0	0.0	0.0	0.0	0.0	0.0	0.0	0.0	0.0	0.0	0.0	0.0	0.0	0.0	0.0	0.0	0.0	0.0	0.0	0.0	0.0	0.0	0.0	0.0	0.0	0.0	0.0	0.0	0.0	0.0	0.0	0.0	0.0	0.0	0.0	0.0	
3.493333333333333	3.3746666666666667	2.98	2.9246666666666665	2.7346666666666666	2.546	2.4346666666666668	2.2173333333333334	2.066666666666667	1.9086666666666667	1.7273333333333334	1.5973333333333333	1.5006666666666666	1.2426666666666666	1.1873333333333334	1.0066666666666666	0.934	0.8073333333333333	0.8113333333333334	0.6813333333333333	0.656	0.536	0.526	0.466	0.42	0.3526666666666667	0.33666666666666667	0.2793333333333333	0.24	0.22133333333333333	0.21066666666666667	0.15733333333333333	0.15266666666666667	0.12	0.10133333333333333	0.082	0.08266666666666667	0.07	0.05333333333333334	0.04933333333333333	0.037333333333333336	0.028666666666666667	0.015333333333333332	0.017333333333333333	0.015333333333333332	0.009333333333333334	0.004	0.0026666666666666666	0.0006666666666666666	0.0	0.0	0.0	0.0	0.0	0.0	0.0	0.0	0.0	0.0	0.0	0.0	0.0	0.0	0.0	0.0	0.0	0.0	0.0	0.0	0.0	0.0	0.0	0.0	0.0	0.0	0.0	0.0	0.0	0.0	0.0	0.0	0.0	0.0	0.0	0.0	0.0	0.0	0.0	0.0	0.0	0.0	0.0	0.0	0.0	0.0	0.0	0.0	0.0	0.0	
3.412	3.4133333333333336	3.026666666666667	2.925333333333333	2.69	2.55	2.3233333333333333	2.204	2.07	1.8406666666666667	1.7266666666666666	1.5626666666666666	1.504	1.2446666666666666	1.192	1.0466666666666666	0.956	0.8393333333333334	0.78	0.6766666666666666	0.6286666666666667	0.5406666666666666	0.5073333333333333	0.4126666666666667	0.42533333333333334	0.35733333333333334	0.318	0.30666666666666664	0.27066666666666667	0.24	0.20866666666666667	0.17133333333333334	0.13333333333333333	0.12733333333333333	0.10266666666666667	0.09933333333333333	0.07466666666666667	0.07933333333333334	0.04133333333333333	0.04066666666666666	0.036	0.026	0.015333333333333332	0.014	0.006666666666666667	0.008	0.007333333333333333	0.0026666666666666666	0.002	0.0	0.0	0.0	0.0	0.0	0.0	0.0	0.0	0.0	0.0	0.0	0.0	0.0	0.0	0.0	0.0	0.0	0.0	0.0	0.0	0.0	0.0	0.0	0.0	0.0	0.0	0.0	0.0	0.0	0.0	0.0	0.0	0.0	0.0	0.0	0.0	0.0	0.0	0.0	0.0	0.0	0.0	0.0	0.0	0.0	0.0	0.0	0.0	0.0	0.0	
3.4806666666666666	3.2626666666666666	3.0206666666666666	2.9633333333333334	2.638	2.498666666666667	2.267333333333333	2.108	1.9773333333333334	1.8033333333333332	1.7713333333333334	1.512	1.4093333333333333	1.2393333333333334	1.1846666666666668	1.0033333333333334	0.9586666666666667	0.8473333333333334	0.806	0.616	0.652	0.5286666666666666	0.49466666666666664	0.42933333333333334	0.406	0.3526666666666667	0.3353333333333333	0.268	0.236	0.23133333333333334	0.17666666666666667	0.18	0.128	0.124	0.092	0.10466666666666667	0.082	0.06933333333333333	0.05733333333333333	0.052	0.030666666666666665	0.030666666666666665	0.02	0.014	0.01	0.008666666666666666	0.004666666666666667	0.002	0.0	0.0	0.0	0.0	0.0	0.0	0.0	0.0	0.0	0.0	0.0	0.0	0.0	0.0	0.0	0.0	0.0	0.0	0.0	0.0	0.0	0.0	0.0	0.0	0.0	0.0	0.0	0.0	0.0	0.0	0.0	0.0	0.0	0.0	0.0	0.0	0.0	0.0	0.0	0.0	0.0	0.0	0.0	0.0	0.0	0.0	0.0	0.0	0.0	0.0	0.0	
3.332	3.4306666666666668	3.017333333333333	2.966	2.7253333333333334	2.466	2.3753333333333333	2.207333333333333	2.094	1.92	1.7573333333333334	1.5626666666666666	1.4653333333333334	1.2206666666666666	1.1613333333333333	1.054	1.002	0.8673333333333333	0.7853333333333333	0.642	0.612	0.5293333333333333	0.5133333333333333	0.428	0.402	0.3353333333333333	0.31666666666666665	0.284	0.24333333333333335	0.21266666666666667	0.18	0.17	0.14466666666666667	0.12866666666666668	0.098	0.09666666666666666	0.06733333333333333	0.06466666666666666	0.05333333333333334	0.034666666666666665	0.037333333333333336	0.028	0.018666666666666668	0.016666666666666666	0.008	0.007333333333333333	0.009333333333333334	0.0026666666666666666	0.0013333333333333333	0.0	0.0	0.0	0.0	0.0	0.0	0.0	0.0	0.0	0.0	0.0	0.0	0.0	0.0	0.0	0.0	0.0	0.0	0.0	0.0	0.0	0.0	0.0	0.0	0.0	0.0	0.0	0.0	0.0	0.0	0.0	0.0	0.0	0.0	0.0	0.0	0.0	0.0	0.0	0.0	0.0	0.0	0.0	0.0	0.0	0.0	0.0	0.0	0.0	0.0	
3.386	3.4153333333333333	2.978666666666667	2.958	2.674	2.5473333333333334	2.334	2.268666666666667	2.037333333333333	1.858	1.6873333333333334	1.546	1.4266666666666667	1.2546666666666666	1.198	1.0606666666666666	0.978	0.826	0.7746666666666666	0.67	0.656	0.53	0.528	0.44133333333333336	0.3933333333333333	0.35	0.318	0.278	0.23466666666666666	0.19533333333333333	0.178	0.17	0.13533333333333333	0.11866666666666667	0.094	0.104	0.08133333333333333	0.06533333333333333	0.064	0.04466666666666667	0.03333333333333333	0.034666666666666665	0.02	0.02266666666666667	0.012666666666666666	0.008666666666666666	0.0026666666666666666	0.0026666666666666666	0.0026666666666666666	0.0006666666666666666	0.0	0.0	0.0	0.0	0.0	0.0	0.0	0.0	0.0	0.0	0.0	0.0	0.0	0.0	0.0	0.0	0.0	0.0	0.0	0.0	0.0	0.0	0.0	0.0	0.0	0.0	0.0	0.0	0.0	0.0	0.0	0.0	0.0	0.0	0.0	0.0	0.0	0.0	0.0	0.0	0.0	0.0	0.0	0.0	0.0	0.0	0.0	0.0	0.0	
3.4266666666666667	3.3626666666666667	3.096	2.9353333333333333	2.746	2.5813333333333333	2.3646666666666665	2.187333333333333	2.02	1.836	1.7046666666666668	1.5746666666666667	1.4393333333333334	1.3013333333333332	1.2173333333333334	1.0213333333333334	1.0093333333333334	0.8326666666666667	0.802	0.6466666666666666	0.622	0.53	0.498	0.3953333333333333	0.404	0.354	0.30533333333333335	0.27266666666666667	0.26466666666666666	0.20866666666666667	0.18133333333333335	0.17466666666666666	0.15133333333333332	0.13066666666666665	0.094	0.09866666666666667	0.072	0.06933333333333333	0.04066666666666666	0.044	0.03	0.034	0.024	0.02266666666666667	0.009333333333333334	0.008	0.0013333333333333333	0.004	0.0013333333333333333	0.0006666666666666666	0.0	0.0	0.0	0.0	0.0	0.0	0.0	0.0	0.0	0.0	0.0	0.0	0.0	0.0	0.0	0.0	0.0	0.0	0.0	0.0	0.0	0.0	0.0	0.0	0.0	0.0	0.0	0.0	0.0	0.0	0.0	0.0	0.0	0.0	0.0	0.0	0.0	0.0	0.0	0.0	0.0	0.0	0.0	0.0	0.0	0.0	0.0	0.0	0.0	
3.496	3.312	2.9393333333333334	2.9226666666666667	2.715333333333333	2.476	2.292666666666667	2.244	2.021333333333333	1.8553333333333333	1.806	1.5673333333333332	1.4393333333333334	1.2106666666666666	1.188	0.9893333333333333	0.9613333333333334	0.822	0.774	0.6433333333333333	0.652	0.568	0.5313333333333333	0.444	0.382	0.32866666666666666	0.31533333333333335	0.27066666666666667	0.24866666666666667	0.21333333333333335	0.186	0.16466666666666666	0.162	0.10466666666666667	0.09133333333333334	0.08333333333333333	0.08866666666666667	0.06533333333333333	0.051333333333333335	0.048666666666666664	0.03866666666666667	0.034	0.021333333333333333	0.015333333333333332	0.006	0.01	0.004	0.002	0.0	0.0	0.0	0.0	0.0	0.0	0.0	0.0	0.0	0.0	0.0	0.0	0.0	0.0	0.0	0.0	0.0	0.0	0.0	0.0	0.0	0.0	0.0	0.0	0.0	0.0	0.0	0.0	0.0	0.0	0.0	0.0	0.0	0.0	0.0	0.0	0.0	0.0	0.0	0.0	0.0	0.0	0.0	0.0	0.0	0.0	0.0	0.0	0.0	0.0	0.0	
3.3313333333333333	3.358	2.986666666666667	2.8713333333333333	2.6126666666666667	2.533333333333333	2.3253333333333335	2.1746666666666665	1.9893333333333334	1.8993333333333333	1.736	1.5693333333333332	1.4553333333333334	1.224	1.188	1.0086666666666666	0.994	0.8013333333333333	0.77	0.6393333333333333	0.6473333333333333	0.5473333333333333	0.514	0.43733333333333335	0.4206666666666667	0.35	0.31066666666666665	0.27466666666666667	0.24266666666666667	0.22466666666666665	0.19133333333333333	0.17133333333333334	0.16933333333333334	0.13533333333333333	0.10533333333333333	0.09733333333333333	0.072	0.072	0.04533333333333334	0.038	0.02666666666666667	0.02666666666666667	0.013333333333333334	0.022	0.011333333333333334	0.006666666666666667	0.002	0.004	0.002	0.0	0.0	0.0	0.0	0.0	0.0	0.0	0.0	0.0	0.0	0.0	0.0	0.0	0.0	0.0	0.0	0.0	0.0	0.0	0.0	0.0	0.0	0.0	0.0	0.0	0.0	0.0	0.0	0.0	0.0	0.0	0.0	0.0	0.0	0.0	0.0	0.0	0.0	0.0	0.0	0.0	0.0	0.0	0.0	0.0	0.0	0.0	0.0	0.0	0.0	
3.4286666666666665	3.3546666666666667	2.97	2.896	2.6386666666666665	2.494	2.3826666666666667	2.248666666666667	2.0206666666666666	1.892	1.73	1.5426666666666666	1.4206666666666667	1.278	1.194	1.028	0.9993333333333333	0.7833333333333333	0.8106666666666666	0.6373333333333333	0.64	0.5453333333333333	0.4846666666666667	0.42533333333333334	0.4026666666666667	0.31866666666666665	0.338	0.2826666666666667	0.25866666666666666	0.21333333333333335	0.178	0.18066666666666667	0.14066666666666666	0.13666666666666666	0.11533333333333333	0.08866666666666667	0.06866666666666667	0.07	0.050666666666666665	0.03933333333333333	0.034	0.023333333333333334	0.019333333333333334	0.018	0.014	0.008	0.009333333333333334	0.0033333333333333335	0.0033333333333333335	0.0013333333333333333	0.0	0.0	0.0	0.0	0.0	0.0	0.0	0.0	0.0	0.0	0.0	0.0	0.0	0.0	0.0	0.0	0.0	0.0	0.0	0.0	0.0	0.0	0.0	0.0	0.0	0.0	0.0	0.0	0.0	0.0	0.0	0.0	0.0	0.0	0.0	0.0	0.0	0.0	0.0	0.0	0.0	0.0	0.0	0.0	0.0	0.0	0.0	0.0	0.0	
3.429333333333333	3.246	2.988	2.8793333333333333	2.6353333333333335	2.5493333333333332	2.3173333333333335	2.1933333333333334	2.009333333333333	1.8333333333333333	1.7973333333333332	1.498	1.3646666666666667	1.272	1.1753333333333333	1.014	0.984	0.8173333333333334	0.7793333333333333	0.6466666666666666	0.656	0.542	0.5186666666666667	0.43	0.4093333333333333	0.3566666666666667	0.3393333333333333	0.274	0.2793333333333333	0.21066666666666667	0.17733333333333334	0.17866666666666667	0.14733333333333334	0.12066666666666667	0.10066666666666667	0.09066666666666667	0.064	0.06666666666666667	0.050666666666666665	0.04933333333333333	0.034666666666666665	0.026	0.018666666666666668	0.02	0.01	0.008666666666666666	0.007333333333333333	0.0026666666666666666	0.0	0.0013333333333333333	0.0006666666666666666	0.0	0.0	0.0	0.0	0.0	0.0	0.0	0.0	0.0	0.0	0.0	0.0	0.0	0.0	0.0	0.0	0.0	0.0	0.0	0.0	0.0	0.0	0.0	0.0	0.0	0.0	0.0	0.0	0.0	0.0	0.0	0.0	0.0	0.0	0.0	0.0	0.0	0.0	0.0	0.0	0.0	0.0	0.0	0.0	0.0	0.0	0.0	0.0	
3.454	3.376	3.0	2.9126666666666665	2.6706666666666665	2.516	2.326	2.156	2.0566666666666666	1.8193333333333332	1.7126666666666666	1.548	1.42	1.2546666666666666	1.202	0.9946666666666667	0.944	0.8233333333333334	0.7993333333333333	0.6533333333333333	0.6606666666666666	0.544	0.528	0.42533333333333334	0.408	0.35533333333333333	0.302	0.29333333333333333	0.23866666666666667	0.22466666666666665	0.20866666666666667	0.16066666666666668	0.14	0.13066666666666665	0.11	0.102	0.08066666666666666	0.062	0.05	0.059333333333333335	0.025333333333333333	0.028	0.018	0.018666666666666668	0.015333333333333332	0.014666666666666666	0.0033333333333333335	0.0026666666666666666	0.0006666666666666666	0.0013333333333333333	0.0	0.0	0.0	0.0	0.0	0.0	0.0	0.0	0.0	0.0	0.0	0.0	0.0	0.0	0.0	0.0	0.0	0.0	0.0	0.0	0.0	0.0	0.0	0.0	0.0	0.0	0.0	0.0	0.0	0.0	0.0	0.0	0.0	0.0	0.0	0.0	0.0	0.0	0.0	0.0	0.0	0.0	0.0	0.0	0.0	0.0	0.0	0.0	0.0	
3.3973333333333335	3.264	2.970666666666667	2.908	2.6306666666666665	2.54	2.432	2.167333333333333	1.9993333333333334	1.8773333333333333	1.7366666666666666	1.5093333333333334	1.374	1.2486666666666666	1.21	1.0173333333333334	0.942	0.8306666666666667	0.7886666666666666	0.6533333333333333	0.6686666666666666	0.504	0.49533333333333335	0.4126666666666667	0.42	0.342	0.31333333333333335	0.252	0.25933333333333336	0.20666666666666667	0.198	0.18666666666666668	0.132	0.12066666666666667	0.09933333333333333	0.08933333333333333	0.076	0.076	0.05533333333333333	0.04066666666666666	0.034666666666666665	0.022	0.016666666666666666	0.014	0.006666666666666667	0.006666666666666667	0.005333333333333333	0.0026666666666666666	0.0006666666666666666	0.0	0.0	0.0	0.0	0.0	0.0	0.0	0.0	0.0	0.0	0.0	0.0	0.0	0.0	0.0	0.0	0.0	0.0	0.0	0.0	0.0	0.0	0.0	0.0	0.0	0.0	0.0	0.0	0.0	0.0	0.0	0.0	0.0	0.0	0.0	0.0	0.0	0.0	0.0	0.0	0.0	0.0	0.0	0.0	0.0	0.0	0.0	0.0	0.0	0.0	
3.3953333333333333	3.358	3.016	2.8793333333333333	2.722	2.566	2.3553333333333333	2.2426666666666666	2.026	1.9073333333333333	1.6946666666666668	1.5073333333333334	1.4033333333333333	1.2453333333333334	1.1366666666666667	0.9946666666666667	1.0246666666666666	0.8226666666666667	0.7973333333333333	0.692	0.636	0.5233333333333333	0.49733333333333335	0.42133333333333334	0.41133333333333333	0.32	0.32466666666666666	0.278	0.23933333333333334	0.19533333333333333	0.18666666666666668	0.16466666666666666	0.14533333333333334	0.12	0.108	0.08933333333333333	0.059333333333333335	0.06066666666666667	0.043333333333333335	0.048	0.038	0.023333333333333334	0.014	0.02266666666666667	0.014	0.008666666666666666	0.005333333333333333	0.004	0.0	0.0006666666666666666	0.0	0.0	0.0	0.0	0.0	0.0	0.0	0.0	0.0	0.0	0.0	0.0	0.0	0.0	0.0	0.0	0.0	0.0	0.0	0.0	0.0	0.0	0.0	0.0	0.0	0.0	0.0	0.0	0.0	0.0	0.0	0.0	0.0	0.0	0.0	0.0	0.0	0.0	0.0	0.0	0.0	0.0	0.0	0.0	0.0	0.0	0.0	0.0	0.0	
3.457333333333333	3.2586666666666666	2.888	2.9086666666666665	2.6113333333333335	2.5726666666666667	2.3213333333333335	2.1593333333333335	2.001333333333333	1.858	1.7606666666666666	1.5326666666666666	1.4066666666666667	1.2553333333333334	1.1553333333333333	0.9826666666666667	0.9	0.8366666666666667	0.7953333333333333	0.6513333333333333	0.6093333333333333	0.5146666666666667	0.5053333333333333	0.40066666666666667	0.412	0.358	0.334	0.26866666666666666	0.24533333333333332	0.19866666666666666	0.19133333333333333	0.15333333333333332	0.148	0.136	0.09866666666666667	0.10866666666666666	0.07733333333333334	0.058666666666666666	0.050666666666666665	0.04533333333333334	0.030666666666666665	0.03266666666666666	0.018	0.022	0.009333333333333334	0.009333333333333334	0.004666666666666667	0.004666666666666667	0.0013333333333333333	0.0006666666666666666	0.0006666666666666666	0.0	0.0	0.0	0.0	0.0	0.0	0.0	0.0	0.0	0.0	0.0	0.0	0.0	0.0	0.0	0.0	0.0	0.0	0.0	0.0	0.0	0.0	0.0	0.0	0.0	0.0	0.0	0.0	0.0	0.0	0.0	0.0	0.0	0.0	0.0	0.0	0.0	0.0	0.0	0.0	0.0	0.0	0.0	0.0	0.0	0.0	0.0	0.0	
3.3446666666666665	3.248666666666667	2.990666666666667	2.8633333333333333	2.676	2.5166666666666666	2.242	2.13	1.9686666666666666	1.8373333333333333	1.698	1.4886666666666666	1.458	1.222	1.1813333333333333	0.9966666666666667	0.94	0.7833333333333333	0.7706666666666667	0.626	0.6306666666666667	0.5293333333333333	0.5233333333333333	0.43533333333333335	0.4053333333333333	0.3353333333333333	0.33866666666666667	0.252	0.268	0.20933333333333334	0.18066666666666667	0.16466666666666666	0.15266666666666667	0.116	0.11	0.092	0.078	0.068	0.051333333333333335	0.042	0.03333333333333333	0.035333333333333335	0.018	0.011333333333333334	0.01	0.004666666666666667	0.004666666666666667	0.0026666666666666666	0.002	0.0013333333333333333	0.0	0.0	0.0	0.0	0.0	0.0	0.0	0.0	0.0	0.0	0.0	0.0	0.0	0.0	0.0	0.0	0.0	0.0	0.0	0.0	0.0	0.0	0.0	0.0	0.0	0.0	0.0	0.0	0.0	0.0	0.0	0.0	0.0	0.0	0.0	0.0	0.0	0.0	0.0	0.0	0.0	0.0	0.0	0.0	0.0	0.0	0.0	0.0	0.0	
3.3233333333333333	3.2293333333333334	3.0473333333333334	2.8833333333333333	2.5753333333333335	2.4526666666666666	2.3553333333333333	2.1253333333333333	2.0573333333333332	1.8146666666666667	1.728	1.554	1.4426666666666668	1.2366666666666666	1.1946666666666668	1.0246666666666666	0.9966666666666667	0.79	0.7853333333333333	0.6506666666666666	0.6373333333333333	0.558	0.5266666666666666	0.428	0.43066666666666664	0.3413333333333333	0.298	0.294	0.26	0.21333333333333335	0.2	0.16066666666666668	0.13866666666666666	0.12333333333333334	0.10333333333333333	0.08466666666666667	0.06466666666666666	0.051333333333333335	0.04733333333333333	0.04933333333333333	0.03133333333333333	0.030666666666666665	0.02266666666666667	0.018	0.01	0.008666666666666666	0.0026666666666666666	0.005333333333333333	0.002	0.0	0.0	0.0	0.0	0.0	0.0	0.0	0.0	0.0	0.0	0.0	0.0	0.0	0.0	0.0	0.0	0.0	0.0	0.0	0.0	0.0	0.0	0.0	0.0	0.0	0.0	0.0	0.0	0.0	0.0	0.0	0.0	0.0	0.0	0.0	0.0	0.0	0.0	0.0	0.0	0.0	0.0	0.0	0.0	0.0	0.0	0.0	0.0	0.0	0.0	
3.3733333333333335	3.3566666666666665	3.002666666666667	2.8466666666666667	2.6393333333333335	2.5793333333333335	2.280666666666667	2.1733333333333333	2.1166666666666667	1.876	1.7253333333333334	1.4926666666666666	1.474	1.2426666666666666	1.1693333333333333	0.986	0.9746666666666667	0.8086666666666666	0.7913333333333333	0.668	0.6373333333333333	0.5466666666666666	0.5153333333333333	0.43133333333333335	0.418	0.3393333333333333	0.30666666666666664	0.2853333333333333	0.22666666666666666	0.21066666666666667	0.196	0.17333333333333334	0.136	0.12666666666666668	0.108	0.08333333333333333	0.07733333333333334	0.06466666666666666	0.05333333333333334	0.04533333333333334	0.034666666666666665	0.03133333333333333	0.016	0.014666666666666666	0.011333333333333334	0.011333333333333334	0.004	0.004	0.0	0.0013333333333333333	0.0	0.0	0.0	0.0	0.0	0.0	0.0	0.0	0.0	0.0	0.0	0.0	0.0	0.0	0.0	0.0	0.0	0.0	0.0	0.0	0.0	0.0	0.0	0.0	0.0	0.0	0.0	0.0	0.0	0.0	0.0	0.0	0.0	0.0	0.0	0.0	0.0	0.0	0.0	0.0	0.0	0.0	0.0	0.0	0.0	0.0	0.0	0.0	0.0	
3.3426666666666667	3.2426666666666666	3.074	2.8946666666666667	2.6466666666666665	2.541333333333333	2.3433333333333333	2.2053333333333334	1.9673333333333334	1.8593333333333333	1.7113333333333334	1.4966666666666666	1.4253333333333333	1.2473333333333334	1.1873333333333334	0.9886666666666667	0.9646666666666667	0.8473333333333334	0.8146666666666667	0.668	0.6626666666666666	0.5266666666666666	0.5406666666666666	0.44	0.414	0.3506666666666667	0.308	0.238	0.224	0.20933333333333334	0.19933333333333333	0.17933333333333334	0.142	0.11066666666666666	0.11933333333333333	0.088	0.06133333333333333	0.07933333333333334	0.050666666666666665	0.04066666666666666	0.038	0.026	0.023333333333333334	0.015333333333333332	0.012666666666666666	0.008	0.005333333333333333	0.004	0.0006666666666666666	0.0013333333333333333	0.0	0.0	0.0	0.0	0.0	0.0	0.0	0.0	0.0	0.0	0.0	0.0	0.0	0.0	0.0	0.0	0.0	0.0	0.0	0.0	0.0	0.0	0.0	0.0	0.0	0.0	0.0	0.0	0.0	0.0	0.0	0.0	0.0	0.0	0.0	0.0	0.0	0.0	0.0	0.0	0.0	0.0	0.0	0.0	0.0	0.0	0.0	0.0	0.0	
3.2706666666666666	3.2693333333333334	2.965333333333333	2.9306666666666668	2.6473333333333335	2.564	2.263333333333333	2.142	1.9793333333333334	1.8566666666666667	1.734	1.536	1.4433333333333334	1.2313333333333334	1.1533333333333333	1.032	0.9226666666666666	0.8486666666666667	0.8253333333333334	0.6526666666666666	0.634	0.526	0.508	0.424	0.4013333333333333	0.352	0.296	0.2806666666666667	0.244	0.21	0.2	0.15933333333333333	0.13066666666666665	0.12533333333333332	0.118	0.09466666666666666	0.084	0.06133333333333333	0.04666666666666667	0.03866666666666667	0.04066666666666666	0.018	0.016	0.020666666666666667	0.013333333333333334	0.006666666666666667	0.0033333333333333335	0.006	0.0013333333333333333	0.0013333333333333333	0.0	0.0	0.0	0.0	0.0	0.0	0.0	0.0	0.0	0.0	0.0	0.0	0.0	0.0	0.0	0.0	0.0	0.0	0.0	0.0	0.0	0.0	0.0	0.0	0.0	0.0	0.0	0.0	0.0	0.0	0.0	0.0	0.0	0.0	0.0	0.0	0.0	0.0	0.0	0.0	0.0	0.0	0.0	0.0	0.0	0.0	0.0	0.0	0.0	
3.4793333333333334	3.2453333333333334	2.932	2.8993333333333333	2.6046666666666667	2.544	2.3373333333333335	2.0913333333333335	1.9746666666666666	1.87	1.7113333333333334	1.548	1.466	1.2186666666666666	1.2453333333333334	1.0073333333333334	0.9413333333333334	0.832	0.754	0.6633333333333333	0.6366666666666667	0.5533333333333333	0.4693333333333333	0.46066666666666667	0.4013333333333333	0.37733333333333335	0.322	0.27266666666666667	0.25	0.212	0.20266666666666666	0.16333333333333333	0.14133333333333334	0.12466666666666666	0.106	0.096	0.06666666666666667	0.06866666666666667	0.052	0.037333333333333336	0.03666666666666667	0.03	0.018	0.014666666666666666	0.009333333333333334	0.009333333333333334	0.006666666666666667	0.0026666666666666666	0.002	0.0	0.0	0.0	0.0	0.0	0.0	0.0	0.0	0.0	0.0	0.0	0.0	0.0	0.0	0.0	0.0	0.0	0.0	0.0	0.0	0.0	0.0	0.0	0.0	0.0	0.0	0.0	0.0	0.0	0.0	0.0	0.0	0.0	0.0	0.0	0.0	0.0	0.0	0.0	0.0	0.0	0.0	0.0	0.0	0.0	0.0	0.0	0.0	0.0	0.0	
3.32	3.260666666666667	2.9366666666666665	2.8726666666666665	2.5966666666666667	2.4286666666666665	2.308666666666667	2.1346666666666665	2.005333333333333	1.82	1.7273333333333334	1.5053333333333334	1.4273333333333333	1.2306666666666666	1.212	1.014	0.9293333333333333	0.8126666666666666	0.7953333333333333	0.6493333333333333	0.6306666666666667	0.5446666666666666	0.4806666666666667	0.42933333333333334	0.38333333333333336	0.32133333333333336	0.32866666666666666	0.278	0.268	0.21733333333333332	0.184	0.17333333333333334	0.13	0.12866666666666668	0.10066666666666667	0.086	0.064	0.068	0.050666666666666665	0.04533333333333334	0.028666666666666667	0.025333333333333333	0.027333333333333334	0.02266666666666667	0.012666666666666666	0.009333333333333334	0.0026666666666666666	0.0026666666666666666	0.0013333333333333333	0.002	0.0	0.0	0.0	0.0	0.0	0.0	0.0	0.0	0.0	0.0	0.0	0.0	0.0	0.0	0.0	0.0	0.0	0.0	0.0	0.0	0.0	0.0	0.0	0.0	0.0	0.0	0.0	0.0	0.0	0.0	0.0	0.0	0.0	0.0	0.0	0.0	0.0	0.0	0.0	0.0	0.0	0.0	0.0	0.0	0.0	0.0	0.0	0.0	0.0	
3.3373333333333335	3.23	2.986666666666667	2.9	2.614	2.534	2.35	2.167333333333333	1.9553333333333334	1.8366666666666667	1.7286666666666666	1.5706666666666667	1.4206666666666667	1.2773333333333334	1.1846666666666668	1.0206666666666666	0.9073333333333333	0.8193333333333334	0.7766666666666666	0.6693333333333333	0.6193333333333333	0.536	0.48933333333333334	0.44533333333333336	0.4	0.3586666666666667	0.3333333333333333	0.2786666666666667	0.21933333333333332	0.216	0.20533333333333334	0.18466666666666667	0.15	0.128	0.10133333333333333	0.09	0.07933333333333334	0.06933333333333333	0.05266666666666667	0.04533333333333334	0.034666666666666665	0.027333333333333334	0.024	0.012666666666666666	0.006	0.008	0.007333333333333333	0.0026666666666666666	0.0006666666666666666	0.0006666666666666666	0.0	0.0	0.0	0.0	0.0	0.0	0.0	0.0	0.0	0.0	0.0	0.0	0.0	0.0	0.0	0.0	0.0	0.0	0.0	0.0	0.0	0.0	0.0	0.0	0.0	0.0	0.0	0.0	0.0	0.0	0.0	0.0	0.0	0.0	0.0	0.0	0.0	0.0	0.0	0.0	0.0	0.0	0.0	0.0	0.0	0.0	0.0	0.0	0.0	
3.4193333333333333	3.271333333333333	2.9	2.8233333333333333	2.6473333333333335	2.568	2.302	2.1926666666666668	1.998	1.87	1.718	1.546	1.42	1.2086666666666666	1.1766666666666667	0.9973333333333333	0.9573333333333334	0.848	0.7753333333333333	0.6493333333333333	0.598	0.544	0.5206666666666667	0.44466666666666665	0.4126666666666667	0.32	0.30733333333333335	0.25866666666666666	0.24266666666666667	0.21066666666666667	0.17666666666666667	0.156	0.128	0.14266666666666666	0.09866666666666667	0.09133333333333334	0.08533333333333333	0.064	0.054	0.048	0.028666666666666667	0.028666666666666667	0.021333333333333333	0.019333333333333334	0.012	0.014	0.004	0.004666666666666667	0.0	0.0006666666666666666	0.0	0.0	0.0	0.0	0.0	0.0	0.0	0.0	0.0	0.0	0.0	0.0	0.0	0.0	0.0	0.0	0.0	0.0	0.0	0.0	0.0	0.0	0.0	0.0	0.0	0.0	0.0	0.0	0.0	0.0	0.0	0.0	0.0	0.0	0.0	0.0	0.0	0.0	0.0	0.0	0.0	0.0	0.0	0.0	0.0	0.0	0.0	0.0	0.0	
3.4153333333333333	3.235333333333333	2.8746666666666667	2.856	2.6966666666666668	2.492	2.3973333333333335	2.1946666666666665	1.9633333333333334	1.8253333333333333	1.6966666666666668	1.554	1.4126666666666667	1.2513333333333334	1.2146666666666666	0.9553333333333334	0.9506666666666667	0.786	0.766	0.65	0.622	0.526	0.524	0.47	0.406	0.31866666666666665	0.3006666666666667	0.2733333333333333	0.24266666666666667	0.21066666666666667	0.184	0.16333333333333333	0.12733333333333333	0.11266666666666666	0.132	0.08733333333333333	0.07466666666666667	0.072	0.056666666666666664	0.048666666666666664	0.034666666666666665	0.02666666666666667	0.034666666666666665	0.018666666666666668	0.008	0.008	0.002	0.0026666666666666666	0.0013333333333333333	0.0013333333333333333	0.0	0.0	0.0	0.0	0.0	0.0	0.0	0.0	0.0	0.0	0.0	0.0	0.0	0.0	0.0	0.0	0.0	0.0	0.0	0.0	0.0	0.0	0.0	0.0	0.0	0.0	0.0	0.0	0.0	0.0	0.0	0.0	0.0	0.0	0.0	0.0	0.0	0.0	0.0	0.0	0.0	0.0	0.0	0.0	0.0	0.0	0.0	0.0	0.0	
3.384	3.312666666666667	3.0113333333333334	2.8293333333333335	2.6266666666666665	2.437333333333333	2.271333333333333	2.12	2.022666666666667	1.8406666666666667	1.7073333333333334	1.4993333333333334	1.4133333333333333	1.172	1.1846666666666668	0.9846666666666667	0.9806666666666667	0.8486666666666667	0.778	0.644	0.6593333333333333	0.5113333333333333	0.5153333333333333	0.43733333333333335	0.39466666666666667	0.3433333333333333	0.308	0.2753333333333333	0.23066666666666666	0.21266666666666667	0.188	0.15	0.132	0.13266666666666665	0.11066666666666666	0.092	0.08333333333333333	0.06666666666666667	0.05333333333333334	0.042	0.04066666666666666	0.03133333333333333	0.025333333333333333	0.018666666666666668	0.009333333333333334	0.013333333333333334	0.007333333333333333	0.004	0.0013333333333333333	0.0006666666666666666	0.0	0.0	0.0	0.0	0.0	0.0	0.0	0.0	0.0	0.0	0.0	0.0	0.0	0.0	0.0	0.0	0.0	0.0	0.0	0.0	0.0	0.0	0.0	0.0	0.0	0.0	0.0	0.0	0.0	0.0	0.0	0.0	0.0	0.0	0.0	0.0	0.0	0.0	0.0	0.0	0.0	0.0	0.0	0.0	0.0	0.0	0.0	0.0	0.0	
3.3386666666666667	3.256	2.9233333333333333	2.9313333333333333	2.6433333333333335	2.4833333333333334	2.296	2.178	2.038666666666667	1.7993333333333332	1.6953333333333334	1.5273333333333334	1.4246666666666667	1.1873333333333334	1.1473333333333333	0.998	0.9533333333333334	0.768	0.7473333333333333	0.6453333333333333	0.6346666666666667	0.5366666666666666	0.482	0.416	0.40066666666666667	0.35333333333333333	0.31933333333333336	0.2866666666666667	0.23533333333333334	0.20533333333333334	0.2	0.14666666666666667	0.14666666666666667	0.12066666666666667	0.108	0.086	0.08	0.08266666666666667	0.04666666666666667	0.04666666666666667	0.038	0.032	0.014666666666666666	0.015333333333333332	0.006666666666666667	0.007333333333333333	0.006	0.006	0.002	0.0	0.0	0.0	0.0	0.0	0.0	0.0	0.0	0.0	0.0	0.0	0.0	0.0	0.0	0.0	0.0	0.0	0.0	0.0	0.0	0.0	0.0	0.0	0.0	0.0	0.0	0.0	0.0	0.0	0.0	0.0	0.0	0.0	0.0	0.0	0.0	0.0	0.0	0.0	0.0	0.0	0.0	0.0	0.0	0.0	0.0	0.0	0.0	0.0	0.0	
3.344	3.252666666666667	2.844	2.83	2.5353333333333334	2.502	2.259333333333333	2.1286666666666667	2.0046666666666666	1.7613333333333334	1.708	1.4966666666666666	1.4166666666666667	1.276	1.1813333333333333	1.018	0.9613333333333334	0.8093333333333333	0.774	0.6673333333333333	0.6013333333333334	0.524	0.4746666666666667	0.4106666666666667	0.39666666666666667	0.35333333333333333	0.316	0.27266666666666667	0.25333333333333335	0.20666666666666667	0.18733333333333332	0.158	0.13333333333333333	0.11933333333333333	0.096	0.082	0.074	0.06533333333333333	0.05333333333333334	0.043333333333333335	0.03333333333333333	0.03	0.026	0.013333333333333334	0.011333333333333334	0.007333333333333333	0.008	0.0026666666666666666	0.0	0.0	0.0	0.0	0.0	0.0	0.0	0.0	0.0	0.0	0.0	0.0	0.0	0.0	0.0	0.0	0.0	0.0	0.0	0.0	0.0	0.0	0.0	0.0	0.0	0.0	0.0	0.0	0.0	0.0	0.0	0.0	0.0	0.0	0.0	0.0	0.0	0.0	0.0	0.0	0.0	0.0	0.0	0.0	0.0	0.0	0.0	0.0	0.0	0.0	0.0	
3.3486666666666665	3.1693333333333333	3.018	2.832666666666667	2.578	2.396	2.3113333333333332	2.1193333333333335	2.006	1.764	1.7066666666666668	1.5393333333333334	1.4446666666666668	1.1713333333333333	1.1446666666666667	0.9946666666666667	0.9073333333333333	0.7866666666666666	0.7426666666666667	0.6433333333333333	0.5953333333333334	0.5366666666666666	0.4846666666666667	0.42866666666666664	0.4126666666666667	0.3426666666666667	0.33466666666666667	0.272	0.242	0.21	0.182	0.15266666666666667	0.15666666666666668	0.128	0.09933333333333333	0.08133333333333333	0.06266666666666666	0.058	0.052	0.044	0.03666666666666667	0.03266666666666666	0.021333333333333333	0.017333333333333333	0.014	0.009333333333333334	0.004666666666666667	0.0006666666666666666	0.002	0.0006666666666666666	0.0	0.0	0.0	0.0	0.0	0.0	0.0	0.0	0.0	0.0	0.0	0.0	0.0	0.0	0.0	0.0	0.0	0.0	0.0	0.0	0.0	0.0	0.0	0.0	0.0	0.0	0.0	0.0	0.0	0.0	0.0	0.0	0.0	0.0	0.0	0.0	0.0	0.0	0.0	0.0	0.0	0.0	0.0	0.0	0.0	0.0	0.0	0.0	0.0	
3.328	3.2953333333333332	3.026	2.9073333333333333	2.5913333333333335	2.572	2.278	2.158	1.946	1.8386666666666667	1.734	1.5233333333333334	1.3826666666666667	1.282	1.1473333333333333	1.0253333333333334	0.9093333333333333	0.8193333333333334	0.7806666666666666	0.7093333333333334	0.6486666666666666	0.536	0.49266666666666664	0.43066666666666664	0.40066666666666667	0.3233333333333333	0.31666666666666665	0.2733333333333333	0.24	0.208	0.21066666666666667	0.16666666666666666	0.13666666666666666	0.12333333333333334	0.1	0.08533333333333333	0.07266666666666667	0.06666666666666667	0.058666666666666666	0.042	0.030666666666666665	0.026	0.014666666666666666	0.018666666666666668	0.016666666666666666	0.009333333333333334	0.004	0.002	0.0006666666666666666	0.0013333333333333333	0.0	0.0	0.0	0.0	0.0	0.0	0.0	0.0	0.0	0.0	0.0	0.0	0.0	0.0	0.0	0.0	0.0	0.0	0.0	0.0	0.0	0.0	0.0	0.0	0.0	0.0	0.0	0.0	0.0	0.0	0.0	0.0	0.0	0.0	0.0	0.0	0.0	0.0	0.0	0.0	0.0	0.0	0.0	0.0	0.0	0.0	0.0	0.0	0.0	
3.302	3.1593333333333335	2.998	2.8153333333333332	2.6046666666666667	2.56	2.336	2.1486666666666667	1.9806666666666666	1.828	1.7673333333333334	1.4413333333333334	1.4093333333333333	1.196	1.174	1.0253333333333334	0.9466666666666667	0.78	0.7473333333333333	0.628	0.584	0.5453333333333333	0.4826666666666667	0.44666666666666666	0.404	0.35	0.32066666666666666	0.2813333333333333	0.24	0.21066666666666667	0.20133333333333334	0.16066666666666668	0.13266666666666665	0.12333333333333334	0.11066666666666666	0.07933333333333334	0.07133333333333333	0.06333333333333334	0.048666666666666664	0.052	0.03133333333333333	0.028666666666666667	0.021333333333333333	0.015333333333333332	0.012	0.008666666666666666	0.006666666666666667	0.004	0.0033333333333333335	0.0006666666666666666	0.0	0.0	0.0	0.0	0.0	0.0	0.0	0.0	0.0	0.0	0.0	0.0	0.0	0.0	0.0	0.0	0.0	0.0	0.0	0.0	0.0	0.0	0.0	0.0	0.0	0.0	0.0	0.0	0.0	0.0	0.0	0.0	0.0	0.0	0.0	0.0	0.0	0.0	0.0	0.0	0.0	0.0	0.0	0.0	0.0	0.0	0.0	0.0	0.0	
3.298	3.240666666666667	2.92	2.8513333333333333	2.608	2.518	2.3526666666666665	2.218	1.9366666666666668	1.8213333333333332	1.7366666666666666	1.4553333333333334	1.4406666666666668	1.2933333333333332	1.1513333333333333	0.9953333333333333	0.94	0.7926666666666666	0.7413333333333333	0.6093333333333333	0.6113333333333333	0.5246666666666666	0.44666666666666666	0.43333333333333335	0.4046666666666667	0.3353333333333333	0.312	0.26	0.24866666666666667	0.20533333333333334	0.18866666666666668	0.16333333333333333	0.13866666666666666	0.13666666666666666	0.108	0.092	0.06733333333333333	0.06466666666666666	0.05533333333333333	0.046	0.038	0.035333333333333335	0.015333333333333332	0.013333333333333334	0.011333333333333334	0.008	0.004666666666666667	0.0033333333333333335	0.002	0.002	0.0	0.0	0.0	0.0	0.0	0.0	0.0	0.0	0.0	0.0	0.0	0.0	0.0	0.0	0.0	0.0	0.0	0.0	0.0	0.0	0.0	0.0	0.0	0.0	0.0	0.0	0.0	0.0	0.0	0.0	0.0	0.0	0.0	0.0	0.0	0.0	0.0	0.0	0.0	0.0	0.0	0.0	0.0	0.0	0.0	0.0	0.0	0.0	0.0	
3.256	3.146	2.898	2.852	2.578	2.5193333333333334	2.268666666666667	2.1453333333333333	2.037333333333333	1.832	1.7126666666666666	1.506	1.394	1.2166666666666666	1.1286666666666667	0.9753333333333334	0.946	0.7946666666666666	0.8126666666666666	0.6206666666666667	0.6106666666666667	0.5346666666666666	0.48533333333333334	0.44733333333333336	0.4146666666666667	0.31933333333333336	0.32133333333333336	0.2653333333333333	0.22333333333333333	0.20133333333333334	0.20333333333333334	0.15933333333333333	0.14	0.11466666666666667	0.11333333333333333	0.09066666666666667	0.07866666666666666	0.06066666666666667	0.056	0.059333333333333335	0.032	0.03	0.02	0.017333333333333333	0.011333333333333334	0.007333333333333333	0.004666666666666667	0.007333333333333333	0.0	0.0	0.0	0.0	0.0	0.0	0.0	0.0	0.0	0.0	0.0	0.0	0.0	0.0	0.0	0.0	0.0	0.0	0.0	0.0	0.0	0.0	0.0	0.0	0.0	0.0	0.0	0.0	0.0	0.0	0.0	0.0	0.0	0.0	0.0	0.0	0.0	0.0	0.0	0.0	0.0	0.0	0.0	0.0	0.0	0.0	0.0	0.0	0.0	0.0	0.0	
3.2293333333333334	3.186	2.934	2.8066666666666666	2.584	2.5646666666666667	2.212	2.146	1.9806666666666666	1.8053333333333332	1.7086666666666666	1.482	1.3986666666666667	1.2533333333333334	1.0773333333333333	0.9786666666666667	0.932	0.8066666666666666	0.7713333333333333	0.6446666666666667	0.6366666666666667	0.53	0.488	0.4653333333333333	0.3953333333333333	0.31	0.30666666666666664	0.2693333333333333	0.27	0.20866666666666667	0.17	0.158	0.146	0.11666666666666667	0.116	0.09266666666666666	0.078	0.07466666666666667	0.05	0.043333333333333335	0.03333333333333333	0.03333333333333333	0.021333333333333333	0.016	0.008666666666666666	0.009333333333333334	0.004	0.005333333333333333	0.0026666666666666666	0.0	0.0006666666666666666	0.0	0.0	0.0	0.0	0.0	0.0	0.0	0.0	0.0	0.0	0.0	0.0	0.0	0.0	0.0	0.0	0.0	0.0	0.0	0.0	0.0	0.0	0.0	0.0	0.0	0.0	0.0	0.0	0.0	0.0	0.0	0.0	0.0	0.0	0.0	0.0	0.0	0.0	0.0	0.0	0.0	0.0	0.0	0.0	0.0	0.0	0.0	0.0	
3.3233333333333333	3.220666666666667	2.954	2.888	2.618	2.4633333333333334	2.2013333333333334	2.142	2.038	1.7646666666666666	1.7166666666666666	1.5273333333333334	1.4306666666666668	1.2066666666666668	1.1206666666666667	0.996	0.9413333333333334	0.818	0.7433333333333333	0.6773333333333333	0.6093333333333333	0.522	0.532	0.42133333333333334	0.3993333333333333	0.31066666666666665	0.34	0.2673333333333333	0.24	0.21666666666666667	0.18533333333333332	0.17333333333333334	0.12866666666666668	0.122	0.096	0.1	0.07066666666666667	0.074	0.048	0.04733333333333333	0.036	0.03	0.018666666666666668	0.019333333333333334	0.016	0.006	0.0026666666666666666	0.007333333333333333	0.0033333333333333335	0.0	0.0	0.0	0.0	0.0	0.0	0.0	0.0	0.0	0.0	0.0	0.0	0.0	0.0	0.0	0.0	0.0	0.0	0.0	0.0	0.0	0.0	0.0	0.0	0.0	0.0	0.0	0.0	0.0	0.0	0.0	0.0	0.0	0.0	0.0	0.0	0.0	0.0	0.0	0.0	0.0	0.0	0.0	0.0	0.0	0.0	0.0	0.0	0.0	0.0	
3.300666666666667	3.1893333333333334	2.898	2.8306666666666667	2.494	2.47	2.298	2.1486666666666667	1.942	1.788	1.6653333333333333	1.5466666666666666	1.4206666666666667	1.2426666666666666	1.138	0.9726666666666667	0.9346666666666666	0.8146666666666667	0.7133333333333334	0.6353333333333333	0.6233333333333333	0.51	0.49733333333333335	0.41933333333333334	0.4046666666666667	0.31666666666666665	0.282	0.2733333333333333	0.226	0.21066666666666667	0.16666666666666666	0.14666666666666667	0.14266666666666666	0.12	0.09333333333333334	0.09266666666666666	0.068	0.07266666666666667	0.058666666666666666	0.03933333333333333	0.036	0.03	0.022	0.015333333333333332	0.012	0.008	0.0013333333333333333	0.002	0.0006666666666666666	0.0	0.0	0.0	0.0	0.0	0.0	0.0	0.0	0.0	0.0	0.0	0.0	0.0	0.0	0.0	0.0	0.0	0.0	0.0	0.0	0.0	0.0	0.0	0.0	0.0	0.0	0.0	0.0	0.0	0.0	0.0	0.0	0.0	0.0	0.0	0.0	0.0	0.0	0.0	0.0	0.0	0.0	0.0	0.0	0.0	0.0	0.0	0.0	0.0	0.0	
3.288666666666667	3.199333333333333	2.97	2.8346666666666667	2.6466666666666665	2.4526666666666666	2.3446666666666665	2.191333333333333	1.94	1.802	1.6973333333333334	1.4786666666666666	1.418	1.206	1.1646666666666667	0.984	0.9453333333333334	0.83	0.764	0.6793333333333333	0.6393333333333333	0.514	0.48933333333333334	0.41533333333333333	0.40066666666666667	0.3466666666666667	0.2926666666666667	0.27066666666666667	0.23266666666666666	0.206	0.19733333333333333	0.15466666666666667	0.15733333333333333	0.12733333333333333	0.09733333333333333	0.08466666666666667	0.08733333333333333	0.06666666666666667	0.048	0.04733333333333333	0.03333333333333333	0.028	0.018	0.015333333333333332	0.005333333333333333	0.009333333333333334	0.005333333333333333	0.0033333333333333335	0.0006666666666666666	0.0	0.0	0.0	0.0	0.0	0.0	0.0	0.0	0.0	0.0	0.0	0.0	0.0	0.0	0.0	0.0	0.0	0.0	0.0	0.0	0.0	0.0	0.0	0.0	0.0	0.0	0.0	0.0	0.0	0.0	0.0	0.0	0.0	0.0	0.0	0.0	0.0	0.0	0.0	0.0	0.0	0.0	0.0	0.0	0.0	0.0	0.0	0.0	0.0	0.0	
3.3333333333333335	3.21	2.94	2.824666666666667	2.5726666666666667	2.461333333333333	2.2586666666666666	2.1653333333333333	1.95	1.88	1.6713333333333333	1.5133333333333334	1.4053333333333333	1.244	1.1166666666666667	0.9753333333333334	0.9426666666666667	0.8033333333333333	0.742	0.6513333333333333	0.606	0.526	0.49533333333333335	0.4073333333333333	0.3933333333333333	0.336	0.3293333333333333	0.252	0.25	0.222	0.19666666666666666	0.15333333333333332	0.13666666666666666	0.132	0.09933333333333333	0.102	0.068	0.06266666666666666	0.04066666666666666	0.03933333333333333	0.03266666666666666	0.02666666666666667	0.03133333333333333	0.017333333333333333	0.010666666666666666	0.008666666666666666	0.004666666666666667	0.0033333333333333335	0.0	0.0026666666666666666	0.0	0.0	0.0	0.0	0.0	0.0	0.0	0.0	0.0	0.0	0.0	0.0	0.0	0.0	0.0	0.0	0.0	0.0	0.0	0.0	0.0	0.0	0.0	0.0	0.0	0.0	0.0	0.0	0.0	0.0	0.0	0.0	0.0	0.0	0.0	0.0	0.0	0.0	0.0	0.0	0.0	0.0	0.0	0.0	0.0	0.0	0.0	0.0	0.0	
3.26	3.23	3.0153333333333334	2.7946666666666666	2.6406666666666667	2.461333333333333	2.302	2.1406666666666667	1.996	1.7793333333333334	1.7186666666666666	1.5146666666666666	1.3846666666666667	1.198	1.1606666666666667	0.9926666666666667	0.9133333333333333	0.7806666666666666	0.766	0.6286666666666667	0.6326666666666667	0.514	0.5013333333333333	0.43533333333333335	0.37266666666666665	0.328	0.29333333333333333	0.2633333333333333	0.24533333333333332	0.192	0.19866666666666666	0.17733333333333334	0.15066666666666667	0.11333333333333333	0.088	0.08533333333333333	0.07866666666666666	0.066	0.056	0.03933333333333333	0.02666666666666667	0.028	0.016	0.03133333333333333	0.013333333333333334	0.007333333333333333	0.004	0.005333333333333333	0.0	0.0006666666666666666	0.0	0.0	0.0	0.0	0.0	0.0	0.0	0.0	0.0	0.0	0.0	0.0	0.0	0.0	0.0	0.0	0.0	0.0	0.0	0.0	0.0	0.0	0.0	0.0	0.0	0.0	0.0	0.0	0.0	0.0	0.0	0.0	0.0	0.0	0.0	0.0	0.0	0.0	0.0	0.0	0.0	0.0	0.0	0.0	0.0	0.0	0.0	0.0	0.0	
3.288666666666667	3.208666666666667	2.946	2.788	2.58	2.453333333333333	2.2666666666666666	2.1393333333333335	1.9686666666666666	1.81	1.696	1.4766666666666666	1.4173333333333333	1.2	1.158	1.0013333333333334	0.9613333333333334	0.7873333333333333	0.7586666666666667	0.6413333333333333	0.6226666666666667	0.5366666666666666	0.5173333333333333	0.44133333333333336	0.39466666666666667	0.3313333333333333	0.31933333333333336	0.27466666666666667	0.22466666666666665	0.198	0.19266666666666668	0.14333333333333334	0.12666666666666668	0.10933333333333334	0.10733333333333334	0.11133333333333334	0.07	0.06466666666666666	0.05266666666666667	0.04133333333333333	0.034666666666666665	0.030666666666666665	0.02	0.02	0.011333333333333334	0.006666666666666667	0.004	0.004	0.0013333333333333333	0.0006666666666666666	0.0	0.0	0.0	0.0	0.0	0.0	0.0	0.0	0.0	0.0	0.0	0.0	0.0	0.0	0.0	0.0	0.0	0.0	0.0	0.0	0.0	0.0	0.0	0.0	0.0	0.0	0.0	0.0	0.0	0.0	0.0	0.0	0.0	0.0	0.0	0.0	0.0	0.0	0.0	0.0	0.0	0.0	0.0	0.0	0.0	0.0	0.0	0.0	0.0	
3.248	3.166	2.8773333333333335	2.756	2.6453333333333333	2.5193333333333334	2.255333333333333	2.1153333333333335	1.99	1.8166666666666667	1.6993333333333334	1.4893333333333334	1.4126666666666667	1.1846666666666668	1.134	0.9846666666666667	0.9253333333333333	0.8333333333333334	0.8153333333333334	0.6546666666666666	0.59	0.512	0.5153333333333333	0.396	0.378	0.31666666666666665	0.296	0.28	0.23133333333333334	0.226	0.176	0.14466666666666667	0.128	0.13	0.08933333333333333	0.088	0.076	0.064	0.05333333333333334	0.04733333333333333	0.03266666666666666	0.029333333333333333	0.018	0.022	0.012666666666666666	0.004	0.0013333333333333333	0.0033333333333333335	0.0026666666666666666	0.0	0.0	0.0	0.0	0.0	0.0	0.0	0.0	0.0	0.0	0.0	0.0	0.0	0.0	0.0	0.0	0.0	0.0	0.0	0.0	0.0	0.0	0.0	0.0	0.0	0.0	0.0	0.0	0.0	0.0	0.0	0.0	0.0	0.0	0.0	0.0	0.0	0.0	0.0	0.0	0.0	0.0	0.0	0.0	0.0	0.0	0.0	0.0	0.0	0.0	
3.298	3.244	2.948	2.8	2.594	2.448	2.2493333333333334	2.104	1.924	1.8266666666666667	1.7053333333333334	1.536	1.3846666666666667	1.238	1.098	0.97	0.9273333333333333	0.7946666666666666	0.762	0.64	0.6053333333333333	0.526	0.49933333333333335	0.4073333333333333	0.4093333333333333	0.35733333333333334	0.3293333333333333	0.24533333333333332	0.244	0.19733333333333333	0.19533333333333333	0.17533333333333334	0.14333333333333334	0.112	0.112	0.09066666666666667	0.08266666666666667	0.06933333333333333	0.06	0.042	0.025333333333333333	0.03133333333333333	0.021333333333333333	0.010666666666666666	0.008666666666666666	0.007333333333333333	0.006666666666666667	0.0013333333333333333	0.0	0.0006666666666666666	0.0	0.0	0.0	0.0	0.0	0.0	0.0	0.0	0.0	0.0	0.0	0.0	0.0	0.0	0.0	0.0	0.0	0.0	0.0	0.0	0.0	0.0	0.0	0.0	0.0	0.0	0.0	0.0	0.0	0.0	0.0	0.0	0.0	0.0	0.0	0.0	0.0	0.0	0.0	0.0	0.0	0.0	0.0	0.0	0.0	0.0	0.0	0.0	0.0	
3.2626666666666666	3.235333333333333	2.8666666666666667	2.800666666666667	2.5973333333333333	2.4633333333333334	2.2413333333333334	2.1206666666666667	1.8666666666666667	1.8126666666666666	1.6766666666666667	1.5513333333333332	1.404	1.2013333333333334	1.154	0.9566666666666667	0.9246666666666666	0.76	0.7946666666666666	0.642	0.6346666666666667	0.49333333333333335	0.49733333333333335	0.406	0.37533333333333335	0.338	0.3273333333333333	0.26866666666666666	0.23066666666666666	0.204	0.18133333333333335	0.18133333333333335	0.134	0.12533333333333332	0.10733333333333334	0.09266666666666666	0.08066666666666666	0.06133333333333333	0.052	0.04933333333333333	0.03933333333333333	0.032	0.019333333333333334	0.014666666666666666	0.009333333333333334	0.006666666666666667	0.004666666666666667	0.0033333333333333335	0.002	0.0	0.0	0.0	0.0	0.0	0.0	0.0	0.0	0.0	0.0	0.0	0.0	0.0	0.0	0.0	0.0	0.0	0.0	0.0	0.0	0.0	0.0	0.0	0.0	0.0	0.0	0.0	0.0	0.0	0.0	0.0	0.0	0.0	0.0	0.0	0.0	0.0	0.0	0.0	0.0	0.0	0.0	0.0	0.0	0.0	0.0	0.0	0.0	0.0	0.0	
3.326	3.215333333333333	2.978	2.8873333333333333	2.508	2.412	2.3253333333333335	2.0813333333333333	2.02	1.8066666666666666	1.6233333333333333	1.4733333333333334	1.4473333333333334	1.2046666666666668	1.09	0.972	0.926	0.796	0.7873333333333333	0.6686666666666666	0.6166666666666667	0.508	0.5093333333333333	0.37	0.406	0.31	0.31533333333333335	0.278	0.24266666666666667	0.22133333333333333	0.17066666666666666	0.17466666666666666	0.13466666666666666	0.12266666666666666	0.09733333333333333	0.09133333333333334	0.07866666666666666	0.058	0.058666666666666666	0.04066666666666666	0.024	0.03133333333333333	0.014666666666666666	0.017333333333333333	0.010666666666666666	0.010666666666666666	0.0026666666666666666	0.002	0.0	0.0006666666666666666	0.0	0.0	0.0	0.0	0.0	0.0	0.0	0.0	0.0	0.0	0.0	0.0	0.0	0.0	0.0	0.0	0.0	0.0	0.0	0.0	0.0	0.0	0.0	0.0	0.0	0.0	0.0	0.0	0.0	0.0	0.0	0.0	0.0	0.0	0.0	0.0	0.0	0.0	0.0	0.0	0.0	0.0	0.0	0.0	0.0	0.0	0.0	0.0	0.0	
3.3373333333333335	3.215333333333333	2.973333333333333	2.81	2.598	2.537333333333333	2.2786666666666666	2.1226666666666665	1.9546666666666668	1.7886666666666666	1.69	1.52	1.372	1.1506666666666667	1.1206666666666667	1.0013333333333334	0.912	0.7966666666666666	0.7913333333333333	0.6626666666666666	0.62	0.526	0.5006666666666667	0.3993333333333333	0.38666666666666666	0.338	0.31466666666666665	0.27466666666666667	0.22733333333333333	0.19666666666666666	0.17866666666666667	0.146	0.13	0.116	0.10733333333333334	0.086	0.07933333333333334	0.06866666666666667	0.058666666666666666	0.04666666666666667	0.043333333333333335	0.034666666666666665	0.022	0.021333333333333333	0.017333333333333333	0.004666666666666667	0.006	0.0033333333333333335	0.002	0.0	0.0	0.0	0.0	0.0	0.0	0.0	0.0	0.0	0.0	0.0	0.0	0.0	0.0	0.0	0.0	0.0	0.0	0.0	0.0	0.0	0.0	0.0	0.0	0.0	0.0	0.0	0.0	0.0	0.0	0.0	0.0	0.0	0.0	0.0	0.0	0.0	0.0	0.0	0.0	0.0	0.0	0.0	0.0	0.0	0.0	0.0	0.0	0.0	0.0	
3.2746666666666666	3.192	2.874	2.784	2.6293333333333333	2.462666666666667	2.2333333333333334	2.0946666666666665	1.9873333333333334	1.7753333333333334	1.6686666666666667	1.504	1.39	1.1886666666666668	1.1513333333333333	0.9746666666666667	0.9593333333333334	0.824	0.7046666666666667	0.622	0.604	0.52	0.48733333333333334	0.4086666666666667	0.3973333333333333	0.31066666666666665	0.33866666666666667	0.2786666666666667	0.27066666666666667	0.216	0.18066666666666667	0.17133333333333334	0.13533333333333333	0.11333333333333333	0.09466666666666666	0.07933333333333334	0.07666666666666666	0.07266666666666667	0.05	0.048666666666666664	0.03866666666666667	0.023333333333333334	0.021333333333333333	0.021333333333333333	0.008666666666666666	0.004666666666666667	0.006666666666666667	0.0006666666666666666	0.0006666666666666666	0.0	0.0006666666666666666	0.0	0.0	0.0	0.0	0.0	0.0	0.0	0.0	0.0	0.0	0.0	0.0	0.0	0.0	0.0	0.0	0.0	0.0	0.0	0.0	0.0	0.0	0.0	0.0	0.0	0.0	0.0	0.0	0.0	0.0	0.0	0.0	0.0	0.0	0.0	0.0	0.0	0.0	0.0	0.0	0.0	0.0	0.0	0.0	0.0	0.0	0.0	0.0	
3.2386666666666666	3.226	2.93	2.8026666666666666	2.6373333333333333	2.4006666666666665	2.276666666666667	2.0813333333333333	1.9673333333333334	1.7893333333333334	1.7066666666666668	1.4853333333333334	1.4686666666666666	1.1993333333333334	1.1466666666666667	0.99	0.974	0.76	0.768	0.672	0.5993333333333334	0.482	0.48333333333333334	0.4226666666666667	0.4186666666666667	0.33266666666666667	0.32466666666666666	0.24266666666666667	0.23133333333333334	0.20466666666666666	0.168	0.168	0.144	0.116	0.124	0.09533333333333334	0.06866666666666667	0.05533333333333333	0.04533333333333334	0.04133333333333333	0.034	0.027333333333333334	0.029333333333333333	0.016666666666666666	0.012666666666666666	0.008666666666666666	0.004666666666666667	0.0026666666666666666	0.0026666666666666666	0.0006666666666666666	0.0013333333333333333	0.0	0.0	0.0	0.0	0.0	0.0	0.0	0.0	0.0	0.0	0.0	0.0	0.0	0.0	0.0	0.0	0.0	0.0	0.0	0.0	0.0	0.0	0.0	0.0	0.0	0.0	0.0	0.0	0.0	0.0	0.0	0.0	0.0	0.0	0.0	0.0	0.0	0.0	0.0	0.0	0.0	0.0	0.0	0.0	0.0	0.0	0.0	0.0	
3.336	3.1513333333333335	2.9246666666666665	2.7993333333333332	2.5733333333333333	2.396	2.29	2.15	1.996	1.7773333333333334	1.6706666666666667	1.3906666666666667	1.4346666666666668	1.2366666666666666	1.1773333333333333	1.022	0.944	0.754	0.78	0.6133333333333333	0.6166666666666667	0.524	0.5266666666666666	0.406	0.3893333333333333	0.322	0.3	0.2653333333333333	0.242	0.21933333333333332	0.164	0.16933333333333334	0.13	0.13	0.10333333333333333	0.09133333333333334	0.07533333333333334	0.07066666666666667	0.048	0.04666666666666667	0.04066666666666666	0.036	0.025333333333333333	0.010666666666666666	0.009333333333333334	0.008	0.004	0.002	0.0013333333333333333	0.0	0.0006666666666666666	0.0	0.0	0.0	0.0	0.0	0.0	0.0	0.0	0.0	0.0	0.0	0.0	0.0	0.0	0.0	0.0	0.0	0.0	0.0	0.0	0.0	0.0	0.0	0.0	0.0	0.0	0.0	0.0	0.0	0.0	0.0	0.0	0.0	0.0	0.0	0.0	0.0	0.0	0.0	0.0	0.0	0.0	0.0	0.0	0.0	0.0	0.0	0.0	
3.324	3.2173333333333334	2.9506666666666668	2.8773333333333335	2.4646666666666666	2.3886666666666665	2.174	2.058666666666667	1.9606666666666666	1.764	1.6666666666666667	1.4493333333333334	1.408	1.204	1.202	0.9513333333333334	0.9513333333333334	0.7946666666666666	0.784	0.6273333333333333	0.604	0.5126666666666667	0.49333333333333335	0.428	0.4046666666666667	0.32866666666666666	0.32133333333333336	0.29133333333333333	0.23933333333333334	0.20133333333333334	0.198	0.16866666666666666	0.12733333333333333	0.12666666666666668	0.10533333333333333	0.08	0.06	0.058666666666666666	0.051333333333333335	0.05	0.03333333333333333	0.03266666666666666	0.019333333333333334	0.016	0.01	0.0033333333333333335	0.005333333333333333	0.004	0.0006666666666666666	0.0	0.0	0.0	0.0	0.0	0.0	0.0	0.0	0.0	0.0	0.0	0.0	0.0	0.0	0.0	0.0	0.0	0.0	0.0	0.0	0.0	0.0	0.0	0.0	0.0	0.0	0.0	0.0	0.0	0.0	0.0	0.0	0.0	0.0	0.0	0.0	0.0	0.0	0.0	0.0	0.0	0.0	0.0	0.0	0.0	0.0	0.0	0.0	0.0	0.0	
3.260666666666667	3.166	2.8513333333333333	2.8266666666666667	2.522	2.4633333333333334	2.334	2.1146666666666665	1.9673333333333334	1.7866666666666666	1.6813333333333333	1.464	1.3526666666666667	1.1886666666666668	1.07	0.9953333333333333	0.9233333333333333	0.7913333333333333	0.7706666666666667	0.6246666666666667	0.6393333333333333	0.5146666666666667	0.518	0.43533333333333335	0.404	0.342	0.30666666666666664	0.282	0.25666666666666665	0.22933333333333333	0.18133333333333335	0.194	0.12533333333333332	0.128	0.10533333333333333	0.082	0.06866666666666667	0.06866666666666667	0.05266666666666667	0.03333333333333333	0.03266666666666666	0.026	0.020666666666666667	0.02266666666666667	0.012666666666666666	0.013333333333333334	0.004	0.006	0.002	0.0006666666666666666	0.0	0.0	0.0	0.0	0.0	0.0	0.0	0.0	0.0	0.0	0.0	0.0	0.0	0.0	0.0	0.0	0.0	0.0	0.0	0.0	0.0	0.0	0.0	0.0	0.0	0.0	0.0	0.0	0.0	0.0	0.0	0.0	0.0	0.0	0.0	0.0	0.0	0.0	0.0	0.0	0.0	0.0	0.0	0.0	0.0	0.0	0.0	0.0	0.0	
3.255333333333333	3.219333333333333	2.9393333333333334	2.836	2.522666666666667	2.4313333333333333	2.2866666666666666	2.070666666666667	2.021333333333333	1.8006666666666666	1.6193333333333333	1.4293333333333333	1.4306666666666668	1.2126666666666666	1.1673333333333333	0.974	0.9386666666666666	0.81	0.74	0.6286666666666667	0.624	0.48933333333333334	0.5073333333333333	0.392	0.38533333333333336	0.32066666666666666	0.32	0.2693333333333333	0.23333333333333334	0.21933333333333332	0.16533333333333333	0.166	0.14333333333333334	0.11866666666666667	0.11866666666666667	0.08666666666666667	0.066	0.051333333333333335	0.056666666666666664	0.04733333333333333	0.034666666666666665	0.021333333333333333	0.017333333333333333	0.016	0.008666666666666666	0.009333333333333334	0.0033333333333333335	0.0033333333333333335	0.0013333333333333333	0.0006666666666666666	0.0	0.0	0.0	0.0	0.0	0.0	0.0	0.0	0.0	0.0	0.0	0.0	0.0	0.0	0.0	0.0	0.0	0.0	0.0	0.0	0.0	0.0	0.0	0.0	0.0	0.0	0.0	0.0	0.0	0.0	0.0	0.0	0.0	0.0	0.0	0.0	0.0	0.0	0.0	0.0	0.0	0.0	0.0	0.0	0.0	0.0	0.0	0.0	0.0	
3.2853333333333334	3.096	2.856	2.86	2.534666666666667	2.489333333333333	2.3066666666666666	2.0893333333333333	1.942	1.8346666666666667	1.6	1.4686666666666666	1.4293333333333333	1.21	1.1473333333333333	0.9366666666666666	0.9006666666666666	0.8246666666666667	0.8206666666666667	0.6673333333333333	0.5906666666666667	0.518	0.45866666666666667	0.4013333333333333	0.36666666666666664	0.3526666666666667	0.308	0.26066666666666666	0.23133333333333334	0.19933333333333333	0.212	0.152	0.12933333333333333	0.11333333333333333	0.108	0.09066666666666667	0.074	0.062	0.056666666666666664	0.043333333333333335	0.029333333333333333	0.026	0.024	0.018	0.011333333333333334	0.013333333333333334	0.006	0.004666666666666667	0.0006666666666666666	0.0	0.0006666666666666666	0.0	0.0	0.0	0.0	0.0	0.0	0.0	0.0	0.0	0.0	0.0	0.0	0.0	0.0	0.0	0.0	0.0	0.0	0.0	0.0	0.0	0.0	0.0	0.0	0.0	0.0	0.0	0.0	0.0	0.0	0.0	0.0	0.0	0.0	0.0	0.0	0.0	0.0	0.0	0.0	0.0	0.0	0.0	0.0	0.0	0.0	0.0	0.0	
3.2893333333333334	3.1533333333333333	2.8966666666666665	2.787333333333333	2.4713333333333334	2.4273333333333333	2.244666666666667	2.0753333333333335	1.9193333333333333	1.784	1.6226666666666667	1.5273333333333334	1.41	1.182	1.1673333333333333	0.998	0.948	0.7633333333333333	0.7613333333333333	0.6266666666666667	0.616	0.528	0.512	0.41533333333333333	0.4106666666666667	0.32866666666666666	0.3	0.2653333333333333	0.236	0.20933333333333334	0.18066666666666667	0.16933333333333334	0.12666666666666668	0.11666666666666667	0.12666666666666668	0.08466666666666667	0.066	0.05266666666666667	0.05533333333333333	0.03866666666666667	0.046	0.03	0.013333333333333334	0.018666666666666668	0.010666666666666666	0.009333333333333334	0.0026666666666666666	0.004	0.0	0.0	0.0	0.0	0.0	0.0	0.0	0.0	0.0	0.0	0.0	0.0	0.0	0.0	0.0	0.0	0.0	0.0	0.0	0.0	0.0	0.0	0.0	0.0	0.0	0.0	0.0	0.0	0.0	0.0	0.0	0.0	0.0	0.0	0.0	0.0	0.0	0.0	0.0	0.0	0.0	0.0	0.0	0.0	0.0	0.0	0.0	0.0	0.0	0.0	0.0	
3.259333333333333	3.1066666666666665	2.8626666666666667	2.7933333333333334	2.5286666666666666	2.454	2.239333333333333	2.132	1.9373333333333334	1.82	1.6706666666666667	1.4666666666666666	1.4173333333333333	1.1913333333333334	1.1506666666666667	0.9626666666666667	0.926	0.736	0.7573333333333333	0.638	0.5766666666666667	0.5133333333333333	0.49933333333333335	0.41533333333333333	0.36933333333333335	0.322	0.32466666666666666	0.258	0.252	0.20266666666666666	0.19	0.162	0.13933333333333334	0.122	0.10533333333333333	0.09	0.066	0.056	0.04466666666666667	0.04	0.028666666666666667	0.024	0.016	0.016	0.013333333333333334	0.004666666666666667	0.004	0.004	0.0	0.0	0.0006666666666666666	0.0	0.0	0.0	0.0	0.0	0.0	0.0	0.0	0.0	0.0	0.0	0.0	0.0	0.0	0.0	0.0	0.0	0.0	0.0	0.0	0.0	0.0	0.0	0.0	0.0	0.0	0.0	0.0	0.0	0.0	0.0	0.0	0.0	0.0	0.0	0.0	0.0	0.0	0.0	0.0	0.0	0.0	0.0	0.0	0.0	0.0	0.0	0.0	
3.2133333333333334	3.1626666666666665	2.9146666666666667	2.84	2.578666666666667	2.4753333333333334	2.1773333333333333	2.1033333333333335	1.9233333333333333	1.84	1.7006666666666668	1.4526666666666668	1.3766666666666667	1.1926666666666668	1.1	0.96	0.9033333333333333	0.7933333333333333	0.76	0.654	0.616	0.5033333333333333	0.5413333333333333	0.4086666666666667	0.408	0.3486666666666667	0.322	0.28	0.22666666666666666	0.22066666666666668	0.19	0.17066666666666666	0.14666666666666667	0.118	0.11066666666666666	0.09466666666666666	0.074	0.06066666666666667	0.03933333333333333	0.03933333333333333	0.028666666666666667	0.03	0.016	0.014666666666666666	0.01	0.008	0.002	0.004	0.0006666666666666666	0.0013333333333333333	0.0	0.0	0.0	0.0	0.0	0.0	0.0	0.0	0.0	0.0	0.0	0.0	0.0	0.0	0.0	0.0	0.0	0.0	0.0	0.0	0.0	0.0	0.0	0.0	0.0	0.0	0.0	0.0	0.0	0.0	0.0	0.0	0.0	0.0	0.0	0.0	0.0	0.0	0.0	0.0	0.0	0.0	0.0	0.0	0.0	0.0	0.0	0.0	0.0	
3.3193333333333332	3.1813333333333333	2.9206666666666665	2.8406666666666665	2.642	2.39	2.2253333333333334	2.054666666666667	1.9493333333333334	1.7946666666666666	1.648	1.4713333333333334	1.4113333333333333	1.182	1.1293333333333333	0.9913333333333333	0.9473333333333334	0.778	0.7866666666666666	0.624	0.612	0.5253333333333333	0.5006666666666667	0.428	0.422	0.328	0.298	0.2613333333333333	0.23066666666666666	0.20933333333333334	0.18866666666666668	0.174	0.136	0.128	0.08733333333333333	0.082	0.076	0.059333333333333335	0.048	0.04733333333333333	0.034666666666666665	0.027333333333333334	0.015333333333333332	0.018	0.01	0.009333333333333334	0.005333333333333333	0.002	0.0006666666666666666	0.0	0.0	0.0	0.0	0.0	0.0	0.0	0.0	0.0	0.0	0.0	0.0	0.0	0.0	0.0	0.0	0.0	0.0	0.0	0.0	0.0	0.0	0.0	0.0	0.0	0.0	0.0	0.0	0.0	0.0	0.0	0.0	0.0	0.0	0.0	0.0	0.0	0.0	0.0	0.0	0.0	0.0	0.0	0.0	0.0	0.0	0.0	0.0	0.0	0.0	
3.2373333333333334	3.1746666666666665	2.8553333333333333	2.7506666666666666	2.490666666666667	2.4593333333333334	2.288666666666667	2.1106666666666665	1.894	1.814	1.6826666666666668	1.494	1.3706666666666667	1.1853333333333333	1.1106666666666667	1.0206666666666666	0.9553333333333334	0.7933333333333333	0.752	0.614	0.5946666666666667	0.526	0.49933333333333335	0.438	0.3993333333333333	0.32466666666666666	0.286	0.27066666666666667	0.22733333333333333	0.21866666666666668	0.17733333333333334	0.156	0.14133333333333334	0.12066666666666667	0.08666666666666667	0.092	0.07	0.06133333333333333	0.048666666666666664	0.04733333333333333	0.03133333333333333	0.03333333333333333	0.014666666666666666	0.018666666666666668	0.007333333333333333	0.009333333333333334	0.006	0.0033333333333333335	0.0006666666666666666	0.0	0.0	0.0	0.0	0.0	0.0	0.0	0.0	0.0	0.0	0.0	0.0	0.0	0.0	0.0	0.0	0.0	0.0	0.0	0.0	0.0	0.0	0.0	0.0	0.0	0.0	0.0	0.0	0.0	0.0	0.0	0.0	0.0	0.0	0.0	0.0	0.0	0.0	0.0	0.0	0.0	0.0	0.0	0.0	0.0	0.0	0.0	0.0	0.0	0.0	
3.2426666666666666	3.188	2.96	2.755333333333333	2.534666666666667	2.4246666666666665	2.231333333333333	2.029333333333333	1.9533333333333334	1.7506666666666666	1.6173333333333333	1.4733333333333334	1.3206666666666667	1.196	1.14	0.966	0.9153333333333333	0.7646666666666667	0.7273333333333334	0.6386666666666667	0.6353333333333333	0.49333333333333335	0.482	0.41	0.39466666666666667	0.29333333333333333	0.31066666666666665	0.25533333333333336	0.24133333333333334	0.21866666666666668	0.18666666666666668	0.16933333333333334	0.15266666666666667	0.11466666666666667	0.106	0.08266666666666667	0.07	0.064	0.04666666666666667	0.03666666666666667	0.027333333333333334	0.02266666666666667	0.025333333333333333	0.014666666666666666	0.012666666666666666	0.007333333333333333	0.004666666666666667	0.0026666666666666666	0.0006666666666666666	0.0006666666666666666	0.0	0.0	0.0	0.0	0.0	0.0	0.0	0.0	0.0	0.0	0.0	0.0	0.0	0.0	0.0	0.0	0.0	0.0	0.0	0.0	0.0	0.0	0.0	0.0	0.0	0.0	0.0	0.0	0.0	0.0	0.0	0.0	0.0	0.0	0.0	0.0	0.0	0.0	0.0	0.0	0.0	0.0	0.0	0.0	0.0	0.0	0.0	0.0	0.0	
3.2253333333333334	3.2066666666666666	2.844	2.7306666666666666	2.552	2.458666666666667	2.199333333333333	2.15	1.9886666666666666	1.77	1.5933333333333333	1.4833333333333334	1.3393333333333333	1.1933333333333334	1.1033333333333333	0.972	0.9326666666666666	0.8046666666666666	0.7653333333333333	0.6406666666666667	0.6006666666666667	0.5206666666666667	0.48933333333333334	0.42333333333333334	0.35933333333333334	0.32666666666666666	0.31533333333333335	0.262	0.25933333333333336	0.204	0.20533333333333334	0.15533333333333332	0.152	0.12133333333333333	0.094	0.09333333333333334	0.07133333333333333	0.072	0.04933333333333333	0.038	0.030666666666666665	0.02666666666666667	0.025333333333333333	0.017333333333333333	0.01	0.006666666666666667	0.004666666666666667	0.0026666666666666666	0.0013333333333333333	0.0	0.0	0.0	0.0	0.0	0.0	0.0	0.0	0.0	0.0	0.0	0.0	0.0	0.0	0.0	0.0	0.0	0.0	0.0	0.0	0.0	0.0	0.0	0.0	0.0	0.0	0.0	0.0	0.0	0.0	0.0	0.0	0.0	0.0	0.0	0.0	0.0	0.0	0.0	0.0	0.0	0.0	0.0	0.0	0.0	0.0	0.0	0.0	0.0	0.0	
3.224666666666667	3.187333333333333	2.788	2.675333333333333	2.49	2.3553333333333333	2.2306666666666666	2.076	1.9686666666666666	1.824	1.686	1.4966666666666666	1.4	1.1266666666666667	1.1546666666666667	0.976	0.9466666666666667	0.768	0.7226666666666667	0.6186666666666667	0.5753333333333334	0.5006666666666667	0.47933333333333333	0.41333333333333333	0.388	0.36	0.31466666666666665	0.24866666666666667	0.25866666666666666	0.19066666666666668	0.17733333333333334	0.142	0.15866666666666668	0.118	0.11266666666666666	0.06933333333333333	0.07666666666666666	0.064	0.046	0.04666666666666667	0.04066666666666666	0.024	0.015333333333333332	0.017333333333333333	0.012666666666666666	0.007333333333333333	0.005333333333333333	0.0006666666666666666	0.0026666666666666666	0.0	0.0	0.0	0.0	0.0	0.0	0.0	0.0	0.0	0.0	0.0	0.0	0.0	0.0	0.0	0.0	0.0	0.0	0.0	0.0	0.0	0.0	0.0	0.0	0.0	0.0	0.0	0.0	0.0	0.0	0.0	0.0	0.0	0.0	0.0	0.0	0.0	0.0	0.0	0.0	0.0	0.0	0.0	0.0	0.0	0.0	0.0	0.0	0.0	0.0	
3.254	3.1933333333333334	2.8973333333333335	2.7826666666666666	2.505333333333333	2.402	2.0793333333333335	2.1293333333333333	1.9113333333333333	1.774	1.684	1.4773333333333334	1.4013333333333333	1.166	1.1966666666666668	0.9893333333333333	0.904	0.7553333333333333	0.794	0.612	0.604	0.48333333333333334	0.47933333333333333	0.3933333333333333	0.36733333333333335	0.318	0.29933333333333334	0.2793333333333333	0.238	0.214	0.184	0.16133333333333333	0.13733333333333334	0.12333333333333334	0.108	0.09466666666666666	0.074	0.05333333333333334	0.05	0.04	0.03	0.021333333333333333	0.024666666666666667	0.014666666666666666	0.009333333333333334	0.006	0.0026666666666666666	0.004666666666666667	0.002	0.0006666666666666666	0.0	0.0	0.0	0.0	0.0	0.0	0.0	0.0	0.0	0.0	0.0	0.0	0.0	0.0	0.0	0.0	0.0	0.0	0.0	0.0	0.0	0.0	0.0	0.0	0.0	0.0	0.0	0.0	0.0	0.0	0.0	0.0	0.0	0.0	0.0	0.0	0.0	0.0	0.0	0.0	0.0	0.0	0.0	0.0	0.0	0.0	0.0	0.0	0.0	
3.1706666666666665	3.226	2.924	2.7693333333333334	2.5793333333333335	2.4313333333333333	2.196	2.1166666666666667	1.908	1.778	1.648	1.434	1.3646666666666667	1.2046666666666668	1.1593333333333333	1.0006666666666666	0.9126666666666666	0.784	0.714	0.5926666666666667	0.5893333333333334	0.5	0.51	0.38866666666666666	0.4166666666666667	0.32133333333333336	0.29333333333333333	0.2853333333333333	0.228	0.21266666666666667	0.18066666666666667	0.164	0.13066666666666665	0.144	0.1	0.094	0.072	0.07	0.04933333333333333	0.042666666666666665	0.03	0.029333333333333333	0.020666666666666667	0.018	0.006	0.009333333333333334	0.004	0.004	0.0013333333333333333	0.0006666666666666666	0.0	0.0	0.0	0.0	0.0	0.0	0.0	0.0	0.0	0.0	0.0	0.0	0.0	0.0	0.0	0.0	0.0	0.0	0.0	0.0	0.0	0.0	0.0	0.0	0.0	0.0	0.0	0.0	0.0	0.0	0.0	0.0	0.0	0.0	0.0	0.0	0.0	0.0	0.0	0.0	0.0	0.0	0.0	0.0	0.0	0.0	0.0	0.0	0.0	
3.17	3.164	2.8066666666666666	2.8	2.5166666666666666	2.426	2.222	2.0893333333333333	1.9313333333333333	1.7493333333333334	1.7433333333333334	1.4706666666666666	1.4226666666666667	1.2273333333333334	1.1306666666666667	0.9453333333333334	0.9293333333333333	0.7806666666666666	0.7506666666666667	0.6373333333333333	0.614	0.5186666666666667	0.4613333333333333	0.398	0.37666666666666665	0.3406666666666667	0.31133333333333335	0.27	0.23866666666666667	0.18933333333333333	0.192	0.15266666666666667	0.13733333333333334	0.12466666666666666	0.10666666666666667	0.08866666666666667	0.06866666666666667	0.062	0.05	0.042	0.03266666666666666	0.03133333333333333	0.020666666666666667	0.018	0.01	0.008	0.006	0.005333333333333333	0.0006666666666666666	0.0006666666666666666	0.0	0.0	0.0	0.0	0.0	0.0	0.0	0.0	0.0	0.0	0.0	0.0	0.0	0.0	0.0	0.0	0.0	0.0	0.0	0.0	0.0	0.0	0.0	0.0	0.0	0.0	0.0	0.0	0.0	0.0	0.0	0.0	0.0	0.0	0.0	0.0	0.0	0.0	0.0	0.0	0.0	0.0	0.0	0.0	0.0	0.0	0.0	0.0	0.0	
3.276	3.208666666666667	2.838	2.707333333333333	2.5046666666666666	2.4273333333333333	2.1853333333333333	2.134	1.894	1.7753333333333334	1.6066666666666667	1.4733333333333334	1.324	1.2366666666666666	1.136	0.9666666666666667	0.9113333333333333	0.7826666666666666	0.7333333333333333	0.5993333333333334	0.6066666666666667	0.496	0.49	0.43733333333333335	0.37666666666666665	0.316	0.282	0.26066666666666666	0.24666666666666667	0.204	0.17466666666666666	0.14866666666666667	0.134	0.12866666666666668	0.094	0.1	0.066	0.06733333333333333	0.050666666666666665	0.03933333333333333	0.038	0.022	0.021333333333333333	0.018666666666666668	0.006666666666666667	0.012666666666666666	0.005333333333333333	0.0033333333333333335	0.0006666666666666666	0.0006666666666666666	0.0	0.0	0.0	0.0	0.0	0.0	0.0	0.0	0.0	0.0	0.0	0.0	0.0	0.0	0.0	0.0	0.0	0.0	0.0	0.0	0.0	0.0	0.0	0.0	0.0	0.0	0.0	0.0	0.0	0.0	0.0	0.0	0.0	0.0	0.0	0.0	0.0	0.0	0.0	0.0	0.0	0.0	0.0	0.0	0.0	0.0	0.0	0.0	0.0	
3.287333333333333	3.0533333333333332	2.8346666666666667	2.716666666666667	2.5193333333333334	2.3913333333333333	2.2306666666666666	2.092	1.9266666666666667	1.7333333333333334	1.642	1.468	1.314	1.19	1.1446666666666667	0.9353333333333333	0.9526666666666667	0.7613333333333333	0.74	0.6033333333333334	0.6373333333333333	0.504	0.4826666666666667	0.392	0.4	0.3006666666666667	0.3	0.24266666666666667	0.24533333333333332	0.192	0.188	0.16133333333333333	0.16066666666666668	0.126	0.088	0.088	0.07333333333333333	0.072	0.051333333333333335	0.04666666666666667	0.028	0.03133333333333333	0.014	0.021333333333333333	0.012	0.008	0.0033333333333333335	0.005333333333333333	0.0	0.0006666666666666666	0.0	0.0	0.0	0.0	0.0	0.0	0.0	0.0	0.0	0.0	0.0	0.0	0.0	0.0	0.0	0.0	0.0	0.0	0.0	0.0	0.0	0.0	0.0	0.0	0.0	0.0	0.0	0.0	0.0	0.0	0.0	0.0	0.0	0.0	0.0	0.0	0.0	0.0	0.0	0.0	0.0	0.0	0.0	0.0	0.0	0.0	0.0	0.0	0.0	
3.260666666666667	3.0853333333333333	2.886	2.739333333333333	2.5273333333333334	2.3953333333333333	2.1906666666666665	2.021333333333333	1.954	1.7846666666666666	1.6293333333333333	1.4546666666666668	1.408	1.1746666666666667	1.1226666666666667	0.9646666666666667	0.9006666666666666	0.7786666666666666	0.724	0.6246666666666667	0.6026666666666667	0.512	0.5133333333333333	0.424	0.35133333333333333	0.33	0.2886666666666667	0.264	0.228	0.21666666666666667	0.18333333333333332	0.15466666666666667	0.13933333333333334	0.112	0.102	0.084	0.08733333333333333	0.06933333333333333	0.04066666666666666	0.052	0.03933333333333333	0.024	0.018	0.016	0.014	0.007333333333333333	0.006666666666666667	0.0033333333333333335	0.0	0.0013333333333333333	0.0	0.0	0.0	0.0	0.0	0.0	0.0	0.0	0.0	0.0	0.0	0.0	0.0	0.0	0.0	0.0	0.0	0.0	0.0	0.0	0.0	0.0	0.0	0.0	0.0	0.0	0.0	0.0	0.0	0.0	0.0	0.0	0.0	0.0	0.0	0.0	0.0	0.0	0.0	0.0	0.0	0.0	0.0	0.0	0.0	0.0	0.0	0.0	0.0	
3.194	3.202	2.8973333333333335	2.7986666666666666	2.478666666666667	2.4073333333333333	2.232	2.0286666666666666	1.9506666666666668	1.74	1.6306666666666667	1.4726666666666666	1.348	1.2053333333333334	1.1306666666666667	0.936	0.9006666666666666	0.8013333333333333	0.7433333333333333	0.6273333333333333	0.5866666666666667	0.51	0.49333333333333335	0.428	0.35733333333333334	0.31	0.32666666666666666	0.248	0.23666666666666666	0.20133333333333334	0.17533333333333334	0.158	0.16	0.11666666666666667	0.092	0.102	0.06933333333333333	0.06133333333333333	0.04733333333333333	0.04733333333333333	0.028666666666666667	0.019333333333333334	0.016	0.019333333333333334	0.012	0.007333333333333333	0.002	0.004666666666666667	0.0013333333333333333	0.0	0.0	0.0	0.0	0.0	0.0	0.0	0.0	0.0	0.0	0.0	0.0	0.0	0.0	0.0	0.0	0.0	0.0	0.0	0.0	0.0	0.0	0.0	0.0	0.0	0.0	0.0	0.0	0.0	0.0	0.0	0.0	0.0	0.0	0.0	0.0	0.0	0.0	0.0	0.0	0.0	0.0	0.0	0.0	0.0	0.0	0.0	0.0	0.0	0.0	
3.1866666666666665	3.1693333333333333	2.8386666666666667	2.694	2.462	2.438	2.254	2.066	1.862	1.7686666666666666	1.6626666666666667	1.414	1.4046666666666667	1.176	1.1373333333333333	0.9473333333333334	0.9426666666666667	0.7833333333333333	0.762	0.6193333333333333	0.6086666666666667	0.5166666666666667	0.49933333333333335	0.402	0.4086666666666667	0.316	0.324	0.254	0.232	0.214	0.19666666666666666	0.14266666666666666	0.12333333333333334	0.11933333333333333	0.10133333333333333	0.1	0.076	0.06933333333333333	0.048666666666666664	0.04666666666666667	0.028	0.02266666666666667	0.020666666666666667	0.020666666666666667	0.009333333333333334	0.008	0.0033333333333333335	0.0006666666666666666	0.002	0.0	0.0	0.0	0.0	0.0	0.0	0.0	0.0	0.0	0.0	0.0	0.0	0.0	0.0	0.0	0.0	0.0	0.0	0.0	0.0	0.0	0.0	0.0	0.0	0.0	0.0	0.0	0.0	0.0	0.0	0.0	0.0	0.0	0.0	0.0	0.0	0.0	0.0	0.0	0.0	0.0	0.0	0.0	0.0	0.0	0.0	0.0	0.0	0.0	0.0	
3.215333333333333	3.2373333333333334	2.8566666666666665	2.774	2.548	2.4126666666666665	2.2173333333333334	2.048	1.894	1.762	1.6313333333333333	1.486	1.3493333333333333	1.1826666666666668	1.0846666666666667	0.934	0.9486666666666667	0.7913333333333333	0.768	0.606	0.606	0.48133333333333334	0.49066666666666664	0.40066666666666667	0.35733333333333334	0.3273333333333333	0.294	0.26066666666666666	0.24666666666666667	0.19333333333333333	0.18466666666666667	0.15466666666666667	0.138	0.12333333333333334	0.116	0.09	0.08266666666666667	0.06466666666666666	0.054	0.048	0.028	0.03133333333333333	0.027333333333333334	0.014666666666666666	0.006666666666666667	0.008666666666666666	0.005333333333333333	0.004	0.0013333333333333333	0.0	0.0	0.0	0.0	0.0	0.0	0.0	0.0	0.0	0.0	0.0	0.0	0.0	0.0	0.0	0.0	0.0	0.0	0.0	0.0	0.0	0.0	0.0	0.0	0.0	0.0	0.0	0.0	0.0	0.0	0.0	0.0	0.0	0.0	0.0	0.0	0.0	0.0	0.0	0.0	0.0	0.0	0.0	0.0	0.0	0.0	0.0	0.0	0.0	0.0	
3.1666666666666665	3.17	2.804	2.752666666666667	2.528	2.368	2.224666666666667	2.112	1.92	1.75	1.6053333333333333	1.464	1.3966666666666667	1.176	1.1386666666666667	0.9846666666666667	0.9153333333333333	0.7853333333333333	0.738	0.602	0.5566666666666666	0.49666666666666665	0.4726666666666667	0.4046666666666667	0.374	0.324	0.30333333333333334	0.286	0.24333333333333335	0.204	0.172	0.16266666666666665	0.15266666666666667	0.12533333333333332	0.09333333333333334	0.07466666666666667	0.07133333333333333	0.06066666666666667	0.05533333333333333	0.043333333333333335	0.029333333333333333	0.02666666666666667	0.020666666666666667	0.02	0.006	0.006	0.0013333333333333333	0.004	0.0013333333333333333	0.0006666666666666666	0.0	0.0	0.0	0.0	0.0	0.0	0.0	0.0	0.0	0.0	0.0	0.0	0.0	0.0	0.0	0.0	0.0	0.0	0.0	0.0	0.0	0.0	0.0	0.0	0.0	0.0	0.0	0.0	0.0	0.0	0.0	0.0	0.0	0.0	0.0	0.0	0.0	0.0	0.0	0.0	0.0	0.0	0.0	0.0	0.0	0.0	0.0	0.0	0.0	
3.252666666666667	3.1766666666666667	2.84	2.764666666666667	2.468	2.38	2.168	2.052	1.92	1.7593333333333334	1.65	1.4313333333333333	1.348	1.2026666666666668	1.1073333333333333	0.9633333333333334	0.9606666666666667	0.7886666666666666	0.7686666666666667	0.6013333333333334	0.596	0.5413333333333333	0.4866666666666667	0.4126666666666667	0.4013333333333333	0.32666666666666666	0.322	0.2733333333333333	0.26266666666666666	0.216	0.17866666666666667	0.134	0.13066666666666665	0.12866666666666668	0.11533333333333333	0.092	0.06666666666666667	0.056	0.05	0.034666666666666665	0.02666666666666667	0.03266666666666666	0.018666666666666668	0.018666666666666668	0.008	0.008	0.004666666666666667	0.0026666666666666666	0.0033333333333333335	0.0	0.0	0.0	0.0	0.0	0.0	0.0	0.0	0.0	0.0	0.0	0.0	0.0	0.0	0.0	0.0	0.0	0.0	0.0	0.0	0.0	0.0	0.0	0.0	0.0	0.0	0.0	0.0	0.0	0.0	0.0	0.0	0.0	0.0	0.0	0.0	0.0	0.0	0.0	0.0	0.0	0.0	0.0	0.0	0.0	0.0	0.0	0.0	0.0	0.0	
3.12	3.142	2.8573333333333335	2.748666666666667	2.546	2.444	2.199333333333333	2.046	1.9186666666666667	1.7806666666666666	1.6066666666666667	1.43	1.4033333333333333	1.1626666666666667	1.0713333333333332	0.996	0.8953333333333333	0.8026666666666666	0.7506666666666667	0.6293333333333333	0.5826666666666667	0.49133333333333334	0.454	0.426	0.39066666666666666	0.33066666666666666	0.32	0.26266666666666666	0.202	0.224	0.172	0.17066666666666666	0.13133333333333333	0.116	0.114	0.094	0.07466666666666667	0.06733333333333333	0.048	0.04466666666666667	0.034666666666666665	0.03	0.021333333333333333	0.02	0.009333333333333334	0.004	0.006	0.004	0.0006666666666666666	0.002	0.0	0.0	0.0	0.0	0.0	0.0	0.0	0.0	0.0	0.0	0.0	0.0	0.0	0.0	0.0	0.0	0.0	0.0	0.0	0.0	0.0	0.0	0.0	0.0	0.0	0.0	0.0	0.0	0.0	0.0	0.0	0.0	0.0	0.0	0.0	0.0	0.0	0.0	0.0	0.0	0.0	0.0	0.0	0.0	0.0	0.0	0.0	0.0	0.0	
3.238	3.036	2.91	2.674	2.4966666666666666	2.4313333333333333	2.1646666666666667	2.102	1.954	1.7486666666666666	1.6193333333333333	1.414	1.376	1.1326666666666667	1.106	0.9573333333333334	0.934	0.7566666666666667	0.7326666666666667	0.592	0.5906666666666667	0.506	0.48733333333333334	0.4066666666666667	0.40066666666666667	0.322	0.306	0.248	0.24933333333333332	0.22333333333333333	0.18533333333333332	0.17066666666666666	0.14066666666666666	0.11933333333333333	0.09066666666666667	0.09133333333333334	0.062	0.062	0.04666666666666667	0.048666666666666664	0.03666666666666667	0.032	0.014666666666666666	0.012666666666666666	0.012666666666666666	0.014666666666666666	0.005333333333333333	0.004666666666666667	0.0013333333333333333	0.0	0.0	0.0	0.0	0.0	0.0	0.0	0.0	0.0	0.0	0.0	0.0	0.0	0.0	0.0	0.0	0.0	0.0	0.0	0.0	0.0	0.0	0.0	0.0	0.0	0.0	0.0	0.0	0.0	0.0	0.0	0.0	0.0	0.0	0.0	0.0	0.0	0.0	0.0	0.0	0.0	0.0	0.0	0.0	0.0	0.0	0.0	0.0	0.0	0.0	
3.2106666666666666	3.0766666666666667	2.760666666666667	2.752666666666667	2.5086666666666666	2.332666666666667	2.174	2.076	1.834	1.7893333333333334	1.582	1.4906666666666666	1.33	1.2	1.088	0.9406666666666667	0.9073333333333333	0.7646666666666667	0.754	0.6466666666666666	0.5986666666666667	0.5113333333333333	0.5013333333333333	0.422	0.37866666666666665	0.3433333333333333	0.30266666666666664	0.25733333333333336	0.24333333333333335	0.20933333333333334	0.18666666666666668	0.154	0.13466666666666666	0.11066666666666666	0.09466666666666666	0.098	0.08333333333333333	0.068	0.056	0.050666666666666665	0.029333333333333333	0.032	0.016666666666666666	0.022	0.013333333333333334	0.006666666666666667	0.005333333333333333	0.004666666666666667	0.002	0.0013333333333333333	0.0	0.0	0.0	0.0	0.0	0.0	0.0	0.0	0.0	0.0	0.0	0.0	0.0	0.0	0.0	0.0	0.0	0.0	0.0	0.0	0.0	0.0	0.0	0.0	0.0	0.0	0.0	0.0	0.0	0.0	0.0	0.0	0.0	0.0	0.0	0.0	0.0	0.0	0.0	0.0	0.0	0.0	0.0	0.0	0.0	0.0	0.0	0.0	0.0	
3.1806666666666668	3.1046666666666667	2.83	2.7186666666666666	2.4686666666666666	2.3473333333333333	2.1686666666666667	2.0713333333333335	1.8813333333333333	1.7226666666666666	1.612	1.4586666666666666	1.33	1.1426666666666667	1.1333333333333333	0.958	0.8886666666666667	0.7686666666666667	0.7413333333333333	0.63	0.5833333333333334	0.5026666666666667	0.4746666666666667	0.424	0.372	0.29733333333333334	0.3233333333333333	0.23466666666666666	0.23	0.20133333333333334	0.184	0.15933333333333333	0.128	0.13933333333333334	0.10533333333333333	0.092	0.06933333333333333	0.06333333333333334	0.05333333333333334	0.036	0.026	0.022	0.02266666666666667	0.020666666666666667	0.007333333333333333	0.005333333333333333	0.006666666666666667	0.004666666666666667	0.0013333333333333333	0.0006666666666666666	0.0	0.0	0.0	0.0	0.0	0.0	0.0	0.0	0.0	0.0	0.0	0.0	0.0	0.0	0.0	0.0	0.0	0.0	0.0	0.0	0.0	0.0	0.0	0.0	0.0	0.0	0.0	0.0	0.0	0.0	0.0	0.0	0.0	0.0	0.0	0.0	0.0	0.0	0.0	0.0	0.0	0.0	0.0	0.0	0.0	0.0	0.0	0.0	0.0	
3.1773333333333333	3.175333333333333	2.8593333333333333	2.7026666666666666	2.472	2.3153333333333332	2.1646666666666667	2.084	1.9433333333333334	1.7533333333333334	1.6006666666666667	1.396	1.3526666666666667	1.1506666666666667	1.16	0.9173333333333333	0.8893333333333333	0.7346666666666667	0.7666666666666667	0.616	0.5966666666666667	0.49466666666666664	0.4846666666666667	0.418	0.37733333333333335	0.318	0.282	0.254	0.214	0.19466666666666665	0.16866666666666666	0.152	0.13266666666666665	0.12	0.094	0.096	0.06	0.064	0.04666666666666667	0.043333333333333335	0.04066666666666666	0.03133333333333333	0.014666666666666666	0.014	0.008	0.013333333333333334	0.0026666666666666666	0.006	0.0013333333333333333	0.0013333333333333333	0.0	0.0	0.0	0.0	0.0	0.0	0.0	0.0	0.0	0.0	0.0	0.0	0.0	0.0	0.0	0.0	0.0	0.0	0.0	0.0	0.0	0.0	0.0	0.0	0.0	0.0	0.0	0.0	0.0	0.0	0.0	0.0	0.0	0.0	0.0	0.0	0.0	0.0	0.0	0.0	0.0	0.0	0.0	0.0	0.0	0.0	0.0	0.0	0.0	
3.204	3.126	2.8413333333333335	2.751333333333333	2.465333333333333	2.3846666666666665	2.1506666666666665	2.029333333333333	1.9633333333333334	1.7266666666666666	1.6206666666666667	1.4673333333333334	1.362	1.1666666666666667	1.1053333333333333	0.9713333333333334	0.872	0.8093333333333333	0.762	0.6213333333333333	0.5566666666666666	0.48133333333333334	0.47933333333333333	0.38533333333333336	0.37	0.30466666666666664	0.29333333333333333	0.2633333333333333	0.24066666666666667	0.21066666666666667	0.19333333333333333	0.15733333333333333	0.13466666666666666	0.126	0.09666666666666666	0.078	0.062	0.054	0.042	0.04133333333333333	0.036	0.028666666666666667	0.026	0.018	0.012666666666666666	0.006	0.002	0.004666666666666667	0.0006666666666666666	0.002	0.0	0.0	0.0	0.0	0.0	0.0	0.0	0.0	0.0	0.0	0.0	0.0	0.0	0.0	0.0	0.0	0.0	0.0	0.0	0.0	0.0	0.0	0.0	0.0	0.0	0.0	0.0	0.0	0.0	0.0	0.0	0.0	0.0	0.0	0.0	0.0	0.0	0.0	0.0	0.0	0.0	0.0	0.0	0.0	0.0	0.0	0.0	0.0	0.0	
3.1333333333333333	3.1413333333333333	2.7906666666666666	2.7253333333333334	2.4926666666666666	2.417333333333333	2.17	2.0493333333333332	1.9006666666666667	1.6826666666666668	1.598	1.4686666666666666	1.3613333333333333	1.1793333333333333	1.1446666666666667	0.9433333333333334	0.9253333333333333	0.7913333333333333	0.7313333333333333	0.5993333333333334	0.5886666666666667	0.5006666666666667	0.4646666666666667	0.4206666666666667	0.38066666666666665	0.32133333333333336	0.31133333333333335	0.274	0.216	0.19	0.17466666666666666	0.166	0.116	0.12333333333333334	0.09466666666666666	0.09733333333333333	0.062	0.07266666666666667	0.044	0.042666666666666665	0.025333333333333333	0.028666666666666667	0.020666666666666667	0.017333333333333333	0.01	0.013333333333333334	0.0026666666666666666	0.0026666666666666666	0.002	0.0	0.0	0.0	0.0	0.0	0.0	0.0	0.0	0.0	0.0	0.0	0.0	0.0	0.0	0.0	0.0	0.0	0.0	0.0	0.0	0.0	0.0	0.0	0.0	0.0	0.0	0.0	0.0	0.0	0.0	0.0	0.0	0.0	0.0	0.0	0.0	0.0	0.0	0.0	0.0	0.0	0.0	0.0	0.0	0.0	0.0	0.0	0.0	0.0	0.0	
3.2506666666666666	3.0953333333333335	2.672	2.7693333333333334	2.4806666666666666	2.384	2.222	2.0533333333333332	1.9333333333333333	1.7053333333333334	1.5993333333333333	1.4986666666666666	1.398	1.1333333333333333	1.1013333333333333	0.944	0.9286666666666666	0.7393333333333333	0.7373333333333333	0.646	0.6173333333333333	0.508	0.49466666666666664	0.41333333333333333	0.36933333333333335	0.31933333333333336	0.314	0.25466666666666665	0.23466666666666666	0.226	0.176	0.16866666666666666	0.126	0.12733333333333333	0.096	0.08466666666666667	0.08733333333333333	0.07666666666666666	0.048666666666666664	0.044	0.026	0.022	0.018666666666666668	0.009333333333333334	0.009333333333333334	0.010666666666666666	0.005333333333333333	0.004	0.0013333333333333333	0.002	0.0	0.0	0.0	0.0	0.0	0.0	0.0	0.0	0.0	0.0	0.0	0.0	0.0	0.0	0.0	0.0	0.0	0.0	0.0	0.0	0.0	0.0	0.0	0.0	0.0	0.0	0.0	0.0	0.0	0.0	0.0	0.0	0.0	0.0	0.0	0.0	0.0	0.0	0.0	0.0	0.0	0.0	0.0	0.0	0.0	0.0	0.0	0.0	0.0	
3.1626666666666665	3.138	2.822	2.75	2.5793333333333335	2.3506666666666667	2.266	2.0686666666666667	1.9326666666666668	1.6633333333333333	1.5713333333333332	1.4233333333333333	1.3493333333333333	1.22	1.0893333333333333	0.938	0.8833333333333333	0.7713333333333333	0.7133333333333334	0.6226666666666667	0.6293333333333333	0.49933333333333335	0.44733333333333336	0.42533333333333334	0.37933333333333336	0.3373333333333333	0.29133333333333333	0.25	0.22666666666666666	0.20533333333333334	0.17133333333333334	0.152	0.14533333333333334	0.10466666666666667	0.11133333333333334	0.08333333333333333	0.07266666666666667	0.059333333333333335	0.048	0.044	0.03266666666666666	0.027333333333333334	0.019333333333333334	0.011333333333333334	0.007333333333333333	0.006666666666666667	0.002	0.0026666666666666666	0.0006666666666666666	0.0	0.0	0.0	0.0	0.0	0.0	0.0	0.0	0.0	0.0	0.0	0.0	0.0	0.0	0.0	0.0	0.0	0.0	0.0	0.0	0.0	0.0	0.0	0.0	0.0	0.0	0.0	0.0	0.0	0.0	0.0	0.0	0.0	0.0	0.0	0.0	0.0	0.0	0.0	0.0	0.0	0.0	0.0	0.0	0.0	0.0	0.0	0.0	0.0	0.0	
3.283333333333333	3.1006666666666667	2.8186666666666667	2.667333333333333	2.5126666666666666	2.4233333333333333	2.208	2.048	1.89	1.7546666666666666	1.6106666666666667	1.4513333333333334	1.3126666666666666	1.1466666666666667	1.084	0.918	0.9193333333333333	0.792	0.7413333333333333	0.6433333333333333	0.5973333333333334	0.48133333333333334	0.5	0.404	0.372	0.304	0.30466666666666664	0.24533333333333332	0.21733333333333332	0.20066666666666666	0.20333333333333334	0.16066666666666668	0.162	0.11466666666666667	0.09666666666666666	0.1	0.06933333333333333	0.078	0.054	0.03933333333333333	0.023333333333333334	0.025333333333333333	0.02	0.010666666666666666	0.016	0.011333333333333334	0.004	0.004	0.0013333333333333333	0.0013333333333333333	0.0	0.0	0.0	0.0	0.0	0.0	0.0	0.0	0.0	0.0	0.0	0.0	0.0	0.0	0.0	0.0	0.0	0.0	0.0	0.0	0.0	0.0	0.0	0.0	0.0	0.0	0.0	0.0	0.0	0.0	0.0	0.0	0.0	0.0	0.0	0.0	0.0	0.0	0.0	0.0	0.0	0.0	0.0	0.0	0.0	0.0	0.0	0.0	0.0	
3.1586666666666665	3.13	2.864	2.6506666666666665	2.498666666666667	2.3146666666666667	2.171333333333333	2.050666666666667	1.908	1.7333333333333334	1.5893333333333333	1.4353333333333333	1.362	1.2106666666666666	1.1346666666666667	0.9146666666666666	0.92	0.7673333333333333	0.72	0.61	0.5686666666666667	0.5133333333333333	0.47733333333333333	0.41733333333333333	0.3433333333333333	0.338	0.29333333333333333	0.23	0.24533333333333332	0.2	0.19266666666666668	0.15933333333333333	0.13333333333333333	0.11533333333333333	0.10466666666666667	0.07466666666666667	0.08466666666666667	0.07066666666666667	0.044	0.03933333333333333	0.03333333333333333	0.02266666666666667	0.012666666666666666	0.013333333333333334	0.008666666666666666	0.008666666666666666	0.004	0.004	0.0013333333333333333	0.0013333333333333333	0.0	0.0	0.0	0.0	0.0	0.0	0.0	0.0	0.0	0.0	0.0	0.0	0.0	0.0	0.0	0.0	0.0	0.0	0.0	0.0	0.0	0.0	0.0	0.0	0.0	0.0	0.0	0.0	0.0	0.0	0.0	0.0	0.0	0.0	0.0	0.0	0.0	0.0	0.0	0.0	0.0	0.0	0.0	0.0	0.0	0.0	0.0	0.0	0.0	
3.1286666666666667	3.122	2.764666666666667	2.6513333333333335	2.458	2.3593333333333333	2.2026666666666666	2.0286666666666666	1.856	1.7426666666666666	1.632	1.4793333333333334	1.3386666666666667	1.156	1.124	0.9173333333333333	0.882	0.774	0.7206666666666667	0.6146666666666667	0.592	0.49466666666666664	0.4726666666666667	0.38133333333333336	0.38066666666666665	0.35333333333333333	0.284	0.26066666666666666	0.20533333333333334	0.19266666666666668	0.18666666666666668	0.15666666666666668	0.12933333333333333	0.12266666666666666	0.10333333333333333	0.08266666666666667	0.07466666666666667	0.058	0.04733333333333333	0.048	0.03266666666666666	0.036	0.018666666666666668	0.018	0.008	0.008666666666666666	0.0033333333333333335	0.0026666666666666666	0.0006666666666666666	0.0	0.0	0.0	0.0	0.0	0.0	0.0	0.0	0.0	0.0	0.0	0.0	0.0	0.0	0.0	0.0	0.0	0.0	0.0	0.0	0.0	0.0	0.0	0.0	0.0	0.0	0.0	0.0	0.0	0.0	0.0	0.0	0.0	0.0	0.0	0.0	0.0	0.0	0.0	0.0	0.0	0.0	0.0	0.0	0.0	0.0	0.0	0.0	0.0	0.0	
3.2133333333333334	3.0933333333333333	2.8293333333333335	2.7293333333333334	2.441333333333333	2.42	2.2006666666666668	1.996	1.9366666666666668	1.776	1.63	1.4206666666666667	1.3733333333333333	1.1773333333333333	1.1306666666666667	0.9393333333333334	0.8906666666666667	0.7606666666666667	0.7073333333333334	0.6513333333333333	0.618	0.476	0.4846666666666667	0.3993333333333333	0.39066666666666666	0.3466666666666667	0.32066666666666666	0.234	0.236	0.20533333333333334	0.18133333333333335	0.16066666666666668	0.136	0.114	0.10333333333333333	0.082	0.07133333333333333	0.06466666666666666	0.05266666666666667	0.04133333333333333	0.030666666666666665	0.02666666666666667	0.02	0.016666666666666666	0.010666666666666666	0.012666666666666666	0.005333333333333333	0.0026666666666666666	0.0013333333333333333	0.0	0.0	0.0	0.0	0.0	0.0	0.0	0.0	0.0	0.0	0.0	0.0	0.0	0.0	0.0	0.0	0.0	0.0	0.0	0.0	0.0	0.0	0.0	0.0	0.0	0.0	0.0	0.0	0.0	0.0	0.0	0.0	0.0	0.0	0.0	0.0	0.0	0.0	0.0	0.0	0.0	0.0	0.0	0.0	0.0	0.0	0.0	0.0	0.0	0.0	
3.1353333333333335	3.064	2.72	2.7066666666666666	2.454	2.3353333333333333	2.134	2.022	1.8393333333333333	1.738	1.634	1.458	1.3393333333333333	1.1386666666666667	1.0946666666666667	0.954	0.9346666666666666	0.7593333333333333	0.7193333333333334	0.5986666666666667	0.6193333333333333	0.48533333333333334	0.474	0.4	0.3933333333333333	0.3413333333333333	0.32266666666666666	0.2653333333333333	0.222	0.19466666666666665	0.15666666666666668	0.146	0.14	0.112	0.09733333333333333	0.09333333333333334	0.07	0.059333333333333335	0.056	0.035333333333333335	0.034	0.024	0.018666666666666668	0.018666666666666668	0.012666666666666666	0.006	0.006	0.005333333333333333	0.0026666666666666666	0.0006666666666666666	0.0	0.0	0.0	0.0	0.0	0.0	0.0	0.0	0.0	0.0	0.0	0.0	0.0	0.0	0.0	0.0	0.0	0.0	0.0	0.0	0.0	0.0	0.0	0.0	0.0	0.0	0.0	0.0	0.0	0.0	0.0	0.0	0.0	0.0	0.0	0.0	0.0	0.0	0.0	0.0	0.0	0.0	0.0	0.0	0.0	0.0	0.0	0.0	0.0	
3.2046666666666668	3.1053333333333333	2.752	2.712666666666667	2.4673333333333334	2.3893333333333335	2.171333333333333	2.018666666666667	1.8106666666666666	1.726	1.5886666666666667	1.4193333333333333	1.3573333333333333	1.1786666666666668	1.1273333333333333	0.9533333333333334	0.8633333333333333	0.772	0.7646666666666667	0.6306666666666667	0.5706666666666667	0.51	0.48333333333333334	0.38133333333333336	0.38666666666666666	0.3433333333333333	0.2946666666666667	0.238	0.22466666666666665	0.21933333333333332	0.176	0.148	0.13066666666666665	0.11066666666666666	0.08933333333333333	0.09266666666666666	0.08266666666666667	0.06266666666666666	0.04733333333333333	0.034	0.025333333333333333	0.03133333333333333	0.026	0.015333333333333332	0.01	0.008	0.006	0.002	0.0006666666666666666	0.0006666666666666666	0.0	0.0	0.0	0.0	0.0	0.0	0.0	0.0	0.0	0.0	0.0	0.0	0.0	0.0	0.0	0.0	0.0	0.0	0.0	0.0	0.0	0.0	0.0	0.0	0.0	0.0	0.0	0.0	0.0	0.0	0.0	0.0	0.0	0.0	0.0	0.0	0.0	0.0	0.0	0.0	0.0	0.0	0.0	0.0	0.0	0.0	0.0	0.0	0.0	
3.1966666666666668	3.0853333333333333	2.786	2.786	2.436	2.3593333333333333	2.1546666666666665	1.9753333333333334	1.8746666666666667	1.696	1.56	1.4586666666666666	1.322	1.2026666666666668	1.0626666666666666	0.9433333333333334	0.876	0.7793333333333333	0.7346666666666667	0.622	0.5806666666666667	0.498	0.4653333333333333	0.398	0.38466666666666666	0.33266666666666667	0.30666666666666664	0.2613333333333333	0.208	0.19333333333333333	0.174	0.15666666666666668	0.12	0.112	0.112	0.08866666666666667	0.064	0.05466666666666667	0.051333333333333335	0.050666666666666665	0.038	0.020666666666666667	0.020666666666666667	0.018666666666666668	0.010666666666666666	0.008	0.004666666666666667	0.002	0.0006666666666666666	0.0006666666666666666	0.0	0.0	0.0	0.0	0.0	0.0	0.0	0.0	0.0	0.0	0.0	0.0	0.0	0.0	0.0	0.0	0.0	0.0	0.0	0.0	0.0	0.0	0.0	0.0	0.0	0.0	0.0	0.0	0.0	0.0	0.0	0.0	0.0	0.0	0.0	0.0	0.0	0.0	0.0	0.0	0.0	0.0	0.0	0.0	0.0	0.0	0.0	0.0	0.0	
3.1466666666666665	3.1313333333333335	2.754	2.6693333333333333	2.542666666666667	2.41	2.1786666666666665	1.998	1.898	1.7313333333333334	1.59	1.4526666666666668	1.3726666666666667	1.148	1.0946666666666667	0.9626666666666667	0.9306666666666666	0.7733333333333333	0.752	0.6433333333333333	0.5746666666666667	0.53	0.49266666666666664	0.374	0.378	0.29933333333333334	0.2886666666666667	0.238	0.23333333333333334	0.21866666666666668	0.17	0.15666666666666668	0.15	0.126	0.09533333333333334	0.08866666666666667	0.068	0.06466666666666666	0.043333333333333335	0.050666666666666665	0.028	0.018666666666666668	0.02266666666666667	0.017333333333333333	0.010666666666666666	0.012	0.006	0.0026666666666666666	0.0013333333333333333	0.0	0.0	0.0	0.0	0.0	0.0	0.0	0.0	0.0	0.0	0.0	0.0	0.0	0.0	0.0	0.0	0.0	0.0	0.0	0.0	0.0	0.0	0.0	0.0	0.0	0.0	0.0	0.0	0.0	0.0	0.0	0.0	0.0	0.0	0.0	0.0	0.0	0.0	0.0	0.0	0.0	0.0	0.0	0.0	0.0	0.0	0.0	0.0	0.0	0.0	
3.1286666666666667	3.018666666666667	2.8146666666666667	2.6826666666666665	2.477333333333333	2.3033333333333332	2.179333333333333	2.0086666666666666	1.8446666666666667	1.7186666666666666	1.6066666666666667	1.4166666666666667	1.2813333333333334	1.182	1.1093333333333333	0.9326666666666666	0.9246666666666666	0.7466666666666667	0.7133333333333334	0.6453333333333333	0.596	0.484	0.438	0.43733333333333335	0.38066666666666665	0.3293333333333333	0.288	0.2673333333333333	0.23533333333333334	0.21	0.16133333333333333	0.14533333333333334	0.126	0.12266666666666666	0.09266666666666666	0.09133333333333334	0.06266666666666666	0.059333333333333335	0.056666666666666664	0.034666666666666665	0.02666666666666667	0.02666666666666667	0.022	0.017333333333333333	0.014	0.01	0.006	0.0033333333333333335	0.0006666666666666666	0.0	0.0	0.0	0.0	0.0	0.0	0.0	0.0	0.0	0.0	0.0	0.0	0.0	0.0	0.0	0.0	0.0	0.0	0.0	0.0	0.0	0.0	0.0	0.0	0.0	0.0	0.0	0.0	0.0	0.0	0.0	0.0	0.0	0.0	0.0	0.0	0.0	0.0	0.0	0.0	0.0	0.0	0.0	0.0	0.0	0.0	0.0	0.0	0.0	0.0	
3.1926666666666668	3.006666666666667	2.728666666666667	2.687333333333333	2.4326666666666665	2.386	2.1726666666666667	2.037333333333333	1.868	1.7253333333333334	1.5793333333333333	1.418	1.338	1.176	1.066	0.9393333333333334	0.8933333333333333	0.7386666666666667	0.74	0.6033333333333334	0.566	0.5273333333333333	0.4646666666666667	0.43333333333333335	0.362	0.30333333333333334	0.282	0.248	0.21533333333333332	0.19	0.18933333333333333	0.166	0.13733333333333334	0.114	0.09466666666666666	0.088	0.07	0.068	0.04666666666666667	0.03666666666666667	0.02666666666666667	0.030666666666666665	0.018666666666666668	0.02	0.008666666666666666	0.007333333333333333	0.004	0.0033333333333333335	0.002	0.0006666666666666666	0.0	0.0	0.0	0.0	0.0	0.0	0.0	0.0	0.0	0.0	0.0	0.0	0.0	0.0	0.0	0.0	0.0	0.0	0.0	0.0	0.0	0.0	0.0	0.0	0.0	0.0	0.0	0.0	0.0	0.0	0.0	0.0	0.0	0.0	0.0	0.0	0.0	0.0	0.0	0.0	0.0	0.0	0.0	0.0	0.0	0.0	0.0	0.0	0.0	
3.1126666666666667	3.0773333333333333	2.755333333333333	2.6926666666666668	2.490666666666667	2.3146666666666667	2.1213333333333333	2.0393333333333334	1.8613333333333333	1.748	1.5566666666666666	1.4073333333333333	1.3306666666666667	1.204	1.1026666666666667	0.9273333333333333	0.8846666666666667	0.7426666666666667	0.7146666666666667	0.6046666666666667	0.602	0.4646666666666667	0.4713333333333333	0.3913333333333333	0.3893333333333333	0.30866666666666664	0.32	0.236	0.24266666666666667	0.204	0.18066666666666667	0.168	0.12066666666666667	0.11666666666666667	0.10866666666666666	0.09333333333333334	0.07133333333333333	0.06266666666666666	0.056666666666666664	0.04533333333333334	0.04133333333333333	0.027333333333333334	0.016666666666666666	0.014	0.016666666666666666	0.008666666666666666	0.0026666666666666666	0.0033333333333333335	0.0013333333333333333	0.0006666666666666666	0.0	0.0	0.0	0.0	0.0	0.0	0.0	0.0	0.0	0.0	0.0	0.0	0.0	0.0	0.0	0.0	0.0	0.0	0.0	0.0	0.0	0.0	0.0	0.0	0.0	0.0	0.0	0.0	0.0	0.0	0.0	0.0	0.0	0.0	0.0	0.0	0.0	0.0	0.0	0.0	0.0	0.0	0.0	0.0	0.0	0.0	0.0	0.0	0.0	
3.1273333333333335	3.0873333333333335	2.804666666666667	2.7693333333333334	2.4726666666666666	2.3193333333333332	2.1566666666666667	2.0646666666666667	1.872	1.7006666666666668	1.5746666666666667	1.43	1.346	1.1166666666666667	1.0413333333333334	0.9473333333333334	0.858	0.7733333333333333	0.7033333333333334	0.6166666666666667	0.612	0.468	0.476	0.41333333333333333	0.402	0.354	0.31133333333333335	0.24066666666666667	0.23133333333333334	0.21	0.17066666666666666	0.14333333333333334	0.128	0.11866666666666667	0.102	0.09266666666666666	0.07333333333333333	0.062	0.050666666666666665	0.04466666666666667	0.030666666666666665	0.023333333333333334	0.017333333333333333	0.017333333333333333	0.011333333333333334	0.007333333333333333	0.007333333333333333	0.0033333333333333335	0.0006666666666666666	0.0	0.0	0.0	0.0	0.0	0.0	0.0	0.0	0.0	0.0	0.0	0.0	0.0	0.0	0.0	0.0	0.0	0.0	0.0	0.0	0.0	0.0	0.0	0.0	0.0	0.0	0.0	0.0	0.0	0.0	0.0	0.0	0.0	0.0	0.0	0.0	0.0	0.0	0.0	0.0	0.0	0.0	0.0	0.0	0.0	0.0	0.0	0.0	0.0	0.0	
3.114	3.013333333333333	2.792	2.5986666666666665	2.38	2.344	2.124	1.9946666666666666	1.8986666666666667	1.7173333333333334	1.6066666666666667	1.408	1.3366666666666667	1.172	1.1186666666666667	0.916	0.9	0.7446666666666667	0.7413333333333333	0.6126666666666667	0.62	0.5	0.476	0.37933333333333336	0.364	0.304	0.30133333333333334	0.254	0.21733333333333332	0.204	0.15533333333333332	0.16733333333333333	0.136	0.116	0.09933333333333333	0.09066666666666667	0.06733333333333333	0.064	0.04733333333333333	0.04733333333333333	0.035333333333333335	0.024666666666666667	0.02	0.018	0.014666666666666666	0.006666666666666667	0.002	0.0033333333333333335	0.0	0.0	0.0	0.0	0.0	0.0	0.0	0.0	0.0	0.0	0.0	0.0	0.0	0.0	0.0	0.0	0.0	0.0	0.0	0.0	0.0	0.0	0.0	0.0	0.0	0.0	0.0	0.0	0.0	0.0	0.0	0.0	0.0	0.0	0.0	0.0	0.0	0.0	0.0	0.0	0.0	0.0	0.0	0.0	0.0	0.0	0.0	0.0	0.0	0.0	0.0	
3.12	3.104	2.8	2.6666666666666665	2.3913333333333333	2.294	2.1393333333333335	2.0526666666666666	1.8546666666666667	1.7413333333333334	1.6053333333333333	1.4446666666666668	1.306	1.1726666666666667	1.082	0.904	0.8386666666666667	0.768	0.744	0.5686666666666667	0.6033333333333334	0.5013333333333333	0.4693333333333333	0.404	0.37733333333333335	0.314	0.30333333333333334	0.256	0.22466666666666665	0.21066666666666667	0.17533333333333334	0.15866666666666668	0.14133333333333334	0.118	0.10666666666666667	0.09066666666666667	0.066	0.06733333333333333	0.04733333333333333	0.03666666666666667	0.03	0.03	0.016666666666666666	0.014	0.011333333333333334	0.008	0.005333333333333333	0.006	0.002	0.0006666666666666666	0.0	0.0	0.0	0.0	0.0	0.0	0.0	0.0	0.0	0.0	0.0	0.0	0.0	0.0	0.0	0.0	0.0	0.0	0.0	0.0	0.0	0.0	0.0	0.0	0.0	0.0	0.0	0.0	0.0	0.0	0.0	0.0	0.0	0.0	0.0	0.0	0.0	0.0	0.0	0.0	0.0	0.0	0.0	0.0	0.0	0.0	0.0	0.0	0.0	
3.175333333333333	3.046	2.7626666666666666	2.714	2.452	2.292666666666667	2.1413333333333333	2.0366666666666666	1.8333333333333333	1.6886666666666668	1.582	1.4613333333333334	1.3073333333333332	1.2113333333333334	1.134	0.9713333333333334	0.8826666666666667	0.7613333333333333	0.7073333333333334	0.588	0.5933333333333334	0.498	0.468	0.39266666666666666	0.38266666666666665	0.3293333333333333	0.30333333333333334	0.282	0.22466666666666665	0.19066666666666668	0.17733333333333334	0.15466666666666667	0.14	0.11933333333333333	0.094	0.09466666666666666	0.068	0.05733333333333333	0.04733333333333333	0.046	0.034666666666666665	0.028666666666666667	0.02266666666666667	0.017333333333333333	0.013333333333333334	0.008666666666666666	0.0033333333333333335	0.002	0.0006666666666666666	0.0013333333333333333	0.0	0.0	0.0	0.0	0.0	0.0	0.0	0.0	0.0	0.0	0.0	0.0	0.0	0.0	0.0	0.0	0.0	0.0	0.0	0.0	0.0	0.0	0.0	0.0	0.0	0.0	0.0	0.0	0.0	0.0	0.0	0.0	0.0	0.0	0.0	0.0	0.0	0.0	0.0	0.0	0.0	0.0	0.0	0.0	0.0	0.0	0.0	0.0	0.0	
3.1006666666666667	3.08	2.816666666666667	2.6666666666666665	2.4386666666666668	2.3706666666666667	2.1446666666666667	2.0153333333333334	1.8273333333333333	1.664	1.5753333333333333	1.3786666666666667	1.3273333333333333	1.2206666666666666	1.06	0.9046666666666666	0.9446666666666667	0.75	0.7093333333333334	0.6193333333333333	0.598	0.498	0.4633333333333333	0.42133333333333334	0.374	0.32	0.2806666666666667	0.2633333333333333	0.23933333333333334	0.202	0.16533333333333333	0.15	0.12466666666666666	0.12266666666666666	0.10066666666666667	0.10466666666666667	0.05533333333333333	0.064	0.04066666666666666	0.04733333333333333	0.038	0.02666666666666667	0.022	0.014	0.009333333333333334	0.006	0.004	0.004666666666666667	0.0006666666666666666	0.0013333333333333333	0.0006666666666666666	0.0	0.0	0.0	0.0	0.0	0.0	0.0	0.0	0.0	0.0	0.0	0.0	0.0	0.0	0.0	0.0	0.0	0.0	0.0	0.0	0.0	0.0	0.0	0.0	0.0	0.0	0.0	0.0	0.0	0.0	0.0	0.0	0.0	0.0	0.0	0.0	0.0	0.0	0.0	0.0	0.0	0.0	0.0	0.0	0.0	0.0	0.0	0.0	
3.1573333333333333	3.0113333333333334	2.8373333333333335	2.6653333333333333	2.484	2.3813333333333335	2.1606666666666667	1.9733333333333334	1.8853333333333333	1.6913333333333334	1.608	1.4273333333333333	1.3426666666666667	1.18	1.0833333333333333	0.9486666666666667	0.874	0.7333333333333333	0.7086666666666667	0.5766666666666667	0.6026666666666667	0.508	0.46066666666666667	0.38	0.37466666666666665	0.322	0.3006666666666667	0.244	0.228	0.20133333333333334	0.17866666666666667	0.15333333333333332	0.14866666666666667	0.11133333333333334	0.08666666666666667	0.088	0.06733333333333333	0.058666666666666666	0.058666666666666666	0.03933333333333333	0.03666666666666667	0.02666666666666667	0.016666666666666666	0.018	0.008666666666666666	0.010666666666666666	0.0033333333333333335	0.002	0.0006666666666666666	0.0013333333333333333	0.0	0.0	0.0	0.0	0.0	0.0	0.0	0.0	0.0	0.0	0.0	0.0	0.0	0.0	0.0	0.0	0.0	0.0	0.0	0.0	0.0	0.0	0.0	0.0	0.0	0.0	0.0	0.0	0.0	0.0	0.0	0.0	0.0	0.0	0.0	0.0	0.0	0.0	0.0	0.0	0.0	0.0	0.0	0.0	0.0	0.0	0.0	0.0	0.0	
3.044	3.0006666666666666	2.7226666666666666	2.6293333333333333	2.5006666666666666	2.332666666666667	2.166	1.8906666666666667	1.8486666666666667	1.758	1.5813333333333333	1.4366666666666668	1.286	1.1546666666666667	1.0413333333333334	0.8833333333333333	0.9086666666666666	0.748	0.6766666666666666	0.588	0.61	0.5106666666666667	0.49	0.416	0.37866666666666665	0.302	0.2866666666666667	0.238	0.244	0.192	0.182	0.13933333333333334	0.14	0.12733333333333333	0.088	0.082	0.082	0.058	0.04733333333333333	0.04466666666666667	0.024666666666666667	0.027333333333333334	0.020666666666666667	0.016	0.008666666666666666	0.009333333333333334	0.004666666666666667	0.0013333333333333333	0.0006666666666666666	0.0013333333333333333	0.0006666666666666666	0.0	0.0	0.0	0.0	0.0	0.0	0.0	0.0	0.0	0.0	0.0	0.0	0.0	0.0	0.0	0.0	0.0	0.0	0.0	0.0	0.0	0.0	0.0	0.0	0.0	0.0	0.0	0.0	0.0	0.0	0.0	0.0	0.0	0.0	0.0	0.0	0.0	0.0	0.0	0.0	0.0	0.0	0.0	0.0	0.0	0.0	0.0	0.0	
3.1706666666666665	3.0613333333333332	2.784666666666667	2.6733333333333333	2.432	2.3506666666666667	2.134	1.942	1.856	1.7546666666666666	1.5013333333333334	1.4553333333333334	1.3266666666666667	1.1606666666666667	1.052	0.9433333333333334	0.858	0.7886666666666666	0.738	0.6153333333333333	0.57	0.496	0.4786666666666667	0.4106666666666667	0.3893333333333333	0.31666666666666665	0.2886666666666667	0.236	0.25733333333333336	0.18666666666666668	0.182	0.15133333333333332	0.13933333333333334	0.10666666666666667	0.09666666666666666	0.08466666666666667	0.07266666666666667	0.07933333333333334	0.04733333333333333	0.04733333333333333	0.032	0.02666666666666667	0.018	0.013333333333333334	0.008666666666666666	0.01	0.006666666666666667	0.006	0.0013333333333333333	0.0013333333333333333	0.0	0.0	0.0	0.0	0.0	0.0	0.0	0.0	0.0	0.0	0.0	0.0	0.0	0.0	0.0	0.0	0.0	0.0	0.0	0.0	0.0	0.0	0.0	0.0	0.0	0.0	0.0	0.0	0.0	0.0	0.0	0.0	0.0	0.0	0.0	0.0	0.0	0.0	0.0	0.0	0.0	0.0	0.0	0.0	0.0	0.0	0.0	0.0	0.0	
3.178	2.9833333333333334	2.75	2.698	2.4593333333333334	2.3253333333333335	2.1573333333333333	1.9946666666666666	1.8973333333333333	1.774	1.5873333333333333	1.4186666666666667	1.338	1.1993333333333334	1.0926666666666667	0.98	0.872	0.726	0.728	0.5953333333333334	0.6106666666666667	0.49866666666666665	0.486	0.36466666666666664	0.37333333333333335	0.31333333333333335	0.268	0.29533333333333334	0.22933333333333333	0.194	0.168	0.166	0.136	0.11266666666666666	0.09066666666666667	0.07266666666666667	0.058666666666666666	0.07133333333333333	0.06733333333333333	0.043333333333333335	0.028666666666666667	0.03	0.023333333333333334	0.018666666666666668	0.011333333333333334	0.013333333333333334	0.005333333333333333	0.0033333333333333335	0.0013333333333333333	0.0013333333333333333	0.0	0.0	0.0	0.0	0.0	0.0	0.0	0.0	0.0	0.0	0.0	0.0	0.0	0.0	0.0	0.0	0.0	0.0	0.0	0.0	0.0	0.0	0.0	0.0	0.0	0.0	0.0	0.0	0.0	0.0	0.0	0.0	0.0	0.0	0.0	0.0	0.0	0.0	0.0	0.0	0.0	0.0	0.0	0.0	0.0	0.0	0.0	0.0	0.0	
3.134	2.949333333333333	2.739333333333333	2.748666666666667	2.492	2.283333333333333	2.1173333333333333	1.988	1.88	1.712	1.5573333333333332	1.4053333333333333	1.274	1.162	1.0886666666666667	0.9233333333333333	0.8953333333333333	0.7326666666666667	0.7346666666666667	0.6013333333333334	0.58	0.502	0.472	0.398	0.3373333333333333	0.30133333333333334	0.312	0.24333333333333335	0.22866666666666666	0.196	0.17333333333333334	0.17266666666666666	0.11866666666666667	0.12	0.10466666666666667	0.08466666666666667	0.066	0.05266666666666667	0.052	0.04666666666666667	0.037333333333333336	0.022	0.02266666666666667	0.012666666666666666	0.007333333333333333	0.008	0.004666666666666667	0.0033333333333333335	0.0	0.0006666666666666666	0.0	0.0	0.0	0.0	0.0	0.0	0.0	0.0	0.0	0.0	0.0	0.0	0.0	0.0	0.0	0.0	0.0	0.0	0.0	0.0	0.0	0.0	0.0	0.0	0.0	0.0	0.0	0.0	0.0	0.0	0.0	0.0	0.0	0.0	0.0	0.0	0.0	0.0	0.0	0.0	0.0	0.0	0.0	0.0	0.0	0.0	0.0	0.0	0.0	
3.0433333333333334	3.008	2.7106666666666666	2.7	2.3666666666666667	2.256	2.0853333333333333	1.9593333333333334	1.8466666666666667	1.7106666666666666	1.6033333333333333	1.4273333333333333	1.2973333333333332	1.186	1.0933333333333333	0.9206666666666666	0.866	0.7566666666666667	0.7186666666666667	0.596	0.554	0.48933333333333334	0.47333333333333333	0.37533333333333335	0.37133333333333335	0.33866666666666667	0.2853333333333333	0.24666666666666667	0.22866666666666666	0.196	0.16733333333333333	0.15866666666666668	0.13	0.11733333333333333	0.10066666666666667	0.08733333333333333	0.07666666666666666	0.06333333333333334	0.04466666666666667	0.046	0.03333333333333333	0.02266666666666667	0.021333333333333333	0.016666666666666666	0.01	0.01	0.004	0.004	0.0026666666666666666	0.0	0.0	0.0	0.0	0.0	0.0	0.0	0.0	0.0	0.0	0.0	0.0	0.0	0.0	0.0	0.0	0.0	0.0	0.0	0.0	0.0	0.0	0.0	0.0	0.0	0.0	0.0	0.0	0.0	0.0	0.0	0.0	0.0	0.0	0.0	0.0	0.0	0.0	0.0	0.0	0.0	0.0	0.0	0.0	0.0	0.0	0.0	0.0	0.0	0.0	
3.042666666666667	3.042	2.78	2.675333333333333	2.3746666666666667	2.296666666666667	2.1366666666666667	2.092	1.8286666666666667	1.6673333333333333	1.5966666666666667	1.386	1.3566666666666667	1.2066666666666668	1.0613333333333332	0.9353333333333333	0.8786666666666667	0.7786666666666666	0.726	0.5666666666666667	0.5913333333333334	0.498	0.4726666666666667	0.38866666666666666	0.39066666666666666	0.32666666666666666	0.30466666666666664	0.24533333333333332	0.21866666666666668	0.20066666666666666	0.19	0.14533333333333334	0.12333333333333334	0.116	0.098	0.09133333333333334	0.06066666666666667	0.064	0.05	0.04133333333333333	0.027333333333333334	0.024	0.02	0.015333333333333332	0.010666666666666666	0.008	0.004	0.0033333333333333335	0.0013333333333333333	0.0	0.0	0.0	0.0	0.0	0.0	0.0	0.0	0.0	0.0	0.0	0.0	0.0	0.0	0.0	0.0	0.0	0.0	0.0	0.0	0.0	0.0	0.0	0.0	0.0	0.0	0.0	0.0	0.0	0.0	0.0	0.0	0.0	0.0	0.0	0.0	0.0	0.0	0.0	0.0	0.0	0.0	0.0	0.0	0.0	0.0	0.0	0.0	0.0	0.0	
3.158	3.014666666666667	2.6546666666666665	2.6406666666666667	2.509333333333333	2.354	2.178	1.9553333333333334	1.8106666666666666	1.7053333333333334	1.5906666666666667	1.4173333333333333	1.284	1.1733333333333333	1.0973333333333333	0.958	0.8953333333333333	0.724	0.706	0.612	0.57	0.468	0.4826666666666667	0.412	0.36466666666666664	0.3333333333333333	0.2813333333333333	0.25733333333333336	0.21866666666666668	0.22666666666666666	0.192	0.16533333333333333	0.12066666666666667	0.10666666666666667	0.08866666666666667	0.10533333333333333	0.082	0.06533333333333333	0.052	0.03	0.03133333333333333	0.028666666666666667	0.02	0.022	0.015333333333333332	0.008	0.0013333333333333333	0.002	0.002	0.0	0.0	0.0	0.0	0.0	0.0	0.0	0.0	0.0	0.0	0.0	0.0	0.0	0.0	0.0	0.0	0.0	0.0	0.0	0.0	0.0	0.0	0.0	0.0	0.0	0.0	0.0	0.0	0.0	0.0	0.0	0.0	0.0	0.0	0.0	0.0	0.0	0.0	0.0	0.0	0.0	0.0	0.0	0.0	0.0	0.0	0.0	0.0	0.0	0.0	
3.082666666666667	3.1013333333333333	2.732666666666667	2.656	2.3693333333333335	2.2986666666666666	2.0573333333333332	1.9266666666666667	1.8873333333333333	1.714	1.5573333333333332	1.438	1.3373333333333333	1.096	1.12	0.9326666666666666	0.91	0.714	0.6906666666666667	0.5906666666666667	0.578	0.47	0.4513333333333333	0.4073333333333333	0.37666666666666665	0.318	0.2853333333333333	0.22266666666666668	0.226	0.20266666666666666	0.16933333333333334	0.14266666666666666	0.134	0.106	0.08733333333333333	0.08666666666666667	0.068	0.07066666666666667	0.04666666666666667	0.037333333333333336	0.032	0.025333333333333333	0.016	0.015333333333333332	0.01	0.011333333333333334	0.004666666666666667	0.002	0.002	0.0006666666666666666	0.0006666666666666666	0.0	0.0	0.0	0.0	0.0	0.0	0.0	0.0	0.0	0.0	0.0	0.0	0.0	0.0	0.0	0.0	0.0	0.0	0.0	0.0	0.0	0.0	0.0	0.0	0.0	0.0	0.0	0.0	0.0	0.0	0.0	0.0	0.0	0.0	0.0	0.0	0.0	0.0	0.0	0.0	0.0	0.0	0.0	0.0	0.0	0.0	0.0	0.0	
3.078666666666667	2.9806666666666666	2.638	2.6306666666666665	2.436	2.3173333333333335	2.128	2.004	1.8793333333333333	1.6426666666666667	1.584	1.3606666666666667	1.342	1.1313333333333333	1.0813333333333333	0.922	0.9093333333333333	0.7373333333333333	0.7006666666666667	0.6266666666666667	0.5693333333333334	0.504	0.47533333333333333	0.39866666666666667	0.3526666666666667	0.302	0.294	0.24	0.23	0.20533333333333334	0.15933333333333333	0.156	0.128	0.11	0.09733333333333333	0.08466666666666667	0.052	0.06466666666666666	0.048	0.048	0.032	0.028	0.017333333333333333	0.018	0.009333333333333334	0.006666666666666667	0.004	0.0026666666666666666	0.002	0.002	0.0	0.0	0.0	0.0	0.0	0.0	0.0	0.0	0.0	0.0	0.0	0.0	0.0	0.0	0.0	0.0	0.0	0.0	0.0	0.0	0.0	0.0	0.0	0.0	0.0	0.0	0.0	0.0	0.0	0.0	0.0	0.0	0.0	0.0	0.0	0.0	0.0	0.0	0.0	0.0	0.0	0.0	0.0	0.0	0.0	0.0	0.0	0.0	0.0	
3.0946666666666665	3.04	2.744666666666667	2.6166666666666667	2.408	2.2906666666666666	2.1966666666666668	2.0073333333333334	1.8553333333333333	1.6786666666666668	1.6233333333333333	1.4033333333333333	1.3273333333333333	1.1326666666666667	1.0593333333333332	0.918	0.9313333333333333	0.7046666666666667	0.694	0.6353333333333333	0.5913333333333334	0.512	0.4746666666666667	0.39066666666666666	0.354	0.308	0.304	0.25466666666666665	0.22066666666666668	0.19733333333333333	0.196	0.152	0.12533333333333332	0.09733333333333333	0.08133333333333333	0.08933333333333333	0.07066666666666667	0.058	0.051333333333333335	0.04533333333333334	0.029333333333333333	0.03	0.019333333333333334	0.017333333333333333	0.012666666666666666	0.008	0.0033333333333333335	0.004666666666666667	0.0026666666666666666	0.0	0.0	0.0	0.0	0.0	0.0	0.0	0.0	0.0	0.0	0.0	0.0	0.0	0.0	0.0	0.0	0.0	0.0	0.0	0.0	0.0	0.0	0.0	0.0	0.0	0.0	0.0	0.0	0.0	0.0	0.0	0.0	0.0	0.0	0.0	0.0	0.0	0.0	0.0	0.0	0.0	0.0	0.0	0.0	0.0	0.0	0.0	0.0	0.0	0.0	
3.050666666666667	2.9966666666666666	2.754	2.65	2.456	2.287333333333333	2.1193333333333335	1.9806666666666666	1.8466666666666667	1.7166666666666666	1.5846666666666667	1.3453333333333333	1.364	1.1353333333333333	1.048	0.9186666666666666	0.8626666666666667	0.7386666666666667	0.6873333333333334	0.5813333333333334	0.5833333333333334	0.49533333333333335	0.472	0.4226666666666667	0.37333333333333335	0.32666666666666666	0.2926666666666667	0.24666666666666667	0.218	0.19533333333333333	0.18266666666666667	0.15	0.14866666666666667	0.11466666666666667	0.09066666666666667	0.09	0.06466666666666666	0.062	0.043333333333333335	0.04133333333333333	0.03	0.028666666666666667	0.013333333333333334	0.012	0.006666666666666667	0.006666666666666667	0.002	0.0013333333333333333	0.0033333333333333335	0.0006666666666666666	0.0	0.0	0.0	0.0	0.0	0.0	0.0	0.0	0.0	0.0	0.0	0.0	0.0	0.0	0.0	0.0	0.0	0.0	0.0	0.0	0.0	0.0	0.0	0.0	0.0	0.0	0.0	0.0	0.0	0.0	0.0	0.0	0.0	0.0	0.0	0.0	0.0	0.0	0.0	0.0	0.0	0.0	0.0	0.0	0.0	0.0	0.0	0.0	0.0	
3.1006666666666667	3.042666666666667	2.6906666666666665	2.6226666666666665	2.472	2.3526666666666665	2.178	2.04	1.7853333333333334	1.6953333333333334	1.6173333333333333	1.4033333333333333	1.3426666666666667	1.0946666666666667	1.0266666666666666	0.9126666666666666	0.9053333333333333	0.746	0.66	0.5866666666666667	0.56	0.49266666666666664	0.49	0.38133333333333336	0.39466666666666667	0.35	0.2806666666666667	0.24	0.21	0.19266666666666668	0.166	0.154	0.13	0.11733333333333333	0.096	0.08133333333333333	0.066	0.06333333333333334	0.046	0.04066666666666666	0.027333333333333334	0.024	0.018	0.018	0.012666666666666666	0.011333333333333334	0.008	0.002	0.002	0.0013333333333333333	0.0	0.0	0.0	0.0	0.0	0.0	0.0	0.0	0.0	0.0	0.0	0.0	0.0	0.0	0.0	0.0	0.0	0.0	0.0	0.0	0.0	0.0	0.0	0.0	0.0	0.0	0.0	0.0	0.0	0.0	0.0	0.0	0.0	0.0	0.0	0.0	0.0	0.0	0.0	0.0	0.0	0.0	0.0	0.0	0.0	0.0	0.0	0.0	0.0	
3.1033333333333335	3.0526666666666666	2.7213333333333334	2.632	2.4686666666666666	2.279333333333333	2.1013333333333333	1.946	1.8353333333333333	1.664	1.628	1.3646666666666667	1.3126666666666666	1.112	1.082	0.932	0.8806666666666667	0.738	0.72	0.622	0.5606666666666666	0.5246666666666666	0.456	0.4106666666666667	0.3993333333333333	0.30733333333333335	0.30266666666666664	0.24933333333333332	0.20933333333333334	0.22133333333333333	0.174	0.15533333333333332	0.122	0.11533333333333333	0.09666666666666666	0.08466666666666667	0.08	0.06	0.046	0.044	0.034666666666666665	0.02	0.014666666666666666	0.020666666666666667	0.011333333333333334	0.006666666666666667	0.005333333333333333	0.0026666666666666666	0.0013333333333333333	0.0013333333333333333	0.0	0.0	0.0	0.0	0.0	0.0	0.0	0.0	0.0	0.0	0.0	0.0	0.0	0.0	0.0	0.0	0.0	0.0	0.0	0.0	0.0	0.0	0.0	0.0	0.0	0.0	0.0	0.0	0.0	0.0	0.0	0.0	0.0	0.0	0.0	0.0	0.0	0.0	0.0	0.0	0.0	0.0	0.0	0.0	0.0	0.0	0.0	0.0	0.0	
3.07	3.054666666666667	2.828	2.5973333333333333	2.39	2.284	2.0986666666666665	1.9926666666666666	1.8413333333333333	1.69	1.5613333333333332	1.3833333333333333	1.3346666666666667	1.1046666666666667	1.0713333333333332	0.922	0.9146666666666666	0.76	0.696	0.6246666666666667	0.5986666666666667	0.5033333333333333	0.462	0.384	0.36133333333333334	0.33266666666666667	0.31066666666666665	0.25266666666666665	0.22533333333333333	0.18533333333333332	0.18066666666666667	0.14266666666666666	0.14	0.11133333333333334	0.09866666666666667	0.082	0.074	0.06	0.056	0.03933333333333333	0.042666666666666665	0.032	0.022	0.016	0.010666666666666666	0.0026666666666666666	0.006	0.005333333333333333	0.0	0.0	0.0	0.0	0.0	0.0	0.0	0.0	0.0	0.0	0.0	0.0	0.0	0.0	0.0	0.0	0.0	0.0	0.0	0.0	0.0	0.0	0.0	0.0	0.0	0.0	0.0	0.0	0.0	0.0	0.0	0.0	0.0	0.0	0.0	0.0	0.0	0.0	0.0	0.0	0.0	0.0	0.0	0.0	0.0	0.0	0.0	0.0	0.0	0.0	0.0	
3.1493333333333333	3.0006666666666666	2.7173333333333334	2.6206666666666667	2.42	2.296	2.1413333333333333	1.9	1.824	1.6466666666666667	1.546	1.3953333333333333	1.2833333333333334	1.1453333333333333	1.068	0.938	0.89	0.7226666666666667	0.7153333333333334	0.5913333333333334	0.5973333333333334	0.48533333333333334	0.476	0.404	0.3506666666666667	0.32133333333333336	0.2906666666666667	0.24866666666666667	0.23266666666666666	0.18066666666666667	0.19666666666666666	0.14266666666666666	0.14533333333333334	0.12933333333333333	0.094	0.09333333333333334	0.08066666666666666	0.06333333333333334	0.04666666666666667	0.042666666666666665	0.03333333333333333	0.029333333333333333	0.014666666666666666	0.01	0.012	0.008666666666666666	0.004	0.0026666666666666666	0.002	0.0	0.0	0.0	0.0	0.0	0.0	0.0	0.0	0.0	0.0	0.0	0.0	0.0	0.0	0.0	0.0	0.0	0.0	0.0	0.0	0.0	0.0	0.0	0.0	0.0	0.0	0.0	0.0	0.0	0.0	0.0	0.0	0.0	0.0	0.0	0.0	0.0	0.0	0.0	0.0	0.0	0.0	0.0	0.0	0.0	0.0	0.0	0.0	0.0	0.0	
3.0493333333333332	2.9233333333333333	2.7373333333333334	2.6433333333333335	2.3993333333333333	2.3473333333333333	2.1613333333333333	2.017333333333333	1.8626666666666667	1.702	1.562	1.4073333333333333	1.3573333333333333	1.1206666666666667	1.12	0.884	0.8613333333333333	0.734	0.7386666666666667	0.57	0.6073333333333333	0.48733333333333334	0.464	0.41133333333333333	0.3446666666666667	0.344	0.306	0.238	0.222	0.20533333333333334	0.16733333333333333	0.15866666666666668	0.138	0.11666666666666667	0.08466666666666667	0.08866666666666667	0.06666666666666667	0.07666666666666666	0.04933333333333333	0.03666666666666667	0.034666666666666665	0.028	0.022	0.018666666666666668	0.006	0.008	0.005333333333333333	0.004	0.0006666666666666666	0.0	0.0	0.0	0.0	0.0	0.0	0.0	0.0	0.0	0.0	0.0	0.0	0.0	0.0	0.0	0.0	0.0	0.0	0.0	0.0	0.0	0.0	0.0	0.0	0.0	0.0	0.0	0.0	0.0	0.0	0.0	0.0	0.0	0.0	0.0	0.0	0.0	0.0	0.0	0.0	0.0	0.0	0.0	0.0	0.0	0.0	0.0	0.0	0.0	0.0	
3.066666666666667	3.0366666666666666	2.7466666666666666	2.588	2.4393333333333334	2.2893333333333334	2.1306666666666665	1.9846666666666666	1.8446666666666667	1.6793333333333333	1.6073333333333333	1.47	1.324	1.1126666666666667	1.0453333333333332	0.9173333333333333	0.8753333333333333	0.7293333333333333	0.7306666666666667	0.6113333333333333	0.6033333333333334	0.484	0.44666666666666666	0.36733333333333335	0.3626666666666667	0.304	0.292	0.25066666666666665	0.21866666666666668	0.20466666666666666	0.18066666666666667	0.16	0.136	0.11733333333333333	0.10133333333333333	0.06866666666666667	0.064	0.074	0.054	0.046	0.034	0.026	0.024	0.014	0.01	0.006666666666666667	0.0033333333333333335	0.0013333333333333333	0.002	0.0	0.0	0.0	0.0	0.0	0.0	0.0	0.0	0.0	0.0	0.0	0.0	0.0	0.0	0.0	0.0	0.0	0.0	0.0	0.0	0.0	0.0	0.0	0.0	0.0	0.0	0.0	0.0	0.0	0.0	0.0	0.0	0.0	0.0	0.0	0.0	0.0	0.0	0.0	0.0	0.0	0.0	0.0	0.0	0.0	0.0	0.0	0.0	0.0	0.0	
3.0313333333333334	2.964	2.792	2.554666666666667	2.4133333333333336	2.298	2.158	1.942	1.8606666666666667	1.6726666666666667	1.534	1.358	1.3106666666666666	1.1073333333333333	1.06	0.9713333333333334	0.8753333333333333	0.766	0.7313333333333333	0.6126666666666667	0.522	0.432	0.466	0.386	0.39466666666666667	0.29733333333333334	0.288	0.254	0.21333333333333335	0.17933333333333334	0.16466666666666666	0.15933333333333333	0.14466666666666667	0.12666666666666668	0.092	0.074	0.06466666666666666	0.052	0.05533333333333333	0.03666666666666667	0.030666666666666665	0.020666666666666667	0.013333333333333334	0.016	0.01	0.006666666666666667	0.006	0.004666666666666667	0.0006666666666666666	0.0	0.0006666666666666666	0.0	0.0	0.0	0.0	0.0	0.0	0.0	0.0	0.0	0.0	0.0	0.0	0.0	0.0	0.0	0.0	0.0	0.0	0.0	0.0	0.0	0.0	0.0	0.0	0.0	0.0	0.0	0.0	0.0	0.0	0.0	0.0	0.0	0.0	0.0	0.0	0.0	0.0	0.0	0.0	0.0	0.0	0.0	0.0	0.0	0.0	0.0	0.0	
3.0793333333333335	3.0006666666666666	2.736	2.602	2.3846666666666665	2.254	2.0986666666666665	1.9693333333333334	1.8373333333333333	1.686	1.5973333333333333	1.4006666666666667	1.29	1.152	1.1073333333333333	0.928	0.8593333333333333	0.7	0.6853333333333333	0.5973333333333334	0.566	0.498	0.47533333333333333	0.392	0.378	0.3253333333333333	0.2886666666666667	0.23666666666666666	0.202	0.20266666666666666	0.176	0.15066666666666667	0.13333333333333333	0.12333333333333334	0.08666666666666667	0.084	0.06066666666666667	0.06333333333333334	0.048	0.044	0.035333333333333335	0.02	0.018	0.02	0.006666666666666667	0.005333333333333333	0.004666666666666667	0.004	0.0006666666666666666	0.0	0.0006666666666666666	0.0	0.0	0.0	0.0	0.0	0.0	0.0	0.0	0.0	0.0	0.0	0.0	0.0	0.0	0.0	0.0	0.0	0.0	0.0	0.0	0.0	0.0	0.0	0.0	0.0	0.0	0.0	0.0	0.0	0.0	0.0	0.0	0.0	0.0	0.0	0.0	0.0	0.0	0.0	0.0	0.0	0.0	0.0	0.0	0.0	0.0	0.0	0.0	
3.094	2.9513333333333334	2.722	2.582666666666667	2.4093333333333335	2.267333333333333	2.072	1.986	1.8033333333333332	1.6613333333333333	1.624	1.416	1.3053333333333332	1.1153333333333333	1.042	0.9113333333333333	0.8853333333333333	0.738	0.694	0.6073333333333333	0.5646666666666667	0.4633333333333333	0.4553333333333333	0.38666666666666666	0.38666666666666666	0.32	0.286	0.24133333333333334	0.21733333333333332	0.168	0.182	0.14333333333333334	0.12733333333333333	0.11733333333333333	0.09533333333333334	0.09533333333333334	0.07933333333333334	0.064	0.048	0.04	0.028	0.023333333333333334	0.02266666666666667	0.021333333333333333	0.009333333333333334	0.006	0.002	0.002	0.0006666666666666666	0.0	0.0	0.0	0.0	0.0	0.0	0.0	0.0	0.0	0.0	0.0	0.0	0.0	0.0	0.0	0.0	0.0	0.0	0.0	0.0	0.0	0.0	0.0	0.0	0.0	0.0	0.0	0.0	0.0	0.0	0.0	0.0	0.0	0.0	0.0	0.0	0.0	0.0	0.0	0.0	0.0	0.0	0.0	0.0	0.0	0.0	0.0	0.0	0.0	0.0	
3.108	2.9473333333333334	2.7386666666666666	2.6333333333333333	2.34	2.272666666666667	2.1066666666666665	1.9633333333333334	1.8293333333333333	1.7773333333333334	1.56	1.3886666666666667	1.3013333333333332	1.1806666666666668	1.06	0.9226666666666666	0.894	0.7493333333333333	0.6933333333333334	0.5906666666666667	0.592	0.486	0.43666666666666665	0.4073333333333333	0.36133333333333334	0.30466666666666664	0.2833333333333333	0.24066666666666667	0.2	0.20533333333333334	0.184	0.136	0.122	0.11333333333333333	0.092	0.08933333333333333	0.054	0.064	0.03933333333333333	0.04	0.028	0.032	0.02666666666666667	0.011333333333333334	0.011333333333333334	0.006666666666666667	0.002	0.0026666666666666666	0.0006666666666666666	0.0013333333333333333	0.0	0.0	0.0	0.0	0.0	0.0	0.0	0.0	0.0	0.0	0.0	0.0	0.0	0.0	0.0	0.0	0.0	0.0	0.0	0.0	0.0	0.0	0.0	0.0	0.0	0.0	0.0	0.0	0.0	0.0	0.0	0.0	0.0	0.0	0.0	0.0	0.0	0.0	0.0	0.0	0.0	0.0	0.0	0.0	0.0	0.0	0.0	0.0	0.0	
3.01	2.9633333333333334	2.678	2.6366666666666667	2.4146666666666667	2.247333333333333	2.13	1.896	1.806	1.6526666666666667	1.6306666666666667	1.442	1.3726666666666667	1.142	1.09	0.928	0.8573333333333333	0.744	0.706	0.578	0.5726666666666667	0.502	0.44466666666666665	0.38	0.37333333333333335	0.30933333333333335	0.30333333333333334	0.2613333333333333	0.21133333333333335	0.19866666666666666	0.16866666666666666	0.14466666666666667	0.144	0.12	0.09533333333333334	0.09	0.07133333333333333	0.05466666666666667	0.051333333333333335	0.04133333333333333	0.028	0.02666666666666667	0.020666666666666667	0.009333333333333334	0.008666666666666666	0.008666666666666666	0.0026666666666666666	0.0033333333333333335	0.0006666666666666666	0.0006666666666666666	0.0006666666666666666	0.0	0.0	0.0	0.0	0.0	0.0	0.0	0.0	0.0	0.0	0.0	0.0	0.0	0.0	0.0	0.0	0.0	0.0	0.0	0.0	0.0	0.0	0.0	0.0	0.0	0.0	0.0	0.0	0.0	0.0	0.0	0.0	0.0	0.0	0.0	0.0	0.0	0.0	0.0	0.0	0.0	0.0	0.0	0.0	0.0	0.0	0.0	0.0	
3.024	2.9886666666666666	2.744666666666667	2.5566666666666666	2.3426666666666667	2.324666666666667	2.0593333333333335	1.9373333333333334	1.8293333333333333	1.672	1.5793333333333333	1.3873333333333333	1.3286666666666667	1.1486666666666667	1.07	0.9193333333333333	0.8573333333333333	0.7673333333333333	0.7466666666666667	0.622	0.58	0.44333333333333336	0.48733333333333334	0.36866666666666664	0.388	0.292	0.292	0.242	0.22266666666666668	0.176	0.17733333333333334	0.142	0.14	0.12066666666666667	0.08466666666666667	0.092	0.06533333333333333	0.05533333333333333	0.05	0.043333333333333335	0.03	0.027333333333333334	0.012666666666666666	0.02266666666666667	0.010666666666666666	0.009333333333333334	0.0026666666666666666	0.0006666666666666666	0.0006666666666666666	0.0013333333333333333	0.0006666666666666666	0.0	0.0	0.0	0.0	0.0	0.0	0.0	0.0	0.0	0.0	0.0	0.0	0.0	0.0	0.0	0.0	0.0	0.0	0.0	0.0	0.0	0.0	0.0	0.0	0.0	0.0	0.0	0.0	0.0	0.0	0.0	0.0	0.0	0.0	0.0	0.0	0.0	0.0	0.0	0.0	0.0	0.0	0.0	0.0	0.0	0.0	0.0	0.0	
3.034666666666667	3.032	2.772	2.6313333333333335	2.368	2.2653333333333334	2.128	2.014666666666667	1.8293333333333333	1.6933333333333334	1.4886666666666666	1.4246666666666667	1.2866666666666666	1.106	1.0573333333333332	0.922	0.892	0.7186666666666667	0.694	0.6013333333333334	0.576	0.4746666666666667	0.47533333333333333	0.3913333333333333	0.36	0.31933333333333336	0.326	0.25733333333333336	0.22866666666666666	0.18133333333333335	0.17733333333333334	0.13666666666666666	0.13933333333333334	0.11333333333333333	0.09866666666666667	0.09266666666666666	0.06866666666666667	0.05733333333333333	0.04466666666666667	0.03866666666666667	0.03333333333333333	0.022	0.016666666666666666	0.018	0.006	0.006666666666666667	0.0033333333333333335	0.002	0.0006666666666666666	0.0006666666666666666	0.0	0.0	0.0	0.0	0.0	0.0	0.0	0.0	0.0	0.0	0.0	0.0	0.0	0.0	0.0	0.0	0.0	0.0	0.0	0.0	0.0	0.0	0.0	0.0	0.0	0.0	0.0	0.0	0.0	0.0	0.0	0.0	0.0	0.0	0.0	0.0	0.0	0.0	0.0	0.0	0.0	0.0	0.0	0.0	0.0	0.0	0.0	0.0	0.0	
2.998	2.9006666666666665	2.646	2.58	2.3766666666666665	2.3306666666666667	2.0526666666666666	1.956	1.826	1.7073333333333334	1.5153333333333334	1.392	1.2786666666666666	1.148	1.082	0.9333333333333333	0.8713333333333333	0.746	0.6933333333333334	0.5566666666666666	0.5546666666666666	0.48733333333333334	0.458	0.36933333333333335	0.362	0.30666666666666664	0.29933333333333334	0.23733333333333334	0.22466666666666665	0.19333333333333333	0.18466666666666667	0.13733333333333334	0.13333333333333333	0.11133333333333334	0.10266666666666667	0.08333333333333333	0.072	0.062	0.051333333333333335	0.04	0.035333333333333335	0.018	0.017333333333333333	0.012666666666666666	0.008	0.008666666666666666	0.004	0.0013333333333333333	0.0013333333333333333	0.0	0.0	0.0	0.0	0.0	0.0	0.0	0.0	0.0	0.0	0.0	0.0	0.0	0.0	0.0	0.0	0.0	0.0	0.0	0.0	0.0	0.0	0.0	0.0	0.0	0.0	0.0	0.0	0.0	0.0	0.0	0.0	0.0	0.0	0.0	0.0	0.0	0.0	0.0	0.0	0.0	0.0	0.0	0.0	0.0	0.0	0.0	0.0	0.0	0.0	
3.1593333333333335	2.8686666666666665	2.74	2.678	2.4166666666666665	2.2866666666666666	2.187333333333333	1.908	1.8333333333333333	1.6586666666666667	1.4926666666666666	1.4166666666666667	1.3486666666666667	1.1626666666666667	1.0766666666666667	0.8606666666666667	0.8646666666666667	0.6873333333333334	0.744	0.5826666666666667	0.556	0.49	0.488	0.41133333333333333	0.37066666666666664	0.314	0.2846666666666667	0.2733333333333333	0.22066666666666668	0.218	0.18066666666666667	0.166	0.13466666666666666	0.12333333333333334	0.09666666666666666	0.08066666666666666	0.072	0.06133333333333333	0.052	0.04133333333333333	0.03666666666666667	0.024	0.024666666666666667	0.014666666666666666	0.015333333333333332	0.008	0.0033333333333333335	0.008	0.0013333333333333333	0.0	0.0	0.0	0.0	0.0	0.0	0.0	0.0	0.0	0.0	0.0	0.0	0.0	0.0	0.0	0.0	0.0	0.0	0.0	0.0	0.0	0.0	0.0	0.0	0.0	0.0	0.0	0.0	0.0	0.0	0.0	0.0	0.0	0.0	0.0	0.0	0.0	0.0	0.0	0.0	0.0	0.0	0.0	0.0	0.0	0.0	0.0	0.0	0.0	0.0	
3.0286666666666666	2.9186666666666667	2.743333333333333	2.5406666666666666	2.4066666666666667	2.2906666666666666	2.1633333333333336	1.9313333333333333	1.7986666666666666	1.7166666666666666	1.5793333333333333	1.3526666666666667	1.342	1.1333333333333333	1.0566666666666666	0.8993333333333333	0.8993333333333333	0.7273333333333334	0.7366666666666667	0.5966666666666667	0.5746666666666667	0.4726666666666667	0.45666666666666667	0.394	0.38	0.30866666666666664	0.2986666666666667	0.25466666666666665	0.224	0.17333333333333334	0.168	0.16666666666666666	0.12533333333333332	0.11866666666666667	0.09533333333333334	0.08533333333333333	0.07133333333333333	0.06066666666666667	0.054	0.04133333333333333	0.03133333333333333	0.03	0.019333333333333334	0.012666666666666666	0.007333333333333333	0.008	0.005333333333333333	0.004	0.0013333333333333333	0.0013333333333333333	0.0	0.0	0.0	0.0	0.0	0.0	0.0	0.0	0.0	0.0	0.0	0.0	0.0	0.0	0.0	0.0	0.0	0.0	0.0	0.0	0.0	0.0	0.0	0.0	0.0	0.0	0.0	0.0	0.0	0.0	0.0	0.0	0.0	0.0	0.0	0.0	0.0	0.0	0.0	0.0	0.0	0.0	0.0	0.0	0.0	0.0	0.0	0.0	0.0	
3.0326666666666666	2.966666666666667	2.731333333333333	2.5913333333333335	2.418	2.247333333333333	2.114	2.038	1.892	1.7133333333333334	1.582	1.4213333333333333	1.296	1.1406666666666667	1.0613333333333332	0.928	0.8406666666666667	0.7626666666666667	0.6926666666666667	0.634	0.5813333333333334	0.496	0.4706666666666667	0.4146666666666667	0.3586666666666667	0.316	0.2786666666666667	0.27266666666666667	0.22066666666666668	0.206	0.184	0.14266666666666666	0.136	0.11066666666666666	0.09333333333333334	0.08666666666666667	0.06933333333333333	0.058	0.04133333333333333	0.05333333333333334	0.03333333333333333	0.03	0.02	0.012666666666666666	0.0033333333333333335	0.006666666666666667	0.006666666666666667	0.0026666666666666666	0.0006666666666666666	0.002	0.0	0.0	0.0	0.0	0.0	0.0	0.0	0.0	0.0	0.0	0.0	0.0	0.0	0.0	0.0	0.0	0.0	0.0	0.0	0.0	0.0	0.0	0.0	0.0	0.0	0.0	0.0	0.0	0.0	0.0	0.0	0.0	0.0	0.0	0.0	0.0	0.0	0.0	0.0	0.0	0.0	0.0	0.0	0.0	0.0	0.0	0.0	0.0	0.0	
3.0566666666666666	3.0273333333333334	2.6726666666666667	2.6553333333333335	2.3626666666666667	2.3033333333333332	2.062666666666667	2.013333333333333	1.7926666666666666	1.6786666666666668	1.574	1.424	1.2893333333333334	1.1053333333333333	1.06	0.9206666666666666	0.84	0.7333333333333333	0.7106666666666667	0.58	0.574	0.49866666666666665	0.4693333333333333	0.38533333333333336	0.374	0.286	0.2833333333333333	0.24333333333333335	0.236	0.18866666666666668	0.17933333333333334	0.14933333333333335	0.142	0.11866666666666667	0.09866666666666667	0.088	0.06866666666666667	0.04466666666666667	0.04466666666666667	0.04066666666666666	0.03	0.030666666666666665	0.019333333333333334	0.013333333333333334	0.008	0.009333333333333334	0.005333333333333333	0.0033333333333333335	0.0026666666666666666	0.0006666666666666666	0.0	0.0	0.0	0.0	0.0	0.0	0.0	0.0	0.0	0.0	0.0	0.0	0.0	0.0	0.0	0.0	0.0	0.0	0.0	0.0	0.0	0.0	0.0	0.0	0.0	0.0	0.0	0.0	0.0	0.0	0.0	0.0	0.0	0.0	0.0	0.0	0.0	0.0	0.0	0.0	0.0	0.0	0.0	0.0	0.0	0.0	0.0	0.0	0.0	
3.0653333333333332	2.9313333333333333	2.6946666666666665	2.602	2.368	2.271333333333333	2.132	1.914	1.846	1.7133333333333334	1.5313333333333334	1.4066666666666667	1.3053333333333332	1.076	1.0646666666666667	0.888	0.836	0.738	0.6993333333333334	0.6106666666666667	0.5813333333333334	0.504	0.43666666666666665	0.38266666666666665	0.358	0.33266666666666667	0.27666666666666667	0.27	0.218	0.208	0.19	0.132	0.126	0.10533333333333333	0.098	0.07533333333333334	0.07466666666666667	0.06733333333333333	0.04	0.042666666666666665	0.029333333333333333	0.028	0.021333333333333333	0.012	0.009333333333333334	0.007333333333333333	0.004666666666666667	0.0033333333333333335	0.0006666666666666666	0.0	0.0	0.0	0.0	0.0	0.0	0.0	0.0	0.0	0.0	0.0	0.0	0.0	0.0	0.0	0.0	0.0	0.0	0.0	0.0	0.0	0.0	0.0	0.0	0.0	0.0	0.0	0.0	0.0	0.0	0.0	0.0	0.0	0.0	0.0	0.0	0.0	0.0	0.0	0.0	0.0	0.0	0.0	0.0	0.0	0.0	0.0	0.0	0.0	0.0	
3.0526666666666666	2.984	2.6926666666666668	2.566666666666667	2.4406666666666665	2.284666666666667	2.1066666666666665	1.9866666666666666	1.8133333333333332	1.706	1.562	1.374	1.3026666666666666	1.1646666666666667	1.0866666666666667	0.906	0.868	0.76	0.7233333333333334	0.604	0.6013333333333334	0.492	0.458	0.4106666666666667	0.376	0.308	0.2853333333333333	0.242	0.24266666666666667	0.17533333333333334	0.15933333333333333	0.16466666666666666	0.118	0.13066666666666665	0.09066666666666667	0.088	0.06133333333333333	0.058	0.04133333333333333	0.03866666666666667	0.034	0.026	0.024	0.011333333333333334	0.009333333333333334	0.008	0.005333333333333333	0.004666666666666667	0.002	0.0006666666666666666	0.0	0.0	0.0	0.0	0.0	0.0	0.0	0.0	0.0	0.0	0.0	0.0	0.0	0.0	0.0	0.0	0.0	0.0	0.0	0.0	0.0	0.0	0.0	0.0	0.0	0.0	0.0	0.0	0.0	0.0	0.0	0.0	0.0	0.0	0.0	0.0	0.0	0.0	0.0	0.0	0.0	0.0	0.0	0.0	0.0	0.0	0.0	0.0	0.0	
3.074666666666667	3.024	2.712	2.6486666666666667	2.3633333333333333	2.312666666666667	2.09	1.9386666666666668	1.8633333333333333	1.638	1.5673333333333332	1.3853333333333333	1.3366666666666667	1.1173333333333333	1.054	0.9133333333333333	0.868	0.7206666666666667	0.7113333333333334	0.6073333333333333	0.5726666666666667	0.506	0.4746666666666667	0.36733333333333335	0.36333333333333334	0.292	0.294	0.266	0.224	0.206	0.18	0.156	0.116	0.11733333333333333	0.10466666666666667	0.098	0.06466666666666666	0.054	0.035333333333333335	0.056666666666666664	0.02666666666666667	0.034666666666666665	0.018	0.011333333333333334	0.007333333333333333	0.006666666666666667	0.005333333333333333	0.0013333333333333333	0.0	0.0006666666666666666	0.0	0.0	0.0	0.0	0.0	0.0	0.0	0.0	0.0	0.0	0.0	0.0	0.0	0.0	0.0	0.0	0.0	0.0	0.0	0.0	0.0	0.0	0.0	0.0	0.0	0.0	0.0	0.0	0.0	0.0	0.0	0.0	0.0	0.0	0.0	0.0	0.0	0.0	0.0	0.0	0.0	0.0	0.0	0.0	0.0	0.0	0.0	0.0	0.0	
3.1013333333333333	3.0166666666666666	2.7133333333333334	2.546	2.41	2.282	2.0606666666666666	1.9706666666666666	1.832	1.6466666666666667	1.5706666666666667	1.42	1.3206666666666667	1.0873333333333333	1.1213333333333333	0.918	0.8813333333333333	0.7386666666666667	0.7153333333333334	0.6073333333333333	0.592	0.494	0.488	0.38066666666666665	0.378	0.306	0.2773333333333333	0.246	0.242	0.18133333333333335	0.176	0.14066666666666666	0.13333333333333333	0.11866666666666667	0.11	0.086	0.07266666666666667	0.06266666666666666	0.046	0.03333333333333333	0.024666666666666667	0.028666666666666667	0.009333333333333334	0.02	0.006	0.006	0.005333333333333333	0.0026666666666666666	0.002	0.0	0.0	0.0	0.0	0.0	0.0	0.0	0.0	0.0	0.0	0.0	0.0	0.0	0.0	0.0	0.0	0.0	0.0	0.0	0.0	0.0	0.0	0.0	0.0	0.0	0.0	0.0	0.0	0.0	0.0	0.0	0.0	0.0	0.0	0.0	0.0	0.0	0.0	0.0	0.0	0.0	0.0	0.0	0.0	0.0	0.0	0.0	0.0	0.0	0.0	
2.9726666666666666	2.9186666666666667	2.6846666666666668	2.6433333333333335	2.342	2.254	2.0446666666666666	2.0206666666666666	1.834	1.6606666666666667	1.5653333333333332	1.3306666666666667	1.3333333333333333	1.1066666666666667	1.0546666666666666	0.9246666666666666	0.8973333333333333	0.744	0.6953333333333334	0.606	0.5893333333333334	0.5173333333333333	0.45666666666666667	0.4	0.37133333333333335	0.308	0.30266666666666664	0.25866666666666666	0.21133333333333335	0.17133333333333334	0.17666666666666667	0.16066666666666668	0.12133333333333333	0.12866666666666668	0.10333333333333333	0.07866666666666666	0.064	0.05533333333333333	0.046	0.037333333333333336	0.034666666666666665	0.029333333333333333	0.016	0.017333333333333333	0.011333333333333334	0.010666666666666666	0.0013333333333333333	0.004	0.0	0.0013333333333333333	0.0	0.0	0.0	0.0	0.0	0.0	0.0	0.0	0.0	0.0	0.0	0.0	0.0	0.0	0.0	0.0	0.0	0.0	0.0	0.0	0.0	0.0	0.0	0.0	0.0	0.0	0.0	0.0	0.0	0.0	0.0	0.0	0.0	0.0	0.0	0.0	0.0	0.0	0.0	0.0	0.0	0.0	0.0	0.0	0.0	0.0	0.0	0.0	0.0	
3.046666666666667	2.9553333333333334	2.6746666666666665	2.570666666666667	2.3593333333333333	2.236	2.0766666666666667	1.916	1.8886666666666667	1.626	1.5046666666666666	1.352	1.3066666666666666	1.0766666666666667	1.0566666666666666	0.904	0.8926666666666667	0.7333333333333333	0.664	0.578	0.5466666666666666	0.47333333333333333	0.43866666666666665	0.3933333333333333	0.3606666666666667	0.314	0.28933333333333333	0.23666666666666666	0.23066666666666666	0.20733333333333334	0.176	0.154	0.13866666666666666	0.11133333333333334	0.104	0.08266666666666667	0.05266666666666667	0.051333333333333335	0.046	0.04	0.030666666666666665	0.02266666666666667	0.016	0.010666666666666666	0.010666666666666666	0.01	0.0033333333333333335	0.0033333333333333335	0.0	0.0	0.0	0.0	0.0	0.0	0.0	0.0	0.0	0.0	0.0	0.0	0.0	0.0	0.0	0.0	0.0	0.0	0.0	0.0	0.0	0.0	0.0	0.0	0.0	0.0	0.0	0.0	0.0	0.0	0.0	0.0	0.0	0.0	0.0	0.0	0.0	0.0	0.0	0.0	0.0	0.0	0.0	0.0	0.0	0.0	0.0	0.0	0.0	0.0	0.0	
3.0206666666666666	2.998666666666667	2.744	2.5673333333333335	2.2666666666666666	2.31	2.1333333333333333	1.976	1.8173333333333332	1.6713333333333333	1.5353333333333334	1.348	1.2406666666666666	1.1473333333333333	1.0346666666666666	0.8953333333333333	0.8773333333333333	0.6973333333333334	0.696	0.578	0.5593333333333333	0.4846666666666667	0.45666666666666667	0.406	0.356	0.32133333333333336	0.31466666666666665	0.244	0.22133333333333333	0.19666666666666666	0.172	0.136	0.132	0.12333333333333334	0.10266666666666667	0.08933333333333333	0.07133333333333333	0.06466666666666666	0.04066666666666666	0.042	0.02666666666666667	0.030666666666666665	0.019333333333333334	0.024	0.01	0.011333333333333334	0.0033333333333333335	0.004	0.0013333333333333333	0.0006666666666666666	0.0	0.0	0.0	0.0	0.0	0.0	0.0	0.0	0.0	0.0	0.0	0.0	0.0	0.0	0.0	0.0	0.0	0.0	0.0	0.0	0.0	0.0	0.0	0.0	0.0	0.0	0.0	0.0	0.0	0.0	0.0	0.0	0.0	0.0	0.0	0.0	0.0	0.0	0.0	0.0	0.0	0.0	0.0	0.0	0.0	0.0	0.0	0.0	0.0	
3.038	2.954	2.698	2.6033333333333335	2.3293333333333335	2.29	2.098	1.9773333333333334	1.802	1.7006666666666668	1.5266666666666666	1.3593333333333333	1.2713333333333334	1.124	1.0673333333333332	0.8593333333333333	0.8566666666666667	0.7066666666666667	0.674	0.594	0.5633333333333334	0.4766666666666667	0.434	0.396	0.342	0.30333333333333334	0.272	0.23933333333333334	0.218	0.19733333333333333	0.17533333333333334	0.15333333333333332	0.122	0.104	0.09266666666666666	0.096	0.06533333333333333	0.06666666666666667	0.051333333333333335	0.03866666666666667	0.03266666666666666	0.02266666666666667	0.021333333333333333	0.024	0.011333333333333334	0.008	0.004	0.0013333333333333333	0.0	0.0013333333333333333	0.0	0.0	0.0	0.0	0.0	0.0	0.0	0.0	0.0	0.0	0.0	0.0	0.0	0.0	0.0	0.0	0.0	0.0	0.0	0.0	0.0	0.0	0.0	0.0	0.0	0.0	0.0	0.0	0.0	0.0	0.0	0.0	0.0	0.0	0.0	0.0	0.0	0.0	0.0	0.0	0.0	0.0	0.0	0.0	0.0	0.0	0.0	0.0	0.0	
2.994	2.9486666666666665	2.6433333333333335	2.6506666666666665	2.4286666666666665	2.316666666666667	2.118	1.9593333333333334	1.81	1.6653333333333333	1.5746666666666667	1.362	1.3173333333333332	1.1453333333333333	1.094	0.9173333333333333	0.8793333333333333	0.7213333333333334	0.6906666666666667	0.596	0.5566666666666666	0.49266666666666664	0.4493333333333333	0.37066666666666664	0.38333333333333336	0.32866666666666666	0.2793333333333333	0.23333333333333334	0.21733333333333332	0.20133333333333334	0.18066666666666667	0.16733333333333333	0.136	0.1	0.1	0.09333333333333334	0.076	0.06466666666666666	0.048	0.03933333333333333	0.03266666666666666	0.034666666666666665	0.016	0.016	0.007333333333333333	0.008666666666666666	0.004	0.0033333333333333335	0.0006666666666666666	0.0006666666666666666	0.0	0.0	0.0	0.0	0.0	0.0	0.0	0.0	0.0	0.0	0.0	0.0	0.0	0.0	0.0	0.0	0.0	0.0	0.0	0.0	0.0	0.0	0.0	0.0	0.0	0.0	0.0	0.0	0.0	0.0	0.0	0.0	0.0	0.0	0.0	0.0	0.0	0.0	0.0	0.0	0.0	0.0	0.0	0.0	0.0	0.0	0.0	0.0	0.0	
3.112	3.009333333333333	2.6813333333333333	2.528	2.3766666666666665	2.304666666666667	2.0246666666666666	1.934	1.8253333333333333	1.7246666666666666	1.5126666666666666	1.3186666666666667	1.2733333333333334	1.0786666666666667	1.036	0.9213333333333333	0.8866666666666667	0.74	0.7206666666666667	0.6286666666666667	0.5826666666666667	0.4826666666666667	0.494	0.4066666666666667	0.38533333333333336	0.31666666666666665	0.2846666666666667	0.244	0.21666666666666667	0.216	0.178	0.16133333333333333	0.13533333333333333	0.12266666666666666	0.09333333333333334	0.10266666666666667	0.06066666666666667	0.059333333333333335	0.03866666666666667	0.046	0.03	0.022	0.015333333333333332	0.021333333333333333	0.009333333333333334	0.006	0.005333333333333333	0.0026666666666666666	0.0013333333333333333	0.0	0.0	0.0	0.0	0.0	0.0	0.0	0.0	0.0	0.0	0.0	0.0	0.0	0.0	0.0	0.0	0.0	0.0	0.0	0.0	0.0	0.0	0.0	0.0	0.0	0.0	0.0	0.0	0.0	0.0	0.0	0.0	0.0	0.0	0.0	0.0	0.0	0.0	0.0	0.0	0.0	0.0	0.0	0.0	0.0	0.0	0.0	0.0	0.0	0.0	
2.9926666666666666	2.932	2.666	2.6153333333333335	2.3793333333333333	2.2506666666666666	2.1093333333333333	2.025333333333333	1.7953333333333332	1.6573333333333333	1.554	1.3433333333333333	1.3473333333333333	1.1713333333333333	1.0626666666666666	0.8853333333333333	0.8513333333333334	0.6886666666666666	0.7193333333333334	0.608	0.5473333333333333	0.45666666666666667	0.474	0.37933333333333336	0.35933333333333334	0.2906666666666667	0.26666666666666666	0.26866666666666666	0.20133333333333334	0.218	0.18	0.154	0.13266666666666665	0.11866666666666667	0.1	0.074	0.06266666666666666	0.059333333333333335	0.04666666666666667	0.04066666666666666	0.032	0.028	0.014666666666666666	0.016	0.008666666666666666	0.007333333333333333	0.0006666666666666666	0.004666666666666667	0.0033333333333333335	0.0006666666666666666	0.0	0.0	0.0	0.0	0.0	0.0	0.0	0.0	0.0	0.0	0.0	0.0	0.0	0.0	0.0	0.0	0.0	0.0	0.0	0.0	0.0	0.0	0.0	0.0	0.0	0.0	0.0	0.0	0.0	0.0	0.0	0.0	0.0	0.0	0.0	0.0	0.0	0.0	0.0	0.0	0.0	0.0	0.0	0.0	0.0	0.0	0.0	0.0	0.0	
3.02	2.9553333333333334	2.722	2.6186666666666665	2.3666666666666667	2.258	2.0606666666666666	1.9446666666666668	1.8	1.6626666666666667	1.5213333333333334	1.3853333333333333	1.2866666666666666	1.1533333333333333	1.0733333333333333	0.9213333333333333	0.8566666666666667	0.7453333333333333	0.7113333333333334	0.592	0.5833333333333334	0.458	0.45666666666666667	0.38266666666666665	0.35733333333333334	0.302	0.31533333333333335	0.25666666666666665	0.224	0.18533333333333332	0.164	0.148	0.14933333333333335	0.10666666666666667	0.098	0.08266666666666667	0.06533333333333333	0.06333333333333334	0.054	0.03933333333333333	0.028666666666666667	0.02666666666666667	0.019333333333333334	0.018666666666666668	0.01	0.01	0.006	0.0013333333333333333	0.0026666666666666666	0.0013333333333333333	0.0006666666666666666	0.0	0.0	0.0	0.0	0.0	0.0	0.0	0.0	0.0	0.0	0.0	0.0	0.0	0.0	0.0	0.0	0.0	0.0	0.0	0.0	0.0	0.0	0.0	0.0	0.0	0.0	0.0	0.0	0.0	0.0	0.0	0.0	0.0	0.0	0.0	0.0	0.0	0.0	0.0	0.0	0.0	0.0	0.0	0.0	0.0	0.0	0.0	0.0	
3.042	2.92	2.7	2.604	2.328666666666667	2.2973333333333334	2.0526666666666666	1.984	1.7273333333333334	1.6526666666666667	1.5493333333333332	1.372	1.306	1.1233333333333333	1.106	0.9113333333333333	0.8613333333333333	0.7413333333333333	0.6726666666666666	0.5953333333333334	0.58	0.49133333333333334	0.4266666666666667	0.38533333333333336	0.372	0.33066666666666666	0.27466666666666667	0.25533333333333336	0.21266666666666667	0.19666666666666666	0.16266666666666665	0.16266666666666665	0.12933333333333333	0.11533333333333333	0.08933333333333333	0.09466666666666666	0.066	0.064	0.044	0.03933333333333333	0.024	0.03266666666666666	0.011333333333333334	0.018666666666666668	0.006666666666666667	0.005333333333333333	0.0013333333333333333	0.004666666666666667	0.0013333333333333333	0.0006666666666666666	0.0	0.0	0.0	0.0	0.0	0.0	0.0	0.0	0.0	0.0	0.0	0.0	0.0	0.0	0.0	0.0	0.0	0.0	0.0	0.0	0.0	0.0	0.0	0.0	0.0	0.0	0.0	0.0	0.0	0.0	0.0	0.0	0.0	0.0	0.0	0.0	0.0	0.0	0.0	0.0	0.0	0.0	0.0	0.0	0.0	0.0	0.0	0.0	0.0	
3.0533333333333332	2.9433333333333334	2.6506666666666665	2.618	2.4366666666666665	2.2186666666666666	2.096	1.9613333333333334	1.7913333333333334	1.6713333333333333	1.504	1.3853333333333333	1.2553333333333334	1.1	1.028	0.912	0.8566666666666667	0.7173333333333334	0.676	0.55	0.546	0.4766666666666667	0.468	0.3913333333333333	0.38666666666666666	0.29733333333333334	0.2986666666666667	0.25066666666666665	0.234	0.21	0.17066666666666666	0.148	0.12266666666666666	0.10666666666666667	0.09333333333333334	0.08933333333333333	0.06866666666666667	0.06466666666666666	0.048666666666666664	0.04666666666666667	0.028666666666666667	0.03333333333333333	0.021333333333333333	0.012	0.009333333333333334	0.007333333333333333	0.0033333333333333335	0.005333333333333333	0.002	0.0006666666666666666	0.0	0.0	0.0	0.0	0.0	0.0	0.0	0.0	0.0	0.0	0.0	0.0	0.0	0.0	0.0	0.0	0.0	0.0	0.0	0.0	0.0	0.0	0.0	0.0	0.0	0.0	0.0	0.0	0.0	0.0	0.0	0.0	0.0	0.0	0.0	0.0	0.0	0.0	0.0	0.0	0.0	0.0	0.0	0.0	0.0	0.0	0.0	0.0	0.0	
3.1066666666666665	2.9486666666666665	2.5966666666666667	2.644	2.33	2.222	2.11	1.9686666666666666	1.758	1.6626666666666667	1.576	1.3653333333333333	1.2126666666666666	1.16	1.056	0.8886666666666667	0.8586666666666667	0.7206666666666667	0.682	0.576	0.588	0.49466666666666664	0.472	0.38133333333333336	0.3626666666666667	0.29333333333333333	0.288	0.26466666666666666	0.21733333333333332	0.18266666666666667	0.16066666666666668	0.13866666666666666	0.12733333333333333	0.11866666666666667	0.09733333333333333	0.076	0.06133333333333333	0.059333333333333335	0.046	0.048666666666666664	0.024	0.025333333333333333	0.02	0.017333333333333333	0.012	0.006666666666666667	0.006	0.0026666666666666666	0.0013333333333333333	0.0013333333333333333	0.0	0.0	0.0	0.0	0.0	0.0	0.0	0.0	0.0	0.0	0.0	0.0	0.0	0.0	0.0	0.0	0.0	0.0	0.0	0.0	0.0	0.0	0.0	0.0	0.0	0.0	0.0	0.0	0.0	0.0	0.0	0.0	0.0	0.0	0.0	0.0	0.0	0.0	0.0	0.0	0.0	0.0	0.0	0.0	0.0	0.0	0.0	0.0	0.0	
2.985333333333333	2.95	2.6906666666666665	2.6053333333333333	2.4206666666666665	2.283333333333333	2.1066666666666665	1.9346666666666668	1.838	1.64	1.5426666666666666	1.3413333333333333	1.2373333333333334	1.096	1.0573333333333332	0.9313333333333333	0.8533333333333334	0.7086666666666667	0.7313333333333333	0.5933333333333334	0.5613333333333334	0.484	0.4706666666666667	0.36133333333333334	0.36933333333333335	0.32066666666666666	0.29	0.25466666666666665	0.22733333333333333	0.18666666666666668	0.172	0.13933333333333334	0.12	0.12	0.09466666666666666	0.08466666666666667	0.064	0.062	0.04933333333333333	0.037333333333333336	0.028	0.028	0.016666666666666666	0.014666666666666666	0.01	0.004	0.004666666666666667	0.0026666666666666666	0.002	0.0	0.0	0.0	0.0	0.0	0.0	0.0	0.0	0.0	0.0	0.0	0.0	0.0	0.0	0.0	0.0	0.0	0.0	0.0	0.0	0.0	0.0	0.0	0.0	0.0	0.0	0.0	0.0	0.0	0.0	0.0	0.0	0.0	0.0	0.0	0.0	0.0	0.0	0.0	0.0	0.0	0.0	0.0	0.0	0.0	0.0	0.0	0.0	0.0	0.0	
3.078	2.9386666666666668	2.676	2.564	2.444	2.272666666666667	2.054666666666667	1.92	1.8033333333333332	1.6106666666666667	1.546	1.3573333333333333	1.29	1.0973333333333333	1.02	0.8986666666666666	0.864	0.7226666666666667	0.6813333333333333	0.5926666666666667	0.5693333333333334	0.49466666666666664	0.44	0.382	0.37866666666666665	0.2833333333333333	0.27666666666666667	0.264	0.22266666666666668	0.21533333333333332	0.17666666666666667	0.17133333333333334	0.12866666666666668	0.11066666666666666	0.08066666666666666	0.07666666666666666	0.07333333333333333	0.05733333333333333	0.04533333333333334	0.036	0.026	0.03133333333333333	0.027333333333333334	0.013333333333333334	0.007333333333333333	0.009333333333333334	0.004666666666666667	0.004666666666666667	0.0006666666666666666	0.0	0.0	0.0	0.0	0.0	0.0	0.0	0.0	0.0	0.0	0.0	0.0	0.0	0.0	0.0	0.0	0.0	0.0	0.0	0.0	0.0	0.0	0.0	0.0	0.0	0.0	0.0	0.0	0.0	0.0	0.0	0.0	0.0	0.0	0.0	0.0	0.0	0.0	0.0	0.0	0.0	0.0	0.0	0.0	0.0	0.0	0.0	0.0	0.0	0.0	
3.0086666666666666	2.9793333333333334	2.6853333333333333	2.652	2.358	2.174	2.128	2.0393333333333334	1.7746666666666666	1.6346666666666667	1.5233333333333334	1.3646666666666667	1.2706666666666666	1.056	1.088	0.9053333333333333	0.8933333333333333	0.7553333333333333	0.692	0.5873333333333334	0.5846666666666667	0.4766666666666667	0.442	0.37666666666666665	0.366	0.32266666666666666	0.2906666666666667	0.24	0.204	0.18066666666666667	0.15933333333333333	0.18266666666666667	0.12066666666666667	0.11066666666666666	0.10866666666666666	0.084	0.058666666666666666	0.04933333333333333	0.04466666666666667	0.044	0.03666666666666667	0.024666666666666667	0.024	0.014	0.011333333333333334	0.008666666666666666	0.004	0.004	0.002	0.0006666666666666666	0.0	0.0	0.0	0.0	0.0	0.0	0.0	0.0	0.0	0.0	0.0	0.0	0.0	0.0	0.0	0.0	0.0	0.0	0.0	0.0	0.0	0.0	0.0	0.0	0.0	0.0	0.0	0.0	0.0	0.0	0.0	0.0	0.0	0.0	0.0	0.0	0.0	0.0	0.0	0.0	0.0	0.0	0.0	0.0	0.0	0.0	0.0	0.0	0.0	
3.014	2.9346666666666668	2.6253333333333333	2.566	2.3673333333333333	2.22	2.026	1.972	1.7633333333333334	1.716	1.562	1.356	1.324	1.1166666666666667	1.076	0.942	0.8373333333333334	0.73	0.6646666666666666	0.5933333333333334	0.5633333333333334	0.4553333333333333	0.454	0.3873333333333333	0.3626666666666667	0.304	0.2866666666666667	0.236	0.21866666666666668	0.20533333333333334	0.18	0.158	0.134	0.11333333333333333	0.09533333333333334	0.09733333333333333	0.07733333333333334	0.056	0.04733333333333333	0.037333333333333336	0.03133333333333333	0.03333333333333333	0.013333333333333334	0.021333333333333333	0.012666666666666666	0.008	0.006666666666666667	0.004	0.0013333333333333333	0.0	0.0	0.0	0.0	0.0	0.0	0.0	0.0	0.0	0.0	0.0	0.0	0.0	0.0	0.0	0.0	0.0	0.0	0.0	0.0	0.0	0.0	0.0	0.0	0.0	0.0	0.0	0.0	0.0	0.0	0.0	0.0	0.0	0.0	0.0	0.0	0.0	0.0	0.0	0.0	0.0	0.0	0.0	0.0	0.0	0.0	0.0	0.0	0.0	0.0	
3.001333333333333	2.9486666666666665	2.6373333333333333	2.513333333333333	2.312666666666667	2.256666666666667	2.058666666666667	1.9106666666666667	1.7846666666666666	1.7106666666666666	1.5526666666666666	1.4026666666666667	1.2933333333333332	1.1486666666666667	1.0113333333333334	0.9	0.8826666666666667	0.7093333333333334	0.7113333333333334	0.6106666666666667	0.5553333333333333	0.526	0.47	0.41733333333333333	0.368	0.31533333333333335	0.28933333333333333	0.244	0.22	0.19333333333333333	0.15266666666666667	0.14333333333333334	0.122	0.11666666666666667	0.09	0.088	0.07	0.05733333333333333	0.038	0.04733333333333333	0.028666666666666667	0.027333333333333334	0.013333333333333334	0.013333333333333334	0.007333333333333333	0.002	0.004666666666666667	0.0013333333333333333	0.0013333333333333333	0.0006666666666666666	0.0	0.0	0.0	0.0	0.0	0.0	0.0	0.0	0.0	0.0	0.0	0.0	0.0	0.0	0.0	0.0	0.0	0.0	0.0	0.0	0.0	0.0	0.0	0.0	0.0	0.0	0.0	0.0	0.0	0.0	0.0	0.0	0.0	0.0	0.0	0.0	0.0	0.0	0.0	0.0	0.0	0.0	0.0	0.0	0.0	0.0	0.0	0.0	0.0	
3.076	2.9153333333333333	2.6486666666666667	2.574666666666667	2.364	2.228666666666667	2.0906666666666665	1.906	1.784	1.6033333333333333	1.582	1.3693333333333333	1.2426666666666666	1.112	1.0433333333333332	0.942	0.8333333333333334	0.7093333333333334	0.6726666666666666	0.5886666666666667	0.574	0.45	0.4713333333333333	0.38466666666666666	0.36	0.342	0.25733333333333336	0.24933333333333332	0.22266666666666668	0.17066666666666666	0.16266666666666665	0.15533333333333332	0.13066666666666665	0.11266666666666666	0.09666666666666666	0.078	0.064	0.05466666666666667	0.046	0.03933333333333333	0.037333333333333336	0.028666666666666667	0.012	0.008	0.006666666666666667	0.008666666666666666	0.004	0.006666666666666667	0.0006666666666666666	0.0013333333333333333	0.0	0.0	0.0	0.0	0.0	0.0	0.0	0.0	0.0	0.0	0.0	0.0	0.0	0.0	0.0	0.0	0.0	0.0	0.0	0.0	0.0	0.0	0.0	0.0	0.0	0.0	0.0	0.0	0.0	0.0	0.0	0.0	0.0	0.0	0.0	0.0	0.0	0.0	0.0	0.0	0.0	0.0	0.0	0.0	0.0	0.0	0.0	0.0	0.0	
2.9406666666666665	3.04	2.6413333333333333	2.516	2.3693333333333335	2.156	2.1386666666666665	1.9953333333333334	1.782	1.6433333333333333	1.52	1.3626666666666667	1.2793333333333334	1.1346666666666667	1.0486666666666666	0.902	0.8633333333333333	0.71	0.674	0.574	0.5673333333333334	0.47333333333333333	0.42933333333333334	0.388	0.34	0.3353333333333333	0.3006666666666667	0.23733333333333334	0.21933333333333332	0.18933333333333333	0.182	0.18	0.112	0.11466666666666667	0.10133333333333333	0.08866666666666667	0.06933333333333333	0.044	0.04666666666666667	0.048666666666666664	0.028666666666666667	0.02666666666666667	0.01	0.008666666666666666	0.007333333333333333	0.010666666666666666	0.004	0.0013333333333333333	0.0013333333333333333	0.0006666666666666666	0.0	0.0	0.0	0.0	0.0	0.0	0.0	0.0	0.0	0.0	0.0	0.0	0.0	0.0	0.0	0.0	0.0	0.0	0.0	0.0	0.0	0.0	0.0	0.0	0.0	0.0	0.0	0.0	0.0	0.0	0.0	0.0	0.0	0.0	0.0	0.0	0.0	0.0	0.0	0.0	0.0	0.0	0.0	0.0	0.0	0.0	0.0	0.0	0.0	
2.956	2.878	2.664	2.5693333333333332	2.3386666666666667	2.2266666666666666	2.0553333333333335	1.9393333333333334	1.8466666666666667	1.6126666666666667	1.566	1.3926666666666667	1.28	1.1253333333333333	1.0486666666666666	0.866	0.8293333333333334	0.714	0.7013333333333334	0.5833333333333334	0.5766666666666667	0.48	0.476	0.38866666666666666	0.35333333333333333	0.322	0.29933333333333334	0.24533333333333332	0.21	0.20666666666666667	0.17266666666666666	0.132	0.13533333333333333	0.11533333333333333	0.098	0.08333333333333333	0.064	0.048	0.043333333333333335	0.043333333333333335	0.02266666666666667	0.028	0.018666666666666668	0.017333333333333333	0.006	0.009333333333333334	0.0033333333333333335	0.0033333333333333335	0.0026666666666666666	0.0006666666666666666	0.0006666666666666666	0.0	0.0	0.0	0.0	0.0	0.0	0.0	0.0	0.0	0.0	0.0	0.0	0.0	0.0	0.0	0.0	0.0	0.0	0.0	0.0	0.0	0.0	0.0	0.0	0.0	0.0	0.0	0.0	0.0	0.0	0.0	0.0	0.0	0.0	0.0	0.0	0.0	0.0	0.0	0.0	0.0	0.0	0.0	0.0	0.0	0.0	0.0	0.0	
2.9953333333333334	2.9353333333333333	2.674	2.5753333333333335	2.3666666666666667	2.2053333333333334	2.074666666666667	1.934	1.804	1.6233333333333333	1.554	1.38	1.328	1.0673333333333332	1.07	0.9426666666666667	0.882	0.7313333333333333	0.6793333333333333	0.62	0.554	0.4706666666666667	0.462	0.4093333333333333	0.3626666666666667	0.28733333333333333	0.2806666666666667	0.23333333333333334	0.23466666666666666	0.19466666666666665	0.18133333333333335	0.16066666666666668	0.12533333333333332	0.11666666666666667	0.08866666666666667	0.08266666666666667	0.06266666666666666	0.062	0.051333333333333335	0.038	0.03333333333333333	0.03133333333333333	0.021333333333333333	0.017333333333333333	0.011333333333333334	0.010666666666666666	0.002	0.006	0.002	0.0006666666666666666	0.0	0.0	0.0	0.0	0.0	0.0	0.0	0.0	0.0	0.0	0.0	0.0	0.0	0.0	0.0	0.0	0.0	0.0	0.0	0.0	0.0	0.0	0.0	0.0	0.0	0.0	0.0	0.0	0.0	0.0	0.0	0.0	0.0	0.0	0.0	0.0	0.0	0.0	0.0	0.0	0.0	0.0	0.0	0.0	0.0	0.0	0.0	0.0	0.0	
3.094	2.886	2.598	2.598	2.3053333333333335	2.2386666666666666	2.0526666666666666	1.9373333333333334	1.838	1.6106666666666667	1.5593333333333332	1.3893333333333333	1.2786666666666666	1.1333333333333333	1.0333333333333334	0.8886666666666667	0.8673333333333333	0.744	0.67	0.5726666666666667	0.54	0.4766666666666667	0.42533333333333334	0.37666666666666665	0.362	0.3233333333333333	0.2846666666666667	0.246	0.222	0.20666666666666667	0.176	0.15266666666666667	0.13266666666666665	0.09933333333333333	0.09533333333333334	0.08	0.06133333333333333	0.06	0.048	0.048	0.032	0.02266666666666667	0.016666666666666666	0.012666666666666666	0.006666666666666667	0.006	0.0013333333333333333	0.002	0.002	0.0006666666666666666	0.0	0.0	0.0	0.0	0.0	0.0	0.0	0.0	0.0	0.0	0.0	0.0	0.0	0.0	0.0	0.0	0.0	0.0	0.0	0.0	0.0	0.0	0.0	0.0	0.0	0.0	0.0	0.0	0.0	0.0	0.0	0.0	0.0	0.0	0.0	0.0	0.0	0.0	0.0	0.0	0.0	0.0	0.0	0.0	0.0	0.0	0.0	0.0	0.0	
3.044	2.9713333333333334	2.576	2.566666666666667	2.4026666666666667	2.191333333333333	2.0166666666666666	1.8993333333333333	1.7193333333333334	1.6906666666666668	1.5646666666666667	1.3613333333333333	1.266	1.0973333333333333	1.0733333333333333	0.9073333333333333	0.8273333333333334	0.6886666666666666	0.6746666666666666	0.604	0.5493333333333333	0.49466666666666664	0.44266666666666665	0.3873333333333333	0.36533333333333334	0.32266666666666666	0.2806666666666667	0.278	0.232	0.198	0.18	0.146	0.13866666666666666	0.122	0.08733333333333333	0.07066666666666667	0.074	0.05466666666666667	0.04733333333333333	0.048	0.03133333333333333	0.02666666666666667	0.016	0.013333333333333334	0.018666666666666668	0.006666666666666667	0.004666666666666667	0.0026666666666666666	0.002	0.0006666666666666666	0.0	0.0	0.0	0.0	0.0	0.0	0.0	0.0	0.0	0.0	0.0	0.0	0.0	0.0	0.0	0.0	0.0	0.0	0.0	0.0	0.0	0.0	0.0	0.0	0.0	0.0	0.0	0.0	0.0	0.0	0.0	0.0	0.0	0.0	0.0	0.0	0.0	0.0	0.0	0.0	0.0	0.0	0.0	0.0	0.0	0.0	0.0	0.0	0.0	
3.0733333333333333	2.984	2.7306666666666666	2.5926666666666667	2.4053333333333335	2.248	2.0653333333333332	1.9246666666666667	1.8406666666666667	1.6673333333333333	1.5253333333333334	1.3293333333333333	1.2853333333333334	1.1053333333333333	1.1186666666666667	0.888	0.8853333333333333	0.734	0.6773333333333333	0.5846666666666667	0.5593333333333333	0.48733333333333334	0.424	0.394	0.38466666666666666	0.29933333333333334	0.2833333333333333	0.24666666666666667	0.22333333333333333	0.18533333333333332	0.17266666666666666	0.154	0.12533333333333332	0.12066666666666667	0.10066666666666667	0.08333333333333333	0.06066666666666667	0.05733333333333333	0.04066666666666666	0.04666666666666667	0.02666666666666667	0.034	0.019333333333333334	0.01	0.01	0.009333333333333334	0.005333333333333333	0.0033333333333333335	0.002	0.0006666666666666666	0.0	0.0	0.0	0.0	0.0	0.0	0.0	0.0	0.0	0.0	0.0	0.0	0.0	0.0	0.0	0.0	0.0	0.0	0.0	0.0	0.0	0.0	0.0	0.0	0.0	0.0	0.0	0.0	0.0	0.0	0.0	0.0	0.0	0.0	0.0	0.0	0.0	0.0	0.0	0.0	0.0	0.0	0.0	0.0	0.0	0.0	0.0	0.0	0.0	
2.970666666666667	2.9433333333333334	2.666	2.56	2.302	2.1633333333333336	2.01	1.9026666666666667	1.7713333333333334	1.6686666666666667	1.4826666666666666	1.3693333333333333	1.248	1.076	1.0493333333333332	0.9293333333333333	0.8593333333333333	0.7033333333333334	0.6673333333333333	0.588	0.5593333333333333	0.46	0.4573333333333333	0.37533333333333335	0.35	0.306	0.25066666666666665	0.23533333333333334	0.226	0.17066666666666666	0.168	0.13066666666666665	0.10933333333333334	0.11333333333333333	0.08	0.07933333333333334	0.07333333333333333	0.056	0.05733333333333333	0.051333333333333335	0.036	0.03	0.013333333333333334	0.011333333333333334	0.008666666666666666	0.007333333333333333	0.006	0.0026666666666666666	0.002	0.0006666666666666666	0.0	0.0	0.0	0.0	0.0	0.0	0.0	0.0	0.0	0.0	0.0	0.0	0.0	0.0	0.0	0.0	0.0	0.0	0.0	0.0	0.0	0.0	0.0	0.0	0.0	0.0	0.0	0.0	0.0	0.0	0.0	0.0	0.0	0.0	0.0	0.0	0.0	0.0	0.0	0.0	0.0	0.0	0.0	0.0	0.0	0.0	0.0	0.0	0.0	
3.037333333333333	2.9153333333333333	2.6593333333333335	2.542	2.354	2.216666666666667	2.1013333333333333	1.8573333333333333	1.8413333333333333	1.648	1.528	1.3506666666666667	1.312	1.0973333333333333	1.056	0.9453333333333334	0.8873333333333333	0.7526666666666667	0.6846666666666666	0.5913333333333334	0.554	0.48	0.43266666666666664	0.374	0.39066666666666666	0.3	0.288	0.226	0.20533333333333334	0.20533333333333334	0.17066666666666666	0.16266666666666665	0.13066666666666665	0.11	0.08666666666666667	0.06666666666666667	0.07266666666666667	0.06	0.05	0.034666666666666665	0.024666666666666667	0.026	0.012666666666666666	0.019333333333333334	0.006666666666666667	0.010666666666666666	0.0033333333333333335	0.0026666666666666666	0.0006666666666666666	0.0	0.0	0.0	0.0	0.0	0.0	0.0	0.0	0.0	0.0	0.0	0.0	0.0	0.0	0.0	0.0	0.0	0.0	0.0	0.0	0.0	0.0	0.0	0.0	0.0	0.0	0.0	0.0	0.0	0.0	0.0	0.0	0.0	0.0	0.0	0.0	0.0	0.0	0.0	0.0	0.0	0.0	0.0	0.0	0.0	0.0	0.0	0.0	0.0	0.0	
2.933333333333333	2.9226666666666667	2.61	2.494	2.342	2.2426666666666666	2.0246666666666666	1.9273333333333333	1.8173333333333332	1.5806666666666667	1.5493333333333332	1.4073333333333333	1.2646666666666666	1.138	1.0753333333333333	0.916	0.824	0.736	0.688	0.612	0.5586666666666666	0.478	0.454	0.37533333333333335	0.366	0.31733333333333336	0.266	0.228	0.22066666666666668	0.18933333333333333	0.17866666666666667	0.15133333333333332	0.12666666666666668	0.09933333333333333	0.09266666666666666	0.08466666666666667	0.06133333333333333	0.05466666666666667	0.048666666666666664	0.043333333333333335	0.03333333333333333	0.032	0.019333333333333334	0.012666666666666666	0.006	0.009333333333333334	0.008	0.0026666666666666666	0.0013333333333333333	0.0	0.0	0.0	0.0	0.0	0.0	0.0	0.0	0.0	0.0	0.0	0.0	0.0	0.0	0.0	0.0	0.0	0.0	0.0	0.0	0.0	0.0	0.0	0.0	0.0	0.0	0.0	0.0	0.0	0.0	0.0	0.0	0.0	0.0	0.0	0.0	0.0	0.0	0.0	0.0	0.0	0.0	0.0	0.0	0.0	0.0	0.0	0.0	0.0	0.0	
2.989333333333333	2.9046666666666665	2.578	2.606	2.4206666666666665	2.2946666666666666	2.03	1.9193333333333333	1.7993333333333332	1.6206666666666667	1.4753333333333334	1.3586666666666667	1.2626666666666666	1.106	1.0933333333333333	0.9173333333333333	0.92	0.7333333333333333	0.6973333333333334	0.6066666666666667	0.5713333333333334	0.498	0.4666666666666667	0.38066666666666665	0.36733333333333335	0.3006666666666667	0.2793333333333333	0.23733333333333334	0.216	0.19466666666666665	0.15866666666666668	0.14333333333333334	0.11466666666666667	0.106	0.104	0.08133333333333333	0.068	0.07	0.042666666666666665	0.042	0.028666666666666667	0.02666666666666667	0.021333333333333333	0.008666666666666666	0.01	0.006666666666666667	0.0026666666666666666	0.0033333333333333335	0.0006666666666666666	0.0013333333333333333	0.0	0.0	0.0	0.0	0.0	0.0	0.0	0.0	0.0	0.0	0.0	0.0	0.0	0.0	0.0	0.0	0.0	0.0	0.0	0.0	0.0	0.0	0.0	0.0	0.0	0.0	0.0	0.0	0.0	0.0	0.0	0.0	0.0	0.0	0.0	0.0	0.0	0.0	0.0	0.0	0.0	0.0	0.0	0.0	0.0	0.0	0.0	0.0	0.0	
2.961333333333333	2.9473333333333334	2.69	2.54	2.348	2.207333333333333	2.074666666666667	1.922	1.8213333333333332	1.6866666666666668	1.5446666666666666	1.358	1.2446666666666666	1.128	1.0313333333333334	0.9126666666666666	0.8213333333333334	0.7633333333333333	0.7206666666666667	0.5653333333333334	0.562	0.466	0.43866666666666665	0.40066666666666667	0.362	0.278	0.26466666666666666	0.24533333333333332	0.22666666666666666	0.18333333333333332	0.172	0.16066666666666668	0.136	0.11333333333333333	0.10066666666666667	0.08066666666666666	0.05533333333333333	0.06133333333333333	0.04133333333333333	0.044	0.030666666666666665	0.034	0.015333333333333332	0.014	0.01	0.008666666666666666	0.004	0.002	0.0	0.0	0.0	0.0	0.0	0.0	0.0	0.0	0.0	0.0	0.0	0.0	0.0	0.0	0.0	0.0	0.0	0.0	0.0	0.0	0.0	0.0	0.0	0.0	0.0	0.0	0.0	0.0	0.0	0.0	0.0	0.0	0.0	0.0	0.0	0.0	0.0	0.0	0.0	0.0	0.0	0.0	0.0	0.0	0.0	0.0	0.0	0.0	0.0	0.0	0.0	
2.997333333333333	2.912	2.7053333333333334	2.516	2.342	2.2173333333333334	2.004	1.9306666666666668	1.8286666666666667	1.674	1.4806666666666666	1.3853333333333333	1.3006666666666666	1.114	1.0093333333333334	0.9093333333333333	0.8766666666666667	0.702	0.716	0.586	0.6	0.5	0.44133333333333336	0.4106666666666667	0.354	0.326	0.2853333333333333	0.25733333333333336	0.22533333333333333	0.188	0.17933333333333334	0.156	0.14333333333333334	0.13066666666666665	0.09333333333333334	0.096	0.07066666666666667	0.07733333333333334	0.04733333333333333	0.050666666666666665	0.038	0.03133333333333333	0.015333333333333332	0.018666666666666668	0.008	0.006	0.006	0.002	0.002	0.002	0.0	0.0	0.0	0.0	0.0	0.0	0.0	0.0	0.0	0.0	0.0	0.0	0.0	0.0	0.0	0.0	0.0	0.0	0.0	0.0	0.0	0.0	0.0	0.0	0.0	0.0	0.0	0.0	0.0	0.0	0.0	0.0	0.0	0.0	0.0	0.0	0.0	0.0	0.0	0.0	0.0	0.0	0.0	0.0	0.0	0.0	0.0	0.0	0.0	
3.016	2.924	2.5486666666666666	2.5113333333333334	2.388	2.214	2.0553333333333335	1.9593333333333334	1.7506666666666666	1.6346666666666667	1.518	1.3533333333333333	1.2866666666666666	1.1	1.052	0.9246666666666666	0.8666666666666667	0.72	0.6886666666666666	0.5806666666666667	0.5693333333333334	0.47933333333333333	0.508	0.35333333333333333	0.36866666666666664	0.31666666666666665	0.292	0.24666666666666667	0.206	0.17933333333333334	0.14866666666666667	0.152	0.14066666666666666	0.108	0.102	0.09333333333333334	0.072	0.06066666666666667	0.048666666666666664	0.03866666666666667	0.034666666666666665	0.021333333333333333	0.016666666666666666	0.014666666666666666	0.012	0.008666666666666666	0.004666666666666667	0.0033333333333333335	0.002	0.0006666666666666666	0.0	0.0	0.0	0.0	0.0	0.0	0.0	0.0	0.0	0.0	0.0	0.0	0.0	0.0	0.0	0.0	0.0	0.0	0.0	0.0	0.0	0.0	0.0	0.0	0.0	0.0	0.0	0.0	0.0	0.0	0.0	0.0	0.0	0.0	0.0	0.0	0.0	0.0	0.0	0.0	0.0	0.0	0.0	0.0	0.0	0.0	0.0	0.0	0.0	
2.992	2.9093333333333335	2.6566666666666667	2.566666666666667	2.27	2.1966666666666668	2.0953333333333335	1.92	1.792	1.6513333333333333	1.4833333333333334	1.316	1.2986666666666666	1.0653333333333332	1.0653333333333332	0.8873333333333333	0.8513333333333334	0.7246666666666667	0.6806666666666666	0.6093333333333333	0.5513333333333333	0.46266666666666667	0.4646666666666667	0.394	0.33866666666666667	0.304	0.2966666666666667	0.22333333333333333	0.22066666666666668	0.20066666666666666	0.15466666666666667	0.11866666666666667	0.12666666666666668	0.11266666666666666	0.09866666666666667	0.082	0.06333333333333334	0.05733333333333333	0.04466666666666667	0.03866666666666667	0.03266666666666666	0.03333333333333333	0.016666666666666666	0.008666666666666666	0.005333333333333333	0.007333333333333333	0.0033333333333333335	0.0026666666666666666	0.002	0.0	0.0	0.0	0.0	0.0	0.0	0.0	0.0	0.0	0.0	0.0	0.0	0.0	0.0	0.0	0.0	0.0	0.0	0.0	0.0	0.0	0.0	0.0	0.0	0.0	0.0	0.0	0.0	0.0	0.0	0.0	0.0	0.0	0.0	0.0	0.0	0.0	0.0	0.0	0.0	0.0	0.0	0.0	0.0	0.0	0.0	0.0	0.0	0.0	0.0	
3.002	2.818	2.55	2.56	2.3213333333333335	2.220666666666667	2.0493333333333332	1.9853333333333334	1.7606666666666666	1.6513333333333333	1.516	1.3326666666666667	1.2466666666666666	1.1313333333333333	0.9833333333333333	0.9373333333333334	0.838	0.716	0.6673333333333333	0.5633333333333334	0.5866666666666667	0.4786666666666667	0.444	0.4073333333333333	0.37	0.29133333333333333	0.29333333333333333	0.25666666666666665	0.254	0.21266666666666667	0.16133333333333333	0.16466666666666666	0.122	0.108	0.1	0.07733333333333334	0.068	0.06933333333333333	0.04133333333333333	0.03933333333333333	0.035333333333333335	0.025333333333333333	0.019333333333333334	0.019333333333333334	0.005333333333333333	0.005333333333333333	0.0013333333333333333	0.0033333333333333335	0.0013333333333333333	0.0	0.0	0.0	0.0	0.0	0.0	0.0	0.0	0.0	0.0	0.0	0.0	0.0	0.0	0.0	0.0	0.0	0.0	0.0	0.0	0.0	0.0	0.0	0.0	0.0	0.0	0.0	0.0	0.0	0.0	0.0	0.0	0.0	0.0	0.0	0.0	0.0	0.0	0.0	0.0	0.0	0.0	0.0	0.0	0.0	0.0	0.0	0.0	0.0	0.0	
3.017333333333333	2.96	2.5946666666666665	2.5493333333333332	2.275333333333333	2.3073333333333332	2.074666666666667	1.936	1.7986666666666666	1.6586666666666667	1.5053333333333334	1.3266666666666667	1.258	1.1126666666666667	1.0626666666666666	0.896	0.862	0.6906666666666667	0.698	0.58	0.532	0.472	0.426	0.39666666666666667	0.35933333333333334	0.332	0.3006666666666667	0.25133333333333335	0.21866666666666668	0.206	0.16733333333333333	0.154	0.124	0.096	0.10533333333333333	0.082	0.058	0.048666666666666664	0.048666666666666664	0.04933333333333333	0.026	0.018	0.024	0.012	0.006666666666666667	0.007333333333333333	0.0026666666666666666	0.002	0.0006666666666666666	0.0006666666666666666	0.0	0.0	0.0	0.0	0.0	0.0	0.0	0.0	0.0	0.0	0.0	0.0	0.0	0.0	0.0	0.0	0.0	0.0	0.0	0.0	0.0	0.0	0.0	0.0	0.0	0.0	0.0	0.0	0.0	0.0	0.0	0.0	0.0	0.0	0.0	0.0	0.0	0.0	0.0	0.0	0.0	0.0	0.0	0.0	0.0	0.0	0.0	0.0	0.0	
2.8926666666666665	2.8753333333333333	2.5946666666666665	2.546666666666667	2.2826666666666666	2.22	2.014	1.934	1.7473333333333334	1.6186666666666667	1.4926666666666666	1.3373333333333333	1.278	1.0953333333333333	1.0313333333333334	0.8953333333333333	0.7953333333333333	0.6946666666666667	0.6886666666666666	0.5913333333333334	0.5706666666666667	0.4673333333333333	0.43333333333333335	0.398	0.3893333333333333	0.31333333333333335	0.2966666666666667	0.23466666666666666	0.20066666666666666	0.19666666666666666	0.16333333333333333	0.136	0.12	0.11733333333333333	0.10066666666666667	0.08266666666666667	0.07066666666666667	0.06066666666666667	0.051333333333333335	0.04133333333333333	0.03333333333333333	0.024666666666666667	0.011333333333333334	0.021333333333333333	0.017333333333333333	0.006666666666666667	0.007333333333333333	0.0026666666666666666	0.0013333333333333333	0.0006666666666666666	0.0	0.0	0.0	0.0	0.0	0.0	0.0	0.0	0.0	0.0	0.0	0.0	0.0	0.0	0.0	0.0	0.0	0.0	0.0	0.0	0.0	0.0	0.0	0.0	0.0	0.0	0.0	0.0	0.0	0.0	0.0	0.0	0.0	0.0	0.0	0.0	0.0	0.0	0.0	0.0	0.0	0.0	0.0	0.0	0.0	0.0	0.0	0.0	0.0	
2.994666666666667	2.8913333333333333	2.7013333333333334	2.461333333333333	2.3633333333333333	2.166	2.124	1.9606666666666666	1.716	1.6206666666666667	1.4586666666666666	1.3486666666666667	1.2786666666666666	1.0726666666666667	1.0393333333333334	0.916	0.8673333333333333	0.768	0.69	0.588	0.5673333333333334	0.4746666666666667	0.43666666666666665	0.37066666666666664	0.3526666666666667	0.3	0.28	0.25866666666666666	0.22866666666666666	0.20333333333333334	0.16533333333333333	0.136	0.126	0.11533333333333333	0.09066666666666667	0.07733333333333334	0.059333333333333335	0.05533333333333333	0.04533333333333334	0.04933333333333333	0.028	0.028	0.021333333333333333	0.019333333333333334	0.01	0.006	0.007333333333333333	0.0026666666666666666	0.0	0.002	0.0	0.0	0.0	0.0	0.0	0.0	0.0	0.0	0.0	0.0	0.0	0.0	0.0	0.0	0.0	0.0	0.0	0.0	0.0	0.0	0.0	0.0	0.0	0.0	0.0	0.0	0.0	0.0	0.0	0.0	0.0	0.0	0.0	0.0	0.0	0.0	0.0	0.0	0.0	0.0	0.0	0.0	0.0	0.0	0.0	0.0	0.0	0.0	0.0	
2.9766666666666666	2.8813333333333335	2.6493333333333333	2.522666666666667	2.336	2.267333333333333	2.0446666666666666	1.9593333333333334	1.7693333333333334	1.652	1.59	1.342	1.242	1.1193333333333333	1.0833333333333333	0.88	0.8453333333333334	0.7193333333333334	0.704	0.5886666666666667	0.564	0.4706666666666667	0.4493333333333333	0.37266666666666665	0.35133333333333333	0.29733333333333334	0.2793333333333333	0.26066666666666666	0.20533333333333334	0.17933333333333334	0.168	0.156	0.13733333333333334	0.104	0.08266666666666667	0.086	0.06466666666666666	0.056	0.050666666666666665	0.04533333333333334	0.03266666666666666	0.024666666666666667	0.014666666666666666	0.012	0.01	0.009333333333333334	0.004666666666666667	0.0033333333333333335	0.002	0.0	0.0	0.0	0.0	0.0	0.0	0.0	0.0	0.0	0.0	0.0	0.0	0.0	0.0	0.0	0.0	0.0	0.0	0.0	0.0	0.0	0.0	0.0	0.0	0.0	0.0	0.0	0.0	0.0	0.0	0.0	0.0	0.0	0.0	0.0	0.0	0.0	0.0	0.0	0.0	0.0	0.0	0.0	0.0	0.0	0.0	0.0	0.0	0.0	0.0	
2.98	2.864	2.6553333333333335	2.5793333333333335	2.3266666666666667	2.1613333333333333	2.041333333333333	1.902	1.772	1.5926666666666667	1.5086666666666666	1.3626666666666667	1.2706666666666666	1.086	1.062	0.8873333333333333	0.876	0.7466666666666667	0.6666666666666666	0.6026666666666667	0.504	0.48533333333333334	0.472	0.37266666666666665	0.37333333333333335	0.31333333333333335	0.2733333333333333	0.23733333333333334	0.21733333333333332	0.20466666666666666	0.178	0.15266666666666667	0.13133333333333333	0.09866666666666667	0.08466666666666667	0.09333333333333334	0.058666666666666666	0.064	0.048666666666666664	0.042	0.038	0.025333333333333333	0.018	0.015333333333333332	0.010666666666666666	0.0026666666666666666	0.004	0.0006666666666666666	0.0013333333333333333	0.0013333333333333333	0.0	0.0	0.0	0.0	0.0	0.0	0.0	0.0	0.0	0.0	0.0	0.0	0.0	0.0	0.0	0.0	0.0	0.0	0.0	0.0	0.0	0.0	0.0	0.0	0.0	0.0	0.0	0.0	0.0	0.0	0.0	0.0	0.0	0.0	0.0	0.0	0.0	0.0	0.0	0.0	0.0	0.0	0.0	0.0	0.0	0.0	0.0	0.0	0.0	
2.92	2.9	2.562666666666667	2.544	2.4313333333333333	2.1966666666666668	2.017333333333333	1.9333333333333333	1.7433333333333334	1.6506666666666667	1.4946666666666666	1.348	1.23	1.0693333333333332	1.0873333333333333	0.876	0.806	0.744	0.6686666666666666	0.5533333333333333	0.5666666666666667	0.4693333333333333	0.4513333333333333	0.41333333333333333	0.36666666666666664	0.336	0.29133333333333333	0.22266666666666668	0.21266666666666667	0.19933333333333333	0.17866666666666667	0.14933333333333335	0.13133333333333333	0.108	0.10066666666666667	0.08133333333333333	0.06466666666666666	0.056666666666666664	0.04466666666666667	0.03933333333333333	0.02266666666666667	0.026	0.020666666666666667	0.018666666666666668	0.004666666666666667	0.004666666666666667	0.004	0.004	0.0006666666666666666	0.0006666666666666666	0.0	0.0	0.0	0.0	0.0	0.0	0.0	0.0	0.0	0.0	0.0	0.0	0.0	0.0	0.0	0.0	0.0	0.0	0.0	0.0	0.0	0.0	0.0	0.0	0.0	0.0	0.0	0.0	0.0	0.0	0.0	0.0	0.0	0.0	0.0	0.0	0.0	0.0	0.0	0.0	0.0	0.0	0.0	0.0	0.0	0.0	0.0	0.0	0.0	
2.8953333333333333	2.948	2.6333333333333333	2.5526666666666666	2.3106666666666666	2.2493333333333334	2.0313333333333334	1.878	1.8013333333333332	1.6153333333333333	1.5193333333333334	1.3633333333333333	1.2386666666666666	1.0733333333333333	0.9906666666666667	0.8853333333333333	0.848	0.7146666666666667	0.6853333333333333	0.586	0.582	0.4726666666666667	0.4646666666666667	0.366	0.36333333333333334	0.314	0.27066666666666667	0.23466666666666666	0.204	0.18466666666666667	0.16666666666666666	0.16333333333333333	0.13133333333333333	0.12266666666666666	0.08866666666666667	0.08333333333333333	0.06266666666666666	0.04933333333333333	0.05466666666666667	0.044	0.038	0.024	0.015333333333333332	0.019333333333333334	0.009333333333333334	0.007333333333333333	0.004666666666666667	0.0033333333333333335	0.0	0.0006666666666666666	0.0	0.0	0.0	0.0	0.0	0.0	0.0	0.0	0.0	0.0	0.0	0.0	0.0	0.0	0.0	0.0	0.0	0.0	0.0	0.0	0.0	0.0	0.0	0.0	0.0	0.0	0.0	0.0	0.0	0.0	0.0	0.0	0.0	0.0	0.0	0.0	0.0	0.0	0.0	0.0	0.0	0.0	0.0	0.0	0.0	0.0	0.0	0.0	0.0	
2.98	2.921333333333333	2.568	2.4993333333333334	2.328	2.2626666666666666	2.0833333333333335	1.892	1.7153333333333334	1.5413333333333334	1.52	1.372	1.2553333333333334	1.1073333333333333	1.0233333333333334	0.8746666666666667	0.8366666666666667	0.774	0.692	0.554	0.56	0.448	0.452	0.38466666666666666	0.34	0.308	0.28733333333333333	0.26	0.20466666666666666	0.182	0.176	0.14133333333333334	0.13666666666666666	0.10266666666666667	0.09066666666666667	0.08	0.078	0.068	0.04533333333333334	0.04066666666666666	0.034666666666666665	0.026	0.018	0.010666666666666666	0.012666666666666666	0.008666666666666666	0.006666666666666667	0.0026666666666666666	0.0013333333333333333	0.0006666666666666666	0.0	0.0	0.0	0.0	0.0	0.0	0.0	0.0	0.0	0.0	0.0	0.0	0.0	0.0	0.0	0.0	0.0	0.0	0.0	0.0	0.0	0.0	0.0	0.0	0.0	0.0	0.0	0.0	0.0	0.0	0.0	0.0	0.0	0.0	0.0	0.0	0.0	0.0	0.0	0.0	0.0	0.0	0.0	0.0	0.0	0.0	0.0	0.0	0.0	
2.993333333333333	2.86	2.6633333333333336	2.592	2.2986666666666666	2.156	1.9673333333333334	1.936	1.76	1.592	1.6006666666666667	1.354	1.2893333333333334	1.0926666666666667	1.022	0.868	0.8073333333333333	0.7046666666666667	0.688	0.5913333333333334	0.5593333333333333	0.472	0.45466666666666666	0.37133333333333335	0.34933333333333333	0.30266666666666664	0.2813333333333333	0.224	0.21733333333333332	0.186	0.156	0.138	0.13933333333333334	0.096	0.09066666666666667	0.09333333333333334	0.07466666666666667	0.068	0.04533333333333334	0.04733333333333333	0.03266666666666666	0.021333333333333333	0.015333333333333332	0.022	0.01	0.011333333333333334	0.005333333333333333	0.0026666666666666666	0.0013333333333333333	0.0	0.0	0.0	0.0	0.0	0.0	0.0	0.0	0.0	0.0	0.0	0.0	0.0	0.0	0.0	0.0	0.0	0.0	0.0	0.0	0.0	0.0	0.0	0.0	0.0	0.0	0.0	0.0	0.0	0.0	0.0	0.0	0.0	0.0	0.0	0.0	0.0	0.0	0.0	0.0	0.0	0.0	0.0	0.0	0.0	0.0	0.0	0.0	0.0	0.0	
2.99	2.838	2.6593333333333335	2.5366666666666666	2.3553333333333333	2.18	2.0086666666666666	1.9053333333333333	1.776	1.6493333333333333	1.554	1.292	1.2746666666666666	1.1046666666666667	1.0633333333333332	0.8766666666666667	0.8426666666666667	0.7253333333333334	0.6926666666666667	0.5833333333333334	0.5706666666666667	0.476	0.44733333333333336	0.3973333333333333	0.35533333333333333	0.31266666666666665	0.286	0.25866666666666666	0.20666666666666667	0.186	0.176	0.15333333333333332	0.12466666666666666	0.102	0.088	0.086	0.07266666666666667	0.062	0.043333333333333335	0.044	0.03266666666666666	0.030666666666666665	0.016666666666666666	0.009333333333333334	0.010666666666666666	0.008	0.0026666666666666666	0.004666666666666667	0.0006666666666666666	0.0006666666666666666	0.0006666666666666666	0.0	0.0	0.0	0.0	0.0	0.0	0.0	0.0	0.0	0.0	0.0	0.0	0.0	0.0	0.0	0.0	0.0	0.0	0.0	0.0	0.0	0.0	0.0	0.0	0.0	0.0	0.0	0.0	0.0	0.0	0.0	0.0	0.0	0.0	0.0	0.0	0.0	0.0	0.0	0.0	0.0	0.0	0.0	0.0	0.0	0.0	0.0	0.0	
3.03	2.9006666666666665	2.636	2.5513333333333335	2.358	2.1773333333333333	2.041333333333333	1.8426666666666667	1.738	1.566	1.43	1.34	1.218	1.0653333333333332	1.0473333333333332	0.86	0.8193333333333334	0.698	0.6546666666666666	0.6	0.5513333333333333	0.48133333333333334	0.42133333333333334	0.37533333333333335	0.3453333333333333	0.2853333333333333	0.284	0.276	0.21333333333333335	0.202	0.176	0.15866666666666668	0.13866666666666666	0.09533333333333334	0.09133333333333334	0.09133333333333334	0.06666666666666667	0.058666666666666666	0.03933333333333333	0.03666666666666667	0.035333333333333335	0.027333333333333334	0.019333333333333334	0.017333333333333333	0.008666666666666666	0.009333333333333334	0.0026666666666666666	0.0013333333333333333	0.002	0.0	0.0	0.0	0.0	0.0	0.0	0.0	0.0	0.0	0.0	0.0	0.0	0.0	0.0	0.0	0.0	0.0	0.0	0.0	0.0	0.0	0.0	0.0	0.0	0.0	0.0	0.0	0.0	0.0	0.0	0.0	0.0	0.0	0.0	0.0	0.0	0.0	0.0	0.0	0.0	0.0	0.0	0.0	0.0	0.0	0.0	0.0	0.0	0.0	0.0	
2.985333333333333	2.85	2.6433333333333335	2.49	2.2653333333333334	2.2146666666666666	2.0046666666666666	1.9426666666666668	1.7206666666666666	1.5813333333333333	1.5613333333333332	1.3746666666666667	1.224	1.1166666666666667	1.066	0.848	0.8373333333333334	0.6753333333333333	0.692	0.568	0.578	0.4666666666666667	0.4746666666666667	0.406	0.37133333333333335	0.312	0.24	0.25266666666666665	0.21066666666666667	0.18133333333333335	0.16866666666666666	0.14933333333333335	0.13466666666666666	0.094	0.08866666666666667	0.08733333333333333	0.08	0.06133333333333333	0.050666666666666665	0.04133333333333333	0.028666666666666667	0.028666666666666667	0.016	0.01	0.006666666666666667	0.012	0.006	0.0006666666666666666	0.0006666666666666666	0.0013333333333333333	0.0006666666666666666	0.0	0.0	0.0	0.0	0.0	0.0	0.0	0.0	0.0	0.0	0.0	0.0	0.0	0.0	0.0	0.0	0.0	0.0	0.0	0.0	0.0	0.0	0.0	0.0	0.0	0.0	0.0	0.0	0.0	0.0	0.0	0.0	0.0	0.0	0.0	0.0	0.0	0.0	0.0	0.0	0.0	0.0	0.0	0.0	0.0	0.0	0.0	0.0	
2.961333333333333	2.8773333333333335	2.566	2.504	2.34	2.202	2.0653333333333332	1.872	1.7593333333333334	1.6346666666666667	1.514	1.3666666666666667	1.2573333333333334	1.028	1.042	0.8853333333333333	0.8353333333333334	0.6813333333333333	0.6686666666666666	0.5573333333333333	0.5553333333333333	0.448	0.48133333333333334	0.36666666666666664	0.38866666666666666	0.26666666666666666	0.26866666666666666	0.24533333333333332	0.20666666666666667	0.20066666666666666	0.174	0.13533333333333333	0.122	0.10866666666666666	0.08933333333333333	0.08133333333333333	0.059333333333333335	0.05266666666666667	0.048	0.03933333333333333	0.03	0.023333333333333334	0.023333333333333334	0.015333333333333332	0.015333333333333332	0.008	0.0026666666666666666	0.0026666666666666666	0.0013333333333333333	0.0006666666666666666	0.0	0.0	0.0	0.0	0.0	0.0	0.0	0.0	0.0	0.0	0.0	0.0	0.0	0.0	0.0	0.0	0.0	0.0	0.0	0.0	0.0	0.0	0.0	0.0	0.0	0.0	0.0	0.0	0.0	0.0	0.0	0.0	0.0	0.0	0.0	0.0	0.0	0.0	0.0	0.0	0.0	0.0	0.0	0.0	0.0	0.0	0.0	0.0	0.0	
3.046	2.8393333333333333	2.602	2.5286666666666666	2.3346666666666667	2.1506666666666665	2.0073333333333334	1.9633333333333334	1.7793333333333334	1.5493333333333332	1.4846666666666666	1.298	1.256	1.1506666666666667	1.0006666666666666	0.894	0.8493333333333334	0.7066666666666667	0.6653333333333333	0.5873333333333334	0.5733333333333334	0.4686666666666667	0.454	0.388	0.36666666666666664	0.29	0.286	0.2826666666666667	0.21533333333333332	0.18466666666666667	0.178	0.158	0.124	0.12133333333333333	0.07933333333333334	0.07733333333333334	0.06933333333333333	0.06933333333333333	0.04533333333333334	0.043333333333333335	0.023333333333333334	0.03133333333333333	0.016	0.016	0.009333333333333334	0.0033333333333333335	0.005333333333333333	0.0033333333333333335	0.0006666666666666666	0.0006666666666666666	0.0	0.0	0.0	0.0	0.0	0.0	0.0	0.0	0.0	0.0	0.0	0.0	0.0	0.0	0.0	0.0	0.0	0.0	0.0	0.0	0.0	0.0	0.0	0.0	0.0	0.0	0.0	0.0	0.0	0.0	0.0	0.0	0.0	0.0	0.0	0.0	0.0	0.0	0.0	0.0	0.0	0.0	0.0	0.0	0.0	0.0	0.0	0.0	0.0	
2.9426666666666668	2.8766666666666665	2.636	2.566666666666667	2.3	2.2053333333333334	2.0966666666666667	1.8593333333333333	1.7373333333333334	1.65	1.4793333333333334	1.34	1.288	1.1253333333333333	1.0426666666666666	0.8733333333333333	0.8486666666666667	0.742	0.714	0.6073333333333333	0.5486666666666666	0.4846666666666667	0.44333333333333336	0.3873333333333333	0.36666666666666664	0.302	0.2793333333333333	0.246	0.19733333333333333	0.186	0.18266666666666667	0.14333333333333334	0.11133333333333334	0.11666666666666667	0.08466666666666667	0.08466666666666667	0.07666666666666666	0.059333333333333335	0.04133333333333333	0.04133333333333333	0.029333333333333333	0.022	0.015333333333333332	0.014	0.014	0.005333333333333333	0.002	0.005333333333333333	0.0013333333333333333	0.0013333333333333333	0.0	0.0	0.0	0.0	0.0	0.0	0.0	0.0	0.0	0.0	0.0	0.0	0.0	0.0	0.0	0.0	0.0	0.0	0.0	0.0	0.0	0.0	0.0	0.0	0.0	0.0	0.0	0.0	0.0	0.0	0.0	0.0	0.0	0.0	0.0	0.0	0.0	0.0	0.0	0.0	0.0	0.0	0.0	0.0	0.0	0.0	0.0	0.0	0.0	
2.8873333333333333	2.8893333333333335	2.5873333333333335	2.498	2.2993333333333332	2.1846666666666668	2.0166666666666666	1.9033333333333333	1.784	1.5886666666666667	1.5173333333333334	1.342	1.232	1.0986666666666667	1.0206666666666666	0.832	0.8466666666666667	0.7006666666666667	0.6893333333333334	0.5766666666666667	0.5353333333333333	0.4673333333333333	0.43133333333333335	0.4086666666666667	0.35733333333333334	0.32066666666666666	0.2826666666666667	0.216	0.18666666666666668	0.15666666666666668	0.168	0.164	0.12066666666666667	0.12533333333333332	0.082	0.068	0.066	0.048666666666666664	0.04666666666666667	0.044	0.028666666666666667	0.024	0.020666666666666667	0.016666666666666666	0.010666666666666666	0.008666666666666666	0.006	0.004666666666666667	0.004666666666666667	0.0006666666666666666	0.0	0.0	0.0	0.0	0.0	0.0	0.0	0.0	0.0	0.0	0.0	0.0	0.0	0.0	0.0	0.0	0.0	0.0	0.0	0.0	0.0	0.0	0.0	0.0	0.0	0.0	0.0	0.0	0.0	0.0	0.0	0.0	0.0	0.0	0.0	0.0	0.0	0.0	0.0	0.0	0.0	0.0	0.0	0.0	0.0	0.0	0.0	0.0	0.0	
2.952	2.8546666666666667	2.59	2.478	2.312	2.220666666666667	2.078	1.9386666666666668	1.7386666666666666	1.6326666666666667	1.5	1.362	1.3166666666666667	1.0773333333333333	1.0046666666666666	0.898	0.842	0.7393333333333333	0.6846666666666666	0.5573333333333333	0.5693333333333334	0.4766666666666667	0.44466666666666665	0.3586666666666667	0.33466666666666667	0.3	0.29	0.23666666666666666	0.20533333333333334	0.2	0.15533333333333332	0.14533333333333334	0.13533333333333333	0.10733333333333334	0.108	0.07866666666666666	0.06733333333333333	0.05	0.051333333333333335	0.04066666666666666	0.02666666666666667	0.034	0.014666666666666666	0.012666666666666666	0.007333333333333333	0.008666666666666666	0.004	0.006	0.0013333333333333333	0.0013333333333333333	0.0	0.0	0.0	0.0	0.0	0.0	0.0	0.0	0.0	0.0	0.0	0.0	0.0	0.0	0.0	0.0	0.0	0.0	0.0	0.0	0.0	0.0	0.0	0.0	0.0	0.0	0.0	0.0	0.0	0.0	0.0	0.0	0.0	0.0	0.0	0.0	0.0	0.0	0.0	0.0	0.0	0.0	0.0	0.0	0.0	0.0	0.0	0.0	0.0	
2.9673333333333334	2.8833333333333333	2.59	2.517333333333333	2.280666666666667	2.112	2.018666666666667	1.906	1.7513333333333334	1.586	1.566	1.2786666666666666	1.2713333333333334	1.0613333333333332	1.038	0.9133333333333333	0.8133333333333334	0.6873333333333334	0.6733333333333333	0.5806666666666667	0.5153333333333333	0.49	0.4266666666666667	0.37733333333333335	0.3333333333333333	0.30466666666666664	0.30933333333333335	0.25133333333333335	0.19266666666666668	0.18533333333333332	0.18266666666666667	0.15666666666666668	0.13933333333333334	0.11266666666666666	0.08866666666666667	0.098	0.06466666666666666	0.056	0.052	0.04933333333333333	0.028666666666666667	0.021333333333333333	0.021333333333333333	0.016666666666666666	0.009333333333333334	0.006666666666666667	0.004666666666666667	0.004666666666666667	0.0006666666666666666	0.0006666666666666666	0.0	0.0	0.0	0.0	0.0	0.0	0.0	0.0	0.0	0.0	0.0	0.0	0.0	0.0	0.0	0.0	0.0	0.0	0.0	0.0	0.0	0.0	0.0	0.0	0.0	0.0	0.0	0.0	0.0	0.0	0.0	0.0	0.0	0.0	0.0	0.0	0.0	0.0	0.0	0.0	0.0	0.0	0.0	0.0	0.0	0.0	0.0	0.0	0.0	
2.8906666666666667	2.8693333333333335	2.558	2.454	2.352	2.1366666666666667	2.0866666666666664	1.8953333333333333	1.79	1.5986666666666667	1.51	1.328	1.2146666666666666	1.0926666666666667	1.026	0.872	0.83	0.7146666666666667	0.6786666666666666	0.5793333333333334	0.5486666666666666	0.468	0.458	0.382	0.314	0.3006666666666667	0.29133333333333333	0.24666666666666667	0.214	0.15466666666666667	0.168	0.148	0.13533333333333333	0.11133333333333334	0.08666666666666667	0.086	0.06866666666666667	0.064	0.05533333333333333	0.04	0.03	0.030666666666666665	0.015333333333333332	0.012	0.007333333333333333	0.008666666666666666	0.004666666666666667	0.004	0.0013333333333333333	0.0013333333333333333	0.0006666666666666666	0.0	0.0	0.0	0.0	0.0	0.0	0.0	0.0	0.0	0.0	0.0	0.0	0.0	0.0	0.0	0.0	0.0	0.0	0.0	0.0	0.0	0.0	0.0	0.0	0.0	0.0	0.0	0.0	0.0	0.0	0.0	0.0	0.0	0.0	0.0	0.0	0.0	0.0	0.0	0.0	0.0	0.0	0.0	0.0	0.0	0.0	0.0	0.0	
2.9606666666666666	2.7626666666666666	2.5273333333333334	2.578	2.2953333333333332	2.215333333333333	1.9853333333333334	1.8733333333333333	1.7813333333333334	1.5973333333333333	1.5113333333333334	1.33	1.2313333333333334	1.082	1.0573333333333332	0.8626666666666667	0.852	0.6666666666666666	0.7106666666666667	0.576	0.5573333333333333	0.4866666666666667	0.44133333333333336	0.38133333333333336	0.356	0.2813333333333333	0.276	0.25	0.23733333333333334	0.18	0.17133333333333334	0.14466666666666667	0.12866666666666668	0.10466666666666667	0.09933333333333333	0.07866666666666666	0.059333333333333335	0.06466666666666666	0.043333333333333335	0.04066666666666666	0.03	0.025333333333333333	0.017333333333333333	0.018	0.011333333333333334	0.009333333333333334	0.004	0.0033333333333333335	0.0006666666666666666	0.0	0.0	0.0	0.0	0.0	0.0	0.0	0.0	0.0	0.0	0.0	0.0	0.0	0.0	0.0	0.0	0.0	0.0	0.0	0.0	0.0	0.0	0.0	0.0	0.0	0.0	0.0	0.0	0.0	0.0	0.0	0.0	0.0	0.0	0.0	0.0	0.0	0.0	0.0	0.0	0.0	0.0	0.0	0.0	0.0	0.0	0.0	0.0	0.0	0.0	
2.949333333333333	2.8293333333333335	2.6033333333333335	2.5533333333333332	2.3753333333333333	2.196	2.062666666666667	1.93	1.73	1.6126666666666667	1.4873333333333334	1.3366666666666667	1.2513333333333334	1.0733333333333333	1.0053333333333334	0.8726666666666667	0.864	0.7073333333333334	0.678	0.6006666666666667	0.532	0.446	0.456	0.41	0.364	0.31266666666666665	0.29333333333333333	0.2673333333333333	0.21933333333333332	0.208	0.15533333333333332	0.128	0.108	0.10866666666666666	0.08733333333333333	0.088	0.058666666666666666	0.056666666666666664	0.04466666666666667	0.03333333333333333	0.035333333333333335	0.030666666666666665	0.016666666666666666	0.014	0.008	0.008	0.007333333333333333	0.0033333333333333335	0.0006666666666666666	0.0026666666666666666	0.0	0.0	0.0	0.0	0.0	0.0	0.0	0.0	0.0	0.0	0.0	0.0	0.0	0.0	0.0	0.0	0.0	0.0	0.0	0.0	0.0	0.0	0.0	0.0	0.0	0.0	0.0	0.0	0.0	0.0	0.0	0.0	0.0	0.0	0.0	0.0	0.0	0.0	0.0	0.0	0.0	0.0	0.0	0.0	0.0	0.0	0.0	0.0	0.0	
2.9966666666666666	2.962666666666667	2.5493333333333332	2.5086666666666666	2.2706666666666666	2.256666666666667	2.022	1.8826666666666667	1.716	1.6233333333333333	1.5033333333333334	1.3226666666666667	1.312	1.1393333333333333	1.054	0.8926666666666667	0.8006666666666666	0.708	0.6633333333333333	0.572	0.5286666666666666	0.4713333333333333	0.4146666666666667	0.376	0.3626666666666667	0.29333333333333333	0.274	0.258	0.23333333333333334	0.176	0.172	0.14933333333333335	0.148	0.108	0.08	0.078	0.07	0.06	0.044	0.04066666666666666	0.035333333333333335	0.028666666666666667	0.019333333333333334	0.015333333333333332	0.01	0.008666666666666666	0.004	0.004	0.0006666666666666666	0.0006666666666666666	0.0	0.0	0.0	0.0	0.0	0.0	0.0	0.0	0.0	0.0	0.0	0.0	0.0	0.0	0.0	0.0	0.0	0.0	0.0	0.0	0.0	0.0	0.0	0.0	0.0	0.0	0.0	0.0	0.0	0.0	0.0	0.0	0.0	0.0	0.0	0.0	0.0	0.0	0.0	0.0	0.0	0.0	0.0	0.0	0.0	0.0	0.0	0.0	0.0	
2.9013333333333335	2.772	2.6053333333333333	2.562	2.2666666666666666	2.1853333333333333	2.0913333333333335	1.854	1.7466666666666666	1.5866666666666667	1.454	1.3226666666666667	1.2906666666666666	1.108	1.0493333333333332	0.9266666666666666	0.8166666666666667	0.66	0.656	0.5473333333333333	0.5353333333333333	0.44	0.4653333333333333	0.364	0.354	0.328	0.288	0.238	0.21066666666666667	0.18733333333333332	0.18066666666666667	0.14866666666666667	0.11666666666666667	0.114	0.09266666666666666	0.086	0.06733333333333333	0.062	0.04933333333333333	0.04066666666666666	0.027333333333333334	0.028	0.02	0.017333333333333333	0.005333333333333333	0.005333333333333333	0.004666666666666667	0.006	0.0033333333333333335	0.0006666666666666666	0.0	0.0	0.0	0.0	0.0	0.0	0.0	0.0	0.0	0.0	0.0	0.0	0.0	0.0	0.0	0.0	0.0	0.0	0.0	0.0	0.0	0.0	0.0	0.0	0.0	0.0	0.0	0.0	0.0	0.0	0.0	0.0	0.0	0.0	0.0	0.0	0.0	0.0	0.0	0.0	0.0	0.0	0.0	0.0	0.0	0.0	0.0	0.0	0.0	
2.8273333333333333	2.86	2.5406666666666666	2.5166666666666666	2.27	2.2	2.012	1.9253333333333333	1.752	1.6026666666666667	1.534	1.33	1.2193333333333334	1.0933333333333333	0.9926666666666667	0.9206666666666666	0.8313333333333334	0.7146666666666667	0.6773333333333333	0.56	0.5766666666666667	0.4826666666666667	0.45	0.3933333333333333	0.3433333333333333	0.3	0.2813333333333333	0.24266666666666667	0.216	0.18866666666666668	0.17133333333333334	0.14066666666666666	0.11866666666666667	0.11	0.08266666666666667	0.07333333333333333	0.06133333333333333	0.06333333333333334	0.05533333333333333	0.04066666666666666	0.036	0.027333333333333334	0.018666666666666668	0.013333333333333334	0.012	0.011333333333333334	0.006	0.002	0.002	0.0013333333333333333	0.0	0.0	0.0	0.0	0.0	0.0	0.0	0.0	0.0	0.0	0.0	0.0	0.0	0.0	0.0	0.0	0.0	0.0	0.0	0.0	0.0	0.0	0.0	0.0	0.0	0.0	0.0	0.0	0.0	0.0	0.0	0.0	0.0	0.0	0.0	0.0	0.0	0.0	0.0	0.0	0.0	0.0	0.0	0.0	0.0	0.0	0.0	0.0	0.0	
2.9366666666666665	2.846	2.642	2.5073333333333334	2.324	2.1826666666666665	1.9866666666666666	1.8433333333333333	1.7546666666666666	1.6073333333333333	1.4973333333333334	1.306	1.2386666666666666	1.0806666666666667	0.974	0.8373333333333334	0.8486666666666667	0.698	0.6773333333333333	0.5733333333333334	0.55	0.46	0.44533333333333336	0.392	0.386	0.3006666666666667	0.25666666666666665	0.24333333333333335	0.222	0.166	0.16933333333333334	0.14333333333333334	0.12733333333333333	0.124	0.096	0.086	0.06533333333333333	0.056666666666666664	0.046	0.03	0.028	0.02666666666666667	0.015333333333333332	0.016	0.011333333333333334	0.0033333333333333335	0.006	0.005333333333333333	0.0013333333333333333	0.0013333333333333333	0.0	0.0	0.0	0.0	0.0	0.0	0.0	0.0	0.0	0.0	0.0	0.0	0.0	0.0	0.0	0.0	0.0	0.0	0.0	0.0	0.0	0.0	0.0	0.0	0.0	0.0	0.0	0.0	0.0	0.0	0.0	0.0	0.0	0.0	0.0	0.0	0.0	0.0	0.0	0.0	0.0	0.0	0.0	0.0	0.0	0.0	0.0	0.0	0.0	
2.9506666666666668	2.820666666666667	2.5993333333333335	2.506	2.264666666666667	2.262	2.0593333333333335	1.834	1.7666666666666666	1.6253333333333333	1.4986666666666666	1.2886666666666666	1.2493333333333334	1.0506666666666666	1.0466666666666666	0.868	0.826	0.6913333333333334	0.6626666666666666	0.5466666666666666	0.53	0.49266666666666664	0.44266666666666665	0.398	0.33866666666666667	0.264	0.2773333333333333	0.208	0.21533333333333332	0.164	0.17266666666666666	0.15666666666666668	0.148	0.11	0.09	0.06666666666666667	0.068	0.06	0.036	0.038	0.036	0.028	0.016	0.013333333333333334	0.014666666666666666	0.004	0.0026666666666666666	0.0013333333333333333	0.0	0.0	0.0	0.0	0.0	0.0	0.0	0.0	0.0	0.0	0.0	0.0	0.0	0.0	0.0	0.0	0.0	0.0	0.0	0.0	0.0	0.0	0.0	0.0	0.0	0.0	0.0	0.0	0.0	0.0	0.0	0.0	0.0	0.0	0.0	0.0	0.0	0.0	0.0	0.0	0.0	0.0	0.0	0.0	0.0	0.0	0.0	0.0	0.0	0.0	0.0	
2.8773333333333335	2.8413333333333335	2.6346666666666665	2.47	2.2993333333333332	2.19	1.9926666666666666	1.94	1.748	1.5973333333333333	1.5106666666666666	1.3113333333333332	1.2693333333333334	1.0946666666666667	1.034	0.8413333333333334	0.8073333333333333	0.716	0.668	0.5653333333333334	0.554	0.43133333333333335	0.4846666666666667	0.41733333333333333	0.3426666666666667	0.32133333333333336	0.2793333333333333	0.236	0.208	0.17666666666666667	0.162	0.13866666666666666	0.14266666666666666	0.102	0.108	0.07066666666666667	0.056	0.058	0.04666666666666667	0.05266666666666667	0.03	0.023333333333333334	0.018	0.012	0.013333333333333334	0.006	0.005333333333333333	0.004666666666666667	0.0013333333333333333	0.0006666666666666666	0.0006666666666666666	0.0	0.0	0.0	0.0	0.0	0.0	0.0	0.0	0.0	0.0	0.0	0.0	0.0	0.0	0.0	0.0	0.0	0.0	0.0	0.0	0.0	0.0	0.0	0.0	0.0	0.0	0.0	0.0	0.0	0.0	0.0	0.0	0.0	0.0	0.0	0.0	0.0	0.0	0.0	0.0	0.0	0.0	0.0	0.0	0.0	0.0	0.0	0.0	
2.9313333333333333	2.848	2.574	2.509333333333333	2.3093333333333335	2.142	2.0	1.9026666666666667	1.6806666666666668	1.5626666666666666	1.528	1.3146666666666667	1.2573333333333334	1.0386666666666666	0.9993333333333333	0.88	0.8533333333333334	0.7093333333333334	0.702	0.592	0.566	0.462	0.44666666666666666	0.36733333333333335	0.384	0.2926666666666667	0.276	0.23066666666666666	0.208	0.184	0.15266666666666667	0.13866666666666666	0.13466666666666666	0.10933333333333334	0.078	0.08133333333333333	0.074	0.05733333333333333	0.04	0.04066666666666666	0.026	0.02	0.02266666666666667	0.010666666666666666	0.011333333333333334	0.008666666666666666	0.006	0.002	0.002	0.0	0.0	0.0	0.0	0.0	0.0	0.0	0.0	0.0	0.0	0.0	0.0	0.0	0.0	0.0	0.0	0.0	0.0	0.0	0.0	0.0	0.0	0.0	0.0	0.0	0.0	0.0	0.0	0.0	0.0	0.0	0.0	0.0	0.0	0.0	0.0	0.0	0.0	0.0	0.0	0.0	0.0	0.0	0.0	0.0	0.0	0.0	0.0	0.0	0.0	
2.95	2.852	2.6066666666666665	2.534	2.2693333333333334	2.1546666666666665	1.982	1.838	1.7486666666666666	1.5813333333333333	1.4606666666666666	1.3286666666666667	1.272	1.0446666666666666	1.02	0.9273333333333333	0.8206666666666667	0.7013333333333334	0.7053333333333334	0.568	0.548	0.45466666666666666	0.44666666666666666	0.3993333333333333	0.346	0.292	0.292	0.24933333333333332	0.21733333333333332	0.2	0.16933333333333334	0.146	0.12266666666666666	0.098	0.07933333333333334	0.092	0.058666666666666666	0.058666666666666666	0.03933333333333333	0.03866666666666667	0.030666666666666665	0.034	0.018	0.018	0.01	0.009333333333333334	0.004	0.0033333333333333335	0.0006666666666666666	0.0006666666666666666	0.0	0.0	0.0	0.0	0.0	0.0	0.0	0.0	0.0	0.0	0.0	0.0	0.0	0.0	0.0	0.0	0.0	0.0	0.0	0.0	0.0	0.0	0.0	0.0	0.0	0.0	0.0	0.0	0.0	0.0	0.0	0.0	0.0	0.0	0.0	0.0	0.0	0.0	0.0	0.0	0.0	0.0	0.0	0.0	0.0	0.0	0.0	0.0	0.0	
2.8906666666666667	2.866	2.554666666666667	2.5453333333333332	2.2733333333333334	2.22	1.9993333333333334	1.8913333333333333	1.75	1.6193333333333333	1.5126666666666666	1.3466666666666667	1.2393333333333334	1.0826666666666667	1.0553333333333332	0.8626666666666667	0.8666666666666667	0.718	0.6486666666666666	0.5753333333333334	0.564	0.46266666666666667	0.43266666666666664	0.35	0.36133333333333334	0.3233333333333333	0.2846666666666667	0.268	0.23933333333333334	0.20466666666666666	0.17733333333333334	0.13533333333333333	0.13666666666666666	0.10466666666666667	0.106	0.10333333333333333	0.06333333333333334	0.05333333333333334	0.04533333333333334	0.037333333333333336	0.034	0.028666666666666667	0.025333333333333333	0.012	0.010666666666666666	0.007333333333333333	0.002	0.004666666666666667	0.0013333333333333333	0.0	0.0	0.0	0.0	0.0	0.0	0.0	0.0	0.0	0.0	0.0	0.0	0.0	0.0	0.0	0.0	0.0	0.0	0.0	0.0	0.0	0.0	0.0	0.0	0.0	0.0	0.0	0.0	0.0	0.0	0.0	0.0	0.0	0.0	0.0	0.0	0.0	0.0	0.0	0.0	0.0	0.0	0.0	0.0	0.0	0.0	0.0	0.0	0.0	0.0	
2.993333333333333	2.84	2.6326666666666667	2.502	2.287333333333333	2.178	2.0913333333333335	1.8646666666666667	1.7353333333333334	1.5713333333333332	1.4626666666666666	1.248	1.268	1.068	0.9953333333333333	0.9046666666666666	0.8106666666666666	0.7046666666666667	0.6893333333333334	0.5946666666666667	0.5613333333333334	0.4786666666666667	0.42933333333333334	0.394	0.3373333333333333	0.312	0.26866666666666666	0.24333333333333335	0.21933333333333332	0.19733333333333333	0.18466666666666667	0.14	0.11066666666666666	0.09533333333333334	0.082	0.08533333333333333	0.06266666666666666	0.06	0.04533333333333334	0.03666666666666667	0.03333333333333333	0.023333333333333334	0.015333333333333332	0.014666666666666666	0.008	0.007333333333333333	0.002	0.0013333333333333333	0.0033333333333333335	0.0	0.0	0.0	0.0	0.0	0.0	0.0	0.0	0.0	0.0	0.0	0.0	0.0	0.0	0.0	0.0	0.0	0.0	0.0	0.0	0.0	0.0	0.0	0.0	0.0	0.0	0.0	0.0	0.0	0.0	0.0	0.0	0.0	0.0	0.0	0.0	0.0	0.0	0.0	0.0	0.0	0.0	0.0	0.0	0.0	0.0	0.0	0.0	0.0	0.0	
2.894	2.7453333333333334	2.5973333333333333	2.517333333333333	2.259333333333333	2.132	1.9633333333333334	1.9	1.7386666666666666	1.5953333333333333	1.4926666666666666	1.34	1.2433333333333334	1.0786666666666667	0.974	0.862	0.8086666666666666	0.656	0.668	0.5553333333333333	0.548	0.49933333333333335	0.41933333333333334	0.37	0.33066666666666666	0.30533333333333335	0.26	0.234	0.22133333333333333	0.17733333333333334	0.16866666666666666	0.15266666666666667	0.14266666666666666	0.116	0.09333333333333334	0.07066666666666667	0.05733333333333333	0.06133333333333333	0.04066666666666666	0.04	0.028	0.025333333333333333	0.011333333333333334	0.016666666666666666	0.012	0.013333333333333334	0.0033333333333333335	0.004666666666666667	0.0013333333333333333	0.0006666666666666666	0.0	0.0	0.0	0.0	0.0	0.0	0.0	0.0	0.0	0.0	0.0	0.0	0.0	0.0	0.0	0.0	0.0	0.0	0.0	0.0	0.0	0.0	0.0	0.0	0.0	0.0	0.0	0.0	0.0	0.0	0.0	0.0	0.0	0.0	0.0	0.0	0.0	0.0	0.0	0.0	0.0	0.0	0.0	0.0	0.0	0.0	0.0	0.0	0.0	
2.9206666666666665	2.8726666666666665	2.6113333333333335	2.529333333333333	2.282	2.19	1.9813333333333334	1.824	1.7273333333333334	1.626	1.4746666666666666	1.274	1.218	1.106	0.986	0.83	0.806	0.7106666666666667	0.692	0.5573333333333333	0.5566666666666666	0.49466666666666664	0.438	0.372	0.33866666666666667	0.31866666666666665	0.2653333333333333	0.22533333333333333	0.20533333333333334	0.18533333333333332	0.16866666666666666	0.13333333333333333	0.12066666666666667	0.12133333333333333	0.09866666666666667	0.07733333333333334	0.05733333333333333	0.062	0.04933333333333333	0.04066666666666666	0.026	0.02666666666666667	0.014666666666666666	0.013333333333333334	0.007333333333333333	0.006666666666666667	0.004666666666666667	0.0006666666666666666	0.0013333333333333333	0.0006666666666666666	0.0	0.0	0.0	0.0	0.0	0.0	0.0	0.0	0.0	0.0	0.0	0.0	0.0	0.0	0.0	0.0	0.0	0.0	0.0	0.0	0.0	0.0	0.0	0.0	0.0	0.0	0.0	0.0	0.0	0.0	0.0	0.0	0.0	0.0	0.0	0.0	0.0	0.0	0.0	0.0	0.0	0.0	0.0	0.0	0.0	0.0	0.0	0.0	0.0	
2.9	2.7826666666666666	2.5946666666666665	2.368	2.2826666666666666	2.1493333333333333	1.966	1.8386666666666667	1.7313333333333334	1.5453333333333332	1.488	1.2793333333333334	1.2446666666666666	1.0733333333333333	1.0226666666666666	0.888	0.8486666666666667	0.684	0.72	0.5933333333333334	0.548	0.43533333333333335	0.43066666666666664	0.3506666666666667	0.3486666666666667	0.29	0.292	0.22466666666666665	0.222	0.196	0.14266666666666666	0.154	0.13733333333333334	0.096	0.094	0.09266666666666666	0.05466666666666667	0.05466666666666667	0.051333333333333335	0.043333333333333335	0.03133333333333333	0.025333333333333333	0.018666666666666668	0.013333333333333334	0.006666666666666667	0.0033333333333333335	0.004666666666666667	0.0026666666666666666	0.0013333333333333333	0.002	0.0	0.0	0.0	0.0	0.0	0.0	0.0	0.0	0.0	0.0	0.0	0.0	0.0	0.0	0.0	0.0	0.0	0.0	0.0	0.0	0.0	0.0	0.0	0.0	0.0	0.0	0.0	0.0	0.0	0.0	0.0	0.0	0.0	0.0	0.0	0.0	0.0	0.0	0.0	0.0	0.0	0.0	0.0	0.0	0.0	0.0	0.0	0.0	0.0	
2.9513333333333334	2.844	2.5233333333333334	2.5486666666666666	2.3226666666666667	2.2006666666666668	1.9726666666666666	1.9693333333333334	1.6666666666666667	1.5893333333333333	1.4726666666666666	1.3613333333333333	1.2073333333333334	1.09	1.0226666666666666	0.868	0.8293333333333334	0.6746666666666666	0.676	0.5726666666666667	0.568	0.43733333333333335	0.476	0.3586666666666667	0.35533333333333333	0.30466666666666664	0.2753333333333333	0.22733333333333333	0.22266666666666668	0.17466666666666666	0.176	0.12866666666666668	0.12733333333333333	0.11333333333333333	0.09266666666666666	0.08066666666666666	0.07	0.06	0.046	0.051333333333333335	0.03266666666666666	0.025333333333333333	0.012	0.010666666666666666	0.010666666666666666	0.01	0.004	0.0006666666666666666	0.0	0.0	0.0	0.0	0.0	0.0	0.0	0.0	0.0	0.0	0.0	0.0	0.0	0.0	0.0	0.0	0.0	0.0	0.0	0.0	0.0	0.0	0.0	0.0	0.0	0.0	0.0	0.0	0.0	0.0	0.0	0.0	0.0	0.0	0.0	0.0	0.0	0.0	0.0	0.0	0.0	0.0	0.0	0.0	0.0	0.0	0.0	0.0	0.0	0.0	0.0	
2.8993333333333333	2.736	2.478	2.4433333333333334	2.2386666666666666	2.1633333333333336	2.0073333333333334	1.87	1.7426666666666666	1.612	1.468	1.3446666666666667	1.2493333333333334	1.1046666666666667	1.0426666666666666	0.8273333333333334	0.8553333333333333	0.688	0.6566666666666666	0.6166666666666667	0.5753333333333334	0.47	0.4126666666666667	0.37333333333333335	0.33666666666666667	0.30266666666666664	0.284	0.24733333333333332	0.22533333333333333	0.19533333333333333	0.15333333333333332	0.158	0.13066666666666665	0.09466666666666666	0.09266666666666666	0.086	0.06	0.06133333333333333	0.05466666666666667	0.04	0.029333333333333333	0.023333333333333334	0.015333333333333332	0.020666666666666667	0.017333333333333333	0.01	0.004	0.004	0.002	0.0013333333333333333	0.0	0.0	0.0	0.0	0.0	0.0	0.0	0.0	0.0	0.0	0.0	0.0	0.0	0.0	0.0	0.0	0.0	0.0	0.0	0.0	0.0	0.0	0.0	0.0	0.0	0.0	0.0	0.0	0.0	0.0	0.0	0.0	0.0	0.0	0.0	0.0	0.0	0.0	0.0	0.0	0.0	0.0	0.0	0.0	0.0	0.0	0.0	0.0	0.0	
2.9146666666666667	2.7813333333333334	2.572	2.4126666666666665	2.226	2.188	1.9493333333333334	1.898	1.7566666666666666	1.578	1.508	1.3033333333333332	1.202	1.0626666666666666	1.0133333333333334	0.8606666666666667	0.8586666666666667	0.7166666666666667	0.686	0.5693333333333334	0.5486666666666666	0.474	0.4513333333333333	0.35733333333333334	0.31866666666666665	0.3293333333333333	0.2926666666666667	0.24333333333333335	0.19933333333333333	0.16866666666666666	0.158	0.13666666666666666	0.12933333333333333	0.114	0.104	0.074	0.064	0.05333333333333334	0.04466666666666667	0.03866666666666667	0.02666666666666667	0.024666666666666667	0.016666666666666666	0.014666666666666666	0.010666666666666666	0.009333333333333334	0.0026666666666666666	0.002	0.002	0.0006666666666666666	0.0006666666666666666	0.0	0.0	0.0	0.0	0.0	0.0	0.0	0.0	0.0	0.0	0.0	0.0	0.0	0.0	0.0	0.0	0.0	0.0	0.0	0.0	0.0	0.0	0.0	0.0	0.0	0.0	0.0	0.0	0.0	0.0	0.0	0.0	0.0	0.0	0.0	0.0	0.0	0.0	0.0	0.0	0.0	0.0	0.0	0.0	0.0	0.0	0.0	0.0	
2.921333333333333	2.8133333333333335	2.552	2.4713333333333334	2.2186666666666666	2.1353333333333335	1.9866666666666666	1.846	1.798	1.5493333333333332	1.49	1.292	1.192	1.0446666666666666	1.0046666666666666	0.878	0.8493333333333334	0.728	0.6726666666666666	0.5773333333333334	0.5566666666666666	0.45666666666666667	0.42866666666666664	0.386	0.3506666666666667	0.29533333333333334	0.284	0.24933333333333332	0.22333333333333333	0.18866666666666668	0.16133333333333333	0.142	0.11266666666666666	0.106	0.088	0.08666666666666667	0.07466666666666667	0.062	0.04	0.034666666666666665	0.03	0.030666666666666665	0.024	0.013333333333333334	0.008666666666666666	0.006666666666666667	0.0026666666666666666	0.0026666666666666666	0.0006666666666666666	0.0	0.0006666666666666666	0.0	0.0	0.0	0.0	0.0	0.0	0.0	0.0	0.0	0.0	0.0	0.0	0.0	0.0	0.0	0.0	0.0	0.0	0.0	0.0	0.0	0.0	0.0	0.0	0.0	0.0	0.0	0.0	0.0	0.0	0.0	0.0	0.0	0.0	0.0	0.0	0.0	0.0	0.0	0.0	0.0	0.0	0.0	0.0	0.0	0.0	0.0	0.0	
2.852	2.87	2.492	2.436	2.220666666666667	2.184	1.968	1.894	1.7253333333333334	1.5326666666666666	1.53	1.296	1.2086666666666666	1.0086666666666666	1.032	0.8413333333333334	0.836	0.7366666666666667	0.7133333333333334	0.55	0.542	0.47933333333333333	0.4553333333333333	0.378	0.3466666666666667	0.3313333333333333	0.2793333333333333	0.23	0.208	0.166	0.19	0.13466666666666666	0.134	0.106	0.088	0.08333333333333333	0.068	0.04666666666666667	0.04733333333333333	0.042	0.024666666666666667	0.03	0.019333333333333334	0.012	0.009333333333333334	0.008	0.0026666666666666666	0.002	0.0	0.0013333333333333333	0.0006666666666666666	0.0	0.0	0.0	0.0	0.0	0.0	0.0	0.0	0.0	0.0	0.0	0.0	0.0	0.0	0.0	0.0	0.0	0.0	0.0	0.0	0.0	0.0	0.0	0.0	0.0	0.0	0.0	0.0	0.0	0.0	0.0	0.0	0.0	0.0	0.0	0.0	0.0	0.0	0.0	0.0	0.0	0.0	0.0	0.0	0.0	0.0	0.0	0.0	
2.852	2.8186666666666667	2.584	2.461333333333333	2.260666666666667	2.203333333333333	2.056	1.8046666666666666	1.7653333333333334	1.5526666666666666	1.4633333333333334	1.2813333333333334	1.2253333333333334	1.0673333333333332	1.038	0.8613333333333333	0.8266666666666667	0.706	0.6693333333333333	0.556	0.5306666666666666	0.46266666666666667	0.43066666666666664	0.35333333333333333	0.32466666666666666	0.304	0.28	0.23	0.218	0.17333333333333334	0.16133333333333333	0.146	0.12066666666666667	0.108	0.09733333333333333	0.08333333333333333	0.07133333333333333	0.05733333333333333	0.052	0.044	0.030666666666666665	0.022	0.018	0.014666666666666666	0.008666666666666666	0.008666666666666666	0.0033333333333333335	0.004666666666666667	0.0013333333333333333	0.0	0.0006666666666666666	0.0	0.0	0.0	0.0	0.0	0.0	0.0	0.0	0.0	0.0	0.0	0.0	0.0	0.0	0.0	0.0	0.0	0.0	0.0	0.0	0.0	0.0	0.0	0.0	0.0	0.0	0.0	0.0	0.0	0.0	0.0	0.0	0.0	0.0	0.0	0.0	0.0	0.0	0.0	0.0	0.0	0.0	0.0	0.0	0.0	0.0	0.0	0.0	
2.996	2.780666666666667	2.562666666666667	2.4566666666666666	2.2893333333333334	2.1326666666666667	1.9766666666666666	1.8313333333333333	1.7486666666666666	1.68	1.5013333333333334	1.3146666666666667	1.278	1.0173333333333334	1.0006666666666666	0.878	0.7913333333333333	0.676	0.694	0.5773333333333334	0.552	0.4886666666666667	0.426	0.3466666666666667	0.35933333333333334	0.2946666666666667	0.2673333333333333	0.23133333333333334	0.22466666666666665	0.21866666666666668	0.16	0.16	0.136	0.09466666666666666	0.08466666666666667	0.07266666666666667	0.05533333333333333	0.06	0.04133333333333333	0.03866666666666667	0.03666666666666667	0.020666666666666667	0.020666666666666667	0.016	0.007333333333333333	0.005333333333333333	0.005333333333333333	0.0033333333333333335	0.0013333333333333333	0.0	0.0	0.0	0.0	0.0	0.0	0.0	0.0	0.0	0.0	0.0	0.0	0.0	0.0	0.0	0.0	0.0	0.0	0.0	0.0	0.0	0.0	0.0	0.0	0.0	0.0	0.0	0.0	0.0	0.0	0.0	0.0	0.0	0.0	0.0	0.0	0.0	0.0	0.0	0.0	0.0	0.0	0.0	0.0	0.0	0.0	0.0	0.0	0.0	0.0	
2.91	2.938	2.588	2.4326666666666665	2.320666666666667	2.1786666666666665	1.9933333333333334	1.9046666666666667	1.7413333333333334	1.5853333333333333	1.3946666666666667	1.282	1.1753333333333333	1.0933333333333333	0.98	0.8513333333333334	0.7946666666666666	0.6773333333333333	0.6613333333333333	0.5666666666666667	0.5726666666666667	0.45866666666666667	0.444	0.392	0.3453333333333333	0.29133333333333333	0.26	0.22733333333333333	0.23066666666666666	0.19133333333333333	0.16866666666666666	0.12933333333333333	0.14266666666666666	0.104	0.09266666666666666	0.078	0.06466666666666666	0.06466666666666666	0.04466666666666667	0.04	0.024	0.025333333333333333	0.018	0.018666666666666668	0.011333333333333334	0.010666666666666666	0.004	0.002	0.0006666666666666666	0.0	0.0	0.0	0.0	0.0	0.0	0.0	0.0	0.0	0.0	0.0	0.0	0.0	0.0	0.0	0.0	0.0	0.0	0.0	0.0	0.0	0.0	0.0	0.0	0.0	0.0	0.0	0.0	0.0	0.0	0.0	0.0	0.0	0.0	0.0	0.0	0.0	0.0	0.0	0.0	0.0	0.0	0.0	0.0	0.0	0.0	0.0	0.0	0.0	0.0	
2.9353333333333333	2.798	2.5646666666666667	2.4606666666666666	2.2933333333333334	2.192	1.984	1.8673333333333333	1.722	1.566	1.5233333333333334	1.3126666666666666	1.296	1.026	0.9806666666666667	0.864	0.8166666666666667	0.7206666666666667	0.6673333333333333	0.5986666666666667	0.5446666666666666	0.4613333333333333	0.43466666666666665	0.3606666666666667	0.3473333333333333	0.30866666666666664	0.27066666666666667	0.22666666666666666	0.20666666666666667	0.19333333333333333	0.18066666666666667	0.15866666666666668	0.13733333333333334	0.11133333333333334	0.098	0.09	0.05733333333333333	0.056666666666666664	0.04	0.04133333333333333	0.024	0.03333333333333333	0.021333333333333333	0.018	0.012	0.008	0.004	0.0033333333333333335	0.0006666666666666666	0.0	0.0	0.0	0.0	0.0	0.0	0.0	0.0	0.0	0.0	0.0	0.0	0.0	0.0	0.0	0.0	0.0	0.0	0.0	0.0	0.0	0.0	0.0	0.0	0.0	0.0	0.0	0.0	0.0	0.0	0.0	0.0	0.0	0.0	0.0	0.0	0.0	0.0	0.0	0.0	0.0	0.0	0.0	0.0	0.0	0.0	0.0	0.0	0.0	0.0	
2.8506666666666667	2.804666666666667	2.504	2.466	2.2333333333333334	2.1353333333333335	1.91	1.8973333333333333	1.7233333333333334	1.5693333333333332	1.5086666666666666	1.3093333333333332	1.2473333333333334	1.076	0.972	0.8433333333333334	0.818	0.6866666666666666	0.6206666666666667	0.5826666666666667	0.5153333333333333	0.454	0.398	0.36133333333333334	0.372	0.30733333333333335	0.286	0.25733333333333336	0.23533333333333334	0.198	0.17533333333333334	0.15133333333333332	0.11533333333333333	0.118	0.09133333333333334	0.08533333333333333	0.062	0.056	0.05466666666666667	0.026	0.028666666666666667	0.027333333333333334	0.014	0.017333333333333333	0.009333333333333334	0.011333333333333334	0.006666666666666667	0.0033333333333333335	0.0013333333333333333	0.0013333333333333333	0.0	0.0	0.0	0.0	0.0	0.0	0.0	0.0	0.0	0.0	0.0	0.0	0.0	0.0	0.0	0.0	0.0	0.0	0.0	0.0	0.0	0.0	0.0	0.0	0.0	0.0	0.0	0.0	0.0	0.0	0.0	0.0	0.0	0.0	0.0	0.0	0.0	0.0	0.0	0.0	0.0	0.0	0.0	0.0	0.0	0.0	0.0	0.0	0.0	
2.8993333333333333	2.779333333333333	2.656	2.3926666666666665	2.232	2.13	2.018	1.87	1.732	1.6246666666666667	1.3866666666666667	1.3186666666666667	1.258	1.0566666666666666	0.9293333333333333	0.8926666666666667	0.8233333333333334	0.686	0.6986666666666667	0.6113333333333333	0.548	0.49266666666666664	0.43333333333333335	0.38466666666666666	0.33266666666666667	0.2826666666666667	0.278	0.23266666666666666	0.22133333333333333	0.186	0.15533333333333332	0.12666666666666668	0.11866666666666667	0.10466666666666667	0.094	0.07866666666666666	0.06333333333333334	0.06466666666666666	0.04733333333333333	0.042	0.030666666666666665	0.03	0.015333333333333332	0.014	0.004	0.004666666666666667	0.0033333333333333335	0.005333333333333333	0.0013333333333333333	0.0006666666666666666	0.0	0.0	0.0	0.0	0.0	0.0	0.0	0.0	0.0	0.0	0.0	0.0	0.0	0.0	0.0	0.0	0.0	0.0	0.0	0.0	0.0	0.0	0.0	0.0	0.0	0.0	0.0	0.0	0.0	0.0	0.0	0.0	0.0	0.0	0.0	0.0	0.0	0.0	0.0	0.0	0.0	0.0	0.0	0.0	0.0	0.0	0.0	0.0	0.0	
2.97	2.7973333333333334	2.5406666666666666	2.5473333333333334	2.2253333333333334	2.1986666666666665	1.9366666666666668	1.9066666666666667	1.7126666666666666	1.5766666666666667	1.408	1.2826666666666666	1.1966666666666668	1.1073333333333333	0.9933333333333333	0.8786666666666667	0.7986666666666666	0.7233333333333334	0.656	0.568	0.5706666666666667	0.4646666666666667	0.44066666666666665	0.38333333333333336	0.316	0.2806666666666667	0.26	0.23066666666666666	0.21333333333333335	0.212	0.17266666666666666	0.154	0.136	0.106	0.07866666666666666	0.07866666666666666	0.06066666666666667	0.06266666666666666	0.048	0.042666666666666665	0.029333333333333333	0.024666666666666667	0.01	0.019333333333333334	0.01	0.008666666666666666	0.004	0.004666666666666667	0.0006666666666666666	0.0026666666666666666	0.0	0.0	0.0	0.0	0.0	0.0	0.0	0.0	0.0	0.0	0.0	0.0	0.0	0.0	0.0	0.0	0.0	0.0	0.0	0.0	0.0	0.0	0.0	0.0	0.0	0.0	0.0	0.0	0.0	0.0	0.0	0.0	0.0	0.0	0.0	0.0	0.0	0.0	0.0	0.0	0.0	0.0	0.0	0.0	0.0	0.0	0.0	0.0	0.0	
2.8926666666666665	2.828	2.54	2.4446666666666665	2.2426666666666666	2.1373333333333333	1.988	1.8373333333333333	1.7033333333333334	1.6406666666666667	1.424	1.2713333333333334	1.2233333333333334	1.0793333333333333	0.998	0.8733333333333333	0.8133333333333334	0.6806666666666666	0.7073333333333334	0.5753333333333334	0.538	0.456	0.4266666666666667	0.3433333333333333	0.35133333333333333	0.294	0.26666666666666666	0.23666666666666666	0.186	0.182	0.16933333333333334	0.14466666666666667	0.11	0.122	0.10066666666666667	0.08866666666666667	0.07066666666666667	0.064	0.046	0.036	0.030666666666666665	0.03933333333333333	0.020666666666666667	0.010666666666666666	0.018	0.007333333333333333	0.004	0.002	0.002	0.0	0.0	0.0	0.0	0.0	0.0	0.0	0.0	0.0	0.0	0.0	0.0	0.0	0.0	0.0	0.0	0.0	0.0	0.0	0.0	0.0	0.0	0.0	0.0	0.0	0.0	0.0	0.0	0.0	0.0	0.0	0.0	0.0	0.0	0.0	0.0	0.0	0.0	0.0	0.0	0.0	0.0	0.0	0.0	0.0	0.0	0.0	0.0	0.0	0.0	
2.937333333333333	2.8686666666666665	2.525333333333333	2.4886666666666666	2.2253333333333334	2.1846666666666668	2.0033333333333334	1.8126666666666666	1.7613333333333334	1.6253333333333333	1.48	1.2506666666666666	1.2333333333333334	1.0226666666666666	0.988	0.858	0.792	0.704	0.6753333333333333	0.6026666666666667	0.5466666666666666	0.45266666666666666	0.448	0.37533333333333335	0.33266666666666667	0.2906666666666667	0.252	0.23466666666666666	0.20666666666666667	0.188	0.15933333333333333	0.13666666666666666	0.114	0.11533333333333333	0.10533333333333333	0.07933333333333334	0.07133333333333333	0.066	0.05333333333333334	0.03933333333333333	0.02	0.016666666666666666	0.023333333333333334	0.014	0.012	0.004666666666666667	0.004666666666666667	0.0013333333333333333	0.0006666666666666666	0.0006666666666666666	0.0	0.0	0.0	0.0	0.0	0.0	0.0	0.0	0.0	0.0	0.0	0.0	0.0	0.0	0.0	0.0	0.0	0.0	0.0	0.0	0.0	0.0	0.0	0.0	0.0	0.0	0.0	0.0	0.0	0.0	0.0	0.0	0.0	0.0	0.0	0.0	0.0	0.0	0.0	0.0	0.0	0.0	0.0	0.0	0.0	0.0	0.0	0.0	0.0	
2.97	2.816	2.526666666666667	2.461333333333333	2.2653333333333334	2.1806666666666668	1.9793333333333334	1.8173333333333332	1.6813333333333333	1.5453333333333332	1.4026666666666667	1.3353333333333333	1.21	1.044	1.0026666666666666	0.8273333333333334	0.824	0.6953333333333334	0.662	0.576	0.576	0.44	0.446	0.39	0.338	0.30733333333333335	0.266	0.22733333333333333	0.20266666666666666	0.178	0.146	0.14266666666666666	0.13666666666666666	0.108	0.09733333333333333	0.08266666666666667	0.06466666666666666	0.05333333333333334	0.044	0.03666666666666667	0.03333333333333333	0.026	0.014666666666666666	0.018666666666666668	0.01	0.006666666666666667	0.004	0.002	0.002	0.0013333333333333333	0.0	0.0	0.0	0.0	0.0	0.0	0.0	0.0	0.0	0.0	0.0	0.0	0.0	0.0	0.0	0.0	0.0	0.0	0.0	0.0	0.0	0.0	0.0	0.0	0.0	0.0	0.0	0.0	0.0	0.0	0.0	0.0	0.0	0.0	0.0	0.0	0.0	0.0	0.0	0.0	0.0	0.0	0.0	0.0	0.0	0.0	0.0	0.0	0.0	
2.933333333333333	2.8066666666666666	2.5286666666666666	2.4306666666666668	2.276666666666667	2.1086666666666667	1.9806666666666666	1.876	1.714	1.598	1.4433333333333334	1.2826666666666666	1.264	1.0673333333333332	1.0273333333333334	0.9073333333333333	0.846	0.6986666666666667	0.6666666666666666	0.5653333333333334	0.5453333333333333	0.45266666666666666	0.43	0.35933333333333334	0.3313333333333333	0.30333333333333334	0.2826666666666667	0.242	0.212	0.176	0.15266666666666667	0.13133333333333333	0.12	0.11666666666666667	0.084	0.07466666666666667	0.06666666666666667	0.04466666666666667	0.03266666666666666	0.038	0.038	0.02266666666666667	0.02	0.015333333333333332	0.010666666666666666	0.008666666666666666	0.0026666666666666666	0.0013333333333333333	0.0026666666666666666	0.0	0.0006666666666666666	0.0	0.0	0.0	0.0	0.0	0.0	0.0	0.0	0.0	0.0	0.0	0.0	0.0	0.0	0.0	0.0	0.0	0.0	0.0	0.0	0.0	0.0	0.0	0.0	0.0	0.0	0.0	0.0	0.0	0.0	0.0	0.0	0.0	0.0	0.0	0.0	0.0	0.0	0.0	0.0	0.0	0.0	0.0	0.0	0.0	0.0	0.0	0.0	
2.8866666666666667	2.7533333333333334	2.497333333333333	2.4246666666666665	2.2006666666666668	2.1733333333333333	1.994	1.832	1.736	1.582	1.4726666666666666	1.3273333333333333	1.268	1.0313333333333334	1.0106666666666666	0.888	0.8066666666666666	0.718	0.6413333333333333	0.5566666666666666	0.5466666666666666	0.4673333333333333	0.41933333333333334	0.36333333333333334	0.35133333333333333	0.27466666666666667	0.26666666666666666	0.22	0.20466666666666666	0.15933333333333333	0.16133333333333333	0.12933333333333333	0.13066666666666665	0.124	0.082	0.07266666666666667	0.07333333333333333	0.05533333333333333	0.043333333333333335	0.04066666666666666	0.03333333333333333	0.02266666666666667	0.021333333333333333	0.016	0.01	0.004666666666666667	0.0033333333333333335	0.0026666666666666666	0.0006666666666666666	0.0006666666666666666	0.0	0.0	0.0	0.0	0.0	0.0	0.0	0.0	0.0	0.0	0.0	0.0	0.0	0.0	0.0	0.0	0.0	0.0	0.0	0.0	0.0	0.0	0.0	0.0	0.0	0.0	0.0	0.0	0.0	0.0	0.0	0.0	0.0	0.0	0.0	0.0	0.0	0.0	0.0	0.0	0.0	0.0	0.0	0.0	0.0	0.0	0.0	0.0	0.0	
2.9033333333333333	2.79	2.6106666666666665	2.4506666666666668	2.246	2.1566666666666667	1.928	1.9086666666666667	1.7413333333333334	1.5653333333333332	1.498	1.3406666666666667	1.2553333333333334	1.0553333333333332	0.9953333333333333	0.8813333333333333	0.7966666666666666	0.6666666666666666	0.674	0.5586666666666666	0.538	0.44533333333333336	0.416	0.37533333333333335	0.32	0.304	0.288	0.228	0.206	0.17	0.13533333333333333	0.14266666666666666	0.116	0.11066666666666666	0.098	0.076	0.059333333333333335	0.058666666666666666	0.042	0.04133333333333333	0.03333333333333333	0.025333333333333333	0.022	0.008	0.007333333333333333	0.007333333333333333	0.002	0.005333333333333333	0.0006666666666666666	0.0006666666666666666	0.0	0.0	0.0	0.0	0.0	0.0	0.0	0.0	0.0	0.0	0.0	0.0	0.0	0.0	0.0	0.0	0.0	0.0	0.0	0.0	0.0	0.0	0.0	0.0	0.0	0.0	0.0	0.0	0.0	0.0	0.0	0.0	0.0	0.0	0.0	0.0	0.0	0.0	0.0	0.0	0.0	0.0	0.0	0.0	0.0	0.0	0.0	0.0	0.0	
2.9313333333333333	2.794	2.4766666666666666	2.4593333333333334	2.236	2.1586666666666665	1.9813333333333334	1.87	1.7206666666666666	1.5666666666666667	1.462	1.3673333333333333	1.2513333333333334	1.0406666666666666	1.0266666666666666	0.8933333333333333	0.82	0.6753333333333333	0.6286666666666667	0.598	0.5406666666666666	0.4653333333333333	0.45	0.38333333333333336	0.332	0.292	0.2833333333333333	0.25733333333333336	0.218	0.174	0.176	0.13466666666666666	0.11533333333333333	0.09333333333333334	0.08733333333333333	0.07066666666666667	0.06666666666666667	0.050666666666666665	0.04933333333333333	0.03666666666666667	0.028666666666666667	0.028666666666666667	0.019333333333333334	0.009333333333333334	0.005333333333333333	0.007333333333333333	0.0026666666666666666	0.0013333333333333333	0.0013333333333333333	0.0	0.0	0.0	0.0	0.0	0.0	0.0	0.0	0.0	0.0	0.0	0.0	0.0	0.0	0.0	0.0	0.0	0.0	0.0	0.0	0.0	0.0	0.0	0.0	0.0	0.0	0.0	0.0	0.0	0.0	0.0	0.0	0.0	0.0	0.0	0.0	0.0	0.0	0.0	0.0	0.0	0.0	0.0	0.0	0.0	0.0	0.0	0.0	0.0	0.0	
2.8726666666666665	2.7986666666666666	2.5353333333333334	2.477333333333333	2.29	2.16	1.9046666666666667	1.8506666666666667	1.7113333333333334	1.5573333333333332	1.4906666666666666	1.244	1.216	1.0573333333333332	0.9893333333333333	0.8313333333333334	0.7906666666666666	0.7306666666666667	0.6573333333333333	0.5446666666666666	0.5393333333333333	0.4726666666666667	0.4493333333333333	0.364	0.344	0.31866666666666665	0.284	0.23533333333333334	0.216	0.19333333333333333	0.166	0.13866666666666666	0.10066666666666667	0.10866666666666666	0.08866666666666667	0.072	0.062	0.06133333333333333	0.042666666666666665	0.050666666666666665	0.029333333333333333	0.028	0.016	0.016666666666666666	0.006	0.007333333333333333	0.005333333333333333	0.002	0.0	0.0013333333333333333	0.0	0.0	0.0	0.0	0.0	0.0	0.0	0.0	0.0	0.0	0.0	0.0	0.0	0.0	0.0	0.0	0.0	0.0	0.0	0.0	0.0	0.0	0.0	0.0	0.0	0.0	0.0	0.0	0.0	0.0	0.0	0.0	0.0	0.0	0.0	0.0	0.0	0.0	0.0	0.0	0.0	0.0	0.0	0.0	0.0	0.0	0.0	0.0	0.0	
2.8633333333333333	2.752	2.529333333333333	2.4513333333333334	2.1853333333333333	2.1513333333333335	1.944	1.9233333333333333	1.726	1.5653333333333332	1.418	1.324	1.26	1.0573333333333332	0.9526666666666667	0.8546666666666667	0.88	0.6753333333333333	0.6846666666666666	0.5206666666666667	0.5266666666666666	0.4646666666666667	0.46266666666666667	0.36733333333333335	0.336	0.296	0.28733333333333333	0.236	0.21866666666666668	0.158	0.15733333333333333	0.13733333333333334	0.132	0.10733333333333334	0.086	0.08666666666666667	0.06466666666666666	0.068	0.05	0.042	0.025333333333333333	0.02266666666666667	0.015333333333333332	0.018666666666666668	0.004	0.006666666666666667	0.0033333333333333335	0.0026666666666666666	0.0006666666666666666	0.0	0.0	0.0	0.0	0.0	0.0	0.0	0.0	0.0	0.0	0.0	0.0	0.0	0.0	0.0	0.0	0.0	0.0	0.0	0.0	0.0	0.0	0.0	0.0	0.0	0.0	0.0	0.0	0.0	0.0	0.0	0.0	0.0	0.0	0.0	0.0	0.0	0.0	0.0	0.0	0.0	0.0	0.0	0.0	0.0	0.0	0.0	0.0	0.0	0.0	
2.8893333333333335	2.743333333333333	2.4953333333333334	2.4446666666666665	2.2373333333333334	2.1333333333333333	1.9266666666666667	1.834	1.734	1.5526666666666666	1.514	1.3446666666666667	1.1946666666666668	1.0466666666666666	0.988	0.8286666666666667	0.79	0.6926666666666667	0.6513333333333333	0.5746666666666667	0.528	0.474	0.43266666666666664	0.37933333333333336	0.31333333333333335	0.286	0.2946666666666667	0.23066666666666666	0.21133333333333335	0.18333333333333332	0.16866666666666666	0.13066666666666665	0.11666666666666667	0.1	0.084	0.08333333333333333	0.07266666666666667	0.05266666666666667	0.03933333333333333	0.048666666666666664	0.03333333333333333	0.023333333333333334	0.02266666666666667	0.012	0.011333333333333334	0.009333333333333334	0.0026666666666666666	0.0033333333333333335	0.0013333333333333333	0.0013333333333333333	0.0	0.0	0.0	0.0	0.0	0.0	0.0	0.0	0.0	0.0	0.0	0.0	0.0	0.0	0.0	0.0	0.0	0.0	0.0	0.0	0.0	0.0	0.0	0.0	0.0	0.0	0.0	0.0	0.0	0.0	0.0	0.0	0.0	0.0	0.0	0.0	0.0	0.0	0.0	0.0	0.0	0.0	0.0	0.0	0.0	0.0	0.0	0.0	0.0	
2.9093333333333335	2.917333333333333	2.6066666666666665	2.4473333333333334	2.255333333333333	2.171333333333333	1.9693333333333334	1.8086666666666666	1.7113333333333334	1.5793333333333333	1.502	1.2826666666666666	1.208	1.076	0.986	0.842	0.8026666666666666	0.6906666666666667	0.6613333333333333	0.562	0.54	0.4593333333333333	0.42733333333333334	0.3353333333333333	0.3353333333333333	0.30466666666666664	0.27266666666666667	0.23733333333333334	0.20466666666666666	0.19466666666666665	0.17466666666666666	0.14466666666666667	0.12	0.11133333333333334	0.09466666666666666	0.064	0.064	0.058	0.048	0.03	0.034666666666666665	0.020666666666666667	0.014666666666666666	0.012666666666666666	0.006666666666666667	0.011333333333333334	0.002	0.0026666666666666666	0.002	0.0	0.0	0.0	0.0	0.0	0.0	0.0	0.0	0.0	0.0	0.0	0.0	0.0	0.0	0.0	0.0	0.0	0.0	0.0	0.0	0.0	0.0	0.0	0.0	0.0	0.0	0.0	0.0	0.0	0.0	0.0	0.0	0.0	0.0	0.0	0.0	0.0	0.0	0.0	0.0	0.0	0.0	0.0	0.0	0.0	0.0	0.0	0.0	0.0	0.0	
2.8606666666666665	2.7946666666666666	2.566666666666667	2.470666666666667	2.246	2.1246666666666667	2.0073333333333334	1.8206666666666667	1.7153333333333334	1.5266666666666666	1.4893333333333334	1.278	1.2053333333333334	1.1	0.9773333333333334	0.8453333333333334	0.8053333333333333	0.6753333333333333	0.6753333333333333	0.5393333333333333	0.5466666666666666	0.45866666666666667	0.45266666666666666	0.386	0.3393333333333333	0.276	0.258	0.21533333333333332	0.20866666666666667	0.18333333333333332	0.162	0.138	0.11466666666666667	0.122	0.08866666666666667	0.07733333333333334	0.07066666666666667	0.06066666666666667	0.048	0.03666666666666667	0.03266666666666666	0.025333333333333333	0.017333333333333333	0.018666666666666668	0.009333333333333334	0.0026666666666666666	0.0033333333333333335	0.0013333333333333333	0.0006666666666666666	0.0	0.0	0.0	0.0	0.0	0.0	0.0	0.0	0.0	0.0	0.0	0.0	0.0	0.0	0.0	0.0	0.0	0.0	0.0	0.0	0.0	0.0	0.0	0.0	0.0	0.0	0.0	0.0	0.0	0.0	0.0	0.0	0.0	0.0	0.0	0.0	0.0	0.0	0.0	0.0	0.0	0.0	0.0	0.0	0.0	0.0	0.0	0.0	0.0	0.0	
2.8446666666666665	2.759333333333333	2.482	2.465333333333333	2.296666666666667	2.1506666666666665	1.9526666666666668	1.8326666666666667	1.6406666666666667	1.576	1.4393333333333334	1.2913333333333334	1.246	1.06	1.0266666666666666	0.8493333333333334	0.8333333333333334	0.6846666666666666	0.674	0.58	0.5053333333333333	0.5046666666666667	0.4553333333333333	0.37866666666666665	0.33266666666666667	0.286	0.2853333333333333	0.25533333333333336	0.20733333333333334	0.18	0.17466666666666666	0.136	0.124	0.10866666666666666	0.09133333333333334	0.07466666666666667	0.06266666666666666	0.048666666666666664	0.05533333333333333	0.03933333333333333	0.03333333333333333	0.017333333333333333	0.012	0.016	0.012	0.008	0.004666666666666667	0.004	0.0013333333333333333	0.0	0.0	0.0	0.0	0.0	0.0	0.0	0.0	0.0	0.0	0.0	0.0	0.0	0.0	0.0	0.0	0.0	0.0	0.0	0.0	0.0	0.0	0.0	0.0	0.0	0.0	0.0	0.0	0.0	0.0	0.0	0.0	0.0	0.0	0.0	0.0	0.0	0.0	0.0	0.0	0.0	0.0	0.0	0.0	0.0	0.0	0.0	0.0	0.0	0.0	
2.886	2.7613333333333334	2.529333333333333	2.4006666666666665	2.224666666666667	2.046666666666667	1.9513333333333334	1.8526666666666667	1.684	1.588	1.4273333333333333	1.2806666666666666	1.2226666666666666	1.0246666666666666	1.0113333333333334	0.8686666666666667	0.8673333333333333	0.722	0.6846666666666666	0.5633333333333334	0.5246666666666666	0.46066666666666667	0.38866666666666666	0.37866666666666665	0.34933333333333333	0.2866666666666667	0.2693333333333333	0.22866666666666666	0.20133333333333334	0.17066666666666666	0.17866666666666667	0.144	0.10066666666666667	0.114	0.08266666666666667	0.08533333333333333	0.078	0.046	0.046	0.04	0.027333333333333334	0.02666666666666667	0.018666666666666668	0.012666666666666666	0.012666666666666666	0.0033333333333333335	0.0033333333333333335	0.005333333333333333	0.0006666666666666666	0.0	0.0	0.0	0.0	0.0	0.0	0.0	0.0	0.0	0.0	0.0	0.0	0.0	0.0	0.0	0.0	0.0	0.0	0.0	0.0	0.0	0.0	0.0	0.0	0.0	0.0	0.0	0.0	0.0	0.0	0.0	0.0	0.0	0.0	0.0	0.0	0.0	0.0	0.0	0.0	0.0	0.0	0.0	0.0	0.0	0.0	0.0	0.0	0.0	0.0	
2.926	2.866	2.502666666666667	2.4753333333333334	2.234	2.1413333333333333	1.9653333333333334	1.808	1.778	1.634	1.464	1.2813333333333334	1.2106666666666666	1.0686666666666667	0.966	0.8753333333333333	0.7866666666666666	0.7	0.636	0.556	0.5486666666666666	0.464	0.41333333333333333	0.356	0.3506666666666667	0.30533333333333335	0.27666666666666667	0.23333333333333334	0.19533333333333333	0.194	0.152	0.15533333333333332	0.11733333333333333	0.10866666666666666	0.09266666666666666	0.078	0.07266666666666667	0.06133333333333333	0.04733333333333333	0.038	0.032	0.029333333333333333	0.016	0.014666666666666666	0.011333333333333334	0.005333333333333333	0.006666666666666667	0.0013333333333333333	0.0013333333333333333	0.0013333333333333333	0.0006666666666666666	0.0	0.0	0.0	0.0	0.0	0.0	0.0	0.0	0.0	0.0	0.0	0.0	0.0	0.0	0.0	0.0	0.0	0.0	0.0	0.0	0.0	0.0	0.0	0.0	0.0	0.0	0.0	0.0	0.0	0.0	0.0	0.0	0.0	0.0	0.0	0.0	0.0	0.0	0.0	0.0	0.0	0.0	0.0	0.0	0.0	0.0	0.0	0.0	
2.791333333333333	2.740666666666667	2.470666666666667	2.4466666666666668	2.142	2.16	1.956	1.8173333333333332	1.766	1.572	1.422	1.2746666666666666	1.1786666666666668	1.0686666666666667	1.0026666666666666	0.84	0.8	0.6966666666666667	0.65	0.552	0.542	0.44333333333333336	0.42866666666666664	0.382	0.3486666666666667	0.29	0.26666666666666666	0.22533333333333333	0.206	0.188	0.172	0.134	0.12866666666666668	0.10933333333333334	0.07933333333333334	0.08333333333333333	0.06533333333333333	0.06266666666666666	0.04666666666666667	0.04733333333333333	0.024666666666666667	0.02266666666666667	0.017333333333333333	0.014666666666666666	0.008666666666666666	0.007333333333333333	0.0006666666666666666	0.005333333333333333	0.0	0.0006666666666666666	0.0	0.0	0.0	0.0	0.0	0.0	0.0	0.0	0.0	0.0	0.0	0.0	0.0	0.0	0.0	0.0	0.0	0.0	0.0	0.0	0.0	0.0	0.0	0.0	0.0	0.0	0.0	0.0	0.0	0.0	0.0	0.0	0.0	0.0	0.0	0.0	0.0	0.0	0.0	0.0	0.0	0.0	0.0	0.0	0.0	0.0	0.0	0.0	0.0	
2.808666666666667	2.7733333333333334	2.474	2.477333333333333	2.203333333333333	2.1193333333333335	1.916	1.8586666666666667	1.6826666666666668	1.5526666666666666	1.4646666666666666	1.2886666666666666	1.1793333333333333	1.0506666666666666	1.0166666666666666	0.848	0.8006666666666666	0.6973333333333334	0.652	0.5846666666666667	0.5393333333333333	0.43333333333333335	0.42	0.336	0.3486666666666667	0.29733333333333334	0.294	0.242	0.22133333333333333	0.18133333333333335	0.14666666666666667	0.148	0.11666666666666667	0.098	0.088	0.08333333333333333	0.06733333333333333	0.05466666666666667	0.051333333333333335	0.03266666666666666	0.019333333333333334	0.016666666666666666	0.02	0.013333333333333334	0.013333333333333334	0.008	0.0026666666666666666	0.006	0.0013333333333333333	0.0006666666666666666	0.0	0.0	0.0	0.0	0.0	0.0	0.0	0.0	0.0	0.0	0.0	0.0	0.0	0.0	0.0	0.0	0.0	0.0	0.0	0.0	0.0	0.0	0.0	0.0	0.0	0.0	0.0	0.0	0.0	0.0	0.0	0.0	0.0	0.0	0.0	0.0	0.0	0.0	0.0	0.0	0.0	0.0	0.0	0.0	0.0	0.0	0.0	0.0	0.0	
2.9553333333333334	2.7626666666666666	2.51	2.4	2.232666666666667	2.1066666666666665	1.982	1.8446666666666667	1.6973333333333334	1.5986666666666667	1.4693333333333334	1.304	1.19	1.0153333333333334	1.0106666666666666	0.832	0.7806666666666666	0.7133333333333334	0.66	0.5553333333333333	0.5393333333333333	0.4613333333333333	0.42866666666666664	0.3473333333333333	0.3393333333333333	0.31066666666666665	0.27266666666666667	0.22066666666666668	0.20733333333333334	0.18533333333333332	0.14266666666666666	0.14	0.11133333333333334	0.12666666666666668	0.08866666666666667	0.07733333333333334	0.056666666666666664	0.06266666666666666	0.038	0.03866666666666667	0.028	0.028666666666666667	0.02	0.012	0.006	0.006	0.005333333333333333	0.0006666666666666666	0.0006666666666666666	0.0	0.0	0.0	0.0	0.0	0.0	0.0	0.0	0.0	0.0	0.0	0.0	0.0	0.0	0.0	0.0	0.0	0.0	0.0	0.0	0.0	0.0	0.0	0.0	0.0	0.0	0.0	0.0	0.0	0.0	0.0	0.0	0.0	0.0	0.0	0.0	0.0	0.0	0.0	0.0	0.0	0.0	0.0	0.0	0.0	0.0	0.0	0.0	0.0	0.0	
2.92	2.836	2.5326666666666666	2.346	2.244666666666667	2.1	1.846	1.8213333333333332	1.7126666666666666	1.5753333333333333	1.4346666666666668	1.3013333333333332	1.1846666666666668	1.0373333333333334	0.9986666666666667	0.8573333333333333	0.788	0.7293333333333333	0.65	0.5666666666666667	0.5353333333333333	0.48133333333333334	0.404	0.336	0.3486666666666667	0.314	0.2813333333333333	0.25133333333333335	0.21066666666666667	0.178	0.15133333333333332	0.15466666666666667	0.10733333333333334	0.12	0.094	0.07466666666666667	0.07933333333333334	0.06333333333333334	0.04066666666666666	0.04	0.030666666666666665	0.02266666666666667	0.021333333333333333	0.017333333333333333	0.004666666666666667	0.005333333333333333	0.006666666666666667	0.004	0.0006666666666666666	0.0	0.0006666666666666666	0.0	0.0	0.0	0.0	0.0	0.0	0.0	0.0	0.0	0.0	0.0	0.0	0.0	0.0	0.0	0.0	0.0	0.0	0.0	0.0	0.0	0.0	0.0	0.0	0.0	0.0	0.0	0.0	0.0	0.0	0.0	0.0	0.0	0.0	0.0	0.0	0.0	0.0	0.0	0.0	0.0	0.0	0.0	0.0	0.0	0.0	0.0	0.0	
2.792	2.688	2.47	2.482	2.166	2.0993333333333335	1.946	1.874	1.6906666666666668	1.622	1.452	1.31	1.1893333333333334	1.0333333333333334	1.06	0.8146666666666667	0.778	0.7	0.662	0.5726666666666667	0.568	0.4653333333333333	0.43533333333333335	0.3526666666666667	0.3473333333333333	0.294	0.2753333333333333	0.222	0.20333333333333334	0.18866666666666668	0.162	0.14533333333333334	0.10466666666666667	0.116	0.09266666666666666	0.092	0.058666666666666666	0.059333333333333335	0.04466666666666667	0.050666666666666665	0.024666666666666667	0.030666666666666665	0.012	0.014666666666666666	0.009333333333333334	0.010666666666666666	0.0033333333333333335	0.004	0.0006666666666666666	0.0006666666666666666	0.0	0.0	0.0	0.0	0.0	0.0	0.0	0.0	0.0	0.0	0.0	0.0	0.0	0.0	0.0	0.0	0.0	0.0	0.0	0.0	0.0	0.0	0.0	0.0	0.0	0.0	0.0	0.0	0.0	0.0	0.0	0.0	0.0	0.0	0.0	0.0	0.0	0.0	0.0	0.0	0.0	0.0	0.0	0.0	0.0	0.0	0.0	0.0	0.0	
2.844	2.8586666666666667	2.4186666666666667	2.3913333333333333	2.2306666666666666	2.1206666666666667	2.037333333333333	1.796	1.6993333333333334	1.5213333333333334	1.4593333333333334	1.3306666666666667	1.2473333333333334	1.0646666666666667	0.97	0.8706666666666667	0.802	0.712	0.656	0.5606666666666666	0.5293333333333333	0.44666666666666666	0.436	0.35333333333333333	0.31733333333333336	0.27466666666666667	0.262	0.21666666666666667	0.20066666666666666	0.172	0.17133333333333334	0.13333333333333333	0.11666666666666667	0.102	0.09133333333333334	0.072	0.07133333333333333	0.05333333333333334	0.048	0.03266666666666666	0.026	0.019333333333333334	0.018	0.025333333333333333	0.007333333333333333	0.0033333333333333335	0.0026666666666666666	0.0006666666666666666	0.0006666666666666666	0.0006666666666666666	0.0	0.0	0.0	0.0	0.0	0.0	0.0	0.0	0.0	0.0	0.0	0.0	0.0	0.0	0.0	0.0	0.0	0.0	0.0	0.0	0.0	0.0	0.0	0.0	0.0	0.0	0.0	0.0	0.0	0.0	0.0	0.0	0.0	0.0	0.0	0.0	0.0	0.0	0.0	0.0	0.0	0.0	0.0	0.0	0.0	0.0	0.0	0.0	0.0	
2.8766666666666665	2.75	2.47	2.4046666666666665	2.268	2.1	1.9453333333333334	1.8086666666666666	1.696	1.514	1.48	1.2366666666666666	1.2206666666666666	1.0666666666666667	1.0286666666666666	0.854	0.7726666666666666	0.6793333333333333	0.662	0.552	0.54	0.44	0.39	0.3426666666666667	0.34	0.292	0.2673333333333333	0.23666666666666666	0.20533333333333334	0.192	0.16733333333333333	0.14133333333333334	0.12066666666666667	0.114	0.08866666666666667	0.07933333333333334	0.07133333333333333	0.058	0.04466666666666667	0.042	0.02666666666666667	0.024666666666666667	0.020666666666666667	0.016	0.011333333333333334	0.0026666666666666666	0.002	0.004666666666666667	0.002	0.0006666666666666666	0.0	0.0	0.0	0.0	0.0	0.0	0.0	0.0	0.0	0.0	0.0	0.0	0.0	0.0	0.0	0.0	0.0	0.0	0.0	0.0	0.0	0.0	0.0	0.0	0.0	0.0	0.0	0.0	0.0	0.0	0.0	0.0	0.0	0.0	0.0	0.0	0.0	0.0	0.0	0.0	0.0	0.0	0.0	0.0	0.0	0.0	0.0	0.0	0.0	
2.8826666666666667	2.7586666666666666	2.456	2.4486666666666665	2.2493333333333334	2.01	2.0073333333333334	1.9033333333333333	1.6333333333333333	1.5786666666666667	1.46	1.3146666666666667	1.2033333333333334	1.1053333333333333	0.958	0.8646666666666667	0.8353333333333334	0.712	0.6373333333333333	0.5753333333333334	0.5	0.4553333333333333	0.434	0.3606666666666667	0.352	0.2966666666666667	0.264	0.222	0.206	0.17733333333333334	0.15	0.16466666666666666	0.104	0.102	0.082	0.08733333333333333	0.058	0.06466666666666666	0.044	0.043333333333333335	0.024666666666666667	0.024	0.018	0.006	0.004	0.008666666666666666	0.002	0.005333333333333333	0.0006666666666666666	0.0013333333333333333	0.0	0.0	0.0	0.0	0.0	0.0	0.0	0.0	0.0	0.0	0.0	0.0	0.0	0.0	0.0	0.0	0.0	0.0	0.0	0.0	0.0	0.0	0.0	0.0	0.0	0.0	0.0	0.0	0.0	0.0	0.0	0.0	0.0	0.0	0.0	0.0	0.0	0.0	0.0	0.0	0.0	0.0	0.0	0.0	0.0	0.0	0.0	0.0	0.0	
2.868	2.7773333333333334	2.5113333333333334	2.348	2.2453333333333334	2.0913333333333335	1.8126666666666666	1.844	1.6833333333333333	1.576	1.5053333333333334	1.238	1.2526666666666666	1.068	1.0033333333333334	0.8406666666666667	0.836	0.686	0.6973333333333334	0.56	0.5193333333333333	0.444	0.45466666666666666	0.3526666666666667	0.3373333333333333	0.2813333333333333	0.272	0.228	0.204	0.174	0.158	0.12466666666666666	0.09666666666666666	0.11266666666666666	0.1	0.09266666666666666	0.06266666666666666	0.06	0.03333333333333333	0.030666666666666665	0.03133333333333333	0.027333333333333334	0.017333333333333333	0.013333333333333334	0.012666666666666666	0.006	0.0033333333333333335	0.0033333333333333335	0.0013333333333333333	0.0013333333333333333	0.0	0.0	0.0	0.0	0.0	0.0	0.0	0.0	0.0	0.0	0.0	0.0	0.0	0.0	0.0	0.0	0.0	0.0	0.0	0.0	0.0	0.0	0.0	0.0	0.0	0.0	0.0	0.0	0.0	0.0	0.0	0.0	0.0	0.0	0.0	0.0	0.0	0.0	0.0	0.0	0.0	0.0	0.0	0.0	0.0	0.0	0.0	0.0	0.0	
2.832	2.7626666666666666	2.521333333333333	2.4286666666666665	2.191333333333333	2.082666666666667	1.9666666666666666	1.8173333333333332	1.6806666666666668	1.5206666666666666	1.42	1.284	1.1966666666666668	1.0373333333333334	1.0	0.82	0.818	0.6726666666666666	0.6586666666666666	0.5413333333333333	0.5406666666666666	0.48933333333333334	0.41133333333333333	0.376	0.36	0.2826666666666667	0.266	0.22333333333333333	0.21933333333333332	0.17466666666666666	0.17866666666666667	0.14	0.12466666666666666	0.124	0.102	0.07333333333333333	0.064	0.066	0.048666666666666664	0.04533333333333334	0.030666666666666665	0.03133333333333333	0.02	0.011333333333333334	0.004666666666666667	0.008666666666666666	0.005333333333333333	0.0013333333333333333	0.0	0.0	0.0	0.0	0.0	0.0	0.0	0.0	0.0	0.0	0.0	0.0	0.0	0.0	0.0	0.0	0.0	0.0	0.0	0.0	0.0	0.0	0.0	0.0	0.0	0.0	0.0	0.0	0.0	0.0	0.0	0.0	0.0	0.0	0.0	0.0	0.0	0.0	0.0	0.0	0.0	0.0	0.0	0.0	0.0	0.0	0.0	0.0	0.0	0.0	0.0	
2.751333333333333	2.752666666666667	2.5206666666666666	2.473333333333333	2.222	2.09	1.9526666666666668	1.8453333333333333	1.706	1.5413333333333334	1.4386666666666668	1.3173333333333332	1.1653333333333333	1.0786666666666667	0.9866666666666667	0.8493333333333334	0.82	0.698	0.6986666666666667	0.5393333333333333	0.5226666666666666	0.4633333333333333	0.422	0.36933333333333335	0.3273333333333333	0.276	0.29733333333333334	0.22466666666666665	0.198	0.19	0.168	0.15	0.11866666666666667	0.11266666666666666	0.084	0.07466666666666667	0.05733333333333333	0.058	0.04733333333333333	0.03933333333333333	0.028	0.02	0.012	0.016666666666666666	0.012666666666666666	0.008	0.004	0.0033333333333333335	0.002	0.0006666666666666666	0.0	0.0	0.0	0.0	0.0	0.0	0.0	0.0	0.0	0.0	0.0	0.0	0.0	0.0	0.0	0.0	0.0	0.0	0.0	0.0	0.0	0.0	0.0	0.0	0.0	0.0	0.0	0.0	0.0	0.0	0.0	0.0	0.0	0.0	0.0	0.0	0.0	0.0	0.0	0.0	0.0	0.0	0.0	0.0	0.0	0.0	0.0	0.0	0.0	
2.7826666666666666	2.7653333333333334	2.522666666666667	2.437333333333333	2.2466666666666666	2.126	1.8773333333333333	1.8053333333333332	1.7153333333333334	1.5273333333333334	1.452	1.3013333333333332	1.2273333333333334	1.0233333333333334	1.01	0.8293333333333334	0.8	0.6693333333333333	0.6493333333333333	0.5446666666666666	0.5146666666666667	0.436	0.424	0.3466666666666667	0.3406666666666667	0.2693333333333333	0.276	0.23333333333333334	0.19333333333333333	0.174	0.164	0.15466666666666667	0.12133333333333333	0.10466666666666667	0.08733333333333333	0.07333333333333333	0.064	0.066	0.028666666666666667	0.03333333333333333	0.029333333333333333	0.024	0.021333333333333333	0.009333333333333334	0.008	0.004	0.002	0.0013333333333333333	0.002	0.0	0.0	0.0	0.0	0.0	0.0	0.0	0.0	0.0	0.0	0.0	0.0	0.0	0.0	0.0	0.0	0.0	0.0	0.0	0.0	0.0	0.0	0.0	0.0	0.0	0.0	0.0	0.0	0.0	0.0	0.0	0.0	0.0	0.0	0.0	0.0	0.0	0.0	0.0	0.0	0.0	0.0	0.0	0.0	0.0	0.0	0.0	0.0	0.0	0.0	
2.782	2.752666666666667	2.444	2.433333333333333	2.171333333333333	2.0946666666666665	1.934	1.8066666666666666	1.714	1.5126666666666666	1.4166666666666667	1.278	1.2233333333333334	1.0093333333333334	0.9766666666666667	0.8246666666666667	0.8073333333333333	0.6453333333333333	0.6686666666666666	0.5193333333333333	0.5366666666666666	0.49466666666666664	0.446	0.352	0.342	0.2886666666666667	0.25733333333333336	0.23933333333333334	0.206	0.176	0.15333333333333332	0.15933333333333333	0.128	0.12866666666666668	0.092	0.074	0.056	0.05333333333333334	0.036	0.04066666666666666	0.03	0.024	0.014666666666666666	0.016666666666666666	0.008	0.006666666666666667	0.0033333333333333335	0.0026666666666666666	0.0006666666666666666	0.0006666666666666666	0.0	0.0	0.0	0.0	0.0	0.0	0.0	0.0	0.0	0.0	0.0	0.0	0.0	0.0	0.0	0.0	0.0	0.0	0.0	0.0	0.0	0.0	0.0	0.0	0.0	0.0	0.0	0.0	0.0	0.0	0.0	0.0	0.0	0.0	0.0	0.0	0.0	0.0	0.0	0.0	0.0	0.0	0.0	0.0	0.0	0.0	0.0	0.0	0.0	
2.87	2.6553333333333335	2.4553333333333334	2.434	2.2506666666666666	2.1206666666666667	1.882	1.8106666666666666	1.6953333333333334	1.574	1.4286666666666668	1.2446666666666666	1.224	1.0506666666666666	0.9673333333333334	0.8786666666666667	0.822	0.6873333333333334	0.68	0.5526666666666666	0.514	0.45866666666666667	0.438	0.37466666666666665	0.342	0.302	0.24266666666666667	0.22066666666666668	0.20933333333333334	0.19733333333333333	0.16666666666666666	0.152	0.106	0.126	0.09266666666666666	0.07466666666666667	0.06466666666666666	0.05333333333333334	0.05266666666666667	0.03333333333333333	0.02666666666666667	0.028666666666666667	0.014666666666666666	0.016666666666666666	0.012	0.008	0.008	0.004666666666666667	0.0	0.0	0.0	0.0006666666666666666	0.0	0.0	0.0	0.0	0.0	0.0	0.0	0.0	0.0	0.0	0.0	0.0	0.0	0.0	0.0	0.0	0.0	0.0	0.0	0.0	0.0	0.0	0.0	0.0	0.0	0.0	0.0	0.0	0.0	0.0	0.0	0.0	0.0	0.0	0.0	0.0	0.0	0.0	0.0	0.0	0.0	0.0	0.0	0.0	0.0	0.0	0.0	
2.8486666666666665	2.734	2.4993333333333334	2.3966666666666665	2.2133333333333334	2.1033333333333335	1.9586666666666666	1.788	1.7453333333333334	1.5133333333333334	1.4233333333333333	1.288	1.2186666666666666	1.0246666666666666	0.9686666666666667	0.8446666666666667	0.8193333333333334	0.72	0.644	0.524	0.5213333333333333	0.4553333333333333	0.43666666666666665	0.36466666666666664	0.3353333333333333	0.308	0.244	0.21266666666666667	0.20333333333333334	0.18466666666666667	0.16466666666666666	0.15133333333333332	0.126	0.12333333333333334	0.08533333333333333	0.08066666666666666	0.06066666666666667	0.06	0.05333333333333334	0.048	0.026	0.02266666666666667	0.021333333333333333	0.008666666666666666	0.011333333333333334	0.007333333333333333	0.005333333333333333	0.004666666666666667	0.0	0.0	0.0	0.0006666666666666666	0.0	0.0	0.0	0.0	0.0	0.0	0.0	0.0	0.0	0.0	0.0	0.0	0.0	0.0	0.0	0.0	0.0	0.0	0.0	0.0	0.0	0.0	0.0	0.0	0.0	0.0	0.0	0.0	0.0	0.0	0.0	0.0	0.0	0.0	0.0	0.0	0.0	0.0	0.0	0.0	0.0	0.0	0.0	0.0	0.0	0.0	0.0	
2.8346666666666667	2.684	2.502	2.3473333333333333	2.252666666666667	2.0926666666666667	1.8726666666666667	1.7813333333333334	1.7073333333333334	1.5293333333333334	1.4086666666666667	1.246	1.2	1.0793333333333333	0.928	0.8246666666666667	0.7626666666666667	0.6686666666666666	0.6433333333333333	0.5706666666666667	0.55	0.446	0.382	0.352	0.3413333333333333	0.29733333333333334	0.28	0.22533333333333333	0.21933333333333332	0.20333333333333334	0.15266666666666667	0.15533333333333332	0.11666666666666667	0.11533333333333333	0.08666666666666667	0.07933333333333334	0.056	0.056	0.04533333333333334	0.037333333333333336	0.027333333333333334	0.026	0.015333333333333332	0.015333333333333332	0.010666666666666666	0.009333333333333334	0.004666666666666667	0.0026666666666666666	0.0006666666666666666	0.0013333333333333333	0.0	0.0	0.0	0.0	0.0	0.0	0.0	0.0	0.0	0.0	0.0	0.0	0.0	0.0	0.0	0.0	0.0	0.0	0.0	0.0	0.0	0.0	0.0	0.0	0.0	0.0	0.0	0.0	0.0	0.0	0.0	0.0	0.0	0.0	0.0	0.0	0.0	0.0	0.0	0.0	0.0	0.0	0.0	0.0	0.0	0.0	0.0	0.0	0.0	
2.838	2.779333333333333	2.4806666666666666	2.39	2.15	2.0566666666666666	1.9086666666666667	1.9386666666666668	1.7026666666666668	1.55	1.4506666666666668	1.3106666666666666	1.1526666666666667	1.008	0.9373333333333334	0.8626666666666667	0.8193333333333334	0.668	0.6753333333333333	0.5926666666666667	0.5633333333333334	0.43	0.406	0.368	0.3413333333333333	0.29	0.27066666666666667	0.23733333333333334	0.20466666666666666	0.184	0.15733333333333333	0.15533333333333332	0.13933333333333334	0.09933333333333333	0.08466666666666667	0.082	0.06933333333333333	0.06	0.050666666666666665	0.029333333333333333	0.026	0.025333333333333333	0.022	0.016666666666666666	0.012	0.01	0.004	0.002	0.0006666666666666666	0.0	0.0	0.0006666666666666666	0.0	0.0	0.0	0.0	0.0	0.0	0.0	0.0	0.0	0.0	0.0	0.0	0.0	0.0	0.0	0.0	0.0	0.0	0.0	0.0	0.0	0.0	0.0	0.0	0.0	0.0	0.0	0.0	0.0	0.0	0.0	0.0	0.0	0.0	0.0	0.0	0.0	0.0	0.0	0.0	0.0	0.0	0.0	0.0	0.0	0.0	0.0	
2.8313333333333333	2.714	2.538666666666667	2.3946666666666667	2.2146666666666666	2.1153333333333335	1.974	1.8333333333333333	1.6606666666666667	1.552	1.444	1.316	1.1806666666666668	1.0046666666666666	0.9933333333333333	0.852	0.8106666666666666	0.6913333333333334	0.7	0.5346666666666666	0.5206666666666667	0.44866666666666666	0.44666666666666666	0.3933333333333333	0.33	0.30466666666666664	0.296	0.216	0.198	0.18666666666666668	0.13466666666666666	0.12933333333333333	0.116	0.10333333333333333	0.086	0.07933333333333334	0.06533333333333333	0.06266666666666666	0.04666666666666667	0.04066666666666666	0.024	0.022	0.015333333333333332	0.011333333333333334	0.011333333333333334	0.008	0.005333333333333333	0.0033333333333333335	0.0	0.0	0.0	0.0	0.0	0.0	0.0	0.0	0.0	0.0	0.0	0.0	0.0	0.0	0.0	0.0	0.0	0.0	0.0	0.0	0.0	0.0	0.0	0.0	0.0	0.0	0.0	0.0	0.0	0.0	0.0	0.0	0.0	0.0	0.0	0.0	0.0	0.0	0.0	0.0	0.0	0.0	0.0	0.0	0.0	0.0	0.0	0.0	0.0	0.0	0.0	
2.7786666666666666	2.7413333333333334	2.4553333333333334	2.382	2.114	2.1226666666666665	1.89	1.8326666666666667	1.6666666666666667	1.5606666666666666	1.4086666666666667	1.304	1.194	1.036	1.04	0.856	0.8026666666666666	0.6546666666666666	0.6673333333333333	0.56	0.5446666666666666	0.45	0.44133333333333336	0.356	0.32066666666666666	0.2713333333333333	0.27266666666666667	0.244	0.194	0.15933333333333333	0.152	0.14333333333333334	0.12466666666666666	0.09866666666666667	0.094	0.07466666666666667	0.05266666666666667	0.048666666666666664	0.04133333333333333	0.03866666666666667	0.036	0.021333333333333333	0.02	0.011333333333333334	0.006666666666666667	0.008	0.006666666666666667	0.0006666666666666666	0.0006666666666666666	0.0006666666666666666	0.0	0.0	0.0	0.0	0.0	0.0	0.0	0.0	0.0	0.0	0.0	0.0	0.0	0.0	0.0	0.0	0.0	0.0	0.0	0.0	0.0	0.0	0.0	0.0	0.0	0.0	0.0	0.0	0.0	0.0	0.0	0.0	0.0	0.0	0.0	0.0	0.0	0.0	0.0	0.0	0.0	0.0	0.0	0.0	0.0	0.0	0.0	0.0	0.0	
2.8406666666666665	2.7006666666666668	2.4506666666666668	2.3186666666666667	2.1806666666666668	2.094	1.9686666666666666	1.8626666666666667	1.6813333333333333	1.5286666666666666	1.438	1.2866666666666666	1.2146666666666666	1.0333333333333334	1.014	0.8026666666666666	0.7613333333333333	0.6426666666666667	0.6646666666666666	0.518	0.5393333333333333	0.438	0.4246666666666667	0.3433333333333333	0.314	0.298	0.27666666666666667	0.23	0.218	0.19	0.14666666666666667	0.148	0.11133333333333334	0.09533333333333334	0.072	0.06933333333333333	0.05466666666666667	0.046	0.043333333333333335	0.038	0.03	0.024666666666666667	0.018666666666666668	0.012666666666666666	0.007333333333333333	0.007333333333333333	0.002	0.0013333333333333333	0.0006666666666666666	0.0	0.0	0.0	0.0	0.0	0.0	0.0	0.0	0.0	0.0	0.0	0.0	0.0	0.0	0.0	0.0	0.0	0.0	0.0	0.0	0.0	0.0	0.0	0.0	0.0	0.0	0.0	0.0	0.0	0.0	0.0	0.0	0.0	0.0	0.0	0.0	0.0	0.0	0.0	0.0	0.0	0.0	0.0	0.0	0.0	0.0	0.0	0.0	0.0	0.0	
2.8066666666666666	2.69	2.482	2.448	2.292	2.08	1.9986666666666666	1.8166666666666667	1.7273333333333334	1.6006666666666667	1.3873333333333333	1.3186666666666667	1.19	1.0306666666666666	0.952	0.8193333333333334	0.78	0.658	0.6473333333333333	0.5713333333333334	0.5366666666666666	0.4666666666666667	0.414	0.37066666666666664	0.312	0.286	0.27066666666666667	0.246	0.22266666666666668	0.192	0.15733333333333333	0.126	0.11266666666666666	0.086	0.078	0.08	0.06533333333333333	0.054	0.036	0.038	0.029333333333333333	0.022	0.018	0.018666666666666668	0.008	0.008666666666666666	0.005333333333333333	0.0006666666666666666	0.0013333333333333333	0.0013333333333333333	0.0	0.0	0.0	0.0	0.0	0.0	0.0	0.0	0.0	0.0	0.0	0.0	0.0	0.0	0.0	0.0	0.0	0.0	0.0	0.0	0.0	0.0	0.0	0.0	0.0	0.0	0.0	0.0	0.0	0.0	0.0	0.0	0.0	0.0	0.0	0.0	0.0	0.0	0.0	0.0	0.0	0.0	0.0	0.0	0.0	0.0	0.0	0.0	0.0	
2.792666666666667	2.740666666666667	2.51	2.4526666666666666	2.2426666666666666	2.0526666666666666	1.93	1.8013333333333332	1.684	1.5466666666666666	1.4073333333333333	1.312	1.16	1.0133333333333334	0.99	0.8246666666666667	0.796	0.68	0.6313333333333333	0.5606666666666666	0.5213333333333333	0.444	0.4	0.3466666666666667	0.31333333333333335	0.302	0.25866666666666666	0.22733333333333333	0.2	0.18	0.14133333333333334	0.15466666666666667	0.12266666666666666	0.108	0.08933333333333333	0.07333333333333333	0.07466666666666667	0.052	0.052	0.03266666666666666	0.028	0.030666666666666665	0.015333333333333332	0.013333333333333334	0.008666666666666666	0.006	0.0026666666666666666	0.004	0.0006666666666666666	0.0	0.0	0.0	0.0	0.0	0.0	0.0	0.0	0.0	0.0	0.0	0.0	0.0	0.0	0.0	0.0	0.0	0.0	0.0	0.0	0.0	0.0	0.0	0.0	0.0	0.0	0.0	0.0	0.0	0.0	0.0	0.0	0.0	0.0	0.0	0.0	0.0	0.0	0.0	0.0	0.0	0.0	0.0	0.0	0.0	0.0	0.0	0.0	0.0	0.0	
2.7973333333333334	2.708666666666667	2.4326666666666665	2.3853333333333335	2.212666666666667	2.0793333333333335	1.976	1.7986666666666666	1.648	1.5753333333333333	1.4313333333333333	1.2793333333333334	1.192	1.052	0.9886666666666667	0.842	0.82	0.688	0.6466666666666666	0.5666666666666667	0.5466666666666666	0.416	0.412	0.3313333333333333	0.32266666666666666	0.29733333333333334	0.268	0.21733333333333332	0.21066666666666667	0.168	0.16133333333333333	0.14	0.12066666666666667	0.098	0.11	0.06933333333333333	0.074	0.054	0.036	0.035333333333333335	0.03	0.03133333333333333	0.019333333333333334	0.015333333333333332	0.008666666666666666	0.008666666666666666	0.002	0.0026666666666666666	0.0	0.0013333333333333333	0.0	0.0	0.0	0.0	0.0	0.0	0.0	0.0	0.0	0.0	0.0	0.0	0.0	0.0	0.0	0.0	0.0	0.0	0.0	0.0	0.0	0.0	0.0	0.0	0.0	0.0	0.0	0.0	0.0	0.0	0.0	0.0	0.0	0.0	0.0	0.0	0.0	0.0	0.0	0.0	0.0	0.0	0.0	0.0	0.0	0.0	0.0	0.0	0.0	
2.7986666666666666	2.736666666666667	2.5206666666666666	2.4433333333333334	2.196	2.1013333333333333	1.9386666666666668	1.7566666666666666	1.6073333333333333	1.5526666666666666	1.428	1.2953333333333332	1.1366666666666667	1.0346666666666666	0.9993333333333333	0.8353333333333334	0.8146666666666667	0.6506666666666666	0.6513333333333333	0.544	0.532	0.4246666666666667	0.3913333333333333	0.3626666666666667	0.3313333333333333	0.302	0.2833333333333333	0.226	0.20933333333333334	0.17733333333333334	0.17933333333333334	0.13333333333333333	0.12666666666666668	0.108	0.09533333333333334	0.06466666666666666	0.062	0.058666666666666666	0.054	0.042666666666666665	0.020666666666666667	0.028	0.012	0.017333333333333333	0.010666666666666666	0.011333333333333334	0.006	0.005333333333333333	0.0	0.0006666666666666666	0.0	0.0	0.0	0.0	0.0	0.0	0.0	0.0	0.0	0.0	0.0	0.0	0.0	0.0	0.0	0.0	0.0	0.0	0.0	0.0	0.0	0.0	0.0	0.0	0.0	0.0	0.0	0.0	0.0	0.0	0.0	0.0	0.0	0.0	0.0	0.0	0.0	0.0	0.0	0.0	0.0	0.0	0.0	0.0	0.0	0.0	0.0	0.0	0.0	
2.814	2.672	2.3986666666666667	2.4133333333333336	2.272	2.1393333333333335	1.9206666666666667	1.8413333333333333	1.65	1.5293333333333334	1.4273333333333333	1.2506666666666666	1.1953333333333334	1.0446666666666666	0.9473333333333334	0.858	0.788	0.6573333333333333	0.6753333333333333	0.5326666666666666	0.526	0.4573333333333333	0.4266666666666667	0.36866666666666664	0.3413333333333333	0.2786666666666667	0.2713333333333333	0.23266666666666666	0.212	0.198	0.16	0.134	0.108	0.12133333333333333	0.08733333333333333	0.074	0.054	0.054	0.044	0.03666666666666667	0.026	0.021333333333333333	0.016666666666666666	0.01	0.008	0.011333333333333334	0.0026666666666666666	0.004	0.0006666666666666666	0.0	0.0	0.0	0.0	0.0	0.0	0.0	0.0	0.0	0.0	0.0	0.0	0.0	0.0	0.0	0.0	0.0	0.0	0.0	0.0	0.0	0.0	0.0	0.0	0.0	0.0	0.0	0.0	0.0	0.0	0.0	0.0	0.0	0.0	0.0	0.0	0.0	0.0	0.0	0.0	0.0	0.0	0.0	0.0	0.0	0.0	0.0	0.0	0.0	0.0	
2.812	2.7053333333333334	2.4393333333333334	2.3833333333333333	2.212666666666667	2.1286666666666667	1.9033333333333333	1.866	1.69	1.5826666666666667	1.4346666666666668	1.2526666666666666	1.16	1.0333333333333334	1.0493333333333332	0.8226666666666667	0.784	0.6353333333333333	0.6613333333333333	0.5466666666666666	0.536	0.4673333333333333	0.42733333333333334	0.368	0.364	0.2613333333333333	0.2673333333333333	0.22066666666666668	0.202	0.174	0.154	0.15733333333333333	0.13133333333333333	0.11666666666666667	0.09333333333333334	0.07666666666666666	0.05333333333333334	0.062	0.04133333333333333	0.035333333333333335	0.024	0.02	0.014666666666666666	0.01	0.011333333333333334	0.008666666666666666	0.006	0.0006666666666666666	0.0	0.0006666666666666666	0.0	0.0	0.0	0.0	0.0	0.0	0.0	0.0	0.0	0.0	0.0	0.0	0.0	0.0	0.0	0.0	0.0	0.0	0.0	0.0	0.0	0.0	0.0	0.0	0.0	0.0	0.0	0.0	0.0	0.0	0.0	0.0	0.0	0.0	0.0	0.0	0.0	0.0	0.0	0.0	0.0	0.0	0.0	0.0	0.0	0.0	0.0	0.0	0.0	
2.7573333333333334	2.687333333333333	2.513333333333333	2.3486666666666665	2.234	2.0713333333333335	1.9086666666666667	1.8433333333333333	1.6593333333333333	1.5133333333333334	1.4053333333333333	1.218	1.178	1.0506666666666666	0.9786666666666667	0.848	0.8173333333333334	0.6753333333333333	0.638	0.566	0.5106666666666667	0.44	0.42866666666666664	0.36866666666666664	0.3313333333333333	0.2693333333333333	0.27466666666666667	0.22333333333333333	0.2	0.19333333333333333	0.148	0.13533333333333333	0.13133333333333333	0.112	0.09666666666666666	0.08066666666666666	0.06266666666666666	0.05333333333333334	0.038	0.034	0.02666666666666667	0.027333333333333334	0.020666666666666667	0.014666666666666666	0.011333333333333334	0.006666666666666667	0.0013333333333333333	0.004	0.0006666666666666666	0.0013333333333333333	0.0	0.0	0.0	0.0	0.0	0.0	0.0	0.0	0.0	0.0	0.0	0.0	0.0	0.0	0.0	0.0	0.0	0.0	0.0	0.0	0.0	0.0	0.0	0.0	0.0	0.0	0.0	0.0	0.0	0.0	0.0	0.0	0.0	0.0	0.0	0.0	0.0	0.0	0.0	0.0	0.0	0.0	0.0	0.0	0.0	0.0	0.0	0.0	0.0	
2.8393333333333333	2.6786666666666665	2.3613333333333335	2.4073333333333333	2.1553333333333335	2.1413333333333333	1.9346666666666668	1.8453333333333333	1.6646666666666667	1.4806666666666666	1.4286666666666668	1.2806666666666666	1.13	1.0133333333333334	0.952	0.8046666666666666	0.8253333333333334	0.712	0.6446666666666667	0.56	0.524	0.44533333333333336	0.41133333333333333	0.35533333333333333	0.32	0.3006666666666667	0.27466666666666667	0.21066666666666667	0.20533333333333334	0.154	0.16	0.13466666666666666	0.12466666666666666	0.10933333333333334	0.08333333333333333	0.07866666666666666	0.06	0.06333333333333334	0.03	0.036	0.030666666666666665	0.03333333333333333	0.016666666666666666	0.016	0.006	0.005333333333333333	0.004666666666666667	0.0026666666666666666	0.0013333333333333333	0.0013333333333333333	0.0	0.0	0.0	0.0	0.0	0.0	0.0	0.0	0.0	0.0	0.0	0.0	0.0	0.0	0.0	0.0	0.0	0.0	0.0	0.0	0.0	0.0	0.0	0.0	0.0	0.0	0.0	0.0	0.0	0.0	0.0	0.0	0.0	0.0	0.0	0.0	0.0	0.0	0.0	0.0	0.0	0.0	0.0	0.0	0.0	0.0	0.0	0.0	0.0	
2.7853333333333334	2.704	2.4526666666666666	2.3893333333333335	2.2146666666666666	2.030666666666667	1.8806666666666667	1.7573333333333334	1.6846666666666668	1.5053333333333334	1.4386666666666668	1.2606666666666666	1.2126666666666666	1.0533333333333332	0.97	0.8213333333333334	0.7906666666666666	0.6373333333333333	0.6153333333333333	0.5926666666666667	0.504	0.444	0.434	0.36133333333333334	0.33066666666666666	0.2866666666666667	0.282	0.21	0.21933333333333332	0.18066666666666667	0.15333333333333332	0.13333333333333333	0.116	0.10866666666666666	0.09	0.07133333333333333	0.06	0.05466666666666667	0.048	0.04	0.028666666666666667	0.027333333333333334	0.018	0.011333333333333334	0.008666666666666666	0.009333333333333334	0.006666666666666667	0.0026666666666666666	0.0026666666666666666	0.0	0.0	0.0	0.0	0.0	0.0	0.0	0.0	0.0	0.0	0.0	0.0	0.0	0.0	0.0	0.0	0.0	0.0	0.0	0.0	0.0	0.0	0.0	0.0	0.0	0.0	0.0	0.0	0.0	0.0	0.0	0.0	0.0	0.0	0.0	0.0	0.0	0.0	0.0	0.0	0.0	0.0	0.0	0.0	0.0	0.0	0.0	0.0	0.0	0.0	
2.8066666666666666	2.731333333333333	2.469333333333333	2.3466666666666667	2.226	2.078	1.9246666666666667	1.818	1.6693333333333333	1.5046666666666666	1.42	1.2493333333333334	1.224	1.0213333333333334	0.9606666666666667	0.8673333333333333	0.7733333333333333	0.6993333333333334	0.658	0.5386666666666666	0.5373333333333333	0.4513333333333333	0.43133333333333335	0.3393333333333333	0.312	0.304	0.2673333333333333	0.214	0.20466666666666666	0.18733333333333332	0.15666666666666668	0.14	0.12266666666666666	0.10266666666666667	0.09333333333333334	0.07266666666666667	0.06666666666666667	0.056	0.051333333333333335	0.04133333333333333	0.024666666666666667	0.030666666666666665	0.012	0.017333333333333333	0.006	0.005333333333333333	0.0026666666666666666	0.0026666666666666666	0.0006666666666666666	0.0	0.0	0.0	0.0	0.0	0.0	0.0	0.0	0.0	0.0	0.0	0.0	0.0	0.0	0.0	0.0	0.0	0.0	0.0	0.0	0.0	0.0	0.0	0.0	0.0	0.0	0.0	0.0	0.0	0.0	0.0	0.0	0.0	0.0	0.0	0.0	0.0	0.0	0.0	0.0	0.0	0.0	0.0	0.0	0.0	0.0	0.0	0.0	0.0	0.0	
2.808	2.7146666666666666	2.464	2.481333333333333	2.252	2.0486666666666666	1.8513333333333333	1.7586666666666666	1.616	1.4766666666666666	1.436	1.2326666666666666	1.1713333333333333	0.9986666666666667	0.9793333333333333	0.8466666666666667	0.794	0.656	0.656	0.5613333333333334	0.546	0.45	0.42866666666666664	0.334	0.3473333333333333	0.2966666666666667	0.262	0.23533333333333334	0.19933333333333333	0.17733333333333334	0.15533333333333332	0.152	0.11266666666666666	0.108	0.07666666666666666	0.06466666666666666	0.05266666666666667	0.06533333333333333	0.042666666666666665	0.035333333333333335	0.03	0.02666666666666667	0.019333333333333334	0.014	0.008666666666666666	0.01	0.0006666666666666666	0.004666666666666667	0.0006666666666666666	0.0	0.0	0.0	0.0	0.0	0.0	0.0	0.0	0.0	0.0	0.0	0.0	0.0	0.0	0.0	0.0	0.0	0.0	0.0	0.0	0.0	0.0	0.0	0.0	0.0	0.0	0.0	0.0	0.0	0.0	0.0	0.0	0.0	0.0	0.0	0.0	0.0	0.0	0.0	0.0	0.0	0.0	0.0	0.0	0.0	0.0	0.0	0.0	0.0	0.0	
2.784666666666667	2.636	2.418	2.2746666666666666	2.168	2.0753333333333335	1.9346666666666668	1.7506666666666666	1.71	1.5566666666666666	1.4326666666666668	1.2113333333333334	1.2126666666666666	0.992	0.988	0.84	0.8186666666666667	0.682	0.634	0.5446666666666666	0.5246666666666666	0.44466666666666665	0.4066666666666667	0.33466666666666667	0.3466666666666667	0.2806666666666667	0.266	0.232	0.188	0.194	0.148	0.13533333333333333	0.114	0.09933333333333333	0.10466666666666667	0.07733333333333334	0.06266666666666666	0.04933333333333333	0.043333333333333335	0.038	0.03133333333333333	0.024	0.018	0.011333333333333334	0.006	0.008666666666666666	0.004	0.0006666666666666666	0.0026666666666666666	0.0013333333333333333	0.0	0.0	0.0	0.0	0.0	0.0	0.0	0.0	0.0	0.0	0.0	0.0	0.0	0.0	0.0	0.0	0.0	0.0	0.0	0.0	0.0	0.0	0.0	0.0	0.0	0.0	0.0	0.0	0.0	0.0	0.0	0.0	0.0	0.0	0.0	0.0	0.0	0.0	0.0	0.0	0.0	0.0	0.0	0.0	0.0	0.0	0.0	0.0	0.0	
2.712666666666667	2.695333333333333	2.4353333333333333	2.418	2.154	2.0406666666666666	1.9053333333333333	1.834	1.7126666666666666	1.5073333333333334	1.4206666666666667	1.2926666666666666	1.1253333333333333	1.0233333333333334	0.9526666666666667	0.852	0.794	0.6606666666666666	0.6453333333333333	0.5806666666666667	0.49933333333333335	0.43733333333333335	0.4206666666666667	0.35133333333333333	0.32866666666666666	0.30133333333333334	0.23733333333333334	0.244	0.20266666666666666	0.158	0.15333333333333332	0.136	0.10866666666666666	0.09533333333333334	0.09533333333333334	0.08266666666666667	0.06266666666666666	0.04133333333333333	0.048666666666666664	0.04733333333333333	0.037333333333333336	0.026	0.012	0.012	0.006666666666666667	0.008666666666666666	0.002	0.0033333333333333335	0.0006666666666666666	0.0	0.0	0.0	0.0	0.0	0.0	0.0	0.0	0.0	0.0	0.0	0.0	0.0	0.0	0.0	0.0	0.0	0.0	0.0	0.0	0.0	0.0	0.0	0.0	0.0	0.0	0.0	0.0	0.0	0.0	0.0	0.0	0.0	0.0	0.0	0.0	0.0	0.0	0.0	0.0	0.0	0.0	0.0	0.0	0.0	0.0	0.0	0.0	0.0	0.0	
2.736666666666667	2.7426666666666666	2.458666666666667	2.3486666666666665	2.1313333333333335	2.094	1.9273333333333333	1.796	1.6346666666666667	1.4513333333333334	1.3826666666666667	1.2693333333333334	1.1926666666666668	1.0166666666666666	0.9553333333333334	0.8366666666666667	0.8233333333333334	0.6733333333333333	0.6866666666666666	0.5306666666666666	0.5366666666666666	0.454	0.4093333333333333	0.37	0.37666666666666665	0.30933333333333335	0.26866666666666666	0.22333333333333333	0.228	0.17266666666666666	0.14666666666666667	0.13933333333333334	0.10866666666666666	0.11133333333333334	0.086	0.072	0.05466666666666667	0.04933333333333333	0.04	0.03666666666666667	0.024666666666666667	0.025333333333333333	0.017333333333333333	0.009333333333333334	0.006	0.010666666666666666	0.006	0.006	0.0	0.0	0.0	0.0	0.0	0.0	0.0	0.0	0.0	0.0	0.0	0.0	0.0	0.0	0.0	0.0	0.0	0.0	0.0	0.0	0.0	0.0	0.0	0.0	0.0	0.0	0.0	0.0	0.0	0.0	0.0	0.0	0.0	0.0	0.0	0.0	0.0	0.0	0.0	0.0	0.0	0.0	0.0	0.0	0.0	0.0	0.0	0.0	0.0	0.0	0.0	
2.6853333333333333	2.6226666666666665	2.442	2.432	2.215333333333333	2.0453333333333332	1.8433333333333333	1.7573333333333334	1.702	1.478	1.4186666666666667	1.2633333333333334	1.2106666666666666	1.01	0.95	0.8613333333333333	0.8206666666666667	0.6673333333333333	0.712	0.5266666666666666	0.5413333333333333	0.43266666666666664	0.458	0.374	0.35733333333333334	0.2713333333333333	0.25	0.216	0.18866666666666668	0.17466666666666666	0.17066666666666666	0.136	0.116	0.116	0.084	0.07466666666666667	0.062	0.05533333333333333	0.043333333333333335	0.03666666666666667	0.02	0.028	0.017333333333333333	0.020666666666666667	0.011333333333333334	0.008	0.004666666666666667	0.0026666666666666666	0.0013333333333333333	0.0006666666666666666	0.0	0.0	0.0	0.0	0.0	0.0	0.0	0.0	0.0	0.0	0.0	0.0	0.0	0.0	0.0	0.0	0.0	0.0	0.0	0.0	0.0	0.0	0.0	0.0	0.0	0.0	0.0	0.0	0.0	0.0	0.0	0.0	0.0	0.0	0.0	0.0	0.0	0.0	0.0	0.0	0.0	0.0	0.0	0.0	0.0	0.0	0.0	0.0	0.0	
2.87	2.759333333333333	2.554666666666667	2.374	2.1846666666666668	2.0606666666666666	1.9113333333333333	1.826	1.6486666666666667	1.4453333333333334	1.458	1.2293333333333334	1.1473333333333333	1.012	0.9453333333333334	0.836	0.7806666666666666	0.634	0.6346666666666667	0.5286666666666666	0.496	0.43	0.43666666666666665	0.3546666666666667	0.32466666666666666	0.29933333333333334	0.29133333333333333	0.21666666666666667	0.20666666666666667	0.17466666666666666	0.17733333333333334	0.14333333333333334	0.12533333333333332	0.10266666666666667	0.09133333333333334	0.08333333333333333	0.06533333333333333	0.04466666666666667	0.04666666666666667	0.03933333333333333	0.025333333333333333	0.018666666666666668	0.010666666666666666	0.018	0.007333333333333333	0.005333333333333333	0.004666666666666667	0.0033333333333333335	0.002	0.0	0.0006666666666666666	0.0	0.0	0.0	0.0	0.0	0.0	0.0	0.0	0.0	0.0	0.0	0.0	0.0	0.0	0.0	0.0	0.0	0.0	0.0	0.0	0.0	0.0	0.0	0.0	0.0	0.0	0.0	0.0	0.0	0.0	0.0	0.0	0.0	0.0	0.0	0.0	0.0	0.0	0.0	0.0	0.0	0.0	0.0	0.0	0.0	0.0	0.0	0.0	
2.744	2.7046666666666668	2.5033333333333334	2.3333333333333335	2.166	2.0433333333333334	1.8986666666666667	1.756	1.688	1.5493333333333332	1.4446666666666668	1.256	1.1753333333333333	0.988	0.962	0.8186666666666667	0.7986666666666666	0.6806666666666666	0.6286666666666667	0.5206666666666667	0.5353333333333333	0.44866666666666666	0.45066666666666666	0.3546666666666667	0.35	0.2806666666666667	0.24333333333333335	0.24066666666666667	0.19733333333333333	0.18333333333333332	0.16733333333333333	0.14533333333333334	0.11533333333333333	0.09866666666666667	0.08333333333333333	0.062	0.06333333333333334	0.056	0.046	0.04466666666666667	0.027333333333333334	0.02266666666666667	0.017333333333333333	0.014	0.006	0.009333333333333334	0.008	0.0026666666666666666	0.0006666666666666666	0.0	0.0006666666666666666	0.0	0.0	0.0	0.0	0.0	0.0	0.0	0.0	0.0	0.0	0.0	0.0	0.0	0.0	0.0	0.0	0.0	0.0	0.0	0.0	0.0	0.0	0.0	0.0	0.0	0.0	0.0	0.0	0.0	0.0	0.0	0.0	0.0	0.0	0.0	0.0	0.0	0.0	0.0	0.0	0.0	0.0	0.0	0.0	0.0	0.0	0.0	0.0	
2.864	2.742	2.498666666666667	2.4246666666666665	2.124	2.1046666666666667	1.8973333333333333	1.7946666666666666	1.6746666666666667	1.5213333333333334	1.3833333333333333	1.264	1.212	1.0293333333333334	0.9606666666666667	0.8546666666666667	0.7913333333333333	0.6413333333333333	0.636	0.5853333333333334	0.494	0.44666666666666666	0.43466666666666665	0.382	0.33466666666666667	0.2633333333333333	0.268	0.21466666666666667	0.19533333333333333	0.172	0.14	0.14933333333333335	0.12266666666666666	0.088	0.09266666666666666	0.08	0.07266666666666667	0.06533333333333333	0.03933333333333333	0.04133333333333333	0.024666666666666667	0.03266666666666666	0.024666666666666667	0.014666666666666666	0.01	0.007333333333333333	0.0033333333333333335	0.004	0.0	0.0	0.0	0.0	0.0	0.0	0.0	0.0	0.0	0.0	0.0	0.0	0.0	0.0	0.0	0.0	0.0	0.0	0.0	0.0	0.0	0.0	0.0	0.0	0.0	0.0	0.0	0.0	0.0	0.0	0.0	0.0	0.0	0.0	0.0	0.0	0.0	0.0	0.0	0.0	0.0	0.0	0.0	0.0	0.0	0.0	0.0	0.0	0.0	0.0	0.0	
2.791333333333333	2.7106666666666666	2.42	2.3366666666666664	2.13	2.074	1.874	1.7893333333333334	1.6953333333333334	1.482	1.3946666666666667	1.2893333333333334	1.1473333333333333	1.0013333333333334	0.9486666666666667	0.7973333333333333	0.794	0.6953333333333334	0.6733333333333333	0.5253333333333333	0.5006666666666667	0.44133333333333336	0.41	0.3546666666666667	0.33066666666666666	0.2793333333333333	0.29	0.24666666666666667	0.196	0.19266666666666668	0.15666666666666668	0.12933333333333333	0.132	0.10266666666666667	0.10133333333333333	0.08266666666666667	0.07066666666666667	0.056666666666666664	0.044	0.034666666666666665	0.026	0.023333333333333334	0.018	0.013333333333333334	0.01	0.01	0.004	0.004666666666666667	0.0006666666666666666	0.0	0.0	0.0	0.0	0.0	0.0	0.0	0.0	0.0	0.0	0.0	0.0	0.0	0.0	0.0	0.0	0.0	0.0	0.0	0.0	0.0	0.0	0.0	0.0	0.0	0.0	0.0	0.0	0.0	0.0	0.0	0.0	0.0	0.0	0.0	0.0	0.0	0.0	0.0	0.0	0.0	0.0	0.0	0.0	0.0	0.0	0.0	0.0	0.0	0.0	
2.7413333333333334	2.656	2.5	2.416	2.1386666666666665	2.1013333333333333	1.936	1.83	1.7033333333333334	1.4993333333333334	1.3853333333333333	1.2613333333333334	1.1646666666666667	0.982	0.9446666666666667	0.8133333333333334	0.7653333333333333	0.6686666666666666	0.6393333333333333	0.5313333333333333	0.506	0.454	0.41733333333333333	0.36866666666666664	0.35733333333333334	0.2813333333333333	0.25666666666666665	0.224	0.2	0.174	0.14466666666666667	0.13333333333333333	0.12466666666666666	0.11	0.078	0.08133333333333333	0.06466666666666666	0.056666666666666664	0.044	0.034666666666666665	0.021333333333333333	0.022	0.016666666666666666	0.015333333333333332	0.01	0.005333333333333333	0.004666666666666667	0.002	0.0013333333333333333	0.0	0.0	0.0	0.0	0.0	0.0	0.0	0.0	0.0	0.0	0.0	0.0	0.0	0.0	0.0	0.0	0.0	0.0	0.0	0.0	0.0	0.0	0.0	0.0	0.0	0.0	0.0	0.0	0.0	0.0	0.0	0.0	0.0	0.0	0.0	0.0	0.0	0.0	0.0	0.0	0.0	0.0	0.0	0.0	0.0	0.0	0.0	0.0	0.0	0.0	
2.7953333333333332	2.708	2.478666666666667	2.3833333333333333	2.1706666666666665	2.0833333333333335	1.8646666666666667	1.7613333333333334	1.7066666666666668	1.516	1.3606666666666667	1.29	1.1786666666666668	1.016	0.9746666666666667	0.842	0.802	0.674	0.604	0.5693333333333334	0.546	0.44466666666666665	0.4266666666666667	0.338	0.334	0.258	0.24333333333333335	0.22333333333333333	0.21866666666666668	0.17133333333333334	0.164	0.14133333333333334	0.11666666666666667	0.10466666666666667	0.074	0.08	0.07466666666666667	0.054	0.04066666666666666	0.028	0.028666666666666667	0.015333333333333332	0.026	0.017333333333333333	0.010666666666666666	0.007333333333333333	0.005333333333333333	0.0013333333333333333	0.0	0.0013333333333333333	0.0	0.0	0.0	0.0	0.0	0.0	0.0	0.0	0.0	0.0	0.0	0.0	0.0	0.0	0.0	0.0	0.0	0.0	0.0	0.0	0.0	0.0	0.0	0.0	0.0	0.0	0.0	0.0	0.0	0.0	0.0	0.0	0.0	0.0	0.0	0.0	0.0	0.0	0.0	0.0	0.0	0.0	0.0	0.0	0.0	0.0	0.0	0.0	0.0	
2.6646666666666667	2.666	2.4146666666666667	2.3833333333333333	2.182	2.0833333333333335	1.886	1.7493333333333334	1.6786666666666668	1.5146666666666666	1.4233333333333333	1.236	1.1413333333333333	1.006	0.9733333333333334	0.8193333333333334	0.812	0.672	0.62	0.5213333333333333	0.5233333333333333	0.4013333333333333	0.4126666666666667	0.36	0.3433333333333333	0.304	0.24666666666666667	0.218	0.202	0.172	0.16266666666666665	0.13866666666666666	0.112	0.1	0.08	0.06933333333333333	0.05266666666666667	0.05	0.04066666666666666	0.034	0.029333333333333333	0.03266666666666666	0.018	0.013333333333333334	0.006666666666666667	0.007333333333333333	0.005333333333333333	0.0006666666666666666	0.0	0.0	0.0	0.0	0.0	0.0	0.0	0.0	0.0	0.0	0.0	0.0	0.0	0.0	0.0	0.0	0.0	0.0	0.0	0.0	0.0	0.0	0.0	0.0	0.0	0.0	0.0	0.0	0.0	0.0	0.0	0.0	0.0	0.0	0.0	0.0	0.0	0.0	0.0	0.0	0.0	0.0	0.0	0.0	0.0	0.0	0.0	0.0	0.0	0.0	0.0	
2.775333333333333	2.7993333333333332	2.4953333333333334	2.338	2.0973333333333333	2.030666666666667	1.8566666666666667	1.752	1.7066666666666668	1.5206666666666666	1.4753333333333334	1.2193333333333334	1.2333333333333334	1.0253333333333334	0.9346666666666666	0.808	0.7833333333333333	0.6546666666666666	0.656	0.5426666666666666	0.536	0.43333333333333335	0.4146666666666667	0.3393333333333333	0.324	0.304	0.25466666666666665	0.21	0.20733333333333334	0.17266666666666666	0.166	0.138	0.12133333333333333	0.09066666666666667	0.10333333333333333	0.08466666666666667	0.06866666666666667	0.05266666666666667	0.04466666666666667	0.04933333333333333	0.030666666666666665	0.028	0.014666666666666666	0.017333333333333333	0.012666666666666666	0.005333333333333333	0.0026666666666666666	0.002	0.0013333333333333333	0.0	0.0	0.0	0.0	0.0	0.0	0.0	0.0	0.0	0.0	0.0	0.0	0.0	0.0	0.0	0.0	0.0	0.0	0.0	0.0	0.0	0.0	0.0	0.0	0.0	0.0	0.0	0.0	0.0	0.0	0.0	0.0	0.0	0.0	0.0	0.0	0.0	0.0	0.0	0.0	0.0	0.0	0.0	0.0	0.0	0.0	0.0	0.0	0.0	0.0	
2.716	2.7106666666666666	2.3866666666666667	2.316666666666667	2.11	2.038666666666667	1.9213333333333333	1.7793333333333334	1.622	1.5826666666666667	1.3993333333333333	1.238	1.2173333333333334	1.0306666666666666	0.9933333333333333	0.8266666666666667	0.8186666666666667	0.6553333333333333	0.678	0.5193333333333333	0.5153333333333333	0.43866666666666665	0.42866666666666664	0.3473333333333333	0.31466666666666665	0.2713333333333333	0.2693333333333333	0.23066666666666666	0.20533333333333334	0.16666666666666666	0.16666666666666666	0.13333333333333333	0.11733333333333333	0.10333333333333333	0.08333333333333333	0.066	0.05533333333333333	0.066	0.04666666666666667	0.04733333333333333	0.02266666666666667	0.018	0.015333333333333332	0.019333333333333334	0.009333333333333334	0.005333333333333333	0.005333333333333333	0.002	0.0013333333333333333	0.002	0.0	0.0	0.0	0.0	0.0	0.0	0.0	0.0	0.0	0.0	0.0	0.0	0.0	0.0	0.0	0.0	0.0	0.0	0.0	0.0	0.0	0.0	0.0	0.0	0.0	0.0	0.0	0.0	0.0	0.0	0.0	0.0	0.0	0.0	0.0	0.0	0.0	0.0	0.0	0.0	0.0	0.0	0.0	0.0	0.0	0.0	0.0	0.0	0.0	
2.699333333333333	2.6286666666666667	2.3786666666666667	2.318	2.1006666666666667	2.0493333333333332	1.9146666666666667	1.8006666666666666	1.6306666666666667	1.4733333333333334	1.388	1.2486666666666666	1.188	1.0293333333333334	0.994	0.822	0.7646666666666667	0.6873333333333334	0.6473333333333333	0.542	0.5526666666666666	0.4493333333333333	0.402	0.388	0.31	0.25866666666666666	0.25133333333333335	0.21133333333333335	0.20333333333333334	0.17333333333333334	0.14466666666666667	0.134	0.11333333333333333	0.096	0.08933333333333333	0.07733333333333334	0.056666666666666664	0.06	0.04466666666666667	0.03933333333333333	0.026	0.02666666666666667	0.012	0.016	0.008666666666666666	0.008	0.0033333333333333335	0.004	0.0006666666666666666	0.0	0.0	0.0	0.0	0.0	0.0	0.0	0.0	0.0	0.0	0.0	0.0	0.0	0.0	0.0	0.0	0.0	0.0	0.0	0.0	0.0	0.0	0.0	0.0	0.0	0.0	0.0	0.0	0.0	0.0	0.0	0.0	0.0	0.0	0.0	0.0	0.0	0.0	0.0	0.0	0.0	0.0	0.0	0.0	0.0	0.0	0.0	0.0	0.0	0.0	
2.7226666666666666	2.6613333333333333	2.438	2.304666666666667	2.228666666666667	2.158	1.848	1.7786666666666666	1.6833333333333333	1.4506666666666668	1.34	1.262	1.1306666666666667	1.01	0.9746666666666667	0.7866666666666666	0.76	0.7	0.614	0.5473333333333333	0.5013333333333333	0.44	0.3913333333333333	0.35933333333333334	0.3253333333333333	0.2733333333333333	0.244	0.22	0.20133333333333334	0.18466666666666667	0.14666666666666667	0.13866666666666666	0.12066666666666667	0.11266666666666666	0.09066666666666667	0.074	0.06866666666666667	0.06666666666666667	0.03933333333333333	0.03133333333333333	0.029333333333333333	0.024666666666666667	0.016	0.015333333333333332	0.007333333333333333	0.007333333333333333	0.002	0.0	0.0006666666666666666	0.0006666666666666666	0.0	0.0	0.0	0.0	0.0	0.0	0.0	0.0	0.0	0.0	0.0	0.0	0.0	0.0	0.0	0.0	0.0	0.0	0.0	0.0	0.0	0.0	0.0	0.0	0.0	0.0	0.0	0.0	0.0	0.0	0.0	0.0	0.0	0.0	0.0	0.0	0.0	0.0	0.0	0.0	0.0	0.0	0.0	0.0	0.0	0.0	0.0	0.0	0.0	
2.6966666666666668	2.684	2.3953333333333333	2.279333333333333	2.1253333333333333	2.1146666666666665	1.8686666666666667	1.8193333333333332	1.6353333333333333	1.482	1.386	1.2326666666666666	1.1966666666666668	1.0513333333333332	0.9833333333333333	0.8106666666666666	0.754	0.6593333333333333	0.618	0.5613333333333334	0.5066666666666667	0.44866666666666666	0.39066666666666666	0.344	0.328	0.276	0.284	0.21	0.21866666666666668	0.18133333333333335	0.16133333333333333	0.15	0.13466666666666666	0.108	0.09133333333333334	0.06533333333333333	0.06	0.066	0.043333333333333335	0.042666666666666665	0.030666666666666665	0.017333333333333333	0.020666666666666667	0.014	0.01	0.007333333333333333	0.004	0.004666666666666667	0.0006666666666666666	0.0013333333333333333	0.0	0.0	0.0	0.0	0.0	0.0	0.0	0.0	0.0	0.0	0.0	0.0	0.0	0.0	0.0	0.0	0.0	0.0	0.0	0.0	0.0	0.0	0.0	0.0	0.0	0.0	0.0	0.0	0.0	0.0	0.0	0.0	0.0	0.0	0.0	0.0	0.0	0.0	0.0	0.0	0.0	0.0	0.0	0.0	0.0	0.0	0.0	0.0	0.0	
2.714	2.648	2.3866666666666667	2.3393333333333333	2.1466666666666665	2.026	1.8566666666666667	1.768	1.6673333333333333	1.4853333333333334	1.458	1.2186666666666666	1.1526666666666667	1.024	0.9706666666666667	0.8393333333333334	0.7646666666666667	0.66	0.6286666666666667	0.5013333333333333	0.49866666666666665	0.396	0.428	0.35133333333333333	0.31266666666666665	0.2853333333333333	0.264	0.23466666666666666	0.21066666666666667	0.204	0.15133333333333332	0.13866666666666666	0.12533333333333332	0.10333333333333333	0.09333333333333334	0.086	0.058666666666666666	0.052	0.051333333333333335	0.038	0.034	0.02666666666666667	0.017333333333333333	0.011333333333333334	0.014666666666666666	0.006	0.006666666666666667	0.005333333333333333	0.002	0.0	0.0	0.0	0.0	0.0	0.0	0.0	0.0	0.0	0.0	0.0	0.0	0.0	0.0	0.0	0.0	0.0	0.0	0.0	0.0	0.0	0.0	0.0	0.0	0.0	0.0	0.0	0.0	0.0	0.0	0.0	0.0	0.0	0.0	0.0	0.0	0.0	0.0	0.0	0.0	0.0	0.0	0.0	0.0	0.0	0.0	0.0	0.0	0.0	0.0	
2.6506666666666665	2.6326666666666667	2.3853333333333335	2.3773333333333335	2.1426666666666665	1.9946666666666666	1.9233333333333333	1.7346666666666666	1.6313333333333333	1.52	1.3886666666666667	1.2246666666666666	1.1973333333333334	1.0153333333333334	0.9646666666666667	0.8006666666666666	0.768	0.696	0.6133333333333333	0.5366666666666666	0.5006666666666667	0.43	0.41733333333333333	0.3393333333333333	0.334	0.2613333333333333	0.2653333333333333	0.22333333333333333	0.22133333333333333	0.17466666666666666	0.148	0.12666666666666668	0.12533333333333332	0.106	0.078	0.072	0.07133333333333333	0.06666666666666667	0.034	0.042666666666666665	0.035333333333333335	0.025333333333333333	0.026	0.015333333333333332	0.009333333333333334	0.006	0.004666666666666667	0.0	0.0	0.0	0.0	0.0	0.0	0.0	0.0	0.0	0.0	0.0	0.0	0.0	0.0	0.0	0.0	0.0	0.0	0.0	0.0	0.0	0.0	0.0	0.0	0.0	0.0	0.0	0.0	0.0	0.0	0.0	0.0	0.0	0.0	0.0	0.0	0.0	0.0	0.0	0.0	0.0	0.0	0.0	0.0	0.0	0.0	0.0	0.0	0.0	0.0	0.0	0.0	
2.747333333333333	2.67	2.41	2.3533333333333335	2.1973333333333334	2.092	1.894	1.7466666666666666	1.6006666666666667	1.4426666666666668	1.3753333333333333	1.2626666666666666	1.1746666666666667	0.9626666666666667	0.9386666666666666	0.8213333333333334	0.7673333333333333	0.6806666666666666	0.64	0.5293333333333333	0.5253333333333333	0.45	0.43866666666666665	0.3466666666666667	0.35333333333333333	0.2846666666666667	0.252	0.228	0.19333333333333333	0.18533333333333332	0.15	0.13866666666666666	0.11733333333333333	0.09333333333333334	0.076	0.07666666666666666	0.06	0.04933333333333333	0.038	0.03866666666666667	0.019333333333333334	0.02266666666666667	0.016	0.017333333333333333	0.008666666666666666	0.004	0.0006666666666666666	0.002	0.0013333333333333333	0.002	0.0006666666666666666	0.0	0.0	0.0	0.0	0.0	0.0	0.0	0.0	0.0	0.0	0.0	0.0	0.0	0.0	0.0	0.0	0.0	0.0	0.0	0.0	0.0	0.0	0.0	0.0	0.0	0.0	0.0	0.0	0.0	0.0	0.0	0.0	0.0	0.0	0.0	0.0	0.0	0.0	0.0	0.0	0.0	0.0	0.0	0.0	0.0	0.0	0.0	0.0	
2.6746666666666665	2.688	2.468	2.3753333333333333	2.1326666666666667	2.0673333333333335	1.856	1.77	1.6093333333333333	1.5506666666666666	1.3786666666666667	1.278	1.158	1.0166666666666666	0.9573333333333334	0.866	0.858	0.666	0.646	0.5153333333333333	0.5233333333333333	0.42533333333333334	0.392	0.3333333333333333	0.33466666666666667	0.2773333333333333	0.2833333333333333	0.234	0.18533333333333332	0.17266666666666666	0.158	0.13066666666666665	0.11333333333333333	0.11066666666666666	0.07666666666666666	0.08666666666666667	0.06133333333333333	0.05733333333333333	0.04533333333333334	0.035333333333333335	0.028666666666666667	0.029333333333333333	0.014666666666666666	0.014666666666666666	0.013333333333333334	0.006666666666666667	0.0013333333333333333	0.002	0.0013333333333333333	0.002	0.0	0.0	0.0	0.0	0.0	0.0	0.0	0.0	0.0	0.0	0.0	0.0	0.0	0.0	0.0	0.0	0.0	0.0	0.0	0.0	0.0	0.0	0.0	0.0	0.0	0.0	0.0	0.0	0.0	0.0	0.0	0.0	0.0	0.0	0.0	0.0	0.0	0.0	0.0	0.0	0.0	0.0	0.0	0.0	0.0	0.0	0.0	0.0	0.0	
2.7533333333333334	2.6313333333333335	2.3633333333333333	2.3466666666666667	2.1573333333333333	2.048	1.8866666666666667	1.75	1.6206666666666667	1.506	1.3793333333333333	1.2673333333333334	1.264	1.0026666666666666	0.942	0.7893333333333333	0.7813333333333333	0.6893333333333334	0.6373333333333333	0.5513333333333333	0.514	0.43	0.40066666666666667	0.34933333333333333	0.3546666666666667	0.282	0.2613333333333333	0.21466666666666667	0.192	0.17333333333333334	0.17	0.13733333333333334	0.116	0.098	0.08866666666666667	0.06866666666666667	0.05533333333333333	0.05733333333333333	0.04466666666666667	0.03133333333333333	0.036	0.028666666666666667	0.016666666666666666	0.012	0.01	0.004666666666666667	0.006666666666666667	0.004666666666666667	0.0013333333333333333	0.0	0.0	0.0	0.0	0.0	0.0	0.0	0.0	0.0	0.0	0.0	0.0	0.0	0.0	0.0	0.0	0.0	0.0	0.0	0.0	0.0	0.0	0.0	0.0	0.0	0.0	0.0	0.0	0.0	0.0	0.0	0.0	0.0	0.0	0.0	0.0	0.0	0.0	0.0	0.0	0.0	0.0	0.0	0.0	0.0	0.0	0.0	0.0	0.0	0.0	
2.708	2.6893333333333334	2.384	2.3633333333333333	2.16	2.0206666666666666	1.8746666666666667	1.8093333333333332	1.5853333333333333	1.4766666666666666	1.4013333333333333	1.2066666666666668	1.17	1.0353333333333334	0.9693333333333334	0.8226666666666667	0.7833333333333333	0.6266666666666667	0.6406666666666667	0.5593333333333333	0.5266666666666666	0.422	0.414	0.36733333333333335	0.3626666666666667	0.2713333333333333	0.25133333333333335	0.24533333333333332	0.19733333333333333	0.16666666666666666	0.164	0.13466666666666666	0.11	0.09466666666666666	0.088	0.09133333333333334	0.06266666666666666	0.052	0.044	0.030666666666666665	0.03133333333333333	0.024	0.012666666666666666	0.015333333333333332	0.006	0.006666666666666667	0.0013333333333333333	0.0013333333333333333	0.0006666666666666666	0.0013333333333333333	0.0	0.0	0.0	0.0	0.0	0.0	0.0	0.0	0.0	0.0	0.0	0.0	0.0	0.0	0.0	0.0	0.0	0.0	0.0	0.0	0.0	0.0	0.0	0.0	0.0	0.0	0.0	0.0	0.0	0.0	0.0	0.0	0.0	0.0	0.0	0.0	0.0	0.0	0.0	0.0	0.0	0.0	0.0	0.0	0.0	0.0	0.0	0.0	0.0	
2.7093333333333334	2.698	2.4306666666666668	2.36	2.1926666666666668	2.11	1.9273333333333333	1.8273333333333333	1.6386666666666667	1.5266666666666666	1.4613333333333334	1.2266666666666666	1.1866666666666668	0.976	0.9726666666666667	0.8593333333333333	0.8026666666666666	0.704	0.62	0.5733333333333334	0.518	0.47	0.43	0.3373333333333333	0.3313333333333333	0.308	0.2786666666666667	0.21866666666666668	0.22133333333333333	0.16266666666666665	0.16933333333333334	0.13933333333333334	0.12266666666666666	0.11066666666666666	0.094	0.066	0.04933333333333333	0.052	0.03933333333333333	0.038	0.028666666666666667	0.021333333333333333	0.013333333333333334	0.02	0.007333333333333333	0.0033333333333333335	0.004	0.0033333333333333335	0.0013333333333333333	0.0	0.0	0.0	0.0	0.0	0.0	0.0	0.0	0.0	0.0	0.0	0.0	0.0	0.0	0.0	0.0	0.0	0.0	0.0	0.0	0.0	0.0	0.0	0.0	0.0	0.0	0.0	0.0	0.0	0.0	0.0	0.0	0.0	0.0	0.0	0.0	0.0	0.0	0.0	0.0	0.0	0.0	0.0	0.0	0.0	0.0	0.0	0.0	0.0	0.0	
2.7906666666666666	2.698	2.4446666666666665	2.3866666666666667	2.166	2.07	1.856	1.756	1.618	1.5306666666666666	1.3673333333333333	1.22	1.146	1.01	0.9366666666666666	0.8533333333333334	0.7466666666666667	0.6566666666666666	0.6486666666666666	0.5366666666666666	0.5106666666666667	0.44133333333333336	0.4026666666666667	0.36866666666666664	0.34	0.2786666666666667	0.24933333333333332	0.21266666666666667	0.18933333333333333	0.194	0.17	0.118	0.10533333333333333	0.09066666666666667	0.08733333333333333	0.07	0.056666666666666664	0.04466666666666667	0.044	0.036	0.022	0.02666666666666667	0.017333333333333333	0.014	0.010666666666666666	0.005333333333333333	0.0026666666666666666	0.0033333333333333335	0.0013333333333333333	0.0	0.0	0.0006666666666666666	0.0	0.0	0.0	0.0	0.0	0.0	0.0	0.0	0.0	0.0	0.0	0.0	0.0	0.0	0.0	0.0	0.0	0.0	0.0	0.0	0.0	0.0	0.0	0.0	0.0	0.0	0.0	0.0	0.0	0.0	0.0	0.0	0.0	0.0	0.0	0.0	0.0	0.0	0.0	0.0	0.0	0.0	0.0	0.0	0.0	0.0	0.0	
2.728666666666667	2.5726666666666667	2.4633333333333334	2.3406666666666665	2.18	2.0753333333333335	1.96	1.7613333333333334	1.648	1.4806666666666666	1.4046666666666667	1.2673333333333334	1.14	0.976	0.9046666666666666	0.824	0.768	0.6213333333333333	0.6506666666666666	0.5386666666666666	0.528	0.44466666666666665	0.4553333333333333	0.3353333333333333	0.308	0.2733333333333333	0.2613333333333333	0.23933333333333334	0.212	0.196	0.15466666666666667	0.134	0.09866666666666667	0.11333333333333333	0.09466666666666666	0.08666666666666667	0.06333333333333334	0.06133333333333333	0.04133333333333333	0.028	0.029333333333333333	0.021333333333333333	0.021333333333333333	0.008	0.009333333333333334	0.006	0.006	0.0033333333333333335	0.0006666666666666666	0.0006666666666666666	0.0	0.0	0.0	0.0	0.0	0.0	0.0	0.0	0.0	0.0	0.0	0.0	0.0	0.0	0.0	0.0	0.0	0.0	0.0	0.0	0.0	0.0	0.0	0.0	0.0	0.0	0.0	0.0	0.0	0.0	0.0	0.0	0.0	0.0	0.0	0.0	0.0	0.0	0.0	0.0	0.0	0.0	0.0	0.0	0.0	0.0	0.0	0.0	0.0	
2.7006666666666668	2.6453333333333333	2.470666666666667	2.4073333333333333	2.1346666666666665	1.9813333333333334	1.864	1.7426666666666666	1.532	1.4786666666666666	1.3686666666666667	1.2806666666666666	1.1426666666666667	1.0473333333333332	0.9253333333333333	0.7826666666666666	0.7573333333333333	0.6666666666666666	0.5933333333333334	0.5393333333333333	0.5013333333333333	0.43	0.38	0.362	0.33266666666666667	0.30333333333333334	0.25466666666666665	0.206	0.208	0.18733333333333332	0.15533333333333332	0.136	0.11933333333333333	0.092	0.08	0.074	0.048	0.05733333333333333	0.048666666666666664	0.036	0.028666666666666667	0.025333333333333333	0.020666666666666667	0.016	0.007333333333333333	0.008	0.004666666666666667	0.0026666666666666666	0.0006666666666666666	0.0	0.0	0.0	0.0	0.0	0.0	0.0	0.0	0.0	0.0	0.0	0.0	0.0	0.0	0.0	0.0	0.0	0.0	0.0	0.0	0.0	0.0	0.0	0.0	0.0	0.0	0.0	0.0	0.0	0.0	0.0	0.0	0.0	0.0	0.0	0.0	0.0	0.0	0.0	0.0	0.0	0.0	0.0	0.0	0.0	0.0	0.0	0.0	0.0	0.0	
2.764666666666667	2.648	2.3973333333333335	2.3313333333333333	2.184	2.0493333333333332	1.904	1.6646666666666667	1.654	1.4566666666666668	1.394	1.246	1.178	1.026	0.9713333333333334	0.8106666666666666	0.7766666666666666	0.666	0.648	0.5506666666666666	0.53	0.4553333333333333	0.408	0.3586666666666667	0.324	0.31666666666666665	0.266	0.23333333333333334	0.21466666666666667	0.16733333333333333	0.166	0.13866666666666666	0.10933333333333334	0.10466666666666667	0.09533333333333334	0.08333333333333333	0.058	0.06866666666666667	0.043333333333333335	0.04	0.03133333333333333	0.024666666666666667	0.015333333333333332	0.012	0.01	0.006666666666666667	0.0033333333333333335	0.004	0.0006666666666666666	0.0006666666666666666	0.0	0.0	0.0	0.0	0.0	0.0	0.0	0.0	0.0	0.0	0.0	0.0	0.0	0.0	0.0	0.0	0.0	0.0	0.0	0.0	0.0	0.0	0.0	0.0	0.0	0.0	0.0	0.0	0.0	0.0	0.0	0.0	0.0	0.0	0.0	0.0	0.0	0.0	0.0	0.0	0.0	0.0	0.0	0.0	0.0	0.0	0.0	0.0	0.0	
2.6573333333333333	2.672	2.408	2.239333333333333	2.0986666666666665	2.0473333333333334	1.814	1.718	1.6553333333333333	1.5073333333333334	1.3846666666666667	1.2866666666666666	1.1633333333333333	1.022	1.0006666666666666	0.8	0.784	0.6693333333333333	0.628	0.5573333333333333	0.5066666666666667	0.42	0.39866666666666667	0.3426666666666667	0.32133333333333336	0.276	0.248	0.21666666666666667	0.20666666666666667	0.176	0.13533333333333333	0.13666666666666666	0.10933333333333334	0.094	0.09066666666666667	0.08466666666666667	0.058	0.059333333333333335	0.04933333333333333	0.032	0.020666666666666667	0.02666666666666667	0.016	0.01	0.009333333333333334	0.004	0.002	0.0013333333333333333	0.0006666666666666666	0.0006666666666666666	0.0	0.0006666666666666666	0.0	0.0	0.0	0.0	0.0	0.0	0.0	0.0	0.0	0.0	0.0	0.0	0.0	0.0	0.0	0.0	0.0	0.0	0.0	0.0	0.0	0.0	0.0	0.0	0.0	0.0	0.0	0.0	0.0	0.0	0.0	0.0	0.0	0.0	0.0	0.0	0.0	0.0	0.0	0.0	0.0	0.0	0.0	0.0	0.0	0.0	0.0	
2.782	2.6526666666666667	2.428	2.296	2.1946666666666665	2.0006666666666666	1.9406666666666668	1.8086666666666666	1.6346666666666667	1.4866666666666666	1.402	1.2013333333333334	1.1646666666666667	0.9933333333333333	1.0086666666666666	0.846	0.7553333333333333	0.6746666666666666	0.6706666666666666	0.5	0.5246666666666666	0.418	0.398	0.3313333333333333	0.35933333333333334	0.2786666666666667	0.26266666666666666	0.22333333333333333	0.19666666666666666	0.17066666666666666	0.162	0.12933333333333333	0.12866666666666668	0.10866666666666666	0.06933333333333333	0.07933333333333334	0.066	0.04066666666666666	0.044	0.025333333333333333	0.023333333333333334	0.022	0.017333333333333333	0.012666666666666666	0.010666666666666666	0.006666666666666667	0.007333333333333333	0.004	0.0006666666666666666	0.0013333333333333333	0.0	0.0	0.0	0.0	0.0	0.0	0.0	0.0	0.0	0.0	0.0	0.0	0.0	0.0	0.0	0.0	0.0	0.0	0.0	0.0	0.0	0.0	0.0	0.0	0.0	0.0	0.0	0.0	0.0	0.0	0.0	0.0	0.0	0.0	0.0	0.0	0.0	0.0	0.0	0.0	0.0	0.0	0.0	0.0	0.0	0.0	0.0	0.0	0.0	
2.6706666666666665	2.6386666666666665	2.394	2.316666666666667	2.1246666666666667	2.066	1.806	1.7206666666666666	1.602	1.56	1.3913333333333333	1.23	1.1373333333333333	1.0506666666666666	0.942	0.8346666666666667	0.8006666666666666	0.648	0.63	0.5373333333333333	0.5113333333333333	0.396	0.43533333333333335	0.33466666666666667	0.32466666666666666	0.28933333333333333	0.272	0.216	0.20533333333333334	0.178	0.14866666666666667	0.13066666666666665	0.10266666666666667	0.11133333333333334	0.088	0.07533333333333334	0.06666666666666667	0.05733333333333333	0.034666666666666665	0.03266666666666666	0.018666666666666668	0.025333333333333333	0.01	0.011333333333333334	0.011333333333333334	0.008	0.002	0.0033333333333333335	0.0	0.002	0.0	0.0	0.0	0.0	0.0	0.0	0.0	0.0	0.0	0.0	0.0	0.0	0.0	0.0	0.0	0.0	0.0	0.0	0.0	0.0	0.0	0.0	0.0	0.0	0.0	0.0	0.0	0.0	0.0	0.0	0.0	0.0	0.0	0.0	0.0	0.0	0.0	0.0	0.0	0.0	0.0	0.0	0.0	0.0	0.0	0.0	0.0	0.0	0.0	
2.759333333333333	2.666	2.382	2.3073333333333332	2.1726666666666667	1.9886666666666666	1.8813333333333333	1.6733333333333333	1.6493333333333333	1.5046666666666666	1.354	1.2006666666666668	1.1586666666666667	1.0093333333333334	0.946	0.7853333333333333	0.7673333333333333	0.6466666666666666	0.6053333333333333	0.5393333333333333	0.5166666666666667	0.43333333333333335	0.41933333333333334	0.34933333333333333	0.3393333333333333	0.2886666666666667	0.258	0.226	0.206	0.18333333333333332	0.14133333333333334	0.13133333333333333	0.12	0.10466666666666667	0.08733333333333333	0.086	0.07733333333333334	0.056666666666666664	0.042	0.032	0.03	0.03	0.018666666666666668	0.012	0.009333333333333334	0.006666666666666667	0.0033333333333333335	0.004	0.002	0.0006666666666666666	0.0006666666666666666	0.0	0.0	0.0	0.0	0.0	0.0	0.0	0.0	0.0	0.0	0.0	0.0	0.0	0.0	0.0	0.0	0.0	0.0	0.0	0.0	0.0	0.0	0.0	0.0	0.0	0.0	0.0	0.0	0.0	0.0	0.0	0.0	0.0	0.0	0.0	0.0	0.0	0.0	0.0	0.0	0.0	0.0	0.0	0.0	0.0	0.0	0.0	0.0	
2.724666666666667	2.622	2.3833333333333333	2.332666666666667	2.1546666666666665	2.050666666666667	1.8993333333333333	1.734	1.5666666666666667	1.446	1.3526666666666667	1.2706666666666666	1.1093333333333333	0.9746666666666667	0.9813333333333333	0.764	0.7693333333333333	0.6926666666666667	0.622	0.512	0.5293333333333333	0.3973333333333333	0.4066666666666667	0.36666666666666664	0.35333333333333333	0.27466666666666667	0.25666666666666665	0.23066666666666666	0.20466666666666666	0.17733333333333334	0.16266666666666665	0.12733333333333333	0.10866666666666666	0.11666666666666667	0.088	0.07666666666666666	0.06466666666666666	0.052	0.044	0.024	0.02666666666666667	0.027333333333333334	0.018	0.016	0.01	0.007333333333333333	0.005333333333333333	0.004666666666666667	0.002	0.0013333333333333333	0.0	0.0	0.0	0.0	0.0	0.0	0.0	0.0	0.0	0.0	0.0	0.0	0.0	0.0	0.0	0.0	0.0	0.0	0.0	0.0	0.0	0.0	0.0	0.0	0.0	0.0	0.0	0.0	0.0	0.0	0.0	0.0	0.0	0.0	0.0	0.0	0.0	0.0	0.0	0.0	0.0	0.0	0.0	0.0	0.0	0.0	0.0	0.0	0.0	
2.744666666666667	2.704	2.45	2.292666666666667	2.134	2.018666666666667	1.878	1.7473333333333334	1.634	1.49	1.3953333333333333	1.2106666666666666	1.1486666666666667	1.052	0.9353333333333333	0.7966666666666666	0.794	0.68	0.6166666666666667	0.5086666666666667	0.496	0.4246666666666667	0.412	0.32266666666666666	0.334	0.27666666666666667	0.24666666666666667	0.23133333333333334	0.202	0.17533333333333334	0.174	0.15066666666666667	0.114	0.09666666666666666	0.09066666666666667	0.09	0.06533333333333333	0.06533333333333333	0.05266666666666667	0.04133333333333333	0.028	0.024	0.019333333333333334	0.01	0.009333333333333334	0.006	0.005333333333333333	0.0026666666666666666	0.0026666666666666666	0.0006666666666666666	0.0	0.0	0.0	0.0	0.0	0.0	0.0	0.0	0.0	0.0	0.0	0.0	0.0	0.0	0.0	0.0	0.0	0.0	0.0	0.0	0.0	0.0	0.0	0.0	0.0	0.0	0.0	0.0	0.0	0.0	0.0	0.0	0.0	0.0	0.0	0.0	0.0	0.0	0.0	0.0	0.0	0.0	0.0	0.0	0.0	0.0	0.0	0.0	0.0	
2.732	2.5966666666666667	2.358	2.328	2.158	1.9666666666666666	1.8966666666666667	1.722	1.6406666666666667	1.406	1.416	1.2106666666666666	1.1306666666666667	0.992	0.9506666666666667	0.7346666666666667	0.7446666666666667	0.6506666666666666	0.6753333333333333	0.5286666666666666	0.5206666666666667	0.41	0.4266666666666667	0.34933333333333333	0.3233333333333333	0.28933333333333333	0.25066666666666665	0.236	0.20533333333333334	0.18	0.13666666666666666	0.13	0.11533333333333333	0.104	0.09333333333333334	0.06933333333333333	0.06266666666666666	0.058666666666666666	0.04	0.034666666666666665	0.04733333333333333	0.021333333333333333	0.012	0.014	0.008666666666666666	0.008	0.0026666666666666666	0.0	0.0013333333333333333	0.0	0.0	0.0	0.0	0.0	0.0	0.0	0.0	0.0	0.0	0.0	0.0	0.0	0.0	0.0	0.0	0.0	0.0	0.0	0.0	0.0	0.0	0.0	0.0	0.0	0.0	0.0	0.0	0.0	0.0	0.0	0.0	0.0	0.0	0.0	0.0	0.0	0.0	0.0	0.0	0.0	0.0	0.0	0.0	0.0	0.0	0.0	0.0	0.0	0.0	
2.75	2.6766666666666667	2.3933333333333335	2.376	2.0886666666666667	1.9693333333333334	1.8286666666666667	1.7566666666666666	1.642	1.4146666666666667	1.354	1.2293333333333334	1.1433333333333333	1.0193333333333334	0.9266666666666666	0.7733333333333333	0.7746666666666666	0.6446666666666667	0.6433333333333333	0.5346666666666666	0.52	0.43933333333333335	0.39466666666666667	0.3486666666666667	0.32466666666666666	0.272	0.25466666666666665	0.222	0.192	0.18866666666666668	0.15666666666666668	0.142	0.11266666666666666	0.102	0.10066666666666667	0.07733333333333334	0.06733333333333333	0.056666666666666664	0.043333333333333335	0.030666666666666665	0.027333333333333334	0.02666666666666667	0.017333333333333333	0.014	0.006	0.008666666666666666	0.005333333333333333	0.002	0.0	0.0026666666666666666	0.0	0.0	0.0	0.0	0.0	0.0	0.0	0.0	0.0	0.0	0.0	0.0	0.0	0.0	0.0	0.0	0.0	0.0	0.0	0.0	0.0	0.0	0.0	0.0	0.0	0.0	0.0	0.0	0.0	0.0	0.0	0.0	0.0	0.0	0.0	0.0	0.0	0.0	0.0	0.0	0.0	0.0	0.0	0.0	0.0	0.0	0.0	0.0	0.0	
2.708	2.6473333333333335	2.406	2.291333333333333	2.0713333333333335	1.9533333333333334	1.882	1.7633333333333334	1.6373333333333333	1.524	1.3833333333333333	1.2486666666666666	1.1673333333333333	0.9946666666666667	0.9533333333333334	0.8313333333333334	0.7673333333333333	0.6433333333333333	0.67	0.5226666666666666	0.5133333333333333	0.458	0.45066666666666666	0.3353333333333333	0.3313333333333333	0.274	0.25466666666666665	0.21133333333333335	0.21733333333333332	0.192	0.138	0.138	0.118	0.09266666666666666	0.08333333333333333	0.082	0.062	0.051333333333333335	0.044	0.038	0.034	0.024	0.015333333333333332	0.014	0.009333333333333334	0.006	0.002	0.002	0.0	0.0006666666666666666	0.0	0.0	0.0	0.0	0.0	0.0	0.0	0.0	0.0	0.0	0.0	0.0	0.0	0.0	0.0	0.0	0.0	0.0	0.0	0.0	0.0	0.0	0.0	0.0	0.0	0.0	0.0	0.0	0.0	0.0	0.0	0.0	0.0	0.0	0.0	0.0	0.0	0.0	0.0	0.0	0.0	0.0	0.0	0.0	0.0	0.0	0.0	0.0	0.0	
2.6773333333333333	2.5553333333333335	2.412	2.364	2.0806666666666667	2.018	1.8826666666666667	1.6966666666666668	1.5773333333333333	1.4953333333333334	1.3966666666666667	1.2546666666666666	1.138	1.006	0.958	0.812	0.7593333333333333	0.6566666666666666	0.6106666666666667	0.5093333333333333	0.48	0.41533333333333333	0.39266666666666666	0.328	0.336	0.294	0.23466666666666666	0.22333333333333333	0.20666666666666667	0.172	0.148	0.12466666666666666	0.112	0.09666666666666666	0.08533333333333333	0.072	0.06066666666666667	0.056	0.034	0.03	0.023333333333333334	0.022	0.018666666666666668	0.012666666666666666	0.008666666666666666	0.005333333333333333	0.006	0.005333333333333333	0.0006666666666666666	0.002	0.0	0.0	0.0	0.0	0.0	0.0	0.0	0.0	0.0	0.0	0.0	0.0	0.0	0.0	0.0	0.0	0.0	0.0	0.0	0.0	0.0	0.0	0.0	0.0	0.0	0.0	0.0	0.0	0.0	0.0	0.0	0.0	0.0	0.0	0.0	0.0	0.0	0.0	0.0	0.0	0.0	0.0	0.0	0.0	0.0	0.0	0.0	0.0	0.0	
2.760666666666667	2.6733333333333333	2.3606666666666665	2.3186666666666667	2.1566666666666667	2.066	1.8373333333333333	1.7693333333333334	1.5953333333333333	1.4966666666666666	1.3866666666666667	1.176	1.1473333333333333	1.0266666666666666	0.9573333333333334	0.778	0.7926666666666666	0.6246666666666667	0.65	0.522	0.49666666666666665	0.43333333333333335	0.37733333333333335	0.33666666666666667	0.32266666666666666	0.27266666666666667	0.252	0.246	0.21733333333333332	0.186	0.12866666666666668	0.126	0.11	0.10066666666666667	0.08533333333333333	0.07066666666666667	0.06133333333333333	0.04533333333333334	0.046	0.03333333333333333	0.027333333333333334	0.02	0.015333333333333332	0.010666666666666666	0.008	0.009333333333333334	0.002	0.004666666666666667	0.0	0.0006666666666666666	0.0	0.0	0.0	0.0	0.0	0.0	0.0	0.0	0.0	0.0	0.0	0.0	0.0	0.0	0.0	0.0	0.0	0.0	0.0	0.0	0.0	0.0	0.0	0.0	0.0	0.0	0.0	0.0	0.0	0.0	0.0	0.0	0.0	0.0	0.0	0.0	0.0	0.0	0.0	0.0	0.0	0.0	0.0	0.0	0.0	0.0	0.0	0.0	0.0	
2.706	2.6046666666666667	2.32	2.304666666666667	2.1286666666666667	1.9546666666666668	1.9073333333333333	1.738	1.6	1.434	1.3666666666666667	1.2166666666666666	1.144	1.0213333333333334	0.922	0.7873333333333333	0.774	0.6173333333333333	0.64	0.5266666666666666	0.51	0.41533333333333333	0.4106666666666667	0.35	0.342	0.2633333333333333	0.262	0.238	0.22	0.18066666666666667	0.14466666666666667	0.12866666666666668	0.116	0.098	0.082	0.072	0.056	0.05466666666666667	0.037333333333333336	0.042666666666666665	0.018	0.019333333333333334	0.017333333333333333	0.010666666666666666	0.009333333333333334	0.005333333333333333	0.002	0.0033333333333333335	0.0006666666666666666	0.0	0.0	0.0	0.0	0.0	0.0	0.0	0.0	0.0	0.0	0.0	0.0	0.0	0.0	0.0	0.0	0.0	0.0	0.0	0.0	0.0	0.0	0.0	0.0	0.0	0.0	0.0	0.0	0.0	0.0	0.0	0.0	0.0	0.0	0.0	0.0	0.0	0.0	0.0	0.0	0.0	0.0	0.0	0.0	0.0	0.0	0.0	0.0	0.0	0.0	
2.772666666666667	2.6413333333333333	2.3586666666666667	2.2706666666666666	2.054666666666667	2.0286666666666666	1.8546666666666667	1.7706666666666666	1.5886666666666667	1.4946666666666666	1.4026666666666667	1.1426666666666667	1.1566666666666667	0.9793333333333333	0.92	0.842	0.7773333333333333	0.6126666666666667	0.6373333333333333	0.5333333333333333	0.5113333333333333	0.43333333333333335	0.41733333333333333	0.328	0.346	0.2733333333333333	0.27666666666666667	0.21533333333333332	0.21466666666666667	0.18	0.13866666666666666	0.13533333333333333	0.104	0.09866666666666667	0.094	0.074	0.058	0.05266666666666667	0.050666666666666665	0.05	0.019333333333333334	0.028666666666666667	0.018	0.018666666666666668	0.008666666666666666	0.006	0.004666666666666667	0.0013333333333333333	0.0	0.0006666666666666666	0.0	0.0	0.0	0.0	0.0	0.0	0.0	0.0	0.0	0.0	0.0	0.0	0.0	0.0	0.0	0.0	0.0	0.0	0.0	0.0	0.0	0.0	0.0	0.0	0.0	0.0	0.0	0.0	0.0	0.0	0.0	0.0	0.0	0.0	0.0	0.0	0.0	0.0	0.0	0.0	0.0	0.0	0.0	0.0	0.0	0.0	0.0	0.0	0.0	
2.68	2.6653333333333333	2.352	2.382	2.054666666666667	2.1293333333333333	1.794	1.73	1.586	1.4566666666666668	1.3726666666666667	1.2246666666666666	1.1853333333333333	1.018	0.924	0.8106666666666666	0.7813333333333333	0.6486666666666666	0.616	0.506	0.5113333333333333	0.42533333333333334	0.388	0.3353333333333333	0.32466666666666666	0.254	0.262	0.218	0.212	0.17666666666666667	0.15733333333333333	0.128	0.10666666666666667	0.12133333333333333	0.076	0.08333333333333333	0.062	0.05466666666666667	0.043333333333333335	0.03266666666666666	0.025333333333333333	0.022	0.012	0.012666666666666666	0.006	0.004666666666666667	0.0013333333333333333	0.0026666666666666666	0.0006666666666666666	0.0006666666666666666	0.0006666666666666666	0.0	0.0	0.0	0.0	0.0	0.0	0.0	0.0	0.0	0.0	0.0	0.0	0.0	0.0	0.0	0.0	0.0	0.0	0.0	0.0	0.0	0.0	0.0	0.0	0.0	0.0	0.0	0.0	0.0	0.0	0.0	0.0	0.0	0.0	0.0	0.0	0.0	0.0	0.0	0.0	0.0	0.0	0.0	0.0	0.0	0.0	0.0	0.0	
2.6786666666666665	2.6026666666666665	2.4153333333333333	2.3153333333333332	2.0906666666666665	1.912	1.8426666666666667	1.704	1.5746666666666667	1.3946666666666667	1.4013333333333333	1.216	1.1566666666666667	0.9646666666666667	0.9593333333333334	0.8133333333333334	0.7546666666666667	0.6453333333333333	0.6453333333333333	0.51	0.512	0.3993333333333333	0.404	0.35133333333333333	0.33466666666666667	0.294	0.24933333333333332	0.2	0.20866666666666667	0.16866666666666666	0.16	0.132	0.12866666666666668	0.092	0.08666666666666667	0.07666666666666666	0.059333333333333335	0.046	0.042666666666666665	0.03266666666666666	0.032	0.032	0.014	0.016	0.008666666666666666	0.006	0.0033333333333333335	0.0026666666666666666	0.0	0.0	0.0	0.0	0.0	0.0	0.0	0.0	0.0	0.0	0.0	0.0	0.0	0.0	0.0	0.0	0.0	0.0	0.0	0.0	0.0	0.0	0.0	0.0	0.0	0.0	0.0	0.0	0.0	0.0	0.0	0.0	0.0	0.0	0.0	0.0	0.0	0.0	0.0	0.0	0.0	0.0	0.0	0.0	0.0	0.0	0.0	0.0	0.0	0.0	0.0	
2.702	2.5733333333333333	2.3393333333333333	2.3146666666666667	2.01	1.9613333333333334	1.83	1.7393333333333334	1.6433333333333333	1.468	1.4026666666666667	1.1886666666666668	1.1993333333333334	0.99	0.9446666666666667	0.7906666666666666	0.734	0.642	0.6126666666666667	0.49066666666666664	0.49133333333333334	0.426	0.404	0.366	0.3353333333333333	0.2846666666666667	0.2773333333333333	0.224	0.184	0.174	0.15466666666666667	0.144	0.10733333333333334	0.09533333333333334	0.07133333333333333	0.07	0.06333333333333334	0.05733333333333333	0.04	0.034	0.022	0.02	0.011333333333333334	0.016	0.01	0.006666666666666667	0.006666666666666667	0.002	0.002	0.0006666666666666666	0.0	0.0	0.0	0.0	0.0	0.0	0.0	0.0	0.0	0.0	0.0	0.0	0.0	0.0	0.0	0.0	0.0	0.0	0.0	0.0	0.0	0.0	0.0	0.0	0.0	0.0	0.0	0.0	0.0	0.0	0.0	0.0	0.0	0.0	0.0	0.0	0.0	0.0	0.0	0.0	0.0	0.0	0.0	0.0	0.0	0.0	0.0	0.0	0.0	
2.6626666666666665	2.578666666666667	2.312666666666667	2.292	2.1126666666666667	1.9766666666666666	1.8653333333333333	1.7726666666666666	1.528	1.4613333333333334	1.348	1.2306666666666666	1.1253333333333333	0.9733333333333334	0.9526666666666667	0.8033333333333333	0.8013333333333333	0.6273333333333333	0.654	0.5493333333333333	0.506	0.44066666666666665	0.4166666666666667	0.3506666666666667	0.308	0.2826666666666667	0.23133333333333334	0.21	0.21466666666666667	0.17266666666666666	0.15	0.14133333333333334	0.12666666666666668	0.11266666666666666	0.082	0.07533333333333334	0.07	0.04133333333333333	0.04466666666666667	0.037333333333333336	0.028	0.029333333333333333	0.018666666666666668	0.013333333333333334	0.008	0.006666666666666667	0.0013333333333333333	0.0026666666666666666	0.002	0.0006666666666666666	0.0	0.0	0.0	0.0	0.0	0.0	0.0	0.0	0.0	0.0	0.0	0.0	0.0	0.0	0.0	0.0	0.0	0.0	0.0	0.0	0.0	0.0	0.0	0.0	0.0	0.0	0.0	0.0	0.0	0.0	0.0	0.0	0.0	0.0	0.0	0.0	0.0	0.0	0.0	0.0	0.0	0.0	0.0	0.0	0.0	0.0	0.0	0.0	0.0	
2.7186666666666666	2.6386666666666665	2.3586666666666667	2.291333333333333	2.09	2.032	1.8693333333333333	1.7266666666666666	1.6266666666666667	1.5246666666666666	1.3906666666666667	1.1893333333333334	1.1513333333333333	0.9953333333333333	0.9766666666666667	0.81	0.7766666666666666	0.652	0.6506666666666666	0.5133333333333333	0.5086666666666667	0.42733333333333334	0.4	0.352	0.32866666666666666	0.2733333333333333	0.24	0.228	0.188	0.16666666666666666	0.15	0.13733333333333334	0.11133333333333334	0.10066666666666667	0.08	0.06933333333333333	0.05533333333333333	0.05266666666666667	0.04666666666666667	0.04	0.030666666666666665	0.028	0.020666666666666667	0.017333333333333333	0.006666666666666667	0.008	0.0013333333333333333	0.002	0.0	0.0006666666666666666	0.0	0.0	0.0	0.0	0.0	0.0	0.0	0.0	0.0	0.0	0.0	0.0	0.0	0.0	0.0	0.0	0.0	0.0	0.0	0.0	0.0	0.0	0.0	0.0	0.0	0.0	0.0	0.0	0.0	0.0	0.0	0.0	0.0	0.0	0.0	0.0	0.0	0.0	0.0	0.0	0.0	0.0	0.0	0.0	0.0	0.0	0.0	0.0	0.0	
2.694	2.654	2.38	2.2693333333333334	2.1033333333333335	2.004	1.8886666666666667	1.6873333333333334	1.6026666666666667	1.544	1.3706666666666667	1.1826666666666668	1.1606666666666667	1.0206666666666666	0.926	0.7953333333333333	0.718	0.6286666666666667	0.5953333333333334	0.522	0.5346666666666666	0.4493333333333333	0.39066666666666666	0.3486666666666667	0.28933333333333333	0.274	0.266	0.22266666666666668	0.182	0.16733333333333333	0.13666666666666666	0.13466666666666666	0.116	0.106	0.08	0.07733333333333334	0.066	0.05733333333333333	0.038	0.03933333333333333	0.03	0.02666666666666667	0.019333333333333334	0.012	0.006666666666666667	0.005333333333333333	0.005333333333333333	0.0013333333333333333	0.0006666666666666666	0.0013333333333333333	0.0	0.0	0.0	0.0	0.0	0.0	0.0	0.0	0.0	0.0	0.0	0.0	0.0	0.0	0.0	0.0	0.0	0.0	0.0	0.0	0.0	0.0	0.0	0.0	0.0	0.0	0.0	0.0	0.0	0.0	0.0	0.0	0.0	0.0	0.0	0.0	0.0	0.0	0.0	0.0	0.0	0.0	0.0	0.0	0.0	0.0	0.0	0.0	0.0	
2.66	2.582666666666667	2.291333333333333	2.3513333333333333	2.094	1.9946666666666666	1.814	1.7686666666666666	1.6353333333333333	1.492	1.39	1.2133333333333334	1.2186666666666666	0.996	0.9526666666666667	0.8373333333333334	0.8146666666666667	0.6826666666666666	0.612	0.5253333333333333	0.5153333333333333	0.428	0.4046666666666667	0.3446666666666667	0.31333333333333335	0.282	0.22533333333333333	0.22733333333333333	0.19066666666666668	0.16933333333333334	0.14	0.13133333333333333	0.10066666666666667	0.096	0.08333333333333333	0.07	0.052	0.051333333333333335	0.032	0.028	0.028666666666666667	0.022	0.016	0.013333333333333334	0.005333333333333333	0.008666666666666666	0.004666666666666667	0.0006666666666666666	0.0013333333333333333	0.0	0.0006666666666666666	0.0	0.0	0.0	0.0	0.0	0.0	0.0	0.0	0.0	0.0	0.0	0.0	0.0	0.0	0.0	0.0	0.0	0.0	0.0	0.0	0.0	0.0	0.0	0.0	0.0	0.0	0.0	0.0	0.0	0.0	0.0	0.0	0.0	0.0	0.0	0.0	0.0	0.0	0.0	0.0	0.0	0.0	0.0	0.0	0.0	0.0	0.0	0.0	
2.7093333333333334	2.568	2.2853333333333334	2.224666666666667	2.128	2.022666666666667	1.8846666666666667	1.6846666666666668	1.5986666666666667	1.5033333333333334	1.396	1.2173333333333334	1.148	1.018	0.9586666666666667	0.8166666666666667	0.7533333333333333	0.66	0.6006666666666667	0.5133333333333333	0.508	0.4013333333333333	0.38066666666666665	0.346	0.32466666666666666	0.274	0.24333333333333335	0.222	0.20466666666666666	0.16066666666666668	0.164	0.14533333333333334	0.12533333333333332	0.1	0.07466666666666667	0.08466666666666667	0.04666666666666667	0.05333333333333334	0.052	0.04	0.018666666666666668	0.025333333333333333	0.009333333333333334	0.019333333333333334	0.010666666666666666	0.0033333333333333335	0.0013333333333333333	0.004	0.0	0.0	0.0006666666666666666	0.0	0.0	0.0	0.0	0.0	0.0	0.0	0.0	0.0	0.0	0.0	0.0	0.0	0.0	0.0	0.0	0.0	0.0	0.0	0.0	0.0	0.0	0.0	0.0	0.0	0.0	0.0	0.0	0.0	0.0	0.0	0.0	0.0	0.0	0.0	0.0	0.0	0.0	0.0	0.0	0.0	0.0	0.0	0.0	0.0	0.0	0.0	0.0	
2.720666666666667	2.5473333333333334	2.3833333333333333	2.268666666666667	2.1053333333333333	2.037333333333333	1.8626666666666667	1.7293333333333334	1.5893333333333333	1.502	1.3046666666666666	1.2706666666666666	1.1746666666666667	0.9906666666666667	0.928	0.8026666666666666	0.7946666666666666	0.666	0.6346666666666667	0.5446666666666666	0.4766666666666667	0.434	0.42933333333333334	0.344	0.30733333333333335	0.2853333333333333	0.2613333333333333	0.20066666666666666	0.20066666666666666	0.16466666666666666	0.15	0.12466666666666666	0.108	0.092	0.08066666666666666	0.07333333333333333	0.05466666666666667	0.043333333333333335	0.03666666666666667	0.03866666666666667	0.026	0.027333333333333334	0.021333333333333333	0.018	0.013333333333333334	0.009333333333333334	0.005333333333333333	0.0006666666666666666	0.0	0.0006666666666666666	0.0	0.0	0.0	0.0	0.0	0.0	0.0	0.0	0.0	0.0	0.0	0.0	0.0	0.0	0.0	0.0	0.0	0.0	0.0	0.0	0.0	0.0	0.0	0.0	0.0	0.0	0.0	0.0	0.0	0.0	0.0	0.0	0.0	0.0	0.0	0.0	0.0	0.0	0.0	0.0	0.0	0.0	0.0	0.0	0.0	0.0	0.0	0.0	0.0	
2.63	2.5813333333333333	2.4033333333333333	2.268666666666667	2.0406666666666666	2.009333333333333	1.8493333333333333	1.7666666666666666	1.5993333333333333	1.5186666666666666	1.318	1.208	1.1	0.9653333333333334	0.9486666666666667	0.7973333333333333	0.7973333333333333	0.6333333333333333	0.6	0.5113333333333333	0.49333333333333335	0.42	0.374	0.35533333333333333	0.33466666666666667	0.29533333333333334	0.246	0.228	0.176	0.16066666666666668	0.13866666666666666	0.12666666666666668	0.11666666666666667	0.08466666666666667	0.08666666666666667	0.07666666666666666	0.056666666666666664	0.066	0.048666666666666664	0.029333333333333333	0.024666666666666667	0.024666666666666667	0.017333333333333333	0.009333333333333334	0.013333333333333334	0.007333333333333333	0.0033333333333333335	0.004	0.0	0.0	0.0	0.0	0.0	0.0	0.0	0.0	0.0	0.0	0.0	0.0	0.0	0.0	0.0	0.0	0.0	0.0	0.0	0.0	0.0	0.0	0.0	0.0	0.0	0.0	0.0	0.0	0.0	0.0	0.0	0.0	0.0	0.0	0.0	0.0	0.0	0.0	0.0	0.0	0.0	0.0	0.0	0.0	0.0	0.0	0.0	0.0	0.0	0.0	0.0	
2.7773333333333334	2.5713333333333335	2.332	2.3533333333333335	2.1073333333333335	2.0006666666666666	1.8706666666666667	1.6986666666666668	1.5986666666666667	1.492	1.3566666666666667	1.2453333333333334	1.1173333333333333	1.0133333333333334	0.9186666666666666	0.7986666666666666	0.7826666666666666	0.6533333333333333	0.5946666666666667	0.56	0.5133333333333333	0.4206666666666667	0.384	0.31533333333333335	0.32466666666666666	0.2733333333333333	0.25466666666666665	0.214	0.208	0.16666666666666666	0.166	0.13	0.11	0.11133333333333334	0.06733333333333333	0.06933333333333333	0.05266666666666667	0.05266666666666667	0.050666666666666665	0.042	0.016	0.024	0.016	0.014	0.006666666666666667	0.005333333333333333	0.004	0.006	0.0006666666666666666	0.0006666666666666666	0.0006666666666666666	0.0	0.0	0.0	0.0	0.0	0.0	0.0	0.0	0.0	0.0	0.0	0.0	0.0	0.0	0.0	0.0	0.0	0.0	0.0	0.0	0.0	0.0	0.0	0.0	0.0	0.0	0.0	0.0	0.0	0.0	0.0	0.0	0.0	0.0	0.0	0.0	0.0	0.0	0.0	0.0	0.0	0.0	0.0	0.0	0.0	0.0	0.0	0.0	
2.62	2.5886666666666667	2.332666666666667	2.279333333333333	2.0653333333333332	2.004	1.8093333333333332	1.722	1.6513333333333333	1.476	1.282	1.2366666666666666	1.1773333333333333	0.9773333333333334	0.9446666666666667	0.7573333333333333	0.7566666666666667	0.68	0.6393333333333333	0.5346666666666666	0.5026666666666667	0.39066666666666666	0.36933333333333335	0.32866666666666666	0.3413333333333333	0.26466666666666666	0.24	0.23333333333333334	0.184	0.18066666666666667	0.14933333333333335	0.14066666666666666	0.09666666666666666	0.10466666666666667	0.08	0.07933333333333334	0.06066666666666667	0.05	0.03	0.043333333333333335	0.028	0.02266666666666667	0.014	0.011333333333333334	0.009333333333333334	0.008	0.0033333333333333335	0.0033333333333333335	0.0013333333333333333	0.0	0.0	0.0	0.0	0.0	0.0	0.0	0.0	0.0	0.0	0.0	0.0	0.0	0.0	0.0	0.0	0.0	0.0	0.0	0.0	0.0	0.0	0.0	0.0	0.0	0.0	0.0	0.0	0.0	0.0	0.0	0.0	0.0	0.0	0.0	0.0	0.0	0.0	0.0	0.0	0.0	0.0	0.0	0.0	0.0	0.0	0.0	0.0	0.0	0.0	
2.7053333333333334	2.6013333333333333	2.33	2.2613333333333334	2.0906666666666665	2.03	1.8093333333333332	1.716	1.578	1.438	1.304	1.1833333333333333	1.1766666666666667	1.0246666666666666	0.9366666666666666	0.792	0.7273333333333334	0.6673333333333333	0.6233333333333333	0.5413333333333333	0.5093333333333333	0.43266666666666664	0.392	0.328	0.31533333333333335	0.26266666666666666	0.22866666666666666	0.222	0.20933333333333334	0.174	0.154	0.146	0.10933333333333334	0.12266666666666666	0.07533333333333334	0.092	0.05266666666666667	0.054	0.036	0.04133333333333333	0.02666666666666667	0.02	0.022	0.010666666666666666	0.011333333333333334	0.009333333333333334	0.004	0.004	0.002	0.002	0.0	0.0	0.0	0.0	0.0	0.0	0.0	0.0	0.0	0.0	0.0	0.0	0.0	0.0	0.0	0.0	0.0	0.0	0.0	0.0	0.0	0.0	0.0	0.0	0.0	0.0	0.0	0.0	0.0	0.0	0.0	0.0	0.0	0.0	0.0	0.0	0.0	0.0	0.0	0.0	0.0	0.0	0.0	0.0	0.0	0.0	0.0	0.0	0.0	
2.6346666666666665	2.566	2.4266666666666667	2.243333333333333	2.1113333333333335	2.04	1.8253333333333333	1.7486666666666666	1.5993333333333333	1.4453333333333334	1.34	1.1973333333333334	1.1026666666666667	0.962	0.9513333333333334	0.8093333333333333	0.8046666666666666	0.63	0.6226666666666667	0.5133333333333333	0.484	0.4166666666666667	0.404	0.35	0.30533333333333335	0.284	0.226	0.21866666666666668	0.19933333333333333	0.182	0.14	0.12933333333333333	0.116	0.09733333333333333	0.09	0.06933333333333333	0.059333333333333335	0.051333333333333335	0.044	0.038	0.027333333333333334	0.019333333333333334	0.014666666666666666	0.009333333333333334	0.007333333333333333	0.007333333333333333	0.002	0.0033333333333333335	0.0006666666666666666	0.0013333333333333333	0.0	0.0	0.0	0.0	0.0	0.0	0.0	0.0	0.0	0.0	0.0	0.0	0.0	0.0	0.0	0.0	0.0	0.0	0.0	0.0	0.0	0.0	0.0	0.0	0.0	0.0	0.0	0.0	0.0	0.0	0.0	0.0	0.0	0.0	0.0	0.0	0.0	0.0	0.0	0.0	0.0	0.0	0.0	0.0	0.0	0.0	0.0	0.0	0.0	
2.628	2.558	2.3	2.266	2.1106666666666665	1.95	1.8653333333333333	1.7533333333333334	1.6386666666666667	1.4466666666666668	1.3873333333333333	1.2126666666666666	1.1626666666666667	1.0026666666666666	0.9613333333333334	0.7846666666666666	0.7353333333333333	0.6813333333333333	0.642	0.534	0.5046666666666667	0.42533333333333334	0.402	0.36466666666666664	0.31	0.2673333333333333	0.2733333333333333	0.21066666666666667	0.21466666666666667	0.18733333333333332	0.144	0.15333333333333332	0.09533333333333334	0.10333333333333333	0.094	0.08533333333333333	0.058	0.05733333333333333	0.038	0.04	0.02666666666666667	0.023333333333333334	0.022	0.010666666666666666	0.012666666666666666	0.010666666666666666	0.0033333333333333335	0.004	0.0	0.0	0.0	0.0	0.0	0.0	0.0	0.0	0.0	0.0	0.0	0.0	0.0	0.0	0.0	0.0	0.0	0.0	0.0	0.0	0.0	0.0	0.0	0.0	0.0	0.0	0.0	0.0	0.0	0.0	0.0	0.0	0.0	0.0	0.0	0.0	0.0	0.0	0.0	0.0	0.0	0.0	0.0	0.0	0.0	0.0	0.0	0.0	0.0	0.0	0.0	
2.638	2.562	2.287333333333333	2.308666666666667	2.074666666666667	1.976	1.7986666666666666	1.7253333333333334	1.552	1.4766666666666666	1.4053333333333333	1.218	1.1506666666666667	0.968	0.934	0.772	0.752	0.6406666666666667	0.6386666666666667	0.522	0.506	0.4053333333333333	0.3993333333333333	0.372	0.32866666666666666	0.282	0.2733333333333333	0.212	0.18666666666666668	0.16533333333333333	0.166	0.134	0.12133333333333333	0.09466666666666666	0.09133333333333334	0.074	0.058	0.06	0.04066666666666666	0.029333333333333333	0.030666666666666665	0.022	0.015333333333333332	0.012666666666666666	0.011333333333333334	0.004	0.0026666666666666666	0.004666666666666667	0.0026666666666666666	0.0006666666666666666	0.0	0.0	0.0	0.0	0.0	0.0	0.0	0.0	0.0	0.0	0.0	0.0	0.0	0.0	0.0	0.0	0.0	0.0	0.0	0.0	0.0	0.0	0.0	0.0	0.0	0.0	0.0	0.0	0.0	0.0	0.0	0.0	0.0	0.0	0.0	0.0	0.0	0.0	0.0	0.0	0.0	0.0	0.0	0.0	0.0	0.0	0.0	0.0	0.0	
2.735333333333333	2.533333333333333	2.3013333333333335	2.263333333333333	2.078	1.9973333333333334	1.8953333333333333	1.7246666666666666	1.568	1.4573333333333334	1.3933333333333333	1.2213333333333334	1.1113333333333333	0.9806666666666667	0.9513333333333334	0.8013333333333333	0.77	0.628	0.5933333333333334	0.5193333333333333	0.49266666666666664	0.408	0.402	0.372	0.314	0.2673333333333333	0.2673333333333333	0.218	0.18733333333333332	0.166	0.15866666666666668	0.13733333333333334	0.11066666666666666	0.09266666666666666	0.09	0.072	0.05733333333333333	0.05533333333333333	0.042666666666666665	0.04	0.030666666666666665	0.021333333333333333	0.014666666666666666	0.01	0.012	0.008	0.004666666666666667	0.002	0.0	0.0013333333333333333	0.0	0.0	0.0	0.0	0.0	0.0	0.0	0.0	0.0	0.0	0.0	0.0	0.0	0.0	0.0	0.0	0.0	0.0	0.0	0.0	0.0	0.0	0.0	0.0	0.0	0.0	0.0	0.0	0.0	0.0	0.0	0.0	0.0	0.0	0.0	0.0	0.0	0.0	0.0	0.0	0.0	0.0	0.0	0.0	0.0	0.0	0.0	0.0	0.0	
2.5673333333333335	2.54	2.3713333333333333	2.271333333333333	2.16	1.9466666666666668	1.89	1.7833333333333334	1.626	1.456	1.3353333333333333	1.2753333333333334	1.1186666666666667	0.976	0.9013333333333333	0.81	0.7873333333333333	0.6326666666666667	0.6486666666666666	0.5313333333333333	0.5093333333333333	0.41333333333333333	0.4066666666666667	0.3526666666666667	0.31533333333333335	0.27666666666666667	0.25	0.21533333333333332	0.196	0.17866666666666667	0.14533333333333334	0.158	0.11666666666666667	0.11533333333333333	0.08466666666666667	0.07066666666666667	0.058	0.06466666666666666	0.030666666666666665	0.034	0.024	0.020666666666666667	0.019333333333333334	0.011333333333333334	0.010666666666666666	0.005333333333333333	0.005333333333333333	0.0026666666666666666	0.0	0.0006666666666666666	0.0	0.0	0.0	0.0	0.0	0.0	0.0	0.0	0.0	0.0	0.0	0.0	0.0	0.0	0.0	0.0	0.0	0.0	0.0	0.0	0.0	0.0	0.0	0.0	0.0	0.0	0.0	0.0	0.0	0.0	0.0	0.0	0.0	0.0	0.0	0.0	0.0	0.0	0.0	0.0	0.0	0.0	0.0	0.0	0.0	0.0	0.0	0.0	0.0	
2.626	2.6266666666666665	2.376	2.280666666666667	2.064	1.9973333333333334	1.8453333333333333	1.7126666666666666	1.5933333333333333	1.492	1.374	1.2453333333333334	1.1373333333333333	0.9933333333333333	0.9146666666666666	0.756	0.7533333333333333	0.6226666666666667	0.63	0.518	0.49133333333333334	0.43066666666666664	0.384	0.346	0.344	0.2806666666666667	0.242	0.21733333333333332	0.20933333333333334	0.17	0.15533333333333332	0.15733333333333333	0.10866666666666666	0.09666666666666666	0.068	0.06466666666666666	0.056	0.06133333333333333	0.042666666666666665	0.034666666666666665	0.026	0.027333333333333334	0.012	0.018	0.006666666666666667	0.01	0.005333333333333333	0.004	0.002	0.0	0.0	0.0	0.0	0.0	0.0	0.0	0.0	0.0	0.0	0.0	0.0	0.0	0.0	0.0	0.0	0.0	0.0	0.0	0.0	0.0	0.0	0.0	0.0	0.0	0.0	0.0	0.0	0.0	0.0	0.0	0.0	0.0	0.0	0.0	0.0	0.0	0.0	0.0	0.0	0.0	0.0	0.0	0.0	0.0	0.0	0.0	0.0	0.0	0.0	
2.744666666666667	2.578	2.3433333333333333	2.276666666666667	2.078666666666667	2.017333333333333	1.7626666666666666	1.7126666666666666	1.64	1.4293333333333333	1.3226666666666667	1.2393333333333334	1.1126666666666667	0.9586666666666667	0.9393333333333334	0.7573333333333333	0.7333333333333333	0.6506666666666666	0.656	0.532	0.5113333333333333	0.426	0.37933333333333336	0.31133333333333335	0.30733333333333335	0.2833333333333333	0.24533333333333332	0.21466666666666667	0.19066666666666668	0.164	0.16666666666666666	0.13466666666666666	0.10533333333333333	0.10666666666666667	0.096	0.07466666666666667	0.06066666666666667	0.048666666666666664	0.03866666666666667	0.042	0.032	0.03133333333333333	0.014666666666666666	0.007333333333333333	0.009333333333333334	0.004666666666666667	0.005333333333333333	0.006	0.0013333333333333333	0.0006666666666666666	0.0006666666666666666	0.0	0.0	0.0	0.0	0.0	0.0	0.0	0.0	0.0	0.0	0.0	0.0	0.0	0.0	0.0	0.0	0.0	0.0	0.0	0.0	0.0	0.0	0.0	0.0	0.0	0.0	0.0	0.0	0.0	0.0	0.0	0.0	0.0	0.0	0.0	0.0	0.0	0.0	0.0	0.0	0.0	0.0	0.0	0.0	0.0	0.0	0.0	0.0	
2.554666666666667	2.582666666666667	2.3993333333333333	2.234	2.1233333333333335	1.9786666666666666	1.784	1.716	1.5926666666666667	1.42	1.3606666666666667	1.1493333333333333	1.1006666666666667	0.9473333333333334	0.9033333333333333	0.7953333333333333	0.7453333333333333	0.6693333333333333	0.614	0.5126666666666667	0.49866666666666665	0.39866666666666667	0.41933333333333334	0.32066666666666666	0.326	0.25733333333333336	0.2633333333333333	0.192	0.18066666666666667	0.16733333333333333	0.13866666666666666	0.13533333333333333	0.12	0.09133333333333334	0.08066666666666666	0.07733333333333334	0.05333333333333334	0.056666666666666664	0.035333333333333335	0.034666666666666665	0.03333333333333333	0.020666666666666667	0.012666666666666666	0.013333333333333334	0.009333333333333334	0.004666666666666667	0.0006666666666666666	0.002	0.0	0.0	0.0	0.0006666666666666666	0.0	0.0	0.0	0.0	0.0	0.0	0.0	0.0	0.0	0.0	0.0	0.0	0.0	0.0	0.0	0.0	0.0	0.0	0.0	0.0	0.0	0.0	0.0	0.0	0.0	0.0	0.0	0.0	0.0	0.0	0.0	0.0	0.0	0.0	0.0	0.0	0.0	0.0	0.0	0.0	0.0	0.0	0.0	0.0	0.0	0.0	0.0	
2.7293333333333334	2.530666666666667	2.296	2.251333333333333	2.0486666666666666	1.974	1.8306666666666667	1.706	1.5526666666666666	1.4433333333333334	1.368	1.214	1.1406666666666667	0.9686666666666667	0.918	0.7833333333333333	0.772	0.612	0.6106666666666667	0.5593333333333333	0.4866666666666667	0.43466666666666665	0.4053333333333333	0.346	0.318	0.26266666666666666	0.25333333333333335	0.21866666666666668	0.19933333333333333	0.14866666666666667	0.14933333333333335	0.15333333333333332	0.11133333333333334	0.11733333333333333	0.08266666666666667	0.07533333333333334	0.06866666666666667	0.05733333333333333	0.038	0.034	0.016666666666666666	0.025333333333333333	0.014	0.008666666666666666	0.009333333333333334	0.004	0.005333333333333333	0.0026666666666666666	0.002	0.0006666666666666666	0.0	0.0	0.0	0.0	0.0	0.0	0.0	0.0	0.0	0.0	0.0	0.0	0.0	0.0	0.0	0.0	0.0	0.0	0.0	0.0	0.0	0.0	0.0	0.0	0.0	0.0	0.0	0.0	0.0	0.0	0.0	0.0	0.0	0.0	0.0	0.0	0.0	0.0	0.0	0.0	0.0	0.0	0.0	0.0	0.0	0.0	0.0	0.0	0.0	
2.6513333333333335	2.5126666666666666	2.318	2.268666666666667	2.102	1.9786666666666666	1.8286666666666667	1.682	1.6146666666666667	1.4353333333333333	1.3033333333333332	1.208	1.098	0.9526666666666667	0.942	0.8206666666666667	0.772	0.604	0.5993333333333334	0.49533333333333335	0.5033333333333333	0.44133333333333336	0.3953333333333333	0.3413333333333333	0.29133333333333333	0.25266666666666665	0.27	0.24066666666666667	0.19333333333333333	0.17266666666666666	0.152	0.13533333333333333	0.118	0.09066666666666667	0.08533333333333333	0.07	0.054	0.056666666666666664	0.046	0.04	0.018666666666666668	0.029333333333333333	0.018666666666666668	0.004666666666666667	0.004666666666666667	0.008666666666666666	0.0033333333333333335	0.002	0.0013333333333333333	0.002	0.0	0.0	0.0	0.0	0.0	0.0	0.0	0.0	0.0	0.0	0.0	0.0	0.0	0.0	0.0	0.0	0.0	0.0	0.0	0.0	0.0	0.0	0.0	0.0	0.0	0.0	0.0	0.0	0.0	0.0	0.0	0.0	0.0	0.0	0.0	0.0	0.0	0.0	0.0	0.0	0.0	0.0	0.0	0.0	0.0	0.0	0.0	0.0	0.0	
2.576	2.5833333333333335	2.38	2.2866666666666666	2.134	1.9553333333333334	1.8253333333333333	1.6626666666666667	1.566	1.48	1.3146666666666667	1.1606666666666667	1.1413333333333333	0.9853333333333333	0.912	0.7633333333333333	0.744	0.6366666666666667	0.6506666666666666	0.522	0.486	0.424	0.424	0.33266666666666667	0.29933333333333334	0.2926666666666667	0.236	0.22733333333333333	0.19733333333333333	0.18333333333333332	0.15066666666666667	0.13266666666666665	0.10866666666666666	0.114	0.07133333333333333	0.07866666666666666	0.07	0.04466666666666667	0.03666666666666667	0.037333333333333336	0.02666666666666667	0.024666666666666667	0.013333333333333334	0.01	0.014666666666666666	0.004666666666666667	0.002	0.006666666666666667	0.0	0.0006666666666666666	0.0	0.0	0.0	0.0	0.0	0.0	0.0	0.0	0.0	0.0	0.0	0.0	0.0	0.0	0.0	0.0	0.0	0.0	0.0	0.0	0.0	0.0	0.0	0.0	0.0	0.0	0.0	0.0	0.0	0.0	0.0	0.0	0.0	0.0	0.0	0.0	0.0	0.0	0.0	0.0	0.0	0.0	0.0	0.0	0.0	0.0	0.0	0.0	0.0	
2.6986666666666665	2.4993333333333334	2.332	2.2586666666666666	2.054	1.936	1.8486666666666667	1.6806666666666668	1.6206666666666667	1.4126666666666667	1.3586666666666667	1.1713333333333333	1.1153333333333333	0.968	0.958	0.7606666666666667	0.7393333333333333	0.6666666666666666	0.6133333333333333	0.5226666666666666	0.49133333333333334	0.388	0.43	0.3353333333333333	0.30333333333333334	0.256	0.24533333333333332	0.23066666666666666	0.19666666666666666	0.19066666666666668	0.17533333333333334	0.14533333333333334	0.09666666666666666	0.10133333333333333	0.07733333333333334	0.07066666666666667	0.056666666666666664	0.05533333333333333	0.04133333333333333	0.043333333333333335	0.023333333333333334	0.024	0.013333333333333334	0.01	0.009333333333333334	0.008666666666666666	0.004666666666666667	0.0026666666666666666	0.0	0.0	0.0	0.0	0.0	0.0	0.0	0.0	0.0	0.0	0.0	0.0	0.0	0.0	0.0	0.0	0.0	0.0	0.0	0.0	0.0	0.0	0.0	0.0	0.0	0.0	0.0	0.0	0.0	0.0	0.0	0.0	0.0	0.0	0.0	0.0	0.0	0.0	0.0	0.0	0.0	0.0	0.0	0.0	0.0	0.0	0.0	0.0	0.0	0.0	0.0	
2.66	2.578	2.3593333333333333	2.19	2.096	1.9513333333333334	1.844	1.7106666666666666	1.572	1.428	1.3626666666666667	1.206	1.0946666666666667	0.9813333333333333	0.8953333333333333	0.7966666666666666	0.7606666666666667	0.6353333333333333	0.6226666666666667	0.5326666666666666	0.476	0.43866666666666665	0.37466666666666665	0.32133333333333336	0.30733333333333335	0.2713333333333333	0.23266666666666666	0.216	0.18933333333333333	0.16866666666666666	0.14866666666666667	0.134	0.11933333333333333	0.108	0.076	0.06533333333333333	0.056	0.051333333333333335	0.048	0.03	0.03133333333333333	0.02	0.014666666666666666	0.018	0.006	0.009333333333333334	0.004666666666666667	0.0006666666666666666	0.0013333333333333333	0.0006666666666666666	0.0	0.0	0.0	0.0	0.0	0.0	0.0	0.0	0.0	0.0	0.0	0.0	0.0	0.0	0.0	0.0	0.0	0.0	0.0	0.0	0.0	0.0	0.0	0.0	0.0	0.0	0.0	0.0	0.0	0.0	0.0	0.0	0.0	0.0	0.0	0.0	0.0	0.0	0.0	0.0	0.0	0.0	0.0	0.0	0.0	0.0	0.0	0.0	0.0	
2.6593333333333335	2.574666666666667	2.2953333333333332	2.236666666666667	2.084	1.9453333333333334	1.7486666666666666	1.7226666666666666	1.566	1.4606666666666666	1.3106666666666666	1.1406666666666667	1.198	0.9473333333333334	0.9486666666666667	0.7826666666666666	0.7173333333333334	0.6413333333333333	0.636	0.5066666666666667	0.5513333333333333	0.416	0.406	0.3233333333333333	0.3	0.272	0.25	0.21666666666666667	0.19733333333333333	0.164	0.15266666666666667	0.13266666666666665	0.10666666666666667	0.08933333333333333	0.08666666666666667	0.07	0.059333333333333335	0.051333333333333335	0.043333333333333335	0.038	0.023333333333333334	0.029333333333333333	0.018666666666666668	0.012666666666666666	0.005333333333333333	0.004666666666666667	0.004666666666666667	0.0026666666666666666	0.004	0.0006666666666666666	0.0	0.0	0.0	0.0	0.0	0.0	0.0	0.0	0.0	0.0	0.0	0.0	0.0	0.0	0.0	0.0	0.0	0.0	0.0	0.0	0.0	0.0	0.0	0.0	0.0	0.0	0.0	0.0	0.0	0.0	0.0	0.0	0.0	0.0	0.0	0.0	0.0	0.0	0.0	0.0	0.0	0.0	0.0	0.0	0.0	0.0	0.0	0.0	0.0	
2.6193333333333335	2.486666666666667	2.374	2.28	2.062666666666667	1.9466666666666668	1.8246666666666667	1.7	1.5886666666666667	1.42	1.2726666666666666	1.1713333333333333	1.1086666666666667	0.9706666666666667	0.9066666666666666	0.7793333333333333	0.7586666666666667	0.66	0.6486666666666666	0.5173333333333333	0.4633333333333333	0.414	0.446	0.326	0.32133333333333336	0.2613333333333333	0.25066666666666665	0.19133333333333333	0.192	0.16933333333333334	0.134	0.11933333333333333	0.11666666666666667	0.08266666666666667	0.072	0.06933333333333333	0.06066666666666667	0.048	0.028	0.04	0.024666666666666667	0.021333333333333333	0.016666666666666666	0.018	0.007333333333333333	0.006	0.0033333333333333335	0.0026666666666666666	0.0013333333333333333	0.0	0.0006666666666666666	0.0	0.0	0.0	0.0	0.0	0.0	0.0	0.0	0.0	0.0	0.0	0.0	0.0	0.0	0.0	0.0	0.0	0.0	0.0	0.0	0.0	0.0	0.0	0.0	0.0	0.0	0.0	0.0	0.0	0.0	0.0	0.0	0.0	0.0	0.0	0.0	0.0	0.0	0.0	0.0	0.0	0.0	0.0	0.0	0.0	0.0	0.0	0.0	
2.6106666666666665	2.608	2.3366666666666664	2.1946666666666665	2.0966666666666667	2.022666666666667	1.8973333333333333	1.7446666666666666	1.516	1.3826666666666667	1.3253333333333333	1.236	1.0933333333333333	0.9666666666666667	0.9306666666666666	0.75	0.7633333333333333	0.6393333333333333	0.6053333333333333	0.516	0.5	0.424	0.38333333333333336	0.346	0.274	0.26	0.2693333333333333	0.23266666666666666	0.21066666666666667	0.176	0.15133333333333332	0.138	0.102	0.08733333333333333	0.09066666666666667	0.07	0.056666666666666664	0.052	0.04466666666666667	0.03133333333333333	0.025333333333333333	0.018666666666666668	0.02	0.014	0.006666666666666667	0.004666666666666667	0.0026666666666666666	0.0006666666666666666	0.0026666666666666666	0.0	0.0	0.0	0.0	0.0	0.0	0.0	0.0	0.0	0.0	0.0	0.0	0.0	0.0	0.0	0.0	0.0	0.0	0.0	0.0	0.0	0.0	0.0	0.0	0.0	0.0	0.0	0.0	0.0	0.0	0.0	0.0	0.0	0.0	0.0	0.0	0.0	0.0	0.0	0.0	0.0	0.0	0.0	0.0	0.0	0.0	0.0	0.0	0.0	0.0	
2.662	2.534	2.3026666666666666	2.236	2.0313333333333334	1.9386666666666668	1.8266666666666667	1.68	1.6446666666666667	1.42	1.3333333333333333	1.176	1.1213333333333333	0.9993333333333333	0.916	0.756	0.7593333333333333	0.6133333333333333	0.6286666666666667	0.49933333333333335	0.5006666666666667	0.4126666666666667	0.3973333333333333	0.318	0.2866666666666667	0.2613333333333333	0.234	0.20533333333333334	0.19666666666666666	0.17866666666666667	0.16	0.12133333333333333	0.122	0.10333333333333333	0.082	0.078	0.059333333333333335	0.050666666666666665	0.036	0.03266666666666666	0.028	0.017333333333333333	0.010666666666666666	0.021333333333333333	0.009333333333333334	0.005333333333333333	0.004	0.0026666666666666666	0.0006666666666666666	0.0006666666666666666	0.0	0.0	0.0	0.0	0.0	0.0	0.0	0.0	0.0	0.0	0.0	0.0	0.0	0.0	0.0	0.0	0.0	0.0	0.0	0.0	0.0	0.0	0.0	0.0	0.0	0.0	0.0	0.0	0.0	0.0	0.0	0.0	0.0	0.0	0.0	0.0	0.0	0.0	0.0	0.0	0.0	0.0	0.0	0.0	0.0	0.0	0.0	0.0	0.0	
2.5953333333333335	2.550666666666667	2.3506666666666667	2.3586666666666667	2.066666666666667	1.914	1.822	1.7046666666666668	1.5573333333333332	1.448	1.388	1.182	1.1346666666666667	1.0173333333333334	0.92	0.806	0.7346666666666667	0.6073333333333333	0.6506666666666666	0.5286666666666666	0.4646666666666667	0.38666666666666666	0.38133333333333336	0.35	0.314	0.2773333333333333	0.23	0.20533333333333334	0.19533333333333333	0.17266666666666666	0.13933333333333334	0.11266666666666666	0.102	0.1	0.07866666666666666	0.074	0.05333333333333334	0.04133333333333333	0.034	0.036	0.030666666666666665	0.02	0.016666666666666666	0.014666666666666666	0.008	0.008666666666666666	0.004	0.0013333333333333333	0.0013333333333333333	0.0006666666666666666	0.0	0.0	0.0	0.0	0.0	0.0	0.0	0.0	0.0	0.0	0.0	0.0	0.0	0.0	0.0	0.0	0.0	0.0	0.0	0.0	0.0	0.0	0.0	0.0	0.0	0.0	0.0	0.0	0.0	0.0	0.0	0.0	0.0	0.0	0.0	0.0	0.0	0.0	0.0	0.0	0.0	0.0	0.0	0.0	0.0	0.0	0.0	0.0	0.0	
2.6533333333333333	2.493333333333333	2.3033333333333332	2.2373333333333334	1.9913333333333334	1.978	1.8193333333333332	1.7293333333333334	1.518	1.4466666666666668	1.3826666666666667	1.17	1.1326666666666667	0.9513333333333334	0.912	0.794	0.7426666666666667	0.6486666666666666	0.584	0.5193333333333333	0.5193333333333333	0.44333333333333336	0.376	0.33666666666666667	0.306	0.25666666666666665	0.266	0.19933333333333333	0.18466666666666667	0.18333333333333332	0.14466666666666667	0.13666666666666666	0.11066666666666666	0.08533333333333333	0.07466666666666667	0.07666666666666666	0.05733333333333333	0.058	0.04066666666666666	0.034666666666666665	0.022	0.027333333333333334	0.015333333333333332	0.013333333333333334	0.010666666666666666	0.006666666666666667	0.004	0.0026666666666666666	0.0006666666666666666	0.0013333333333333333	0.0	0.0	0.0	0.0	0.0	0.0	0.0	0.0	0.0	0.0	0.0	0.0	0.0	0.0	0.0	0.0	0.0	0.0	0.0	0.0	0.0	0.0	0.0	0.0	0.0	0.0	0.0	0.0	0.0	0.0	0.0	0.0	0.0	0.0	0.0	0.0	0.0	0.0	0.0	0.0	0.0	0.0	0.0	0.0	0.0	0.0	0.0	0.0	0.0	
2.6506666666666665	2.5313333333333334	2.3646666666666665	2.272	2.006	1.9413333333333334	1.836	1.7333333333333334	1.578	1.4526666666666668	1.364	1.1853333333333333	1.1333333333333333	0.944	0.878	0.8226666666666667	0.7393333333333333	0.6433333333333333	0.598	0.536	0.49533333333333335	0.388	0.3993333333333333	0.34933333333333333	0.29733333333333334	0.2853333333333333	0.24733333333333332	0.22	0.19533333333333333	0.17333333333333334	0.14333333333333334	0.126	0.10866666666666666	0.08933333333333333	0.092	0.07	0.05333333333333334	0.06066666666666667	0.044	0.027333333333333334	0.024666666666666667	0.021333333333333333	0.012	0.012666666666666666	0.009333333333333334	0.008	0.006	0.0026666666666666666	0.0	0.0006666666666666666	0.0	0.0	0.0	0.0	0.0	0.0	0.0	0.0	0.0	0.0	0.0	0.0	0.0	0.0	0.0	0.0	0.0	0.0	0.0	0.0	0.0	0.0	0.0	0.0	0.0	0.0	0.0	0.0	0.0	0.0	0.0	0.0	0.0	0.0	0.0	0.0	0.0	0.0	0.0	0.0	0.0	0.0	0.0	0.0	0.0	0.0	0.0	0.0	0.0	
2.6613333333333333	2.6106666666666665	2.284	2.2066666666666666	2.0993333333333335	1.9413333333333334	1.836	1.7133333333333334	1.5726666666666667	1.4473333333333334	1.3366666666666667	1.2226666666666666	1.1073333333333333	0.9593333333333334	0.9306666666666666	0.778	0.7446666666666667	0.6706666666666666	0.6033333333333334	0.498	0.512	0.412	0.38333333333333336	0.3406666666666667	0.29	0.27066666666666667	0.264	0.21133333333333335	0.20266666666666666	0.15666666666666668	0.16266666666666665	0.112	0.10066666666666667	0.09666666666666666	0.088	0.076	0.066	0.050666666666666665	0.042666666666666665	0.021333333333333333	0.03	0.02266666666666667	0.013333333333333334	0.012666666666666666	0.006666666666666667	0.010666666666666666	0.004666666666666667	0.004	0.0	0.0	0.0	0.0	0.0	0.0	0.0	0.0	0.0	0.0	0.0	0.0	0.0	0.0	0.0	0.0	0.0	0.0	0.0	0.0	0.0	0.0	0.0	0.0	0.0	0.0	0.0	0.0	0.0	0.0	0.0	0.0	0.0	0.0	0.0	0.0	0.0	0.0	0.0	0.0	0.0	0.0	0.0	0.0	0.0	0.0	0.0	0.0	0.0	0.0	0.0	
2.667333333333333	2.541333333333333	2.2613333333333334	2.288	2.006	1.9966666666666666	1.8273333333333333	1.7206666666666666	1.5933333333333333	1.378	1.352	1.1866666666666668	1.1273333333333333	0.968	0.93	0.75	0.762	0.6306666666666667	0.6066666666666667	0.554	0.466	0.44	0.37066666666666664	0.324	0.32666666666666666	0.29333333333333333	0.24533333333333332	0.21933333333333332	0.17333333333333334	0.17	0.15933333333333333	0.14933333333333335	0.12466666666666666	0.09133333333333334	0.066	0.06733333333333333	0.04933333333333333	0.05333333333333334	0.044	0.034	0.029333333333333333	0.024666666666666667	0.016	0.008	0.006666666666666667	0.008	0.005333333333333333	0.0026666666666666666	0.0006666666666666666	0.0	0.0	0.0	0.0	0.0	0.0	0.0	0.0	0.0	0.0	0.0	0.0	0.0	0.0	0.0	0.0	0.0	0.0	0.0	0.0	0.0	0.0	0.0	0.0	0.0	0.0	0.0	0.0	0.0	0.0	0.0	0.0	0.0	0.0	0.0	0.0	0.0	0.0	0.0	0.0	0.0	0.0	0.0	0.0	0.0	0.0	0.0	0.0	0.0	0.0	
2.6113333333333335	2.554666666666667	2.304	2.224666666666667	2.0453333333333332	1.9026666666666667	1.7873333333333334	1.7386666666666666	1.576	1.4413333333333334	1.3673333333333333	1.1353333333333333	1.0866666666666667	0.9433333333333334	0.9193333333333333	0.7813333333333333	0.7833333333333333	0.6373333333333333	0.6326666666666667	0.49933333333333335	0.456	0.44133333333333336	0.41933333333333334	0.30866666666666664	0.332	0.2793333333333333	0.25133333333333335	0.234	0.17666666666666667	0.16266666666666665	0.12933333333333333	0.12933333333333333	0.12	0.09333333333333334	0.08266666666666667	0.07733333333333334	0.05333333333333334	0.05533333333333333	0.03266666666666666	0.03666666666666667	0.024666666666666667	0.023333333333333334	0.02266666666666667	0.014666666666666666	0.009333333333333334	0.007333333333333333	0.0013333333333333333	0.004666666666666667	0.0013333333333333333	0.0	0.0	0.0	0.0	0.0	0.0	0.0	0.0	0.0	0.0	0.0	0.0	0.0	0.0	0.0	0.0	0.0	0.0	0.0	0.0	0.0	0.0	0.0	0.0	0.0	0.0	0.0	0.0	0.0	0.0	0.0	0.0	0.0	0.0	0.0	0.0	0.0	0.0	0.0	0.0	0.0	0.0	0.0	0.0	0.0	0.0	0.0	0.0	0.0	0.0	
2.671333333333333	2.554	2.3366666666666664	2.203333333333333	2.08	1.928	1.808	1.7506666666666666	1.604	1.446	1.356	1.2193333333333334	1.1193333333333333	0.952	0.8886666666666667	0.7733333333333333	0.7466666666666667	0.6566666666666666	0.6386666666666667	0.5206666666666667	0.49	0.38266666666666665	0.39466666666666667	0.32	0.322	0.27266666666666667	0.216	0.19933333333333333	0.19866666666666666	0.15266666666666667	0.16666666666666666	0.11666666666666667	0.106	0.09533333333333334	0.06866666666666667	0.06533333333333333	0.054	0.04733333333333333	0.03866666666666667	0.04	0.02	0.024	0.013333333333333334	0.017333333333333333	0.010666666666666666	0.007333333333333333	0.004	0.0013333333333333333	0.0013333333333333333	0.0006666666666666666	0.0	0.0	0.0	0.0	0.0	0.0	0.0	0.0	0.0	0.0	0.0	0.0	0.0	0.0	0.0	0.0	0.0	0.0	0.0	0.0	0.0	0.0	0.0	0.0	0.0	0.0	0.0	0.0	0.0	0.0	0.0	0.0	0.0	0.0	0.0	0.0	0.0	0.0	0.0	0.0	0.0	0.0	0.0	0.0	0.0	0.0	0.0	0.0	0.0	
2.6533333333333333	2.513333333333333	2.284	2.243333333333333	2.0453333333333332	2.013333333333333	1.7453333333333334	1.7026666666666668	1.532	1.4666666666666666	1.3993333333333333	1.1333333333333333	1.1633333333333333	1.006	0.922	0.7573333333333333	0.76	0.6313333333333333	0.6233333333333333	0.5153333333333333	0.5166666666666667	0.4013333333333333	0.3913333333333333	0.3313333333333333	0.33666666666666667	0.254	0.2673333333333333	0.218	0.19866666666666666	0.18466666666666667	0.14866666666666667	0.13666666666666666	0.11866666666666667	0.08666666666666667	0.09333333333333334	0.07466666666666667	0.05733333333333333	0.058	0.043333333333333335	0.042666666666666665	0.021333333333333333	0.020666666666666667	0.012666666666666666	0.015333333333333332	0.007333333333333333	0.004	0.0026666666666666666	0.0026666666666666666	0.0006666666666666666	0.0006666666666666666	0.0	0.0	0.0	0.0	0.0	0.0	0.0	0.0	0.0	0.0	0.0	0.0	0.0	0.0	0.0	0.0	0.0	0.0	0.0	0.0	0.0	0.0	0.0	0.0	0.0	0.0	0.0	0.0	0.0	0.0	0.0	0.0	0.0	0.0	0.0	0.0	0.0	0.0	0.0	0.0	0.0	0.0	0.0	0.0	0.0	0.0	0.0	0.0	0.0	
2.6653333333333333	2.5493333333333332	2.2573333333333334	2.246	2.0513333333333335	1.9866666666666666	1.7946666666666666	1.6713333333333333	1.584	1.4146666666666667	1.3886666666666667	1.2193333333333334	1.108	0.93	0.9313333333333333	0.7453333333333333	0.778	0.6373333333333333	0.5866666666666667	0.5646666666666667	0.49533333333333335	0.408	0.37733333333333335	0.3526666666666667	0.32266666666666666	0.26266666666666666	0.24066666666666667	0.23466666666666666	0.19733333333333333	0.17133333333333334	0.14133333333333334	0.11866666666666667	0.116	0.092	0.084	0.07733333333333334	0.06266666666666666	0.05733333333333333	0.044	0.04	0.016666666666666666	0.02266666666666667	0.012	0.010666666666666666	0.012666666666666666	0.005333333333333333	0.0026666666666666666	0.0026666666666666666	0.0006666666666666666	0.0	0.0	0.0	0.0	0.0	0.0	0.0	0.0	0.0	0.0	0.0	0.0	0.0	0.0	0.0	0.0	0.0	0.0	0.0	0.0	0.0	0.0	0.0	0.0	0.0	0.0	0.0	0.0	0.0	0.0	0.0	0.0	0.0	0.0	0.0	0.0	0.0	0.0	0.0	0.0	0.0	0.0	0.0	0.0	0.0	0.0	0.0	0.0	0.0	0.0	
2.5886666666666667	2.528	2.3466666666666667	2.2426666666666666	2.050666666666667	2.0233333333333334	1.8006666666666666	1.714	1.61	1.484	1.35	1.1873333333333334	1.11	0.9446666666666667	0.9393333333333334	0.7693333333333333	0.714	0.62	0.59	0.5266666666666666	0.49066666666666664	0.42	0.37733333333333335	0.33	0.31666666666666665	0.2733333333333333	0.24066666666666667	0.20933333333333334	0.19933333333333333	0.186	0.14133333333333334	0.118	0.11733333333333333	0.096	0.08666666666666667	0.062	0.04933333333333333	0.048	0.03266666666666666	0.032	0.036	0.020666666666666667	0.013333333333333334	0.009333333333333334	0.008666666666666666	0.004666666666666667	0.002	0.0033333333333333335	0.0	0.0006666666666666666	0.0	0.0	0.0	0.0	0.0	0.0	0.0	0.0	0.0	0.0	0.0	0.0	0.0	0.0	0.0	0.0	0.0	0.0	0.0	0.0	0.0	0.0	0.0	0.0	0.0	0.0	0.0	0.0	0.0	0.0	0.0	0.0	0.0	0.0	0.0	0.0	0.0	0.0	0.0	0.0	0.0	0.0	0.0	0.0	0.0	0.0	0.0	0.0	0.0	
2.6346666666666665	2.628	2.306	2.2333333333333334	2.0453333333333332	1.9686666666666666	1.7926666666666666	1.6886666666666668	1.5426666666666666	1.4246666666666667	1.3786666666666667	1.1646666666666667	1.096	0.966	0.8866666666666667	0.816	0.792	0.6573333333333333	0.606	0.5126666666666667	0.5086666666666667	0.39666666666666667	0.39466666666666667	0.326	0.3253333333333333	0.2653333333333333	0.254	0.21133333333333335	0.196	0.17533333333333334	0.15066666666666667	0.13466666666666666	0.11666666666666667	0.11266666666666666	0.086	0.072	0.062	0.046	0.044	0.03866666666666667	0.029333333333333333	0.020666666666666667	0.008666666666666666	0.014	0.007333333333333333	0.008	0.0033333333333333335	0.0026666666666666666	0.0013333333333333333	0.0013333333333333333	0.0	0.0	0.0	0.0	0.0	0.0	0.0	0.0	0.0	0.0	0.0	0.0	0.0	0.0	0.0	0.0	0.0	0.0	0.0	0.0	0.0	0.0	0.0	0.0	0.0	0.0	0.0	0.0	0.0	0.0	0.0	0.0	0.0	0.0	0.0	0.0	0.0	0.0	0.0	0.0	0.0	0.0	0.0	0.0	0.0	0.0	0.0	0.0	0.0	
2.6326666666666667	2.586	2.334	2.23	2.1066666666666665	1.9633333333333334	1.8006666666666666	1.72	1.5166666666666666	1.4186666666666667	1.348	1.204	1.1073333333333333	0.9453333333333334	0.9473333333333334	0.7633333333333333	0.7906666666666666	0.626	0.6346666666666667	0.5326666666666666	0.5266666666666666	0.38066666666666665	0.406	0.324	0.31666666666666665	0.27666666666666667	0.232	0.208	0.20333333333333334	0.15933333333333333	0.148	0.12933333333333333	0.112	0.11133333333333334	0.08133333333333333	0.06466666666666666	0.054	0.04666666666666667	0.038	0.04	0.023333333333333334	0.024	0.016666666666666666	0.019333333333333334	0.01	0.005333333333333333	0.002	0.004666666666666667	0.0006666666666666666	0.0006666666666666666	0.0	0.0	0.0	0.0	0.0	0.0	0.0	0.0	0.0	0.0	0.0	0.0	0.0	0.0	0.0	0.0	0.0	0.0	0.0	0.0	0.0	0.0	0.0	0.0	0.0	0.0	0.0	0.0	0.0	0.0	0.0	0.0	0.0	0.0	0.0	0.0	0.0	0.0	0.0	0.0	0.0	0.0	0.0	0.0	0.0	0.0	0.0	0.0	0.0	
2.7146666666666666	2.5806666666666667	2.3566666666666665	2.216666666666667	2.034666666666667	1.9906666666666666	1.7933333333333332	1.6926666666666668	1.55	1.4106666666666667	1.338	1.2213333333333334	1.174	0.9546666666666667	0.8786666666666667	0.784	0.76	0.64	0.612	0.5086666666666667	0.498	0.414	0.37533333333333335	0.3393333333333333	0.344	0.2833333333333333	0.25133333333333335	0.21	0.19466666666666665	0.17533333333333334	0.142	0.152	0.11933333333333333	0.09666666666666666	0.08	0.072	0.04933333333333333	0.048	0.04533333333333334	0.03133333333333333	0.026	0.02266666666666667	0.011333333333333334	0.014	0.011333333333333334	0.005333333333333333	0.0006666666666666666	0.0026666666666666666	0.0	0.0006666666666666666	0.0	0.0	0.0	0.0	0.0	0.0	0.0	0.0	0.0	0.0	0.0	0.0	0.0	0.0	0.0	0.0	0.0	0.0	0.0	0.0	0.0	0.0	0.0	0.0	0.0	0.0	0.0	0.0	0.0	0.0	0.0	0.0	0.0	0.0	0.0	0.0	0.0	0.0	0.0	0.0	0.0	0.0	0.0	0.0	0.0	0.0	0.0	0.0	0.0	
2.6626666666666665	2.6026666666666665	2.3426666666666667	2.1826666666666665	2.046666666666667	1.996	1.8073333333333332	1.7093333333333334	1.6153333333333333	1.442	1.3766666666666667	1.2166666666666666	1.128	0.9993333333333333	0.8813333333333333	0.7626666666666667	0.772	0.6173333333333333	0.578	0.5246666666666666	0.48533333333333334	0.4046666666666667	0.408	0.3466666666666667	0.322	0.282	0.23	0.21	0.20666666666666667	0.19666666666666666	0.168	0.13	0.11666666666666667	0.09533333333333334	0.092	0.072	0.06066666666666667	0.048	0.04133333333333333	0.037333333333333336	0.027333333333333334	0.024	0.012666666666666666	0.014	0.010666666666666666	0.004	0.0033333333333333335	0.0013333333333333333	0.0006666666666666666	0.0	0.0006666666666666666	0.0	0.0	0.0	0.0	0.0	0.0	0.0	0.0	0.0	0.0	0.0	0.0	0.0	0.0	0.0	0.0	0.0	0.0	0.0	0.0	0.0	0.0	0.0	0.0	0.0	0.0	0.0	0.0	0.0	0.0	0.0	0.0	0.0	0.0	0.0	0.0	0.0	0.0	0.0	0.0	0.0	0.0	0.0	0.0	0.0	0.0	0.0	0.0	
2.582	2.4966666666666666	2.336	2.224666666666667	2.0653333333333332	1.9293333333333333	1.8366666666666667	1.7033333333333334	1.5626666666666666	1.42	1.3553333333333333	1.2386666666666666	1.122	0.9846666666666667	0.9006666666666666	0.802	0.7733333333333333	0.6173333333333333	0.6093333333333333	0.5146666666666667	0.502	0.43133333333333335	0.398	0.3546666666666667	0.2986666666666667	0.258	0.278	0.20733333333333334	0.196	0.15866666666666668	0.14333333333333334	0.12733333333333333	0.11666666666666667	0.106	0.07733333333333334	0.07333333333333333	0.06666666666666667	0.05333333333333334	0.032	0.034	0.024	0.02666666666666667	0.009333333333333334	0.012666666666666666	0.011333333333333334	0.007333333333333333	0.0026666666666666666	0.004	0.0013333333333333333	0.0006666666666666666	0.0	0.0	0.0	0.0	0.0	0.0	0.0	0.0	0.0	0.0	0.0	0.0	0.0	0.0	0.0	0.0	0.0	0.0	0.0	0.0	0.0	0.0	0.0	0.0	0.0	0.0	0.0	0.0	0.0	0.0	0.0	0.0	0.0	0.0	0.0	0.0	0.0	0.0	0.0	0.0	0.0	0.0	0.0	0.0	0.0	0.0	0.0	0.0	0.0	
2.64	2.5353333333333334	2.33	2.1986666666666665	2.0313333333333334	2.0406666666666666	1.846	1.7226666666666666	1.5826666666666667	1.4066666666666667	1.2946666666666666	1.1813333333333333	1.1286666666666667	0.9886666666666667	0.9126666666666666	0.7753333333333333	0.772	0.6353333333333333	0.6313333333333333	0.496	0.4653333333333333	0.416	0.3873333333333333	0.33666666666666667	0.30333333333333334	0.25133333333333335	0.27	0.22	0.19933333333333333	0.184	0.166	0.12666666666666668	0.116	0.11133333333333334	0.078	0.07266666666666667	0.06066666666666667	0.048	0.037333333333333336	0.028666666666666667	0.026	0.02666666666666667	0.011333333333333334	0.013333333333333334	0.009333333333333334	0.006666666666666667	0.0013333333333333333	0.0006666666666666666	0.0006666666666666666	0.0	0.0	0.0	0.0	0.0	0.0	0.0	0.0	0.0	0.0	0.0	0.0	0.0	0.0	0.0	0.0	0.0	0.0	0.0	0.0	0.0	0.0	0.0	0.0	0.0	0.0	0.0	0.0	0.0	0.0	0.0	0.0	0.0	0.0	0.0	0.0	0.0	0.0	0.0	0.0	0.0	0.0	0.0	0.0	0.0	0.0	0.0	0.0	0.0	0.0	
2.6513333333333335	2.5946666666666665	2.316	2.2173333333333334	2.07	1.9473333333333334	1.8553333333333333	1.7293333333333334	1.6046666666666667	1.4646666666666666	1.3266666666666667	1.2473333333333334	1.146	0.9606666666666667	0.8973333333333333	0.738	0.7633333333333333	0.6226666666666667	0.608	0.49066666666666664	0.47533333333333333	0.41933333333333334	0.38	0.34933333333333333	0.33066666666666666	0.2773333333333333	0.24333333333333335	0.19	0.18266666666666667	0.17066666666666666	0.15333333333333332	0.122	0.11733333333333333	0.09733333333333333	0.07933333333333334	0.08066666666666666	0.05333333333333334	0.04733333333333333	0.035333333333333335	0.042666666666666665	0.028	0.025333333333333333	0.011333333333333334	0.012666666666666666	0.012	0.006666666666666667	0.0033333333333333335	0.0013333333333333333	0.0013333333333333333	0.0006666666666666666	0.0	0.0	0.0	0.0	0.0	0.0	0.0	0.0	0.0	0.0	0.0	0.0	0.0	0.0	0.0	0.0	0.0	0.0	0.0	0.0	0.0	0.0	0.0	0.0	0.0	0.0	0.0	0.0	0.0	0.0	0.0	0.0	0.0	0.0	0.0	0.0	0.0	0.0	0.0	0.0	0.0	0.0	0.0	0.0	0.0	0.0	0.0	0.0	0.0	
2.6386666666666665	2.6513333333333335	2.276666666666667	2.2586666666666666	2.0493333333333332	1.986	1.7913333333333334	1.6393333333333333	1.6093333333333333	1.398	1.3673333333333333	1.168	1.1113333333333333	0.96	0.9046666666666666	0.8253333333333334	0.7486666666666667	0.61	0.6126666666666667	0.5193333333333333	0.52	0.41333333333333333	0.4093333333333333	0.3466666666666667	0.3333333333333333	0.2926666666666667	0.25266666666666665	0.21933333333333332	0.20466666666666666	0.16666666666666666	0.14466666666666667	0.13866666666666666	0.10866666666666666	0.11	0.08733333333333333	0.07333333333333333	0.05266666666666667	0.04466666666666667	0.048	0.038	0.024666666666666667	0.018666666666666668	0.023333333333333334	0.016666666666666666	0.0033333333333333335	0.005333333333333333	0.005333333333333333	0.005333333333333333	0.0	0.0	0.0	0.0	0.0	0.0	0.0	0.0	0.0	0.0	0.0	0.0	0.0	0.0	0.0	0.0	0.0	0.0	0.0	0.0	0.0	0.0	0.0	0.0	0.0	0.0	0.0	0.0	0.0	0.0	0.0	0.0	0.0	0.0	0.0	0.0	0.0	0.0	0.0	0.0	0.0	0.0	0.0	0.0	0.0	0.0	0.0	0.0	0.0	0.0	0.0	
2.6	2.562666666666667	2.292666666666667	2.292	2.0486666666666666	1.898	1.7753333333333334	1.6866666666666668	1.5733333333333333	1.4566666666666668	1.3606666666666667	1.1713333333333333	1.0866666666666667	0.9686666666666667	0.8493333333333334	0.8073333333333333	0.748	0.6326666666666667	0.616	0.5513333333333333	0.48	0.4186666666666667	0.39866666666666667	0.3233333333333333	0.35333333333333333	0.25533333333333336	0.242	0.21066666666666667	0.17933333333333334	0.14333333333333334	0.15266666666666667	0.12266666666666666	0.10466666666666667	0.10866666666666666	0.09	0.07533333333333334	0.058666666666666666	0.04133333333333333	0.04466666666666667	0.03866666666666667	0.035333333333333335	0.020666666666666667	0.018	0.016666666666666666	0.009333333333333334	0.008666666666666666	0.0006666666666666666	0.005333333333333333	0.0013333333333333333	0.0006666666666666666	0.0	0.0	0.0	0.0	0.0	0.0	0.0	0.0	0.0	0.0	0.0	0.0	0.0	0.0	0.0	0.0	0.0	0.0	0.0	0.0	0.0	0.0	0.0	0.0	0.0	0.0	0.0	0.0	0.0	0.0	0.0	0.0	0.0	0.0	0.0	0.0	0.0	0.0	0.0	0.0	0.0	0.0	0.0	0.0	0.0	0.0	0.0	0.0	0.0	
2.6413333333333333	2.568	2.268666666666667	2.176	2.028	1.96	1.6893333333333334	1.6593333333333333	1.5553333333333332	1.4166666666666667	1.3366666666666667	1.2066666666666668	1.106	0.944	0.9153333333333333	0.79	0.7713333333333333	0.6806666666666666	0.5693333333333334	0.5173333333333333	0.5	0.434	0.402	0.324	0.2866666666666667	0.24533333333333332	0.238	0.21133333333333335	0.196	0.17666666666666667	0.15066666666666667	0.13333333333333333	0.126	0.09	0.07866666666666666	0.06133333333333333	0.05266666666666667	0.048	0.04533333333333334	0.043333333333333335	0.019333333333333334	0.026	0.017333333333333333	0.012	0.008	0.008	0.0033333333333333335	0.0006666666666666666	0.0	0.0	0.0	0.0	0.0	0.0	0.0	0.0	0.0	0.0	0.0	0.0	0.0	0.0	0.0	0.0	0.0	0.0	0.0	0.0	0.0	0.0	0.0	0.0	0.0	0.0	0.0	0.0	0.0	0.0	0.0	0.0	0.0	0.0	0.0	0.0	0.0	0.0	0.0	0.0	0.0	0.0	0.0	0.0	0.0	0.0	0.0	0.0	0.0	0.0	0.0	
2.6633333333333336	2.552	2.356	2.235333333333333	2.0646666666666667	1.994	1.7793333333333334	1.7133333333333334	1.5653333333333332	1.3993333333333333	1.3633333333333333	1.2033333333333334	1.1166666666666667	0.984	0.9186666666666666	0.788	0.7693333333333333	0.6686666666666666	0.6026666666666667	0.5066666666666667	0.47533333333333333	0.43866666666666665	0.378	0.3466666666666667	0.31733333333333336	0.262	0.21866666666666668	0.22133333333333333	0.18133333333333335	0.16733333333333333	0.16	0.13266666666666665	0.11333333333333333	0.10133333333333333	0.074	0.07666666666666666	0.06	0.042666666666666665	0.034666666666666665	0.037333333333333336	0.034	0.024	0.016	0.012	0.006666666666666667	0.007333333333333333	0.004	0.0026666666666666666	0.002	0.0	0.0	0.0	0.0	0.0	0.0	0.0	0.0	0.0	0.0	0.0	0.0	0.0	0.0	0.0	0.0	0.0	0.0	0.0	0.0	0.0	0.0	0.0	0.0	0.0	0.0	0.0	0.0	0.0	0.0	0.0	0.0	0.0	0.0	0.0	0.0	0.0	0.0	0.0	0.0	0.0	0.0	0.0	0.0	0.0	0.0	0.0	0.0	0.0	0.0	
2.6406666666666667	2.541333333333333	2.352	2.207333333333333	2.012	1.952	1.6986666666666668	1.6933333333333334	1.5626666666666666	1.3833333333333333	1.272	1.2253333333333334	1.1126666666666667	0.9706666666666667	0.9653333333333334	0.788	0.7733333333333333	0.64	0.6266666666666667	0.5326666666666666	0.49333333333333335	0.40066666666666667	0.392	0.37266666666666665	0.32133333333333336	0.2653333333333333	0.256	0.21333333333333335	0.21133333333333335	0.176	0.14066666666666666	0.126	0.126	0.10066666666666667	0.09666666666666666	0.06333333333333334	0.06133333333333333	0.06	0.03266666666666666	0.04666666666666667	0.027333333333333334	0.02266666666666667	0.019333333333333334	0.009333333333333334	0.006666666666666667	0.006666666666666667	0.0026666666666666666	0.0013333333333333333	0.002	0.0013333333333333333	0.0	0.0	0.0	0.0	0.0	0.0	0.0	0.0	0.0	0.0	0.0	0.0	0.0	0.0	0.0	0.0	0.0	0.0	0.0	0.0	0.0	0.0	0.0	0.0	0.0	0.0	0.0	0.0	0.0	0.0	0.0	0.0	0.0	0.0	0.0	0.0	0.0	0.0	0.0	0.0	0.0	0.0	0.0	0.0	0.0	0.0	0.0	0.0	0.0	
2.684	2.513333333333333	2.358	2.227333333333333	2.018	2.0533333333333332	1.8106666666666666	1.64	1.5426666666666666	1.4193333333333333	1.314	1.1866666666666668	1.13	0.9906666666666667	0.936	0.7753333333333333	0.7426666666666667	0.624	0.626	0.532	0.4766666666666667	0.37933333333333336	0.418	0.326	0.31866666666666665	0.2786666666666667	0.23933333333333334	0.226	0.19533333333333333	0.15866666666666668	0.14533333333333334	0.12	0.096	0.09533333333333334	0.09933333333333333	0.068	0.06266666666666666	0.046	0.034	0.04	0.028666666666666667	0.024666666666666667	0.017333333333333333	0.01	0.011333333333333334	0.012	0.005333333333333333	0.0026666666666666666	0.0013333333333333333	0.0	0.0	0.0	0.0	0.0	0.0	0.0	0.0	0.0	0.0	0.0	0.0	0.0	0.0	0.0	0.0	0.0	0.0	0.0	0.0	0.0	0.0	0.0	0.0	0.0	0.0	0.0	0.0	0.0	0.0	0.0	0.0	0.0	0.0	0.0	0.0	0.0	0.0	0.0	0.0	0.0	0.0	0.0	0.0	0.0	0.0	0.0	0.0	0.0	0.0	
2.6066666666666665	2.537333333333333	2.298	2.252	2.01	1.9146666666666667	1.8726666666666667	1.6553333333333333	1.6093333333333333	1.4433333333333334	1.3613333333333333	1.184	1.0853333333333333	0.9746666666666667	0.8993333333333333	0.7926666666666666	0.7186666666666667	0.588	0.6066666666666667	0.496	0.4766666666666667	0.39466666666666667	0.384	0.324	0.31666666666666665	0.29	0.21866666666666668	0.22	0.21333333333333335	0.15666666666666668	0.15533333333333332	0.13533333333333333	0.126	0.098	0.07	0.074	0.056666666666666664	0.05733333333333333	0.038	0.032	0.026	0.02266666666666667	0.020666666666666667	0.012	0.010666666666666666	0.004666666666666667	0.004666666666666667	0.0033333333333333335	0.002	0.0	0.0	0.0	0.0	0.0	0.0	0.0	0.0	0.0	0.0	0.0	0.0	0.0	0.0	0.0	0.0	0.0	0.0	0.0	0.0	0.0	0.0	0.0	0.0	0.0	0.0	0.0	0.0	0.0	0.0	0.0	0.0	0.0	0.0	0.0	0.0	0.0	0.0	0.0	0.0	0.0	0.0	0.0	0.0	0.0	0.0	0.0	0.0	0.0	0.0	
2.636	2.529333333333333	2.3226666666666667	2.220666666666667	2.034	2.006666666666667	1.8173333333333332	1.612	1.5973333333333333	1.47	1.326	1.196	1.0653333333333332	0.9846666666666667	0.874	0.8073333333333333	0.7553333333333333	0.674	0.626	0.49133333333333334	0.49333333333333335	0.42866666666666664	0.37133333333333335	0.338	0.30666666666666664	0.26066666666666666	0.26066666666666666	0.21933333333333332	0.20266666666666666	0.16933333333333334	0.14533333333333334	0.11666666666666667	0.114	0.09333333333333334	0.09066666666666667	0.07866666666666666	0.06066666666666667	0.058666666666666666	0.044	0.03933333333333333	0.025333333333333333	0.02666666666666667	0.012	0.018666666666666668	0.014	0.002	0.0013333333333333333	0.0	0.0006666666666666666	0.0006666666666666666	0.0	0.0	0.0	0.0	0.0	0.0	0.0	0.0	0.0	0.0	0.0	0.0	0.0	0.0	0.0	0.0	0.0	0.0	0.0	0.0	0.0	0.0	0.0	0.0	0.0	0.0	0.0	0.0	0.0	0.0	0.0	0.0	0.0	0.0	0.0	0.0	0.0	0.0	0.0	0.0	0.0	0.0	0.0	0.0	0.0	0.0	0.0	0.0	0.0	
2.6013333333333333	2.4926666666666666	2.3893333333333335	2.283333333333333	2.05	1.9306666666666668	1.68	1.7013333333333334	1.5466666666666666	1.4473333333333334	1.31	1.17	1.1713333333333333	0.9213333333333333	0.9153333333333333	0.766	0.7326666666666667	0.6213333333333333	0.6046666666666667	0.486	0.49933333333333335	0.38466666666666666	0.4086666666666667	0.33	0.32066666666666666	0.25133333333333335	0.24133333333333334	0.20866666666666667	0.19	0.146	0.15733333333333333	0.12	0.1	0.094	0.09	0.06466666666666666	0.06466666666666666	0.056666666666666664	0.03866666666666667	0.02666666666666667	0.03333333333333333	0.017333333333333333	0.015333333333333332	0.017333333333333333	0.006666666666666667	0.006666666666666667	0.0013333333333333333	0.0033333333333333335	0.0006666666666666666	0.0	0.0	0.0006666666666666666	0.0	0.0	0.0	0.0	0.0	0.0	0.0	0.0	0.0	0.0	0.0	0.0	0.0	0.0	0.0	0.0	0.0	0.0	0.0	0.0	0.0	0.0	0.0	0.0	0.0	0.0	0.0	0.0	0.0	0.0	0.0	0.0	0.0	0.0	0.0	0.0	0.0	0.0	0.0	0.0	0.0	0.0	0.0	0.0	0.0	0.0	0.0	
2.6546666666666665	2.564	2.3253333333333335	2.238	2.042666666666667	1.9806666666666666	1.8353333333333333	1.6766666666666667	1.616	1.3973333333333333	1.3206666666666667	1.2166666666666666	1.1266666666666667	0.9506666666666667	0.89	0.796	0.7053333333333334	0.6486666666666666	0.5993333333333334	0.5253333333333333	0.4786666666666667	0.41933333333333334	0.43	0.35533333333333333	0.318	0.296	0.24266666666666667	0.22333333333333333	0.20466666666666666	0.164	0.14133333333333334	0.114	0.1	0.096	0.09266666666666666	0.07733333333333334	0.07	0.05466666666666667	0.036	0.03933333333333333	0.025333333333333333	0.03133333333333333	0.015333333333333332	0.022	0.010666666666666666	0.006	0.005333333333333333	0.0026666666666666666	0.002	0.0006666666666666666	0.0	0.0	0.0	0.0	0.0	0.0	0.0	0.0	0.0	0.0	0.0	0.0	0.0	0.0	0.0	0.0	0.0	0.0	0.0	0.0	0.0	0.0	0.0	0.0	0.0	0.0	0.0	0.0	0.0	0.0	0.0	0.0	0.0	0.0	0.0	0.0	0.0	0.0	0.0	0.0	0.0	0.0	0.0	0.0	0.0	0.0	0.0	0.0	0.0	
2.614	2.4546666666666668	2.366	2.239333333333333	2.008	1.9333333333333333	1.738	1.6933333333333334	1.5366666666666666	1.4906666666666666	1.3306666666666667	1.17	1.0906666666666667	0.974	0.9026666666666666	0.7886666666666666	0.7153333333333334	0.6033333333333334	0.606	0.5093333333333333	0.4866666666666667	0.4026666666666667	0.3973333333333333	0.33466666666666667	0.31933333333333336	0.26666666666666666	0.246	0.21333333333333335	0.19333333333333333	0.15266666666666667	0.16	0.124	0.114	0.10266666666666667	0.076	0.07533333333333334	0.06	0.048666666666666664	0.04666666666666667	0.03266666666666666	0.024	0.02266666666666667	0.012	0.012666666666666666	0.012	0.006	0.0033333333333333335	0.0006666666666666666	0.002	0.0006666666666666666	0.0	0.0	0.0	0.0	0.0	0.0	0.0	0.0	0.0	0.0	0.0	0.0	0.0	0.0	0.0	0.0	0.0	0.0	0.0	0.0	0.0	0.0	0.0	0.0	0.0	0.0	0.0	0.0	0.0	0.0	0.0	0.0	0.0	0.0	0.0	0.0	0.0	0.0	0.0	0.0	0.0	0.0	0.0	0.0	0.0	0.0	0.0	0.0	0.0	
2.616	2.448	2.287333333333333	2.228666666666667	2.082666666666667	1.9813333333333334	1.7626666666666666	1.692	1.6106666666666667	1.4633333333333334	1.358	1.186	1.1066666666666667	0.93	0.9006666666666666	0.7706666666666667	0.7593333333333333	0.646	0.6393333333333333	0.524	0.502	0.43333333333333335	0.4026666666666667	0.3293333333333333	0.31333333333333335	0.27	0.242	0.23866666666666667	0.18	0.16666666666666666	0.172	0.12466666666666666	0.11	0.086	0.09533333333333334	0.09066666666666667	0.054	0.05	0.05	0.036	0.018666666666666668	0.024	0.014	0.016	0.004	0.006666666666666667	0.004	0.004	0.0	0.0	0.0	0.0	0.0	0.0	0.0	0.0	0.0	0.0	0.0	0.0	0.0	0.0	0.0	0.0	0.0	0.0	0.0	0.0	0.0	0.0	0.0	0.0	0.0	0.0	0.0	0.0	0.0	0.0	0.0	0.0	0.0	0.0	0.0	0.0	0.0	0.0	0.0	0.0	0.0	0.0	0.0	0.0	0.0	0.0	0.0	0.0	0.0	0.0	0.0	
2.5566666666666666	2.5473333333333334	2.248	2.2173333333333334	2.1273333333333335	2.017333333333333	1.8213333333333332	1.674	1.6293333333333333	1.3706666666666667	1.34	1.1633333333333333	1.076	0.904	0.8793333333333333	0.7806666666666666	0.744	0.6173333333333333	0.64	0.5206666666666667	0.5093333333333333	0.4026666666666667	0.38333333333333336	0.3506666666666667	0.2833333333333333	0.2673333333333333	0.24533333333333332	0.208	0.20866666666666667	0.164	0.12933333333333333	0.134	0.11933333333333333	0.09466666666666666	0.09066666666666667	0.072	0.06133333333333333	0.06133333333333333	0.04466666666666667	0.03133333333333333	0.024	0.021333333333333333	0.012	0.016	0.007333333333333333	0.006	0.004	0.0026666666666666666	0.004666666666666667	0.0006666666666666666	0.0	0.0	0.0	0.0	0.0	0.0	0.0	0.0	0.0	0.0	0.0	0.0	0.0	0.0	0.0	0.0	0.0	0.0	0.0	0.0	0.0	0.0	0.0	0.0	0.0	0.0	0.0	0.0	0.0	0.0	0.0	0.0	0.0	0.0	0.0	0.0	0.0	0.0	0.0	0.0	0.0	0.0	0.0	0.0	0.0	0.0	0.0	0.0	0.0	
2.61	2.498666666666667	2.2613333333333334	2.215333333333333	2.026666666666667	1.8726666666666667	1.8053333333333332	1.6546666666666667	1.518	1.4166666666666667	1.338	1.1806666666666668	1.108	0.9453333333333334	0.9186666666666666	0.7806666666666666	0.7633333333333333	0.6213333333333333	0.6026666666666667	0.502	0.4806666666666667	0.418	0.3913333333333333	0.348	0.30133333333333334	0.26	0.23333333333333334	0.218	0.19333333333333333	0.16733333333333333	0.13733333333333334	0.12	0.12066666666666667	0.09933333333333333	0.078	0.07533333333333334	0.06533333333333333	0.04666666666666667	0.030666666666666665	0.03333333333333333	0.022	0.022	0.014	0.017333333333333333	0.006666666666666667	0.0033333333333333335	0.004666666666666667	0.0026666666666666666	0.002	0.0006666666666666666	0.0	0.0	0.0	0.0	0.0	0.0	0.0	0.0	0.0	0.0	0.0	0.0	0.0	0.0	0.0	0.0	0.0	0.0	0.0	0.0	0.0	0.0	0.0	0.0	0.0	0.0	0.0	0.0	0.0	0.0	0.0	0.0	0.0	0.0	0.0	0.0	0.0	0.0	0.0	0.0	0.0	0.0	0.0	0.0	0.0	0.0	0.0	0.0	0.0	
2.5853333333333333	2.542	2.316666666666667	2.29	2.11	1.9213333333333333	1.792	1.74	1.5766666666666667	1.398	1.358	1.1973333333333334	1.0973333333333333	1.016	0.9486666666666667	0.7633333333333333	0.7353333333333333	0.6113333333333333	0.5993333333333334	0.546	0.516	0.42333333333333334	0.4066666666666667	0.342	0.32866666666666666	0.2713333333333333	0.23866666666666667	0.21466666666666667	0.19	0.19066666666666668	0.14066666666666666	0.122	0.12	0.102	0.09	0.06933333333333333	0.05466666666666667	0.050666666666666665	0.042666666666666665	0.028666666666666667	0.03333333333333333	0.017333333333333333	0.018	0.008	0.006	0.007333333333333333	0.005333333333333333	0.002	0.0006666666666666666	0.0	0.0	0.0	0.0	0.0	0.0	0.0	0.0	0.0	0.0	0.0	0.0	0.0	0.0	0.0	0.0	0.0	0.0	0.0	0.0	0.0	0.0	0.0	0.0	0.0	0.0	0.0	0.0	0.0	0.0	0.0	0.0	0.0	0.0	0.0	0.0	0.0	0.0	0.0	0.0	0.0	0.0	0.0	0.0	0.0	0.0	0.0	0.0	0.0	0.0	
2.6253333333333333	2.562666666666667	2.2906666666666666	2.2013333333333334	2.02	1.9506666666666668	1.81	1.6706666666666667	1.5626666666666666	1.4366666666666668	1.3526666666666667	1.1873333333333334	1.0993333333333333	0.9653333333333334	0.926	0.744	0.7206666666666667	0.6446666666666667	0.6173333333333333	0.518	0.5033333333333333	0.41333333333333333	0.3993333333333333	0.356	0.304	0.23933333333333334	0.23733333333333334	0.226	0.20733333333333334	0.148	0.15533333333333332	0.12733333333333333	0.11	0.11733333333333333	0.06733333333333333	0.08	0.06066666666666667	0.04533333333333334	0.04466666666666667	0.029333333333333333	0.02666666666666667	0.018666666666666668	0.019333333333333334	0.014	0.012666666666666666	0.0033333333333333335	0.0013333333333333333	0.004666666666666667	0.002	0.0	0.0	0.0	0.0	0.0	0.0	0.0	0.0	0.0	0.0	0.0	0.0	0.0	0.0	0.0	0.0	0.0	0.0	0.0	0.0	0.0	0.0	0.0	0.0	0.0	0.0	0.0	0.0	0.0	0.0	0.0	0.0	0.0	0.0	0.0	0.0	0.0	0.0	0.0	0.0	0.0	0.0	0.0	0.0	0.0	0.0	0.0	0.0	0.0	0.0	
2.6466666666666665	2.548	2.2693333333333334	2.1986666666666665	2.072	1.942	1.816	1.736	1.538	1.4186666666666667	1.3253333333333333	1.2233333333333334	1.1226666666666667	0.9666666666666667	0.9333333333333333	0.8186666666666667	0.7266666666666667	0.6373333333333333	0.6206666666666667	0.522	0.49066666666666664	0.42733333333333334	0.412	0.354	0.3293333333333333	0.27466666666666667	0.24	0.22	0.20666666666666667	0.16866666666666666	0.156	0.13	0.108	0.098	0.07666666666666666	0.06466666666666666	0.06266666666666666	0.06133333333333333	0.038	0.04133333333333333	0.034	0.03133333333333333	0.015333333333333332	0.015333333333333332	0.005333333333333333	0.004666666666666667	0.004666666666666667	0.002	0.0006666666666666666	0.0	0.0	0.0	0.0	0.0	0.0	0.0	0.0	0.0	0.0	0.0	0.0	0.0	0.0	0.0	0.0	0.0	0.0	0.0	0.0	0.0	0.0	0.0	0.0	0.0	0.0	0.0	0.0	0.0	0.0	0.0	0.0	0.0	0.0	0.0	0.0	0.0	0.0	0.0	0.0	0.0	0.0	0.0	0.0	0.0	0.0	0.0	0.0	0.0	0.0	
2.5326666666666666	2.5393333333333334	2.3226666666666667	2.1906666666666665	2.0113333333333334	1.9513333333333334	1.804	1.698	1.5773333333333333	1.3613333333333333	1.31	1.184	1.1013333333333333	0.9413333333333334	0.9253333333333333	0.8213333333333334	0.74	0.6546666666666666	0.614	0.504	0.488	0.3913333333333333	0.3873333333333333	0.3406666666666667	0.32	0.2786666666666667	0.2633333333333333	0.238	0.18333333333333332	0.17133333333333334	0.14666666666666667	0.11933333333333333	0.11133333333333334	0.08866666666666667	0.08133333333333333	0.06866666666666667	0.06133333333333333	0.05266666666666667	0.042666666666666665	0.03	0.04133333333333333	0.02	0.013333333333333334	0.011333333333333334	0.007333333333333333	0.01	0.0013333333333333333	0.002	0.002	0.0006666666666666666	0.0006666666666666666	0.0	0.0	0.0	0.0	0.0	0.0	0.0	0.0	0.0	0.0	0.0	0.0	0.0	0.0	0.0	0.0	0.0	0.0	0.0	0.0	0.0	0.0	0.0	0.0	0.0	0.0	0.0	0.0	0.0	0.0	0.0	0.0	0.0	0.0	0.0	0.0	0.0	0.0	0.0	0.0	0.0	0.0	0.0	0.0	0.0	0.0	0.0	0.0	
2.6133333333333333	2.5513333333333335	2.2893333333333334	2.244	1.97	1.9853333333333334	1.832	1.648	1.5493333333333332	1.43	1.3653333333333333	1.13	1.1106666666666667	0.944	0.87	0.7386666666666667	0.7193333333333334	0.656	0.6306666666666667	0.5286666666666666	0.4846666666666667	0.4126666666666667	0.41	0.3526666666666667	0.31066666666666665	0.25533333333333336	0.24866666666666667	0.192	0.188	0.16466666666666666	0.128	0.11733333333333333	0.09733333333333333	0.09933333333333333	0.08533333333333333	0.07733333333333334	0.058	0.04933333333333333	0.04533333333333334	0.034	0.027333333333333334	0.022	0.024666666666666667	0.013333333333333334	0.01	0.006666666666666667	0.008666666666666666	0.004	0.002	0.0	0.0	0.0	0.0	0.0	0.0	0.0	0.0	0.0	0.0	0.0	0.0	0.0	0.0	0.0	0.0	0.0	0.0	0.0	0.0	0.0	0.0	0.0	0.0	0.0	0.0	0.0	0.0	0.0	0.0	0.0	0.0	0.0	0.0	0.0	0.0	0.0	0.0	0.0	0.0	0.0	0.0	0.0	0.0	0.0	0.0	0.0	0.0	0.0	0.0	
2.5673333333333335	2.51	2.283333333333333	2.2066666666666666	2.0653333333333332	1.972	1.7686666666666666	1.6866666666666668	1.556	1.4286666666666668	1.3653333333333333	1.1646666666666667	1.108	0.9573333333333334	0.924	0.7746666666666666	0.746	0.5833333333333334	0.6286666666666667	0.5186666666666667	0.4666666666666667	0.43333333333333335	0.4	0.3486666666666667	0.282	0.2813333333333333	0.232	0.20733333333333334	0.182	0.17066666666666666	0.144	0.12266666666666666	0.118	0.08666666666666667	0.08533333333333333	0.072	0.06	0.050666666666666665	0.032	0.035333333333333335	0.029333333333333333	0.026	0.015333333333333332	0.018	0.01	0.008	0.005333333333333333	0.002	0.0006666666666666666	0.0	0.0	0.0	0.0	0.0	0.0	0.0	0.0	0.0	0.0	0.0	0.0	0.0	0.0	0.0	0.0	0.0	0.0	0.0	0.0	0.0	0.0	0.0	0.0	0.0	0.0	0.0	0.0	0.0	0.0	0.0	0.0	0.0	0.0	0.0	0.0	0.0	0.0	0.0	0.0	0.0	0.0	0.0	0.0	0.0	0.0	0.0	0.0	0.0	0.0	
2.5766666666666667	2.574666666666667	2.28	2.216666666666667	2.0406666666666666	1.978	1.778	1.6693333333333333	1.5513333333333332	1.4106666666666667	1.3133333333333332	1.1566666666666667	1.14	0.94	0.9026666666666666	0.8133333333333334	0.72	0.624	0.6226666666666667	0.5313333333333333	0.484	0.428	0.39466666666666667	0.31333333333333335	0.31533333333333335	0.272	0.24733333333333332	0.22533333333333333	0.18666666666666668	0.17933333333333334	0.14733333333333334	0.12933333333333333	0.11533333333333333	0.09666666666666666	0.07533333333333334	0.06466666666666666	0.058666666666666666	0.04466666666666667	0.048666666666666664	0.044	0.02	0.027333333333333334	0.024	0.007333333333333333	0.012	0.011333333333333334	0.002	0.002	0.0013333333333333333	0.0006666666666666666	0.0	0.0	0.0	0.0	0.0	0.0	0.0	0.0	0.0	0.0	0.0	0.0	0.0	0.0	0.0	0.0	0.0	0.0	0.0	0.0	0.0	0.0	0.0	0.0	0.0	0.0	0.0	0.0	0.0	0.0	0.0	0.0	0.0	0.0	0.0	0.0	0.0	0.0	0.0	0.0	0.0	0.0	0.0	0.0	0.0	0.0	0.0	0.0	0.0	
2.518666666666667	2.541333333333333	2.3566666666666665	2.224666666666667	2.046	2.0126666666666666	1.82	1.6693333333333333	1.5366666666666666	1.3953333333333333	1.348	1.2026666666666668	1.0766666666666667	0.9613333333333334	0.896	0.774	0.7653333333333333	0.636	0.6313333333333333	0.47533333333333333	0.49666666666666665	0.41533333333333333	0.392	0.33066666666666666	0.32266666666666666	0.252	0.24466666666666667	0.21466666666666667	0.17933333333333334	0.15133333333333332	0.14866666666666667	0.13733333333333334	0.10133333333333333	0.092	0.08533333333333333	0.07333333333333333	0.059333333333333335	0.064	0.046	0.038	0.03	0.02666666666666667	0.02	0.015333333333333332	0.006	0.008666666666666666	0.006666666666666667	0.0033333333333333335	0.002	0.0006666666666666666	0.0	0.0	0.0	0.0	0.0	0.0	0.0	0.0	0.0	0.0	0.0	0.0	0.0	0.0	0.0	0.0	0.0	0.0	0.0	0.0	0.0	0.0	0.0	0.0	0.0	0.0	0.0	0.0	0.0	0.0	0.0	0.0	0.0	0.0	0.0	0.0	0.0	0.0	0.0	0.0	0.0	0.0	0.0	0.0	0.0	0.0	0.0	0.0	0.0	
2.54	2.474	2.308666666666667	2.2186666666666666	2.034666666666667	1.924	1.7706666666666666	1.6813333333333333	1.5686666666666667	1.396	1.2773333333333334	1.1546666666666667	1.1493333333333333	0.954	0.888	0.7946666666666666	0.7326666666666667	0.6186666666666667	0.614	0.5126666666666667	0.4653333333333333	0.378	0.396	0.31533333333333335	0.31466666666666665	0.2806666666666667	0.24866666666666667	0.22933333333333333	0.18866666666666668	0.168	0.13066666666666665	0.13133333333333333	0.11066666666666666	0.09866666666666667	0.07666666666666666	0.07866666666666666	0.07666666666666666	0.056666666666666664	0.035333333333333335	0.030666666666666665	0.026	0.02	0.010666666666666666	0.016	0.009333333333333334	0.006	0.0026666666666666666	0.0033333333333333335	0.002	0.0006666666666666666	0.0	0.0	0.0	0.0	0.0	0.0	0.0	0.0	0.0	0.0	0.0	0.0	0.0	0.0	0.0	0.0	0.0	0.0	0.0	0.0	0.0	0.0	0.0	0.0	0.0	0.0	0.0	0.0	0.0	0.0	0.0	0.0	0.0	0.0	0.0	0.0	0.0	0.0	0.0	0.0	0.0	0.0	0.0	0.0	0.0	0.0	0.0	0.0	0.0	
2.6226666666666665	2.526	2.3773333333333335	2.1686666666666667	1.98	1.9893333333333334	1.762	1.756	1.5493333333333332	1.4446666666666668	1.3253333333333333	1.1346666666666667	1.1033333333333333	0.9653333333333334	0.902	0.7806666666666666	0.7453333333333333	0.6393333333333333	0.6193333333333333	0.5013333333333333	0.4886666666666667	0.3913333333333333	0.38133333333333336	0.32666666666666666	0.294	0.2773333333333333	0.25866666666666666	0.21333333333333335	0.21466666666666667	0.15133333333333332	0.15066666666666667	0.12133333333333333	0.10733333333333334	0.094	0.08133333333333333	0.059333333333333335	0.050666666666666665	0.048666666666666664	0.03333333333333333	0.035333333333333335	0.027333333333333334	0.023333333333333334	0.015333333333333332	0.016666666666666666	0.012	0.004666666666666667	0.004	0.002	0.0006666666666666666	0.0	0.0	0.0006666666666666666	0.0	0.0	0.0	0.0	0.0	0.0	0.0	0.0	0.0	0.0	0.0	0.0	0.0	0.0	0.0	0.0	0.0	0.0	0.0	0.0	0.0	0.0	0.0	0.0	0.0	0.0	0.0	0.0	0.0	0.0	0.0	0.0	0.0	0.0	0.0	0.0	0.0	0.0	0.0	0.0	0.0	0.0	0.0	0.0	0.0	0.0	0.0	
2.574666666666667	2.538666666666667	2.2613333333333334	2.2653333333333334	2.0873333333333335	1.9106666666666667	1.7193333333333334	1.7313333333333334	1.554	1.41	1.3233333333333333	1.1886666666666668	1.08	0.9646666666666667	0.9126666666666666	0.7713333333333333	0.754	0.6013333333333334	0.5993333333333334	0.52	0.478	0.4106666666666667	0.39066666666666666	0.34	0.33266666666666667	0.25266666666666665	0.23533333333333334	0.2	0.182	0.162	0.14	0.13133333333333333	0.114	0.106	0.086	0.082	0.07066666666666667	0.04666666666666667	0.04666666666666667	0.03666666666666667	0.02266666666666667	0.032	0.015333333333333332	0.009333333333333334	0.0033333333333333335	0.006666666666666667	0.006666666666666667	0.0033333333333333335	0.0	0.0013333333333333333	0.0	0.0	0.0	0.0	0.0	0.0	0.0	0.0	0.0	0.0	0.0	0.0	0.0	0.0	0.0	0.0	0.0	0.0	0.0	0.0	0.0	0.0	0.0	0.0	0.0	0.0	0.0	0.0	0.0	0.0	0.0	0.0	0.0	0.0	0.0	0.0	0.0	0.0	0.0	0.0	0.0	0.0	0.0	0.0	0.0	0.0	0.0	0.0	0.0	
2.6353333333333335	2.4966666666666666	2.239333333333333	2.2813333333333334	2.018	1.9706666666666666	1.7413333333333334	1.702	1.576	1.404	1.3726666666666667	1.1673333333333333	1.1486666666666667	0.9366666666666666	0.9086666666666666	0.7686666666666667	0.728	0.646	0.6246666666666667	0.5073333333333333	0.492	0.388	0.4026666666666667	0.3313333333333333	0.322	0.244	0.248	0.21266666666666667	0.19666666666666666	0.146	0.15466666666666667	0.13066666666666665	0.11666666666666667	0.104	0.096	0.07533333333333334	0.066	0.05266666666666667	0.04	0.03333333333333333	0.03	0.024	0.016666666666666666	0.01	0.010666666666666666	0.008	0.0013333333333333333	0.004	0.0013333333333333333	0.0	0.0	0.0	0.0	0.0	0.0	0.0	0.0	0.0	0.0	0.0	0.0	0.0	0.0	0.0	0.0	0.0	0.0	0.0	0.0	0.0	0.0	0.0	0.0	0.0	0.0	0.0	0.0	0.0	0.0	0.0	0.0	0.0	0.0	0.0	0.0	0.0	0.0	0.0	0.0	0.0	0.0	0.0	0.0	0.0	0.0	0.0	0.0	0.0	0.0	
2.6566666666666667	2.548	2.282	2.220666666666667	2.03	1.9893333333333334	1.7806666666666666	1.684	1.5533333333333332	1.4226666666666667	1.3246666666666667	1.2006666666666668	1.1193333333333333	0.96	0.8686666666666667	0.7546666666666667	0.7326666666666667	0.6413333333333333	0.6313333333333333	0.5106666666666667	0.49466666666666664	0.39866666666666667	0.38	0.3413333333333333	0.322	0.29733333333333334	0.262	0.19666666666666666	0.18866666666666668	0.15333333333333332	0.146	0.13066666666666665	0.098	0.10333333333333333	0.07333333333333333	0.076	0.05733333333333333	0.07133333333333333	0.04466666666666667	0.03	0.022	0.023333333333333334	0.008666666666666666	0.014	0.006666666666666667	0.004666666666666667	0.004	0.0026666666666666666	0.0006666666666666666	0.0	0.0	0.0	0.0	0.0	0.0	0.0	0.0	0.0	0.0	0.0	0.0	0.0	0.0	0.0	0.0	0.0	0.0	0.0	0.0	0.0	0.0	0.0	0.0	0.0	0.0	0.0	0.0	0.0	0.0	0.0	0.0	0.0	0.0	0.0	0.0	0.0	0.0	0.0	0.0	0.0	0.0	0.0	0.0	0.0	0.0	0.0	0.0	0.0	0.0	
2.588	2.5153333333333334	2.286	2.211333333333333	2.0726666666666667	1.9413333333333334	1.7873333333333334	1.6833333333333333	1.5673333333333332	1.418	1.2866666666666666	1.1713333333333333	1.14	0.9226666666666666	0.8953333333333333	0.754	0.7433333333333333	0.616	0.5786666666666667	0.5173333333333333	0.4866666666666667	0.42533333333333334	0.386	0.3433333333333333	0.31733333333333336	0.29333333333333333	0.24466666666666667	0.20933333333333334	0.19	0.176	0.12533333333333332	0.11133333333333334	0.10466666666666667	0.102	0.06066666666666667	0.06666666666666667	0.05333333333333334	0.05466666666666667	0.048	0.03933333333333333	0.027333333333333334	0.021333333333333333	0.014666666666666666	0.024	0.008	0.004666666666666667	0.006666666666666667	0.0026666666666666666	0.0	0.0	0.0	0.0	0.0	0.0	0.0	0.0	0.0	0.0	0.0	0.0	0.0	0.0	0.0	0.0	0.0	0.0	0.0	0.0	0.0	0.0	0.0	0.0	0.0	0.0	0.0	0.0	0.0	0.0	0.0	0.0	0.0	0.0	0.0	0.0	0.0	0.0	0.0	0.0	0.0	0.0	0.0	0.0	0.0	0.0	0.0	0.0	0.0	0.0	0.0	
2.652	2.52	2.308	2.17	2.03	1.9733333333333334	1.7346666666666666	1.6993333333333334	1.6126666666666667	1.3873333333333333	1.3166666666666667	1.1406666666666667	1.0833333333333333	0.9506666666666667	0.9246666666666666	0.7386666666666667	0.7126666666666667	0.6086666666666667	0.5706666666666667	0.474	0.49266666666666664	0.4206666666666667	0.392	0.3313333333333333	0.31133333333333335	0.2753333333333333	0.244	0.20933333333333334	0.18866666666666668	0.15666666666666668	0.15066666666666667	0.13333333333333333	0.09466666666666666	0.11066666666666666	0.074	0.07466666666666667	0.052	0.05333333333333334	0.042	0.043333333333333335	0.02666666666666667	0.017333333333333333	0.011333333333333334	0.010666666666666666	0.008	0.004666666666666667	0.0013333333333333333	0.0013333333333333333	0.0006666666666666666	0.0	0.0	0.0	0.0	0.0	0.0	0.0	0.0	0.0	0.0	0.0	0.0	0.0	0.0	0.0	0.0	0.0	0.0	0.0	0.0	0.0	0.0	0.0	0.0	0.0	0.0	0.0	0.0	0.0	0.0	0.0	0.0	0.0	0.0	0.0	0.0	0.0	0.0	0.0	0.0	0.0	0.0	0.0	0.0	0.0	0.0	0.0	0.0	0.0	0.0	
2.6093333333333333	2.55	2.2586666666666666	2.1893333333333334	2.048	1.9866666666666666	1.7993333333333332	1.6766666666666667	1.5493333333333332	1.3846666666666667	1.3786666666666667	1.1446666666666667	1.1446666666666667	0.912	0.876	0.762	0.7393333333333333	0.6266666666666667	0.6006666666666667	0.5013333333333333	0.4746666666666667	0.418	0.41333333333333333	0.346	0.31933333333333336	0.26066666666666666	0.23533333333333334	0.23133333333333334	0.19466666666666665	0.16933333333333334	0.142	0.12133333333333333	0.098	0.09266666666666666	0.08933333333333333	0.074	0.05466666666666667	0.05533333333333333	0.03	0.042	0.027333333333333334	0.029333333333333333	0.016666666666666666	0.013333333333333334	0.004666666666666667	0.01	0.004666666666666667	0.008	0.002	0.0006666666666666666	0.0	0.0	0.0	0.0	0.0	0.0	0.0	0.0	0.0	0.0	0.0	0.0	0.0	0.0	0.0	0.0	0.0	0.0	0.0	0.0	0.0	0.0	0.0	0.0	0.0	0.0	0.0	0.0	0.0	0.0	0.0	0.0	0.0	0.0	0.0	0.0	0.0	0.0	0.0	0.0	0.0	0.0	0.0	0.0	0.0	0.0	0.0	0.0	0.0	
2.6253333333333333	2.466666666666667	2.3813333333333335	2.2293333333333334	1.9593333333333334	1.9113333333333333	1.7786666666666666	1.6526666666666667	1.5353333333333334	1.4193333333333333	1.336	1.1673333333333333	1.1306666666666667	0.968	0.904	0.79	0.7586666666666667	0.6226666666666667	0.6166666666666667	0.4746666666666667	0.492	0.4033333333333333	0.4066666666666667	0.32266666666666666	0.3353333333333333	0.2753333333333333	0.24533333333333332	0.184	0.19466666666666665	0.182	0.14666666666666667	0.11666666666666667	0.118	0.10533333333333333	0.08066666666666666	0.05733333333333333	0.048	0.04666666666666667	0.032	0.03866666666666667	0.02	0.02266666666666667	0.016666666666666666	0.016	0.009333333333333334	0.004666666666666667	0.0	0.0026666666666666666	0.002	0.0006666666666666666	0.0	0.0013333333333333333	0.0	0.0	0.0	0.0	0.0	0.0	0.0	0.0	0.0	0.0	0.0	0.0	0.0	0.0	0.0	0.0	0.0	0.0	0.0	0.0	0.0	0.0	0.0	0.0	0.0	0.0	0.0	0.0	0.0	0.0	0.0	0.0	0.0	0.0	0.0	0.0	0.0	0.0	0.0	0.0	0.0	0.0	0.0	0.0	0.0	0.0	0.0	
2.5906666666666665	2.4966666666666666	2.31	2.1486666666666667	2.1013333333333333	1.9226666666666667	1.756	1.6626666666666667	1.5373333333333334	1.4286666666666668	1.3293333333333333	1.154	1.1186666666666667	0.97	0.928	0.7946666666666666	0.7346666666666667	0.6186666666666667	0.5966666666666667	0.502	0.4593333333333333	0.39666666666666667	0.38133333333333336	0.306	0.31066666666666665	0.258	0.24666666666666667	0.18666666666666668	0.18533333333333332	0.15666666666666668	0.15466666666666667	0.13133333333333333	0.10666666666666667	0.096	0.086	0.07933333333333334	0.056	0.05333333333333334	0.037333333333333336	0.035333333333333335	0.020666666666666667	0.024	0.012	0.013333333333333334	0.007333333333333333	0.006666666666666667	0.0033333333333333335	0.0013333333333333333	0.0013333333333333333	0.0013333333333333333	0.0	0.0	0.0	0.0	0.0	0.0	0.0	0.0	0.0	0.0	0.0	0.0	0.0	0.0	0.0	0.0	0.0	0.0	0.0	0.0	0.0	0.0	0.0	0.0	0.0	0.0	0.0	0.0	0.0	0.0	0.0	0.0	0.0	0.0	0.0	0.0	0.0	0.0	0.0	0.0	0.0	0.0	0.0	0.0	0.0	0.0	0.0	0.0	0.0	
2.6373333333333333	2.5846666666666667	2.31	2.235333333333333	2.062	1.898	1.7353333333333334	1.656	1.5953333333333333	1.4053333333333333	1.2793333333333334	1.2226666666666666	1.108	0.95	0.8926666666666667	0.8073333333333333	0.7446666666666667	0.6226666666666667	0.598	0.5146666666666667	0.48933333333333334	0.42533333333333334	0.384	0.31266666666666665	0.30933333333333335	0.26066666666666666	0.222	0.22466666666666665	0.20466666666666666	0.17733333333333334	0.15866666666666668	0.11933333333333333	0.11533333333333333	0.094	0.08133333333333333	0.066	0.062	0.05	0.04133333333333333	0.030666666666666665	0.026	0.021333333333333333	0.013333333333333334	0.012666666666666666	0.010666666666666666	0.007333333333333333	0.004666666666666667	0.002	0.0006666666666666666	0.002	0.0	0.0	0.0	0.0	0.0	0.0	0.0	0.0	0.0	0.0	0.0	0.0	0.0	0.0	0.0	0.0	0.0	0.0	0.0	0.0	0.0	0.0	0.0	0.0	0.0	0.0	0.0	0.0	0.0	0.0	0.0	0.0	0.0	0.0	0.0	0.0	0.0	0.0	0.0	0.0	0.0	0.0	0.0	0.0	0.0	0.0	0.0	0.0	0.0	
2.6093333333333333	2.4966666666666666	2.3453333333333335	2.244	2.0166666666666666	1.8946666666666667	1.7713333333333334	1.6873333333333334	1.5673333333333332	1.4153333333333333	1.29	1.1586666666666667	1.094	0.998	0.892	0.778	0.696	0.5973333333333334	0.606	0.518	0.478	0.392	0.39066666666666666	0.3426666666666667	0.326	0.27066666666666667	0.22666666666666666	0.23	0.19	0.16666666666666666	0.13866666666666666	0.11933333333333333	0.106	0.1	0.064	0.07133333333333333	0.052	0.04733333333333333	0.042	0.027333333333333334	0.02666666666666667	0.024666666666666667	0.019333333333333334	0.014666666666666666	0.007333333333333333	0.006666666666666667	0.002	0.0006666666666666666	0.0	0.0	0.0	0.0	0.0	0.0	0.0	0.0	0.0	0.0	0.0	0.0	0.0	0.0	0.0	0.0	0.0	0.0	0.0	0.0	0.0	0.0	0.0	0.0	0.0	0.0	0.0	0.0	0.0	0.0	0.0	0.0	0.0	0.0	0.0	0.0	0.0	0.0	0.0	0.0	0.0	0.0	0.0	0.0	0.0	0.0	0.0	0.0	0.0	0.0	0.0	
2.596	2.508	2.3993333333333333	2.184	1.9673333333333334	1.8593333333333333	1.7493333333333334	1.6586666666666667	1.5426666666666666	1.384	1.34	1.186	1.0893333333333333	0.9266666666666666	0.912	0.7726666666666666	0.764	0.6273333333333333	0.594	0.5013333333333333	0.47533333333333333	0.36866666666666664	0.39866666666666667	0.3313333333333333	0.30266666666666664	0.30333333333333334	0.2653333333333333	0.218	0.186	0.158	0.14933333333333335	0.13	0.114	0.09	0.07666666666666666	0.06066666666666667	0.05466666666666667	0.04533333333333334	0.043333333333333335	0.028	0.027333333333333334	0.024	0.019333333333333334	0.015333333333333332	0.006	0.005333333333333333	0.002	0.005333333333333333	0.0006666666666666666	0.0006666666666666666	0.0	0.0	0.0	0.0	0.0	0.0	0.0	0.0	0.0	0.0	0.0	0.0	0.0	0.0	0.0	0.0	0.0	0.0	0.0	0.0	0.0	0.0	0.0	0.0	0.0	0.0	0.0	0.0	0.0	0.0	0.0	0.0	0.0	0.0	0.0	0.0	0.0	0.0	0.0	0.0	0.0	0.0	0.0	0.0	0.0	0.0	0.0	0.0	0.0	
2.612	2.5966666666666667	2.328666666666667	2.179333333333333	1.9413333333333334	1.9266666666666667	1.7286666666666666	1.6333333333333333	1.4886666666666666	1.406	1.284	1.1726666666666667	1.068	0.9366666666666666	0.946	0.7533333333333333	0.7786666666666666	0.666	0.6153333333333333	0.544	0.492	0.4146666666666667	0.418	0.2986666666666667	0.31133333333333335	0.256	0.24266666666666667	0.206	0.206	0.156	0.15266666666666667	0.138	0.116	0.10533333333333333	0.08933333333333333	0.068	0.056666666666666664	0.05266666666666667	0.03866666666666667	0.034666666666666665	0.026	0.028666666666666667	0.015333333333333332	0.014	0.008	0.008	0.0026666666666666666	0.004666666666666667	0.0006666666666666666	0.0	0.0	0.0	0.0	0.0	0.0	0.0	0.0	0.0	0.0	0.0	0.0	0.0	0.0	0.0	0.0	0.0	0.0	0.0	0.0	0.0	0.0	0.0	0.0	0.0	0.0	0.0	0.0	0.0	0.0	0.0	0.0	0.0	0.0	0.0	0.0	0.0	0.0	0.0	0.0	0.0	0.0	0.0	0.0	0.0	0.0	0.0	0.0	0.0	0.0	
2.6026666666666665	2.508	2.2893333333333334	2.268	2.0393333333333334	1.8846666666666667	1.778	1.6326666666666667	1.536	1.4293333333333333	1.3553333333333333	1.1806666666666668	1.0753333333333333	1.0033333333333334	0.8733333333333333	0.806	0.7153333333333334	0.6193333333333333	0.6233333333333333	0.5286666666666666	0.5126666666666667	0.41	0.3893333333333333	0.31666666666666665	0.298	0.25	0.25	0.19666666666666666	0.172	0.15666666666666668	0.13933333333333334	0.128	0.11	0.08533333333333333	0.07733333333333334	0.084	0.062	0.04466666666666667	0.034666666666666665	0.042	0.027333333333333334	0.024	0.014666666666666666	0.018	0.010666666666666666	0.004666666666666667	0.002	0.002	0.0006666666666666666	0.0	0.0	0.0	0.0	0.0	0.0	0.0	0.0	0.0	0.0	0.0	0.0	0.0	0.0	0.0	0.0	0.0	0.0	0.0	0.0	0.0	0.0	0.0	0.0	0.0	0.0	0.0	0.0	0.0	0.0	0.0	0.0	0.0	0.0	0.0	0.0	0.0	0.0	0.0	0.0	0.0	0.0	0.0	0.0	0.0	0.0	0.0	0.0	0.0	0.0	
2.5853333333333333	2.457333333333333	2.2706666666666666	2.216	2.041333333333333	1.92	1.7693333333333334	1.7	1.5933333333333333	1.3953333333333333	1.3306666666666667	1.1706666666666667	1.088	0.9793333333333333	0.892	0.7926666666666666	0.7486666666666667	0.62	0.6213333333333333	0.49066666666666664	0.4653333333333333	0.42733333333333334	0.422	0.332	0.328	0.26	0.25666666666666665	0.206	0.188	0.17133333333333334	0.15133333333333332	0.11733333333333333	0.10466666666666667	0.10133333333333333	0.086	0.07333333333333333	0.06733333333333333	0.05333333333333334	0.032	0.03333333333333333	0.03266666666666666	0.023333333333333334	0.020666666666666667	0.014666666666666666	0.008666666666666666	0.005333333333333333	0.004	0.002	0.0013333333333333333	0.0	0.0	0.0	0.0	0.0	0.0	0.0	0.0	0.0	0.0	0.0	0.0	0.0	0.0	0.0	0.0	0.0	0.0	0.0	0.0	0.0	0.0	0.0	0.0	0.0	0.0	0.0	0.0	0.0	0.0	0.0	0.0	0.0	0.0	0.0	0.0	0.0	0.0	0.0	0.0	0.0	0.0	0.0	0.0	0.0	0.0	0.0	0.0	0.0	0.0	
2.5753333333333335	2.4766666666666666	2.279333333333333	2.226	2.086	1.9993333333333334	1.818	1.6626666666666667	1.5273333333333334	1.416	1.3453333333333333	1.1713333333333333	1.0753333333333333	0.9626666666666667	0.928	0.762	0.708	0.6553333333333333	0.59	0.5186666666666667	0.49	0.41	0.42333333333333334	0.3313333333333333	0.322	0.258	0.27066666666666667	0.22266666666666668	0.16533333333333333	0.16666666666666666	0.15866666666666668	0.146	0.10866666666666666	0.096	0.07533333333333334	0.078	0.06666666666666667	0.048666666666666664	0.05	0.03266666666666666	0.020666666666666667	0.027333333333333334	0.014666666666666666	0.016	0.006	0.006	0.004	0.0033333333333333335	0.0006666666666666666	0.0006666666666666666	0.0	0.0	0.0	0.0	0.0	0.0	0.0	0.0	0.0	0.0	0.0	0.0	0.0	0.0	0.0	0.0	0.0	0.0	0.0	0.0	0.0	0.0	0.0	0.0	0.0	0.0	0.0	0.0	0.0	0.0	0.0	0.0	0.0	0.0	0.0	0.0	0.0	0.0	0.0	0.0	0.0	0.0	0.0	0.0	0.0	0.0	0.0	0.0	0.0	
2.53	2.481333333333333	2.279333333333333	2.207333333333333	1.9713333333333334	1.86	1.7993333333333332	1.6466666666666667	1.506	1.3813333333333333	1.3113333333333332	1.1126666666666667	1.1346666666666667	0.9526666666666667	0.8906666666666667	0.7946666666666666	0.7086666666666667	0.6226666666666667	0.5933333333333334	0.506	0.496	0.404	0.39666666666666667	0.32466666666666666	0.30133333333333334	0.25933333333333336	0.22866666666666666	0.20066666666666666	0.17866666666666667	0.15266666666666667	0.15066666666666667	0.13466666666666666	0.10466666666666667	0.10466666666666667	0.078	0.054	0.05333333333333334	0.05466666666666667	0.042666666666666665	0.034666666666666665	0.03133333333333333	0.020666666666666667	0.014	0.012666666666666666	0.007333333333333333	0.005333333333333333	0.0033333333333333335	0.002	0.0013333333333333333	0.0	0.0	0.0	0.0	0.0	0.0	0.0	0.0	0.0	0.0	0.0	0.0	0.0	0.0	0.0	0.0	0.0	0.0	0.0	0.0	0.0	0.0	0.0	0.0	0.0	0.0	0.0	0.0	0.0	0.0	0.0	0.0	0.0	0.0	0.0	0.0	0.0	0.0	0.0	0.0	0.0	0.0	0.0	0.0	0.0	0.0	0.0	0.0	0.0	0.0	
2.5526666666666666	2.518	2.35	2.2046666666666668	1.982	1.922	1.768	1.6453333333333333	1.51	1.3933333333333333	1.324	1.1606666666666667	1.138	0.9666666666666667	0.922	0.7593333333333333	0.7006666666666667	0.5993333333333334	0.6066666666666667	0.5126666666666667	0.4726666666666667	0.44866666666666666	0.37266666666666665	0.324	0.292	0.282	0.26	0.214	0.17466666666666666	0.16466666666666666	0.14466666666666667	0.14133333333333334	0.108	0.08666666666666667	0.08133333333333333	0.06933333333333333	0.06333333333333334	0.05	0.034666666666666665	0.03133333333333333	0.022	0.02266666666666667	0.018	0.012666666666666666	0.008	0.006	0.002	0.0033333333333333335	0.0013333333333333333	0.002	0.0	0.0	0.0	0.0	0.0	0.0	0.0	0.0	0.0	0.0	0.0	0.0	0.0	0.0	0.0	0.0	0.0	0.0	0.0	0.0	0.0	0.0	0.0	0.0	0.0	0.0	0.0	0.0	0.0	0.0	0.0	0.0	0.0	0.0	0.0	0.0	0.0	0.0	0.0	0.0	0.0	0.0	0.0	0.0	0.0	0.0	0.0	0.0	0.0	
2.612	2.5073333333333334	2.280666666666667	2.208	2.012	1.8966666666666667	1.8193333333333332	1.6813333333333333	1.5126666666666666	1.4346666666666668	1.38	1.1646666666666667	1.1633333333333333	0.9566666666666667	0.924	0.758	0.738	0.6653333333333333	0.6253333333333333	0.502	0.452	0.4226666666666667	0.3933333333333333	0.358	0.3373333333333333	0.2633333333333333	0.252	0.19333333333333333	0.20466666666666666	0.18266666666666667	0.15733333333333333	0.134	0.12266666666666666	0.09866666666666667	0.08533333333333333	0.07133333333333333	0.059333333333333335	0.058	0.044	0.037333333333333336	0.027333333333333334	0.026	0.015333333333333332	0.008	0.007333333333333333	0.01	0.0033333333333333335	0.0026666666666666666	0.0013333333333333333	0.0013333333333333333	0.0	0.0	0.0	0.0	0.0	0.0	0.0	0.0	0.0	0.0	0.0	0.0	0.0	0.0	0.0	0.0	0.0	0.0	0.0	0.0	0.0	0.0	0.0	0.0	0.0	0.0	0.0	0.0	0.0	0.0	0.0	0.0	0.0	0.0	0.0	0.0	0.0	0.0	0.0	0.0	0.0	0.0	0.0	0.0	0.0	0.0	0.0	0.0	0.0	
2.592	2.4873333333333334	2.292666666666667	2.2533333333333334	2.048	1.906	1.7446666666666666	1.6733333333333333	1.5213333333333334	1.4386666666666668	1.318	1.18	1.0606666666666666	0.952	0.92	0.762	0.7453333333333333	0.6353333333333333	0.5753333333333334	0.49333333333333335	0.498	0.41	0.3873333333333333	0.32	0.31066666666666665	0.278	0.24733333333333332	0.22133333333333333	0.18466666666666667	0.16733333333333333	0.14133333333333334	0.12466666666666666	0.11466666666666667	0.09466666666666666	0.07733333333333334	0.06933333333333333	0.06066666666666667	0.056	0.044	0.034666666666666665	0.030666666666666665	0.020666666666666667	0.015333333333333332	0.012	0.006	0.008	0.004	0.0026666666666666666	0.002	0.0	0.0	0.0	0.0	0.0	0.0	0.0	0.0	0.0	0.0	0.0	0.0	0.0	0.0	0.0	0.0	0.0	0.0	0.0	0.0	0.0	0.0	0.0	0.0	0.0	0.0	0.0	0.0	0.0	0.0	0.0	0.0	0.0	0.0	0.0	0.0	0.0	0.0	0.0	0.0	0.0	0.0	0.0	0.0	0.0	0.0	0.0	0.0	0.0	0.0	
2.6186666666666665	2.4753333333333334	2.2306666666666666	2.195333333333333	2.010666666666667	1.906	1.8026666666666666	1.6366666666666667	1.544	1.39	1.352	1.1186666666666667	1.0733333333333333	0.8906666666666667	0.924	0.8086666666666666	0.756	0.6393333333333333	0.6133333333333333	0.5046666666666667	0.496	0.3913333333333333	0.404	0.33066666666666666	0.302	0.2786666666666667	0.254	0.2	0.21	0.184	0.15266666666666667	0.11333333333333333	0.10666666666666667	0.102	0.07866666666666666	0.07466666666666667	0.059333333333333335	0.04933333333333333	0.050666666666666665	0.034	0.020666666666666667	0.026	0.014666666666666666	0.006666666666666667	0.008666666666666666	0.004	0.0033333333333333335	0.004	0.0033333333333333335	0.0006666666666666666	0.0	0.0	0.0	0.0	0.0	0.0	0.0	0.0	0.0	0.0	0.0	0.0	0.0	0.0	0.0	0.0	0.0	0.0	0.0	0.0	0.0	0.0	0.0	0.0	0.0	0.0	0.0	0.0	0.0	0.0	0.0	0.0	0.0	0.0	0.0	0.0	0.0	0.0	0.0	0.0	0.0	0.0	0.0	0.0	0.0	0.0	0.0	0.0	0.0	
2.6146666666666665	2.461333333333333	2.342	2.206	1.9966666666666666	1.988	1.774	1.6093333333333333	1.5213333333333334	1.426	1.3206666666666667	1.1406666666666667	1.0846666666666667	0.9286666666666666	0.9426666666666667	0.7586666666666667	0.732	0.6273333333333333	0.5866666666666667	0.492	0.4826666666666667	0.42733333333333334	0.402	0.30333333333333334	0.32466666666666666	0.2806666666666667	0.244	0.22066666666666668	0.192	0.16533333333333333	0.152	0.13	0.12066666666666667	0.104	0.07733333333333334	0.06933333333333333	0.06133333333333333	0.05466666666666667	0.03333333333333333	0.029333333333333333	0.034	0.021333333333333333	0.014	0.012	0.01	0.008	0.002	0.0013333333333333333	0.0013333333333333333	0.0	0.0	0.0	0.0	0.0	0.0	0.0	0.0	0.0	0.0	0.0	0.0	0.0	0.0	0.0	0.0	0.0	0.0	0.0	0.0	0.0	0.0	0.0	0.0	0.0	0.0	0.0	0.0	0.0	0.0	0.0	0.0	0.0	0.0	0.0	0.0	0.0	0.0	0.0	0.0	0.0	0.0	0.0	0.0	0.0	0.0	0.0	0.0	0.0	0.0	
2.533333333333333	2.498	2.2853333333333334	2.2386666666666666	2.0233333333333334	1.8813333333333333	1.7293333333333334	1.668	1.538	1.4013333333333333	1.36	1.1353333333333333	1.0693333333333332	0.9606666666666667	0.8913333333333333	0.818	0.7533333333333333	0.612	0.5953333333333334	0.502	0.5	0.4266666666666667	0.38666666666666666	0.3473333333333333	0.31866666666666665	0.2773333333333333	0.23866666666666667	0.20266666666666666	0.16733333333333333	0.166	0.13733333333333334	0.12266666666666666	0.10066666666666667	0.10133333333333333	0.098	0.07666666666666666	0.054	0.04533333333333334	0.042	0.037333333333333336	0.025333333333333333	0.017333333333333333	0.012666666666666666	0.011333333333333334	0.012	0.005333333333333333	0.004	0.002	0.0026666666666666666	0.0006666666666666666	0.0	0.0	0.0	0.0	0.0	0.0	0.0	0.0	0.0	0.0	0.0	0.0	0.0	0.0	0.0	0.0	0.0	0.0	0.0	0.0	0.0	0.0	0.0	0.0	0.0	0.0	0.0	0.0	0.0	0.0	0.0	0.0	0.0	0.0	0.0	0.0	0.0	0.0	0.0	0.0	0.0	0.0	0.0	0.0	0.0	0.0	0.0	0.0	0.0	
